{"timestamp":"2024-05-12 02:30:04","trueValues":[9.517132755359938,9.344019227289149,9.1754347395032,9.028238272358196,8.91223583596382,8.828625606001065,8.772854089620166,8.738986755630979,8.722182261968456,8.71859996120794,8.724295548312634,8.734650677977989,8.744858029098836,8.751018480725723],"predValues":[10.15699843732156,10.132088715754904,10.085600137225446,10.028320003904597,9.96867700860415,9.910329467666871,9.855155444393974,9.80466993465539,9.759815956932965,9.720844947383354,9.687484738327472,9.659159099757243,9.635176980924983,9.61483616795554]}