{"timestamp":"2024-05-12 02:30:09","trueValues":[8.841697362471077,8.782003335730803,8.741514406635023,8.71519892837432,8.699325226911181,8.690458248452098,8.684980076544177,8.679634267433313,8.672636581246726,8.664380916910599,8.656949729274212,8.652440623145548,8.651192479179723,8.65152258880612],"predValues":[9.14028098796832,9.164988178508152,9.191739284528648,9.228520726363085,9.269453256881132,9.30414400441506,9.327370220044852,9.339635307661316,9.343810848909843,9.342836998933102,9.338950635843606,9.333635924016388,9.32779813993092,9.321948129562994]}