{"timestamp":"2024-05-12 02:30:14","trueValues":[8.61939856322235,8.612124988314187,8.613689420891454,8.624786366955576,8.647803672628562,8.685890137221133,8.740784284941217,8.810535226370341,8.888787155151025,8.966450893429926,9.034790496601271,9.087919009661016,9.123363002509924,9.140894959978766],"predValues":[8.785633478466158,8.758562097002983,8.748743860610833,8.769553524933709,8.814578404821813,8.867621068115593,8.916221338256733,8.95539089200193,8.98497690082044,9.006707788947732,9.022600892989557,9.034372145110172,9.04330583654528,9.050309901661848]}