{"timestamp":"2024-05-12 02:30:19","trueValues":[8.660101452261166,8.704562328423659,8.764515233405566,8.835114572521853,8.909088897174348,8.979712688855553,9.043115531800918,9.0985925542478,9.147108569355476,9.189366854154088,9.22486666264031,9.252330082508422,9.270726384989372,9.27982167598394],"predValues":[8.78450281312744,8.745635195401235,8.719791492170204,8.722433963913863,8.750222443422137,8.789044079694747,8.826907547526812,8.858335738165408,8.882441980343504,8.90030431322749,8.913447301082265,8.923234440190768,8.930709748759508,8.936615574764748]}