{"timestamp":"2024-05-12 02:30:24","trueValues":[8.96964726892673,9.023815015995496,9.068971461314408,9.106993605029691,9.139872736449686,9.168748557730572,9.194264809222698,9.217453282850116,9.240069247511943,9.263864251064833,9.289165745247676,9.313868683167524,9.333927760062911,9.34519295040522],"predValues":[9.12872608788948,9.150721701610887,9.160234812519056,9.163377498688543,9.160623927247755,9.150659507043596,9.134355493595644,9.114443663667268,9.093682904474228,9.073955000360234,9.056231143414536,9.04083719064354,9.027723705339916,9.016659451291936]}