{"timestamp":"2024-05-12 02:30:29","trueValues":[9.135937999807853,9.15056222836142,9.16428064885802,9.180621872730846,9.203384021204688,9.235056471703718,9.275578624393138,9.322521170106077,9.372547928463694,9.42265654975604,9.470036583750016,9.511195566282304,9.541902672044564,9.558340643022063],"predValues":[9.213851845299663,9.184284441693592,9.153083500435486,9.131233007371092,9.119097093086696,9.111078246526027,9.102931821365782,9.093521836492268,9.083346380021313,9.073223549722682,9.063766786029325,9.055298756482657,9.047922055539836,9.0415968148885]}