{"timestamp":"2024-05-12 02:30:34","trueValues":[9.221676666073485,9.250835286583424,9.285209213928416,9.32261579090076,9.361661752877618,9.401567275669102,9.44119318869652,9.478806017738174,9.512965187773885,9.543290089314922,9.570033221672944,9.59284161738913,9.610092370361413,9.619518834137374],"predValues":[9.191474027357035,9.157036842289758,9.124753077667773,9.10586506600097,9.099684414429149,9.099019410978872,9.098307097131258,9.09566940958508,9.091328547734603,9.086091977799626,9.08067786098024,9.075551859164891,9.070949992762788,9.066949872088673]}