{"timestamp":"2024-05-12 02:30:39","trueValues":[9.507963575093118,9.558087612132912,9.595179495226308,9.613599718694678,9.609108951989704,9.579065254945224,9.521940873831351,9.437464172546496,9.328060207637542,9.200729854756068,9.067816343410772,8.945747013029196,8.851956276609254,8.80096550245861],"predValues":[9.411641200837895,9.372536233758732,9.335240756483518,9.309216316903091,9.293668206657612,9.28266083140194,9.27205107611494,9.260760370052717,9.249223543608815,9.238154505363353,9.228061443404622,9.219185693916817,9.211561809437327,9.20510473756643]}