{"timestamp":"2024-05-12 02:30:49","trueValues":[9.160609043077804,9.040898853633337,8.93810292860477,8.863505063546864,8.822854534891622,8.815862430268767,8.838099645963116,8.883589124584667,8.946126027785429,9.018992013354133,9.09419375045002,9.1624339486292,9.214303154595656,9.242266257312094],"predValues":[9.582529545501131,9.535996314461826,9.492569090744624,9.46147233867617,9.44182098172192,9.427661351901794,9.414777508077403,9.401881969548048,9.389173546298068,9.377176905318208,9.366285413957147,9.35668193487428,9.34837284699958,9.341260340073378]}