{"timestamp":"2024-05-12 02:30:59","trueValues":[8.926447560378769,8.894204993012897,8.84130532406614,8.772072670697781,8.697506168712266,8.633109807422725,8.593458644464143,8.586683689249309,8.612453237419338,8.663803092170031,8.730040572124661,8.798399046297197,8.855026668238981,8.887245314617433],"predValues":[9.047987439572118,9.058717862951216,9.07327192327502,9.096696417311644,9.12353470204185,9.14573816256506,9.159687287695888,9.166117249114375,9.167381340405148,9.165716971258217,9.162712495238267,9.15933432023707,9.15610073431539,9.153244568417444]}