{"timestamp":"2024-05-12 01:17:04","trueValues":[7.095055700351287,7.234932876923281,7.375943642510235,7.505097306210608,7.61306707502936,7.694944628136662,7.74969418677723,7.77921746945095,7.787753009339892,7.781541792061924,7.767993476364754,7.753902154253151,7.743579450815189,7.7384553095210835],"predValues":[7.027453660958721,7.055005056902789,7.09216445033846,7.143411179054498,7.203229329140607,7.261337925992435,7.310408376430754,7.348361946648768,7.376436414851085,7.396939358957486,7.412064865091879,7.423519297023555,7.432513056715963,7.439862115628874]}