{"timestamp":"2024-05-12 01:17:09","trueValues":[7.780010848867046,7.853054647108903,7.894617096962343,7.904961595077733,7.886136043766969,7.841594367824748,7.77501534932751,7.689162925477257,7.586293111176442,7.47037599297053,7.34955693286477,7.236901042610446,7.148554988716037,7.099712053446957],"predValues":[7.6747664778816755,7.66463886338556,7.649727582982951,7.634441274655346,7.619354573678324,7.603647255972127,7.587445039615087,7.571839784788549,7.557955246323756,7.546450580318497,7.53749243631847,7.530918417397966,7.526400540240582,7.523562979555075]}