{"timestamp":"2024-05-12 01:17:14","trueValues":[8.027980588659883,7.99786300234315,7.933831569006139,7.82965938983468,7.680533827948629,7.486534354183967,7.254695333574659,6.998734920828559,6.736726219307695,6.4877217639145695,6.268747317445345,6.09326454846498,5.971020461980862,5.90834441836994],"predValues":[7.74121207042686,7.675408889288276,7.619464078642958,7.583334882398839,7.566428060067906,7.561721472898654,7.562391792123911,7.564574449331609,7.566797240640422,7.568769127370073,7.570599082907702,7.572447377869016,7.574420593542415,7.576562319282749]}