{"timestamp":"2024-05-12 01:17:19","trueValues":[7.390209587830003,7.178516025459542,6.960329243948308,6.7556711097668085,6.583773166540073,6.459359180708216,6.390446005416288,6.3776780454865065,6.414384269104945,6.487129187898427,6.577557962430868,6.66590056107154,6.734901047967551,6.772439721948203],"predValues":[7.798977002426088,7.7704336828703395,7.746809049905633,7.732198908155766,7.724263519262317,7.718417495725626,7.711996305335861,7.704726451470185,7.697364103119817,7.690690147629647,7.685164399535635,7.680939687368521,7.677961258645986,7.676072298006057]}