{"timestamp":"2024-05-12 01:17:24","trueValues":[6.33655853258346,6.2344791740225,6.195831629380558,6.220103989526847,6.300670672523535,6.426008008469803,6.5823270099561615,6.756401231460615,6.936912989362904,7.1139865040066965,7.277802741633597,7.417361237495408,7.520435177555541,7.575556043078616],"predValues":[6.846214705038864,6.80059498993025,6.792776282297661,6.832334684982805,6.909408106449931,7.0030436222403925,7.0945908358290914,7.173954558947305,7.238309457191985,7.288726659222047,7.327666837276761,7.357718507983712,7.381109246849201,7.399594854349852]}