{"timestamp":"2024-05-12 01:17:29","trueValues":[6.370551053073477,6.5003835412390805,6.648291657759831,6.806458289735633,6.96936951667181,7.132202070138251,7.28918301850427,7.432962505490709,7.5558329231621055,7.652385736262808,7.721634868533611,7.76682294271367,7.793123802593172,7.805057185850745],"predValues":[6.643023591858082,6.73520909712777,6.83418324573287,6.935554808854949,7.029044938199647,7.10529414875578,7.1614760429653055,7.200252229361817,7.226216334896195,7.243597590144291,7.255537883909341,7.264142263084302,7.270739671414729,7.276138638275414]}