{"timestamp":"2024-05-12 01:17:39","trueValues":[7.840068474616103,7.840803646296144,7.795898371345139,7.708703980100626,7.583622465825377,7.426664109503033,7.246086170202215,7.052565116185953,6.858689499978377,6.677521376760158,6.520557438874082,6.396340402505316,6.310525587763062,6.266686923062238],"predValues":[7.693447705901671,7.652888342787376,7.6083868009462705,7.5666627515333715,7.529917191180066,7.4977761551163535,7.469783549848762,7.445969941083439,7.426412141768875,7.410948552345614,7.399170123928773,7.390531723793925,7.384455261411755,7.380403843509061]}