{"timestamp":"2024-05-12 01:17:44","trueValues":[7.373125218614664,7.203795459176212,7.0313333793294905,6.869408494441263,6.731175752860015,6.626844366227839,6.561919218221943,6.53698305067475,6.548368510426031,6.588599092857677,6.6465735992855794,6.708443638514822,6.759816616886688,6.788822674654639],"predValues":[7.528869451931071,7.46133811234577,7.407616093009263,7.377138362937487,7.368055564014126,7.371846243153943,7.380493680106261,7.389509234476096,7.39726681069639,7.403581685586513,7.408764034616674,7.413187556768122,7.417147011763625,7.42083642539003]}