{"timestamp":"2024-05-12 01:17:49","trueValues":[6.56722808269668,6.480022129641581,6.434747674118062,6.431113677445845,6.465640433321575,6.531568668066615,6.619310717028672,6.718071835951358,6.81819605247386,6.912873725949586,6.99785914690024,7.06937492562346,7.12232456285505,7.150838645648396],"predValues":[6.8719675085177006,6.844003342646264,6.841701346290216,6.873294060164512,6.931715756162793,7.001158914220449,7.067821124596159,7.124674666974686,7.170173448202455,7.205506872931736,7.232706896149479,7.253758694022794,7.270297398936208,7.283569028545553]}