{"timestamp":"2024-05-12 01:17:54","trueValues":[6.504905272333327,6.581611107960432,6.669928323775563,6.761778137855124,6.852257943827395,6.939241830382612,7.021093336192502,7.094609441041529,7.155227615262461,7.199219905860272,7.225840775393703,7.237920342463286,7.240833918731038,7.240398556759994],"predValues":[6.594816556171249,6.6207285671108025,6.66463766583014,6.729078945418281,6.805770960030433,6.881553711331877,6.946919404189424,6.998688939374963,7.037877895698843,7.067052197744982,7.088834383100852,7.105369366971779,7.118248958176186,7.128597443122811]}