{"timestamp":"2024-05-12 01:17:59","trueValues":[6.954891471930251,7.033775446356319,7.101538819519595,7.153283370562717,7.18521762297962,7.196920035814216,7.192037762281801,7.177343897075964,7.160677879351725,7.148434852201439,7.143607862728839,7.145341336950539,7.15012021865955,7.153844450612089],"predValues":[6.86408315106408,6.825054199567164,6.803841599500638,6.808901154128709,6.836441652734064,6.875254517977953,6.914875912596637,6.949591112695485,6.977768972721208,6.999894025563431,7.017157270606921,7.030775754533856,7.041754956182121,7.050853436641679]}