{"timestamp":"2024-05-12 01:53:04","trueValues":[10.28315559866446,10.45493433563722,10.55005215528147,10.578752555987943,10.558600984607867,10.508804930884477,10.44437135917006,10.373812951521137,10.300986302687305,10.228494016099848,10.159990155481552,10.100663448792549,10.05647660083039,10.032782065424666],"predValues":[10.502470121838172,10.519137202717406,10.477375942879632,10.395757533802714,10.293901437791009,10.186232541836247,10.08219219388435,9.987425215388924,9.904541651866236,9.833976333709836,9.774881926387556,9.725813070681731,9.685162276237742,9.65140391563569]}