{"timestamp":"2024-05-12 01:53:09","trueValues":[10.600936348143724,10.555156893996893,10.49617943372422,10.423627078879466,10.335690339658688,10.231932259358343,10.114421737601514,9.987752667127827,9.858515014182734,9.734495325960182,9.623765075193166,9.533772194209266,9.470517661385903,9.437967576437313],"predValues":[10.312570439528542,10.147272163836604,9.968661592856702,9.828632385120216,9.740268257590866,9.689285191313946,9.659630608998167,9.641037622842877,9.628078295013736,9.61812078531705,9.609933428689445,9.602935742502858,9.59683535913327,9.591460047471251]}