{"timestamp":"2024-05-12 01:53:14","trueValues":[10.200325192891595,10.0934153896043,9.984161329549842,9.879543688434875,9.786960430302145,9.713065842274382,9.66264571656808,9.6376530689117,9.63661011386019,9.654740096014528,9.684903397996107,9.718759037280332,9.74777838448574,9.76453051776469],"predValues":[10.631761995688084,10.633059576361244,10.600990037471044,10.54714761583119,10.483512473519102,10.416697434612653,10.35065424623362,10.288394294909432,10.231875380566034,10.181950153510575,10.138628713715525,10.101410846755048,10.069565101991596,10.042289328980356]}