{"timestamp":"2024-05-12 01:53:19","trueValues":[9.646222098183028,9.58601190969198,9.55732851946545,9.561530108011391,9.59662272813398,9.657813677109246,9.738202547432778,9.829260178145615,9.921551068654326,10.00614790645378,10.076261383736693,10.12825232095024,10.161564688031282,10.177533807655353],"predValues":[9.899895132954285,9.860747108097764,9.834218733049024,9.833172588532523,9.851878800694935,9.87646957576266,9.897507818409771,9.911924200161536,9.920129630424082,9.923646015574818,9.9240096145836,9.922430829413884,9.91975061566785,9.916521813943652]}