{"timestamp":"2024-05-12 01:53:24","trueValues":[9.637123086145971,9.711955908458094,9.798693408842889,9.88893613125095,9.974900717953329,10.050942879073904,10.114423863911508,10.165459024783251,10.205508605076757,10.235486918088952,10.255068638390934,10.264237287080258,10.265541778260893,10.264044324448404],"predValues":[9.723719186916238,9.737081450489027,9.758694859989214,9.79382415895918,9.83373606068064,9.867107432863984,9.889070620358,9.900410763127557,9.903971269210643,9.902577473010307,9.898361531871911,9.892748073490695,9.886609416541232,9.880450028069344]}