{"timestamp":"2024-05-12 01:53:29","trueValues":[10.175004561918817,10.247108796932569,10.292985529761571,10.30942403231657,10.293243344848207,10.241345965274348,10.153135995219484,10.033702757651586,9.894645805159346,9.751341548456317,9.618827251812188,9.509234045313868,9.431349436584457,9.390955925649603],"predValues":[10.32326524721526,10.353506691089075,10.35981811072546,10.349683054144371,10.32833171235081,10.298492141065648,10.263383042040616,10.226546316146363,10.190747761106142,10.15763845662942,10.12795038493125,10.101808998301214,10.07900272889502,10.059160535618908]}