{"timestamp":"2024-05-12 01:53:44","trueValues":[9.410517977584153,9.467896452742174,9.558240706452398,9.67725771883919,9.817858372386263,9.970866044741827,10.126995140166947,10.278538316514908,10.419653005502765,10.545724051290952,10.652773127882783,10.737180724092871,10.79567551199716,10.825649040811872],"predValues":[9.725715260422058,9.76580683533792,9.80286788693642,9.843950853886462,9.883689461343504,9.913624185000849,9.930679317453784,9.936755248258455,9.935339657380691,9.9295390837201,9.921559573894298,9.912784292553658,9.904007416480525,9.895641449813514]}