{"timestamp":"2024-05-12 01:53:54","trueValues":[10.716401891264894,10.783305703613546,10.81156914761648,10.79755835949586,10.740192110620296,10.641981573091392,10.51030132154197,10.358557740477178,10.205585152236498,10.071595728034804,9.971595369069387,9.909962147615602,9.880040713395712,9.869677078490389],"predValues":[10.661753598137738,10.652545612713546,10.612910662868655,10.556124896621151,10.493999965981512,10.43176499879974,10.371948709234877,10.316485507802945,10.266644801569702,10.222901289241062,10.185104534385022,10.152731996320837,10.125088903258323,10.1014549676874]}