{"timestamp":"2024-05-12 04:09:09","trueValues":[7.156228044114114,7.110627997372934,7.108241745983419,7.158397146095608,7.265484496267311,7.425601486084088,7.626213783926624,7.849439920120998,8.076593085083484,8.291008324244837,8.478576507647267,8.627753898339396,8.730361379144838,8.782247329802487],"predValues":[7.400061313604541,7.380498198514996,7.370643017486719,7.376257804811683,7.393485699951542,7.414128183151226,7.432224410134429,7.445789736311541,7.455251018413636,7.461790484796756,7.466521790319676,7.470249743314703,7.473483595025133,7.4765119920325]}