{"timestamp":"2024-05-12 04:09:14","trueValues":[7.630679300700433,7.82496104211665,8.013761156371208,8.171959417208154,8.2784218980307,8.3178734536387,8.28233457420636,8.173292613573693,8.003480979133105,7.796061831425842,7.580569616253092,7.387320995704668,7.242549053529049,7.1652164880315405],"predValues":[7.163654713341765,7.213653563880729,7.259667443704274,7.304344140331043,7.34419491064021,7.374489778052599,7.393977409137396,7.40470597199525,7.409728847775945,7.411626313655846,7.412128920180415,7.41223789356755,7.412457966651814,7.412999644122501]}