{"timestamp":"2024-05-12 04:09:19","trueValues":[8.428720651455325,8.435388228015517,8.3651421221468,8.224389171646484,8.028772639132232,7.799624995396421,7.559169635118442,7.32674348716235,7.116961743264243,6.939412200970793,6.799106041357732,6.697200641533065,6.632003990319952,6.600536330052112],"predValues":[8.083944801883886,8.105247504336361,8.098946982038692,8.067805577460385,8.017761542834073,7.957391083727312,7.89538336592603,7.838054593264092,7.788626125380721,7.747917654778174,7.715375011914556,7.689848926238712,7.670053777571192,7.654794313907248]}