{"timestamp":"2024-05-12 04:09:24","trueValues":[7.732923182497091,7.505656525738738,7.298429809085832,7.127255475728552,7.00192943580412,6.925995982281931,6.897008795515166,6.907174949379902,6.944737012770476,6.996181222527103,7.048852844727123,7.093221757982422,7.123961555760822,7.139341687516863],"predValues":[7.884403898489015,7.7675267513213155,7.667116280316021,7.599462412117379,7.564771133005951,7.552986857236629,7.55336613778161,7.55880577032091,7.565691027866622,7.572532696057482,7.578872023512521,7.584669673496873,7.59001760891773,7.59502081633099]}