{"timestamp":"2024-05-12 04:09:29","trueValues":[7.070783340204997,7.05315782509647,7.058935275135889,7.0708279927148485,7.0703966175750415,7.041535414675356,6.973754765243388,6.864347345080697,6.718828270731327,6.549791277600021,6.374995040958609,6.215360989298967,6.092605923944683,6.025598985561377],"predValues":[6.954878979859043,6.903131505139681,6.883052494088112,6.906711945378952,6.96698778369103,7.044662153519894,7.121924284998888,7.189063586179252,7.243351469762615,7.2857306884420705,7.318409149356484,7.343672104170709,7.363452368668278,7.379246067717935]}