{"timestamp":"2024-05-12 04:09:34","trueValues":[7.187143794044426,7.160278398861813,7.0835568816985095,6.955091345069583,6.779223448191756,6.565348158874221,6.326945883788747,6.0805336660657,5.843560005506697,5.631193067340365,5.453749906993747,5.316733148939681,5.223139029746893,5.175437125577745],"predValues":[7.089179111108448,7.1446734098240245,7.197747967767696,7.248315872018504,7.292007821329818,7.324507406416081,7.345252218284172,7.356783197375591,7.3624261583079615,7.364902246294677,7.366007395913479,7.366767285947187,7.36769249658284,7.368988216734756]}