{"timestamp":"2024-05-12 04:09:39","trueValues":[6.546014286580784,6.328370378589606,6.11056806050396,5.909403852323895,5.738211976909174,5.604073578113603,5.507728412473144,5.445905019169369,5.413528228485196,5.404061763502495,5.4091563357982615,5.419835196160032,5.429203651541499,5.434130046006266],"predValues":[6.965973799613172,6.928131594881036,6.907338675249354,6.9146098580587765,6.947041135436518,6.992495529943184,7.039089892394788,7.08014069890619,7.113622107631667,7.139989946275945,7.160568640175841,7.176750922376698,7.189712110727083,7.20035030541024]}