{"timestamp":"2024-05-12 04:09:44","trueValues":[5.737886917269012,5.64829830097251,5.577708796039939,5.516165743419289,5.452999186671883,5.377292052269561,5.2800027385450745,5.15765167208944,5.014909392472812,4.863832110578446,4.720179487884317,4.599135578802708,4.512429026195391,4.467400215540864],"predValues":[5.925233034171558,5.90033288099987,5.921179357064497,5.995866660036481,6.112000927650416,6.245429670485862,6.374318475697748,6.486316007220523,6.5776742450086045,6.649590567376735,6.705218690727488,6.748019583257409,6.781065098434344,6.80683889922436]}