{"timestamp":"2024-05-12 04:09:49","trueValues":[5.418006370224588,5.347675012614593,5.253985342366499,5.138568970163912,5.009439327121738,4.877442155712597,4.752273579010217,4.64008594208464,4.543240549559507,4.461625424427172,4.39450809338634,4.341954680732487,4.305233747367966,4.286200814385709],"predValues":[5.64129529901094,5.737581658890658,5.855521296582927,5.989972927419325,6.12671512569556,6.250626637897224,6.353329005286099,6.433739537392685,6.494828822171415,6.540735987812194,6.575314971177123,6.60166965327832,6.622135652748595,6.638411758377887]}