{"timestamp":"2024-05-12 04:09:54","trueValues":[4.723067648102935,4.579787935329707,4.4647346284819305,4.386540253347803,4.351015286295296,4.362101742009727,4.422206013684253,4.531397185628899,4.685576085178063,4.874282160050826,5.079081261940135,5.273745074683199,5.427686396467201,5.513035283532263],"predValues":[5.169193681413947,5.1523769614689625,5.187404396900829,5.276121093205874,5.404466958450514,5.550055270769025,5.692440363530443,5.818924046351626,5.9245696254537785,6.009534447776376,6.076416864130724,6.1285545167337805,6.169154013949192,6.200954441730918]}