{"timestamp":"2024-05-12 04:09:59","trueValues":[4.364911851700988,4.394895031969655,4.465829319936398,4.575402587087348,4.716452282420147,4.875512496170459,5.032999041184475,5.166435857353174,5.257052743872799,5.297187974590701,5.293821228505715,5.265261762283457,5.232768755468736,5.212563295419778],"predValues":[4.771386298452597,4.823955525537023,4.926645666643439,5.06934369243334,5.231812979126934,5.392474702985012,5.536267147172971,5.65663077825713,5.753246051713872,5.828975645265494,5.887692898352786,5.933157791515044,5.968577066010287,5.996509470126205]}