{"timestamp":"2024-05-12 03:13:09","trueValues":[8.340434931606964,8.781759607447869,9.169426850618304,9.49603444445553,9.761553152197152,9.973185317366568,10.143758968150856,10.287449150117595,10.414826813396411,10.530291293362588,10.632654514307598,10.717281120446952,10.77825305949295,10.81028113533829],"predValues":[8.537261334507168,8.762660825303021,8.873641449071698,8.884236054400002,8.820877598175738,8.714282754556134,8.590970330194967,8.469006783735535,8.35823453834616,8.262558562328776,8.18234963098839,8.116212353392175,8.062081550959537,8.017807258498921]}