{"timestamp":"2024-05-12 03:13:14","trueValues":[10.109543450900336,10.277890855122076,10.401185471637053,10.485597852044624,10.532333082533256,10.53909846935312,10.50319413039075,10.424601460433706,10.308671850156587,10.167868665582692,10.02101400276904,9.88935129327706,9.791374118269877,9.739476738696016],"predValues":[9.93826333362091,9.895991227807343,9.750149751705305,9.55796534930832,9.358564250795482,9.170690941909072,9.002324400897397,8.856524122051471,8.73345755228323,8.631447830374537,8.547838663566779,8.479664115208628,8.42406908255714,8.378529104073259]}