{"timestamp":"2024-05-12 03:13:19","trueValues":[10.576253078591307,10.568167253265862,10.51977881675776,10.433463920484057,10.317636904664091,10.186101773771686,10.05438696968488,9.935042505559183,9.834969320476514,9.755880157136133,9.696475840132388,9.654459423095467,9.62769077501753,9.61467509997358],"predValues":[10.078443509366892,10.081568653478936,9.979034264579496,9.819236221261654,9.64248298206054,9.47019339911199,9.312139993143308,9.172672662822444,9.05302519952276,8.952402363306929,8.868831470079042,8.799848126557348,8.742945944837732,8.695827712761632]}