{"timestamp":"2024-05-12 03:13:24","trueValues":[10.151000116831629,10.022283409834792,9.911240591498824,9.82575282981235,9.7680846449178,9.736819382782407,9.728627773534814,9.739207760481914,9.763608762382772,9.79634330472325,9.8316559979301,9.86403332019177,9.888703831884229,9.902042706047098],"predValues":[10.11219017526398,10.132990271191886,9.986982411332905,9.790249831861138,9.610325732883132,9.459346028683283,9.33412284900476,9.230345631914478,9.1444708818093,9.0735175120792,9.014877603517895,8.96627547285551,8.925759964884818,8.891704718250011]}