{"timestamp":"2024-05-12 03:13:29","trueValues":[9.730344768854067,9.717407767279854,9.722852715594136,9.742240941686768,9.77078027441128,9.803572227121563,9.836076064827813,9.86452981357511,9.886235717559984,9.899885564559316,9.905818501016965,9.905937574376566,9.90321377127568,9.900803067321243],"predValues":[9.639261622421316,9.71789043964824,9.72889462543892,9.688575535353822,9.619341818830463,9.537451242074455,9.453186640211392,9.372860496032647,9.299838758256968,9.23541475493752,9.179582638721822,9.131642322044724,9.090594439209562,9.055382214149876]}