{"timestamp":"2024-05-12 03:13:34","trueValues":[9.941110462701385,9.990926716369708,10.023413012018514,10.030211888220766,10.004606863286435,9.942577085018977,9.843681875672363,9.711648656664122,9.554591426927107,9.384662048070664,9.217105631166277,9.06895338767947,8.95736623398532,8.897130529774358],"predValues":[9.850439288829756,9.93690355838046,9.946731894745074,9.898558747123754,9.817314568605584,9.721750755440322,9.62399684298239,9.531441758457063,9.44792987033148,9.374833180128547,9.31200497245876,9.258504886727764,9.213074147419766,9.17441570543911]}