{"timestamp":"2024-05-12 03:13:39","trueValues":[10.00267776854539,9.927606799514065,9.81779033046649,9.677854148792193,9.515769259077,9.342176248102811,9.169512434595516,9.010950308961036,8.87864146701997,8.780841041530943,8.718907213001913,8.686646306212353,8.673492686807611,8.669635826269266],"predValues":[9.990206428859617,10.02170505351673,9.990647106605644,9.918153756863193,9.828368722681098,9.735210829272788,9.645654373414928,9.563464518527422,9.490401317706878,9.426820396299608,9.372194961004876,9.325554882888426,9.285767370301548,9.251719831540465]}