{"timestamp":"2024-05-12 03:13:44","trueValues":[9.310760017957923,9.13671516611025,8.980468592058024,8.8553044174818,8.770426640974538,8.72776090202354,8.721084554434627,8.738975592503518,8.769731337606864,8.804682558114923,8.838462979183149,8.867653760131732,8.889480332208706,8.901316968361602],"predValues":[9.617289929687333,9.617456313444274,9.58776398912612,9.54363720942126,9.496402827661797,9.449702681288048,9.404594609521473,9.362078509636223,9.323005437206955,9.287827764684652,9.256609281369103,9.229133635218536,9.205033506181667,9.18388416383743]}