{"timestamp":"2024-05-12 03:13:49","trueValues":[8.72384503638289,8.719954952250907,8.741856210966379,8.777803341917355,8.818913685108559,8.859401019471845,8.89519346137084,8.922623391856565,8.937956213215262,8.93829482808163,8.923775851872708,8.899393455184288,8.874347915566835,8.858617740028215],"predValues":[8.450650349566953,8.428893945719746,8.421385413557369,8.447153101206155,8.499522521598436,8.55998148835865,8.614782078439047,8.65859124058872,8.691275814644364,8.71472396387966,8.731176287449612,8.742587395815182,8.750469095381312,8.755922548935565]}