{"timestamp":"2024-05-12 03:13:54","trueValues":[8.88689925766609,8.927008108850643,8.956320089468822,8.969915715563332,8.96372017982156,8.936857442526438,8.893665441852203,8.843267642400825,8.796382241268944,8.761214934507858,8.740819634844847,8.733082790146984,8.732789625156714,8.734387812905117],"predValues":[9.106191454584875,9.19440780356972,9.242444867351498,9.257045174917646,9.245081491742674,9.214342491330523,9.173218592913116,9.128822303416658,9.085821404853032,9.04662925906416,9.01213306889458,8.982341339584258,8.956839972262081,8.935051407976232]}