{"timestamp":"2024-05-12 03:13:59","trueValues":[8.896913380366335,8.854766195264851,8.810837428178079,8.77710910170468,8.762679164726709,8.770859876635587,8.798884110764323,8.839705010007744,8.884536395686496,8.925223868977863,8.956216963434166,8.975788052186184,8.98574503030537,8.989480425385372],"predValues":[9.33445083232116,9.36798486721896,9.365871315086034,9.337948612259458,9.293416238923456,9.239559464691151,9.182499936032062,9.12702291358518,9.07609353663558,9.031037027886333,8.992060702561739,8.958756309143169,8.930435454770425,8.906340641508542]}