{"timestamp":"2024-05-12 01:24:04","trueValues":[8.105234746476404,8.06971075121401,8.014875874384979,7.947742686345844,7.876208833987684,7.809163090447008,7.756389936944828,7.7274072685867985,7.72882339104206,7.760954327133305,7.81586016955835,7.878798945347768,7.932765224544706,7.96363233513393],"predValues":[8.148922708956482,8.132716239979455,8.105870513164277,8.073333983441888,8.037844806505628,8.001512281868441,7.966709371482385,7.93547813030688,7.9089359342431855,7.887315614235523,7.870269252811306,7.857181283227597,7.847356136327971,7.840135984958378]}