{"timestamp":"2024-05-12 01:24:09","trueValues":[7.7618247852866435,7.692818583932526,7.64952186249114,7.641132772202958,7.670977659263102,7.73432282604991,7.819488451772461,7.911938283953139,7.99887353116727,8.072008760738822,8.127943471411674,8.166899331002584,8.190910420808498,8.202222921548149],"predValues":[8.035223863650648,7.991197286304203,7.947736573204615,7.913669897653596,7.889564187053,7.871588893950642,7.856518140298566,7.843130892583357,7.8313274800240995,7.821268173236506,7.813018356252859,7.806493774039689,7.8015075771063715,7.797823479254948]}