{"timestamp":"2024-05-12 01:24:14","trueValues":[7.711687193020644,7.787166679359354,7.870351647323531,7.949801751785205,8.018886095031561,8.076056191810281,8.123420810056807,8.164706042244923,8.203360497394343,8.241171339054084,8.277590510823481,8.309908030616603,8.33431275355995,8.347431820427305],"predValues":[7.565277726361756,7.579520016482853,7.593177837144656,7.612624270973342,7.635247943508897,7.654834979585862,7.667903546590887,7.674669199199501,7.6770044191491875,7.676828201208528,7.675534873155354,7.673970972155587,7.672581162786487,7.671556015581167]}