{"timestamp":"2024-05-12 01:24:19","trueValues":[8.074616945733846,8.111187882878985,8.139079222633166,8.162461722047432,8.184366436016642,8.206051608479088,8.227162677243454,8.246699745035587,8.26437177317521,8.2811863668102,8.298392201483882,8.315639499202426,8.33033416177451,8.3389148857508],"predValues":[8.079912254982379,8.068819029960745,8.045545769722363,8.01564958543364,7.982003387683714,7.946675012940666,7.912131512373744,7.880677540226483,7.85370450060048,7.83162303711311,7.814175866255235,7.80077001332759,7.790709643385,7.7833207161597215]}