{"timestamp":"2024-05-12 01:24:24","trueValues":[8.150356107680436,8.164423243015868,8.182285044322356,8.205944761401945,8.238604085526422,8.283282376885687,8.340586431193959,8.40762446686091,8.478838043776392,8.547717463897182,8.60824792783091,8.65587142431907,8.688035318215205,8.704036066700418],"predValues":[8.041512691243357,8.00885868289386,7.972273924733767,7.940032154734142,7.913736079052125,7.8913274296146,7.871128547837182,7.852876037069501,7.836905588501686,7.823483788249093,7.812613028410465,7.8040865253389935,7.797583472014502,7.792752761499414]}