{"timestamp":"2024-05-12 01:24:29","trueValues":[8.259190487300044,8.300503095729319,8.350531448819433,8.405517825235458,8.461349409873655,8.51492524539815,8.564943764304548,8.612162198739064,8.658835234660403,8.707093966258938,8.756774667665216,8.804004531015941,8.841858696241788,8.863058804237106],"predValues":[8.013965016341777,7.940157075446224,7.874258741935459,7.828249380520648,7.802671997616226,7.790764130078568,7.785609688867064,7.783155129769026,7.7817140231713475,7.780791204634434,7.780323682224749,7.780336440084707,7.780832667679297,7.781776483527389]}