{"timestamp":"2024-05-12 01:24:34","trueValues":[8.60941341149576,8.661485148489037,8.69909505385445,8.721222498795417,8.72738427936605,8.716054502357707,8.683911074195255,8.627162518372625,8.544842426998052,8.442081054506875,8.330870789258965,8.227524149942244,8.148303421171054,8.105517811494206],"predValues":[8.515264657630766,8.52938548229352,8.522494377395326,8.496722437126554,8.455098324283322,8.403028979388786,8.34728962344653,8.293688272202122,8.245736792397558,8.204806122400754,8.170880314886766,8.143243600754232,8.120925851068904,8.102948431656554]}