{"timestamp":"2024-05-12 01:24:44","trueValues":[8.378945329254366,8.362012991203517,8.38530405928809,8.454131384814056,8.564286202939247,8.703227271536875,8.854071423474677,9.000497369036012,9.130432983236268,9.237445912558222,9.320005745384492,9.379465878025549,9.417902652189444,9.436802358561213],"predValues":[8.59150429979193,8.517559743479335,8.445073038455615,8.385052357342683,8.339857372655146,8.306042930627035,8.279773433819928,8.258729875397837,8.24172550859598,8.228082306315377,8.217291283101481,8.208898205982063,8.202481534001032,8.19765826557092]}