{"timestamp":"2024-05-12 01:24:49","trueValues":[8.771872531769699,8.926709096507894,9.06929997620831,9.185039281741066,9.26531386290248,9.307188348747378,9.311869420196714,9.28304356720066,9.22604410679887,9.148055840457308,9.05890497823059,8.971546063750377,8.901056229598723,8.861486929574866],"predValues":[8.441779915854132,8.4956770899763,8.532062240785812,8.550048697015633,8.548304857032718,8.529060422653357,8.498322485396201,8.462811247993764,8.427527525760567,8.395270605802244,8.36717965869748,8.343397413004553,8.323569306532145,8.307147017090841]}