{"timestamp":"2024-05-12 01:24:54","trueValues":[9.451754038853686,9.485626688617852,9.474872344251336,9.41818810930599,9.31584296199592,9.171258135099675,8.992509353970238,8.792547972774273,8.587389889955697,8.393010072491057,8.222793641785572,8.086750467919499,7.992008473566489,7.943376042986705],"predValues":[9.093535125929725,9.05084413704756,8.98419069770057,8.90648204112307,8.82867743480714,8.756589412907084,8.692860978744058,8.6384670454498,8.593262492367298,8.556401313908129,8.526713507998709,8.502965283265667,8.484010558622835,8.468854220993546]}