{"timestamp":"2024-05-12 03:41:04","trueValues":[7.745034112639072,7.976993801340475,8.214851076595895,8.449301471665216,8.672893864755865,8.87838737297582,9.05843240583467,9.20671594896354,9.319687330463058,9.397760649204336,9.445409661412413,9.47009399411982,9.48031622941062,9.483354726390456],"predValues":[7.754154653564806,7.853848026525,7.939913081374541,8.01118406865983,8.063575549518287,8.095309131429612,8.109565774143164,8.112084919907234,8.10818872263402,8.10159290903609,8.094478010011144,8.087940404149268,8.082425021816471,8.078021699609954]}