{"timestamp":"2024-05-12 03:41:14","trueValues":[9.551303088523111,9.47946092121598,9.354583266911302,9.186449025266349,8.987365810097447,8.772411817141645,8.559893246493946,8.370265731863405,8.22193647306969,8.125032553031414,8.077217157066396,8.06510516376942,8.07054506209747,8.07769690575854],"predValues":[9.37304814288952,9.306414903487465,9.208970900710996,9.10045839126656,8.996152254565548,8.902630230570956,8.821766927330263,8.753572976393427,8.697130077632275,8.651021842802795,8.61365407098782,8.583469771695063,8.559070630315448,8.539263521154218]}