{"timestamp":"2024-05-12 03:41:19","trueValues":[8.642651091938301,8.417300240483536,8.228272079482242,8.099096355315691,8.044609927536744,8.066009111305146,8.151350954968358,8.280840044070109,8.432925163677508,8.58810884852204,8.730290945126324,8.846976724394665,8.92925933955561,8.971653973982516],"predValues":[9.13687038673973,9.083587716205503,9.022984691943272,8.964517014491395,8.912076362714352,8.86540359258176,8.823793300753483,8.787158042731058,8.755540876291843,8.728763722973934,8.706404510243743,8.687903221206897,8.672652794360422,8.660078328639994]}