{"timestamp":"2024-05-12 03:41:24","trueValues":[8.124137908101908,8.19471438938577,8.29812694431227,8.411811171236902,8.516453530705537,8.597775585327199,8.647141592854528,8.661830142285382,8.644972225084286,8.604797724078704,8.552921076027273,8.501787041740858,8.461987037082773,8.440500940393411],"predValues":[8.008309563338198,8.0496591164036,8.100549953984578,8.165317090579128,8.234435720574119,8.2952636021181,8.341615565230514,8.373834211608967,8.395061164267945,8.408666092968675,8.417320440428469,8.422890043666085,8.426590354631204,8.429184452822524]}