{"timestamp":"2024-05-12 03:41:29","trueValues":[8.598797808856277,8.662412219645935,8.694894262674755,8.698451047715356,8.679693538324365,8.647860019843375,8.612277816844927,8.579793115928613,8.553252780386163,8.531902501747599,8.513590454300116,8.497328435474525,8.484324720924285,8.476954133122696],"predValues":[8.589374268756558,8.637145543789224,8.668958330747783,8.683945626732637,8.681760045848701,8.665307722278747,8.640234274842639,8.612180272374001,8.585065833133473,8.560942846264183,8.540535320318714,8.523802855407197,8.510347565772218,8.499646379155521]}