{"timestamp":"2024-05-12 03:41:34","trueValues":[8.627129560567735,8.595219494927,8.57002989780753,8.55486824440326,8.549092654885083,8.55016644143149,8.556074925324221,8.566243737076448,8.580445095730184,8.597156563330518,8.613292066711534,8.625708653914987,8.633049739165426,8.636074680919055],"predValues":[8.684852497944604,8.607047360051176,8.540287073627045,8.496569077018318,8.47452296343458,8.465576514139514,8.462267444213085,8.460682811690887,8.45939692572269,8.45812964496693,8.456967350767068,8.456045595385152,8.45544544438966,8.455189224035518]}