{"timestamp":"2024-05-12 03:41:39","trueValues":[8.549823042367638,8.549797792436472,8.552546579679777,8.558222764205784,8.565976087806092,8.57370921146147,8.579578624408082,8.583790047137741,8.58882993339838,8.597642690952643,8.611147683083708,8.627128231623988,8.64130699823405,8.649560802048933],"predValues":[8.650489733727076,8.655046150253082,8.65683065591461,8.657839324217484,8.65518941038885,8.646091727295541,8.631043034109641,8.612675436813596,8.593662770223458,8.575795653141988,8.559965541033703,8.546440348957706,8.535134227148035,8.525794942081783]}