{"timestamp":"2024-05-12 03:41:49","trueValues":[8.565916551126293,8.551600637521691,8.533500423707252,8.51089057218665,8.485788951143135,8.462389175460178,8.444915425727391,8.435442183131586,8.433102178984416,8.435028615837972,8.438178744092431,8.440717824012687,8.44219587524649,8.442828186680625],"predValues":[8.501008014917215,8.487615185638276,8.478460092175157,8.479378923880834,8.487076963421327,8.495111757306944,8.499815155011206,8.500866615302687,8.499427103437505,8.496779315918864,8.493846602861176,8.491162668072656,8.488971505624988,8.487340625860444]}