{"timestamp":"2024-05-12 03:41:54","trueValues":[8.405620419692616,8.383800492334371,8.376184315728604,8.38406681266098,8.406499914663423,8.441775663234147,8.488412286096858,8.544903824199096,8.608592124261008,8.67483226210313,8.737455280858605,8.790291160505575,8.828409253959288,8.848395504737418],"predValues":[8.488150484178984,8.428802248601304,8.385128638713677,8.366088064304884,8.367273482125917,8.378105702595924,8.39041783482098,8.400622262265589,8.40806408145194,8.413253340989577,8.416925212558542,8.419691010281788,8.421972009326655,8.424022303737296]}