{"timestamp":"2024-05-12 03:41:59","trueValues":[8.429622472681059,8.471273695976702,8.523061304797178,8.583043712330237,8.64743980783103,8.711039334450737,8.768638148481772,8.816156924202783,8.850763948280743,8.870892661828396,8.877027066157872,8.872611251880144,8.86372433926488,8.85706845740965],"predValues":[8.505436852843648,8.50158663702403,8.500729999885646,8.506005906555494,8.513394036414525,8.517460604275918,8.516182957758943,8.510641528128733,8.50286242301976,8.494535793087621,8.486705922327568,8.479873822531676,8.474190461709442,8.469613047872258]}