{"timestamp":"2024-05-12 00:09:04","trueValues":[10.250881402437445,9.887237741144132,9.514661983148205,9.16910524623188,8.880020644839105,8.664789965795478,8.528215480219934,8.465711003246563,8.466452553856582,8.514644838267838,8.590230374317443,8.671139659011734,8.737221918336886,8.773917244616609],"predValues":[10.912710803470578,10.849238855450444,10.729351119121567,10.585347838008378,10.446378064225849,10.322893674544003,10.215939750324353,10.124435062935513,10.046913521637386,9.981731488805472,9.927164527035544,9.881522219883257,9.843244387391326,9.810964343811827]}