{"timestamp":"2024-05-12 00:09:09","trueValues":[8.741046618436588,8.595098029468655,8.510961006205164,8.475856957166366,8.47311508043054,8.48340828131735,8.487534385858545,8.470801920947029,8.427002061403577,8.359789934105956,8.280658510354467,8.204512957410486,8.145215221695135,8.112907801874481],"predValues":[9.028877760088555,9.016378778372877,9.020572924833845,9.060168537943865,9.126292526102622,9.1979406676229,9.260453649836244,9.308909596686618,9.344011785204172,9.368402155555064,9.384873084337457,9.395737996823604,9.40274206194017,9.40712970261049]}