{"timestamp":"2024-05-12 00:09:19","trueValues":[8.811598115578036,8.70020977186822,8.528066106942934,8.289830880086278,7.981088277020525,7.60017951016248,7.14981828264056,6.639683823331131,6.0898962076475,5.532900733323922,5.01107502430736,4.570063231659549,4.250785111426782,4.083279892080194],"predValues":[8.571457449179004,8.491884284526492,8.439773476587096,8.437771289940045,8.480469455118435,8.545981331787992,8.61445250039015,8.675258853045452,8.725125606576107,8.764524004434286,8.79525981538145,8.819309444555984,8.838378724149681,8.853805900514315]}