{"timestamp":"2024-05-12 00:09:24","trueValues":[7.693647313252253,7.320292528432683,6.894976308950717,6.429898889968035,5.946533477419666,5.473467777582462,5.040427271921027,4.671513966605269,4.3808723331907125,4.171534880104439,4.0362763146257405,3.959921054358712,3.923582748816232,3.910341419124285],"predValues":[7.727028785408065,7.610966812333888,7.5460109657274685,7.562237103071929,7.652612454065799,7.784461215682156,7.924212674175822,8.051166935977305,8.157328278147109,8.242291904420334,8.308903349144964,8.360830497058725,8.401491923052678,8.433712429952374]}