{"timestamp":"2024-05-12 00:09:29","trueValues":[5.217730893174362,4.763959961460882,4.401964713683657,4.155699651562734,4.036971318981072,4.04475942768392,4.165729123563239,4.376543813905273,4.647680922037666,4.946965814537639,5.241553140074032,5.49916582857898,5.690356845526163,5.792229952017814],"predValues":[6.493962749532439,6.385074680585509,6.362380574031439,6.43908361887668,6.595724091855088,6.795245991354397,7.001739131059757,7.191270695951868,7.352928463147239,7.484880616587,7.589992358986563,7.672824625280672,7.738037223818733,7.78971134084334]}