{"timestamp":"2024-05-12 00:09:34","trueValues":[3.854117397398025,3.908151917856298,4.05935671190305,4.288736555334803,4.576415474786615,4.902717104244125,5.248041442122949,5.593300096957148,5.921403416979997,6.218498891270968,6.473599743202445,6.677027009686812,6.819515693613195,6.893109940354462],"predValues":[4.6968827385652325,4.807527189401676,5.058366351306319,5.364306212012697,5.668857459399347,5.944868975378361,6.18129205454358,6.376013277656452,6.532110345537303,6.655146349599397,6.751301276942678,6.826332377661638,6.885134417359897,6.931654093173]}