{"timestamp":"2024-05-12 00:09:44","trueValues":[6.371656069797905,6.55450331343863,6.684255001824504,6.757635022833988,6.774816936520249,6.740502014277562,6.664164428962348,6.55973961758486,6.444304905958585,6.335032772269191,6.24512680420625,6.180947193641609,6.142110008727176,6.124494859379864],"predValues":[6.28379880141311,6.281101842975884,6.324415309108464,6.416672710234788,6.539965599122896,6.670753199158428,6.792046957970101,6.8960445139333935,6.981431807472703,7.050116404440395,7.105084175643983,7.149331623440938,7.185439822373876,7.215477672065875]}