{"timestamp":"2024-05-12 00:09:54","trueValues":[6.050540468883552,6.029894796218879,6.070934040919694,6.173299255280322,6.333553259197266,6.547500178582687,6.810341994937639,7.114391034482844,7.446008746240809,7.784444205202213,8.103630179798023,8.37563891721543,8.574394414856677,8.679436254815226],"predValues":[6.203529403132302,6.110035951428241,6.088304930406574,6.14999622670204,6.274599188334515,6.428011922743723,6.581381599375575,6.718299616909347,6.832934304400799,6.925623612244427,6.9993797243339015,7.057887270098146,7.104587416471895,7.14235546614303]}