{"timestamp":"2024-05-12 00:09:59","trueValues":[6.415005284517242,6.615029126069246,6.857145267346043,7.136049096492879,7.441360101018862,7.758867885452787,8.07303470531039,8.369313144986593,8.636090628244002,8.865927993783757,9.05505848345346,9.201211463969456,9.301645058595923,9.353048071096438],"predValues":[6.862557789432934,6.998523884561765,7.130942497256216,7.254217976981257,7.3581727409559425,7.437110138920582,7.492656798019732,7.530241985031479,7.55554188448183,7.572999155312171,7.585661862897304,7.595479036134457,7.603644332295888,7.610864217876731]}