{"timestamp":"2024-05-12 00:59:04","trueValues":[7.536222497675219,7.227960174879112,6.919279500591903,6.635798390502256,6.402092071036072,6.236430993701594,6.146417912772763,6.128177761181917,6.169273884675041,6.252523306410877,6.358110544882601,6.464504186419127,6.550389568074269,6.59827300595906],"predValues":[8.184853892582511,8.135247346237236,8.107655284614555,8.108486937610522,8.1294005253343,8.157203889012525,8.182993371338737,8.203478773387696,8.218611455818316,8.229505605066866,8.237405378267933,8.243319975301894,8.247969152101339,8.251829202104673]}