{"timestamp":"2024-05-12 00:59:09","trueValues":[6.026087638176617,5.895345488017182,5.85300666922759,5.89618152652751,6.01755223118205,6.206336132322912,6.447715374292799,6.723005140923602,7.011338091733891,7.291669472252201,7.544113499847567,7.750899272965698,7.897450405027864,7.9734173479324415],"predValues":[6.619650926627533,6.518090520599211,6.488086957655848,6.545083228592649,6.67321427008082,6.8379725959289415,7.006318139629437,7.157794071423875,7.284404668372758,7.385925338983087,7.465634587475144,7.527760315481032,7.576292543702402,7.614567452518091]}