{"timestamp":"2024-05-12 00:59:14","trueValues":[6.055204264064198,6.245702502636824,6.476481557714678,6.734882974332612,7.009368597102981,7.290129492239854,7.568966076833165,7.838933290868652,8.093641572817692,8.326203538824581,8.528514758351433,8.691511569264824,8.806317158921953,8.865748320589358],"predValues":[6.344054041097132,6.390881367387331,6.47792572088297,6.605585386024593,6.756214647758739,6.906030463026232,7.038220497396447,7.146389076199534,7.231233097535661,7.296490082794822,7.346466872867609,7.38498896521997,7.415106551536702,7.439128007103831]}