{"timestamp":"2024-05-12 00:59:19","trueValues":[7.236466212216902,7.486722001040839,7.727657110010963,7.956453115231701,8.170773999387121,8.367838549006528,8.5442901179774,8.69675504970728,8.822560572535107,8.920343455966691,8.99064989588146,9.036383102785944,9.06238681084394,9.07376788508086],"predValues":[7.385137541130723,7.484946000619281,7.560743104513177,7.614064580204773,7.645900756573255,7.658953642042082,7.658554958918416,7.65070807767842,7.640113206561368,7.629641395635156,7.620697338438831,7.613761315242038,7.608814986621088,7.605619408490529]}