{"timestamp":"2024-05-12 00:59:24","trueValues":[8.461471141120748,8.644517992112057,8.793198357843348,8.901310323642875,8.964388904314323,8.980874185689167,8.953214082146712,8.888145009533172,8.795681887915038,8.687570719481759,8.576399790968718,8.475419203096582,8.397994143114381,8.355771208219402],"predValues":[8.2027151623115,8.192799913025926,8.160261788571042,8.114795433570665,8.063761335853917,8.012265031502464,7.9640727470912065,7.921646749591907,7.886035044042307,7.857177030607611,7.834374748032654,7.816676938384368,7.803111877996004,7.792803261361745]}