{"timestamp":"2024-05-12 00:59:29","trueValues":[9.233816301400369,9.24660711916257,9.199791088894209,9.092434228930903,8.925373242254864,8.701748954514322,8.428610614913193,8.118426107883518,7.789416315331827,7.464363585676896,7.168033051405867,6.923787809354319,6.750500455441609,6.660798878926734],"predValues":[9.06959606487482,9.039698020064852,8.974312393051122,8.884539053573988,8.78298223569378,8.680216079005117,8.583729978880442,8.497922473328789,8.424495141921964,8.363264058845584,8.31301084847372,8.272114199436803,8.238916653095377,8.211911453030732]}