{"timestamp":"2024-05-12 00:59:34","trueValues":[8.907132957769642,8.699320176924948,8.444818412833966,8.150930742956012,7.827949305022902,7.487577043446729,7.141010043495031,6.797764073963473,6.466214935702778,6.155773809635835,5.879102738875902,5.652083531442969,5.490720789759111,5.407050292197496],"predValues":[8.84343934193275,8.79683806897367,8.740326065137749,8.681645490897834,8.624926969203855,8.571630211865926,8.522760697721935,8.47931938720103,8.441835465702695,8.410237701842167,8.38402455224987,8.362482108345699,8.344846759053453,8.33040034317304]}