{"timestamp":"2024-05-12 00:59:39","trueValues":[7.405393301700451,7.091582638766656,6.800150591141737,6.540164276212856,6.319446122655091,6.146110262295667,6.027974472506553,5.969141601313399,5.9659582494653,6.005859253848048,6.070375751652186,6.139960840901868,6.197474203850062,6.229890464163479],"predValues":[7.731450712827019,7.614770249333662,7.540625819881736,7.527183819684211,7.5668368431640385,7.635851018180629,7.711556690744832,7.780692862797264,7.838378058171759,7.884412935306485,7.9204828606595505,7.948690223236424,7.970948436241953,7.988802263885966]}