{"timestamp":"2024-05-12 00:59:44","trueValues":[5.962726258276113,5.81257581497349,5.737129020650922,5.740837438172889,5.819345985990839,5.961481170880904,6.152781559898346,6.377471793417197,6.618552953304956,6.858033001768073,7.07821585678513,7.262775577336375,7.396860419699,7.467799436836651],"predValues":[6.855342953838323,6.808221266508484,6.810943740665625,6.874348444132234,6.984530372709835,7.113812943953528,7.238142541857543,7.344910413952816,7.430984239831078,7.498176432972515,7.549977331230448,7.589936809138001,7.621063595335105,7.64571098340639]}