{"timestamp":"2024-05-12 00:59:49","trueValues":[5.709558487916919,5.846696844323702,6.035753843404276,6.271501021780507,6.548363061756675,6.860355995435301,7.200375821130153,7.558150601054351,7.918557752749742,8.262206392236203,8.56797056657942,8.815933395864779,8.98996256617626,9.079439285409386],"predValues":[6.401967681901488,6.513388850521817,6.650128922488059,6.8034357400807455,6.953351757706653,7.082333190297604,7.183611195779996,7.259040713833871,7.313937253652696,7.35380397128681,7.383113825594994,7.405156218136244,7.4222304873791165,7.435908773774601]}