{"timestamp":"2024-05-12 00:59:54","trueValues":[6.920967524937505,7.227182742787962,7.53460836260187,7.828213499039519,8.090859296192,8.306373837619677,8.4629056029997,8.555663484340599,8.588447994965907,8.572981481866405,8.5260737544796,8.466473019590264,8.412729471365079,8.380937415928951],"predValues":[6.8177769036165135,6.840819193431917,6.871630222595079,6.91641403208774,6.971299674567852,7.02685324417448,7.075561956125259,7.114649381146979,7.14466862562654,7.167462934539024,7.184967515766707,7.198769393930529,7.210037242160328,7.219583576662138]}