{"timestamp":"2024-05-12 00:59:59","trueValues":[8.644300576915283,8.838903922717925,8.93595429235696,8.925623083679028,8.80684474958894,8.586457503023816,8.278432263791915,7.904363570392233,7.493844873728257,7.082529608183196,6.707498759511735,6.401422947860185,6.187655435880414,6.078636067291424],"predValues":[8.067929966594969,8.101472240943991,8.100183165510806,8.06950476493345,8.017683400941834,7.954778646112303,7.890218027375812,7.830599750429034,7.779205243168491,7.736833200785261,7.702881080185109,7.676149908320797,7.655317917742996,7.639156898642069]}