{"timestamp":"2024-05-12 00:49:04","trueValues":[9.693198664855853,9.528282593385134,9.33842596885286,9.122689493819678,8.881190115335192,8.616196606161814,8.332552434674588,8.037672841184953,7.741888768582095,7.458981363507405,7.205658372518728,6.999172409109596,6.853955270779217,6.779292553266525],"predValues":[9.78586112803582,9.758279697963104,9.721268083071935,9.684136863243673,9.65022381358964,9.618002775112446,9.586264409003636,9.555344140664593,9.52612279400986,9.49930417764709,9.475229032752642,9.453927127666416,9.43522463654649,9.41884567067129]}