{"timestamp":"2024-05-12 00:49:09","trueValues":[8.44335551155886,8.17503352988037,7.921732599357869,7.698582212956992,7.522012633781513,7.408057302332788,7.368771864692979,7.407787792541189,7.517211957395075,7.677613606962149,7.861139940856852,8.036375260511795,8.173426305314496,8.24859933722548],"predValues":[8.834524521498828,8.770364180618497,8.73931261263739,8.755468050174587,8.807314398308618,8.872246323927616,8.933523654246343,8.98408278746843,9.023037318115597,9.052063044250982,9.073422891284515,9.089168216781834,9.100916079492528,9.109857213012612]}