{"timestamp":"2024-05-12 00:49:14","trueValues":[7.192025801788091,7.1039181604016335,7.109387295492086,7.210782248024085,7.399585551743632,7.658382993597741,7.964188099408322,8.291666948765133,8.615724831132143,8.913797079076094,9.167940028355776,9.365952646443262,9.50081119985455,9.568983356113955],"predValues":[7.7740266151808175,7.672644686297524,7.629157394323025,7.668604431522292,7.779199130027262,7.925827872404167,8.075029981449964,8.207491651921769,8.31668723845142,8.403284933954179,8.470797402538295,8.523265962133994,8.564310921292915,8.596855158889028]}