{"timestamp":"2024-05-12 00:49:19","trueValues":[7.658301662240514,7.933787448073787,8.223133319806935,8.503139906473832,8.75463586560112,8.964709977123249,9.12781762194502,9.24498740252549,9.321632904106549,9.365405653197593,9.38495547884968,9.389261788162774,9.386702242508836,9.38371265065884],"predValues":[7.741308817531536,7.855882373610693,7.982973516617968,8.121973590317898,8.256511602497758,8.369976553704374,8.456305802570531,8.518073247342617,8.56098856192903,8.590596631213717,8.611210675017247,8.625875303460681,8.636642405687155,8.644858733288416]}