{"timestamp":"2024-05-12 00:49:24","trueValues":[8.93771806649606,9.097392252256816,9.213724798277587,9.293243476236531,9.344664562371989,9.377500104437123,9.401196234575345,9.423992935586568,9.451363329392493,9.484853774935438,9.522144999590669,9.55820509076002,9.58692728614392,9.60287780055555],"predValues":[9.147221795362595,9.20884704315391,9.237157265976688,9.236793135390409,9.213866197892116,9.175962064381435,9.1311107445465,9.08581343119056,9.044054829240276,9.00761678646969,8.9768591808451,8.951383329242837,8.93048143622402,8.91337686706375]}