{"timestamp":"2024-05-12 00:49:29","trueValues":[9.368616912864349,9.383875313373297,9.397203024408704,9.414895518282009,9.439667561276623,9.470696271425307,9.504707662916513,9.537491110386824,9.565454744680762,9.586850207406677,9.601995913486002,9.612263864441648,9.618785788767326,9.622010869449037],"predValues":[9.530989917583575,9.486122650423694,9.422146235357747,9.354764003260698,9.292944198105037,9.238338431177736,9.190426288108045,9.148778254277389,9.113047741156937,9.082764834238258,9.05732034570839,9.036034919524608,9.01823611015166,9.003304629804118]}