{"timestamp":"2024-05-12 00:49:34","trueValues":[9.504283995650429,9.536187682361184,9.56198566992737,9.577098949779302,9.579167317824885,9.568495899548086,9.547274794241588,9.518505288460346,9.485715993637555,9.45318717178889,9.425416500126806,9.405546133243288,9.394068311901693,9.389258067120284],"predValues":[9.425518031428966,9.408378909731312,9.379751335142092,9.347722727719256,9.315205600575553,9.28191715448193,9.24813487289246,9.215241388880017,9.184654951209852,9.157235120696594,9.133265759724292,9.112633642285822,9.095014506107272,9.08000009967001]}