{"timestamp":"2024-05-12 00:49:44","trueValues":[9.453290829401045,9.492612148521982,9.552003707665769,9.62511793992614,9.70299085395059,9.777017273197911,9.841476360632242,9.89440819001764,9.936595775008987,9.969631721790956,9.994499980312751,10.011521091805802,10.0213249756055,10.025457459076671],"predValues":[9.501827576031149,9.452883109459908,9.406578988322334,9.372875911780095,9.351535733113998,9.336590963329002,9.323408904528105,9.310328377029371,9.297339812437828,9.284892925316974,9.27338427248048,9.263028611237626,9.25387644145075,9.245870352750035]}