{"timestamp":"2024-05-12 00:49:49","trueValues":[9.91388359481998,9.985989956143726,10.030882739023522,10.044310918206094,10.023554943210538,9.966849976742765,9.87429063959745,9.74980210002147,9.602693343163669,9.447172372396516,9.299615495707714,9.17517851914906,9.085649705321106,9.038899590662524],"predValues":[10.127888721941456,10.168796799894585,10.170557384568696,10.136455093325296,10.075237033897618,9.997795229224227,9.914401882880746,9.832956768068248,9.758297771598045,9.692602766480348,9.636252893781384,9.58861876574326,9.548618090579597,9.5150521610319]}