{"timestamp":"2024-05-12 00:49:54","trueValues":[10.065988648583565,10.001745913191009,9.900090753473629,9.765260905247246,9.605796161020788,9.43230149188377,9.254765239027776,9.081313096090616,8.918713107779647,8.77335456983474,8.651390491797812,8.557842686294556,8.495485722076943,8.464662200842572],"predValues":[10.09447322882576,10.075533654141626,10.033726678639006,9.97810985131009,9.917158112209025,9.855557848560128,9.796225826096142,9.741384038759634,9.69236302502865,9.649599741606728,9.612876773297096,9.581608853274211,9.555065594055524,9.532497471368533]}