{"timestamp":"2024-05-12 00:49:59","trueValues":[9.320795137969352,9.15707192640464,9.015385260028696,8.905354033671845,8.83463721592845,8.808301006145317,8.827152073175995,8.885953315508004,8.972805370843663,9.070855371968104,9.162561527228773,9.234807161857052,9.281873565127077,9.304262546197164],"predValues":[9.698386329660996,9.639324880143604,9.582064946767687,9.540202155627751,9.51505800838438,9.499972902139852,9.488878879751972,9.47886077022049,9.469082402140709,9.459565038612553,9.450537789537757,9.442192554393175,9.434626080283492,9.427848467181168]}