{"timestamp":"2024-05-12 03:06:09","trueValues":[8.673115266783874,8.709103594990964,8.764906474444256,8.829796671229646,8.89440699246222,8.953111487689556,9.004086580304001,9.047724308710498,9.085144706697797,9.117544355214392,9.14579504135737,9.169787791739594,9.187998042096169,9.198023593712623],"predValues":[8.775088841422688,8.731013624735157,8.723764236603163,8.7756528451483,8.875812411574435,8.994828626594977,9.107943002441516,9.203389336979669,9.27901527291914,9.337136361842177,9.381325336114326,9.4149880127667,9.440910921044964,9.461219839364514]}