{"timestamp":"2024-05-12 03:06:14","trueValues":[8.906295988998693,8.951081924801347,8.992973952703682,9.035037680137943,9.080342967156362,9.131295733515882,9.18864869295399,9.250699734321378,9.313446610633935,9.37178086213376,9.421062348838872,9.458294568391802,9.48248612875836,9.494161165351798],"predValues":[9.172705620627331,9.172741767897213,9.187111902406633,9.227400160996831,9.28472069420755,9.342675399373643,9.39096336773458,9.427078211386243,9.452589678680887,9.47015459395462,9.482196419021829,9.490558133068852,9.496522964176396,9.500944094229103]}