{"timestamp":"2024-05-12 03:06:19","trueValues":[9.212126344740437,9.266505659653491,9.314384844918298,9.349256328801625,9.364304756198775,9.354509377639047,9.31838337085992,9.25887326993403,9.183299428589386,9.102159439260866,9.026667992428449,8.965781637359663,8.924390621249401,8.903803422109533],"predValues":[9.217812097661414,9.167606729264392,9.13786868928139,9.147345121342184,9.189735768937853,9.245402032974102,9.298608687926084,9.342490410404263,9.376106308236787,9.400978819378569,9.419169401367707,9.432524754433022,9.442476948354724,9.450063622409342]}