{"timestamp":"2024-05-12 03:06:24","trueValues":[9.34847172041425,9.322942711062163,9.277542803249066,9.219132536166995,9.15717664717179,9.101196752411589,9.057757302411927,9.02870021320415,9.011760964645823,9.002908072990445,8.998604421564846,8.996720510911148,8.99614906510056,8.996126738845636],"predValues":[9.566398826317602,9.57472067205226,9.582622039985823,9.598536938705074,9.618729973130012,9.63518123354497,9.643944820180648,9.645548057915285,9.642251214271315,9.636258209556368,9.629148360517654,9.621889669779442,9.614998299092498,9.608702295203564]}