{"timestamp":"2024-05-12 03:06:29","trueValues":[9.223234188143271,9.19262648737318,9.16396382866908,9.130119884089815,9.08254582430899,9.014256189422476,8.921597978862494,8.804806947249507,8.668266748422596,8.521071610221336,8.37699257931465,8.252251540427011,8.161369064499837,8.113856136131307],"predValues":[9.198823086269948,9.125712575052065,9.081484264045043,9.08617437231185,9.13192405811878,9.195990309781926,9.259636615221476,9.313945230327269,9.356925397368464,9.38973861317868,9.41446440893095,9.433124905428514,9.44737384026834,9.458463610036237]}