{"timestamp":"2024-05-12 03:06:34","trueValues":[9.066836646081551,9.006628052322998,8.923876054231123,8.819187447520143,8.696700031436214,8.56423118466818,8.431434886161245,8.306258219513815,8.192480966526993,8.090562410159244,8.000790399625856,7.925814317177963,7.870778238265855,7.841395292051664],"predValues":[9.265295257690044,9.273026520824176,9.292627909493593,9.332818357824124,9.385170767736462,9.435403246585892,9.475133348802965,9.50301671489467,9.521136597076543,9.532275803551771,9.538801980497436,9.542431060077796,9.5443128444215,9.545175594701114]}