{"timestamp":"2024-05-12 03:06:39","trueValues":[8.517189499751826,8.391901999196016,8.282241813932918,8.193086433297466,8.12524252614321,8.078260377906656,8.05264179774612,8.049704832068446,8.069501043890963,8.1083737116034,8.158014013119814,8.207197689565254,8.245442564252293,8.265961987261138],"predValues":[8.915261840872443,8.838562118386568,8.797816171570396,8.813007061737071,8.874870987825085,8.957862195791161,9.04019770291318,9.111040504523654,9.16774812887892,9.211597425129709,9.24508893382765,9.270716285016906,9.290558478293018,9.306204930375667]}