{"timestamp":"2024-05-12 03:06:44","trueValues":[8.14243453980194,8.107773560607908,8.085179922201004,8.073132781358812,8.06736755760185,8.060381831908973,8.043617206558816,8.011492649397548,7.964589971996976,7.909668979613232,7.856530100792275,7.813760438440376,7.785731420114156,7.772478927294746],"predValues":[8.577360883085502,8.59383898816412,8.633668495373357,8.707809735360293,8.8040768255557,8.900852635416905,8.983571941492642,9.047945976527256,9.095641767555176,9.130242146914409,9.155265626065685,9.17353381836956,9.187119344491606,9.197478726776946]}