{"timestamp":"2024-05-12 03:06:54","trueValues":[7.89454666294383,8.047439514559777,8.260660564871376,8.520764624216113,8.803865789288906,9.080701250390163,9.323162252568933,9.510304642395283,9.63237450435436,9.692062683742154,9.70272187573649,9.684103373861284,9.657063621259256,9.638718881795633],"predValues":[8.212069331547703,8.168569015924497,8.157742642806971,8.19826240339765,8.281153143216562,8.382003228812884,8.479618399543781,8.563295076693812,8.630539364430076,8.682906126934867,8.723240632767414,8.754381239979473,8.778704365776843,8.798046610415877]}