{"timestamp":"2024-05-12 03:06:59","trueValues":[9.219797539617272,9.479723520500103,9.670890483565492,9.777822081530218,9.797744011431064,9.739607506760578,9.620803125373076,9.462964476713676,9.288233358315797,9.116484921260437,8.963578248629535,8.840883517321302,8.755797362434734,8.712436054327313],"predValues":[8.967206796632397,9.115498845001236,9.226582594804569,9.299045113052124,9.333764565770956,9.337097556684808,9.319449715321351,9.290973640319129,9.258991811716133,9.22779299676802,9.199450879295348,9.174682557343218,9.153482715136647,9.135506890456792]}