{"timestamp":"2024-05-11 23:40:09","trueValues":[8.261604380719469,8.146931951225643,8.020477106483739,7.895033322143451,7.783765646525733,7.698444800173702,7.647506917984131,7.634154754383805,7.655194060185911,7.701589346864431,7.760819838026256,7.819747861591592,7.866680573120814,7.892650791796422],"predValues":[8.410791605595314,8.37374623553301,8.339991330184699,8.317531649307345,8.30547600322518,8.298620514019369,8.293032039780567,8.287366752593272,8.281713691688436,8.276520711108311,8.272135196747984,8.268708913983197,8.26623947071521,8.264633043515584]}