{"timestamp":"2024-05-11 23:40:14","trueValues":[7.470730555161843,7.384994546783702,7.35724673295404,7.394048108944659,7.496003078371036,7.658827392386255,7.874610380450532,8.132037149725477,8.415743249991246,8.705949479905268,8.979323574126855,9.211377352045442,9.379940045153962,9.468535940472536],"predValues":[7.9374909485038945,7.883435098498507,7.848406267675706,7.845653227812418,7.871383705036328,7.911265041051642,7.952265879278211,7.987688077449694,8.01583218230428,8.03739323142089,8.05377777885982,8.066361015608969,8.076241978145909,8.084229195845435]}