{"timestamp":"2024-05-11 23:40:19","trueValues":[7.701210597896948,7.886825765570911,8.10083036111489,8.328332772493706,8.551857389453332,8.752620655305364,8.913208091208066,9.021113539149532,9.071872279722204,9.070484862451844,9.030618144817732,8.971959631043994,8.916319680093906,8.882824716142224],"predValues":[7.765330538887413,7.812252618866671,7.857427935186772,7.904138978899235,7.948038775012353,7.98278188292986,8.005951751344837,8.019201054699257,8.02566237919014,8.028162388164274,8.02868094201379,8.02841807694092,8.028024975380983,8.027809420705456]}