{"timestamp":"2024-05-11 23:40:24","trueValues":[8.953230561049157,9.142745381250071,9.261158521598883,9.29551862792892,9.24252779344122,9.108882299880875,8.910045470882398,8.667953383487395,8.407878295116312,8.154710524757116,7.929647522517637,7.748559003029778,7.622243165803659,7.557436692474241],"predValues":[8.350770924482383,8.39284528346661,8.413126028178754,8.413663187240706,8.396799688475879,8.366936993569544,8.330288711898412,8.292689172294214,8.258022611536452,8.228128819346471,8.203425615637874,8.183558438219347,8.167846867893164,8.155538190921847]}