{"timestamp":"2024-05-11 23:40:34","trueValues":[8.176854714389275,8.03248251849232,7.920460800193375,7.837001804028864,7.7750913649097555,7.726140785197286,7.681880579540373,7.63625129603679,7.586680896961394,7.534327158105311,7.483251331554952,7.438860357833476,7.406241433598863,7.389030283150198],"predValues":[8.233976969193154,8.138822736490274,8.071105876358093,8.046256223048736,8.058991756751125,8.092044714013035,8.129966921158655,8.164425635114611,8.192665955496373,8.214750342659983,8.231748064743112,8.244871915807952,8.25516325617352,8.263422907340884]}