{"timestamp":"2024-05-11 23:40:44","trueValues":[7.393452210569153,7.330581742488257,7.286301071097663,7.268390364661339,7.282995190636224,7.334193545799923,7.423300021305538,7.547795471388998,7.700414294804612,7.869083303412776,8.037895572156708,8.188694805795912,8.303020646760896,8.364944906894959],"predValues":[7.714963570930933,7.681644559131162,7.669238071900173,7.688067610042172,7.732282631611737,7.78699444824993,7.839481347269318,7.883651450540283,7.918438413601391,7.945087456742229,7.965435180219148,7.981172000476496,7.993626861259824,8.003771220447133]}