{"timestamp":"2024-05-11 23:40:49","trueValues":[7.289522164948135,7.355671668826811,7.457049610878868,7.589311408211342,7.744079133663517,7.9097386162655,8.072700874641505,8.218865018284966,8.335810738949936,8.415997078246647,8.459565435789624,8.474545555478254,8.473703005143573,8.469505137640118],"predValues":[7.519381590954065,7.492558987760059,7.48622869712249,7.51050929672,7.559739751985285,7.618846385590023,7.674779501530382,7.721349677205816,7.757629044093182,7.785087945552559,7.805770828642108,7.821523064646904,7.833783102277133,7.843593630795559]}