{"timestamp":"2024-05-11 23:40:54","trueValues":[7.936849334463542,8.099496633171853,8.241766440063342,8.350355496667522,8.417073522680546,8.441821113110244,8.43298443456856,8.404468757042718,8.370818572461555,8.342774138387888,8.325028220976012,8.31681029864226,8.314483318143795,8.314360257952956],"predValues":[7.702248502962226,7.72353924492099,7.746410366781967,7.774419450952004,7.803762528853827,7.828199678024564,7.844674593638192,7.853861050173705,7.858008949392328,7.859298556403013,7.859283140655565,7.8588932285606194,7.858608568810322,7.858633552952738]}