{"timestamp":"2024-05-11 23:40:59","trueValues":[8.411543787755297,8.39972495944859,8.37136397097473,8.342200566267307,8.324071913056713,8.322493393675744,8.337028317209613,8.363652907785532,8.397344289622806,8.433500330530585,8.468110012496036,8.497579871631185,8.518911279268565,8.530061648871257],"predValues":[8.58178546839195,8.5685890569986,8.537205253081105,8.492898534393099,8.44093497342071,8.386415853625621,8.33400762807597,8.287044882418098,8.247119425470432,8.214418106723596,8.188304893700966,8.167800886439569,8.151867382507879,8.139552858184082]}