{"timestamp":"2024-05-12 05:00:04","trueValues":[6.303302778505978,6.411001708589387,6.433867780464131,6.355856922078892,6.173036390207452,5.894842881492614,5.543901264519303,5.153512078769228,4.7618869088886,4.404356729366669,4.106784753989832,3.882926107019762,3.736184470871671,3.664242765678],"predValues":[5.797959825871143,5.900255935157003,5.979358919512338,6.029636981132241,6.051230988053741,6.050029224224637,6.03495754031194,6.01417950485021,5.993144983245587,5.974666817829912,5.959768162392885,5.948486891831255,5.940414090154516,5.9349949233488974]}