{"timestamp":"2024-05-12 05:00:09","trueValues":[5.767726621448547,5.437835539851993,5.090331368770932,4.766344119763999,4.502059182631004,4.321220625002836,4.231613403493896,4.226099566058204,4.286839637644197,4.39058894691582,4.5130956783665,4.6314692867918295,4.725059352706193,4.776889354832154],"predValues":[6.438590713641453,6.397806626139785,6.348273570383639,6.295706137373271,6.24461861611795,6.198378151385787,6.158986929823834,6.127088425993686,6.102330071119648,6.083832370230914,6.07053774989477,6.061410697144682,6.055534107901844,6.052140118470075]}