{"timestamp":"2024-05-12 05:00:14","trueValues":[4.022084424696193,3.88214801045674,3.8519150053757065,3.926649120391128,4.096285666493241,4.348159012420673,4.667258788402787,5.034657463308144,5.426338315931711,5.814250018304138,6.169183117817219,6.463722103024868,6.674537499368267,6.78448845752289],"predValues":[4.562538386712694,4.497460977053625,4.510931807024531,4.595941279780504,4.729288184598919,4.8826559010387465,5.032818072269924,5.166065347836914,5.277215345485963,5.36648262318479,5.436635038519448,5.49120093713438,5.533563743358578,5.566609790113012]}