{"timestamp":"2024-05-12 05:00:24","trueValues":[5.820969955247905,6.092660942215749,6.319663006274365,6.49785655470691,6.62932816208828,6.720541279219346,6.779092680127194,6.811227603049676,6.821619943139904,6.814725382987973,6.796019436614309,6.772218851497692,6.750615010392474,6.73778565326165],"predValues":[5.688700582936081,5.803915354372466,5.884532138548362,5.923500224421732,5.924238319778012,5.898463854516124,5.860060835523363,5.819725798113318,5.783484704805824,5.753740684575967,5.730791686611501,5.713949185157853,5.702191355369068,5.6944820198067365]}