{"timestamp":"2024-05-12 05:00:29","trueValues":[6.764486259419813,6.8262244674294985,6.856698476458789,6.858919673035106,6.835878180585949,6.792045363237606,6.733904074369637,6.669610307537253,6.608018283339579,6.556933021288626,6.520840503891885,6.499537136967538,6.489204200662735,6.485367407174946],"predValues":[6.510867046870255,6.419614725898694,6.315294236605232,6.2136636623471455,6.125700610040204,6.055669793058265,6.002857169926842,5.964399132663016,5.937143958279832,5.918384987050722,5.90599072610219,5.898334016712183,5.894185718810438,5.892620754655674]}