{"timestamp":"2024-05-12 05:00:34","trueValues":[6.823419598760133,6.771056025720332,6.709983086949672,6.647648980564481,6.590420941838456,6.541486841028432,6.499706843083844,6.460948996111021,6.4213297278023305,6.379774720033867,6.338257454267776,6.3006203055555785,6.271514444112337,6.255478345723491],"predValues":[6.877546414361534,6.829587492471997,6.764025381728856,6.688623771493637,6.610576765838518,6.536375324699908,6.470750089128854,6.41598458316334,6.372254360272153,6.338478590507036,6.313068388725805,6.294380648881456,6.280936389479562,6.271498098104266]}