{"timestamp":"2024-05-12 05:00:44","trueValues":[6.525899261153709,6.4606583561138695,6.372613440872202,6.261777937760538,6.129344308001763,5.976866618411927,5.80584205701477,5.618310951142842,5.418333489727556,5.213653095738319,5.016729115143598,4.844369629754033,4.715319391100656,4.6459978147839225],"predValues":[6.444576276271427,6.430013710707651,6.419526484033989,6.413314602284148,6.408087202061013,6.401151444652969,6.392279549102028,6.382734011966465,6.373872216387991,6.366550799504987,6.361108509078195,6.357533118825158,6.355623958240296,6.355106467545777]}