{"timestamp":"2024-05-12 05:00:49","trueValues":[6.023440648024224,5.8848719494641,5.732162890768163,5.56579654298792,5.3887104033785445,5.207474171793368,5.032262939243812,4.875012746874944,4.745969501788029,4.650354690406532,4.587277820750154,4.551163251193136,4.534085285825472,4.528122365074563],"predValues":[6.071866693640323,6.018851539482077,5.989345665971424,5.990044291698462,6.015527851174448,6.053631857824459,6.093431330905046,6.128916388115695,6.158210162204558,6.181618974704986,6.20021873847338,6.2151676279839885,6.227446137932281,6.237805918900745]}