{"timestamp":"2024-05-12 05:00:54","trueValues":[5.058174119593524,4.877469498730162,4.732572801960429,4.639044432259452,4.60648896508869,4.636541582668062,4.7232500124084185,4.854334681206473,5.012565202152842,5.178071424317369,5.331788619738683,5.458495830897868,5.547899989802486,5.593981579309869],"predValues":[5.703338898293353,5.667928261932456,5.65860930970551,5.68166661658524,5.731066777966831,5.793079545754346,5.854828252419621,5.908999188953374,5.953358533813706,5.988486503839924,6.016002948563484,6.037646392192318,6.054917079320783,6.0689937830511855]}