{"timestamp":"2024-05-12 04:13:04","trueValues":[8.532214803527804,8.639930212513656,8.74007170530485,8.830767863318897,8.911601398219691,8.982530049596127,9.04290609026662,9.091337584552075,9.126478046649504,9.148218503171762,9.15841415958765,9.160584590512888,9.158879821476091,9.156945410960065],"predValues":[8.318219510590044,8.330138009677666,8.3315626373729,8.325753824261085,8.312986661697552,8.293660630172214,8.270134339044677,8.245625692700429,8.222679618412204,8.202681938717863,8.186075457673425,8.172733394045565,8.162255469978122,8.154158481525213]}