{"timestamp":"2024-05-12 04:13:09","trueValues":[9.112738363052973,9.18736599645078,9.236924966609966,9.254843912497511,9.236133979292612,9.178876172226689,9.084842770678806,8.959465965103295,8.811718517881381,8.65386551662953,8.500622089653508,8.367578607609897,8.269233580973943,8.216925026205207],"predValues":[8.761863990633188,8.73935115200601,8.70418836365366,8.662247696410235,8.61698945400041,8.570788193108744,8.526233493517815,8.485676788291011,8.45049566051497,8.42104121712727,8.396972982740298,8.377607614480091,8.362159706593028,8.349876811130374]}