{"timestamp":"2024-05-12 04:13:14","trueValues":[9.250022504588642,9.18474531938455,9.086366271788709,8.959692417117537,8.811977927700514,8.6523954390582,8.490975287004533,8.337347263708546,8.199566628789535,8.083223717007549,7.99114120487814,7.923789538487238,7.880174402124416,7.858858941811984],"predValues":[9.0303587349986,8.98696765855128,8.932147134314699,8.87380225126491,8.816798006665637,8.763125955613965,8.714072781444337,8.670714662801906,8.633557927253726,8.602477388298967,8.576912497465752,8.556098048945394,8.539231360715576,8.525563440081307]}