{"timestamp":"2024-05-12 04:13:24","trueValues":[8.100488025206035,8.058919993788864,8.033632586409722,8.017938558140981,8.005157574562494,7.989505540916113,7.966593221799024,7.933911039842123,7.891512152795232,7.842447018131896,7.792262912834802,7.747515516400769,7.714117033765016,7.69632008491331],"predValues":[8.116874698954959,8.08788299377946,8.080042225680693,8.102301236052469,8.147062187712706,8.198866807013127,8.246006567977906,8.283846912188798,8.31236551339088,8.333322158892013,8.348714782719261,8.360213335583289,8.369055064111206,8.376100060695135]}