{"timestamp":"2024-05-12 04:13:29","trueValues":[7.941919786430327,7.921440763311346,7.897960187848658,7.872963819149792,7.850430514788934,7.836018917234653,7.835245471974741,7.851522906547779,7.88490145502735,7.931640938135969,7.984625393693691,8.034866643571842,8.073736121819293,8.094825927483729],"predValues":[7.991982692057824,7.973407779537474,7.973195680115683,7.998659571224236,8.042450925527717,8.090823680499621,8.133803847540817,8.167789723312104,8.193173346218426,8.211779090233675,8.225517710675208,8.23592706124538,8.244111228407997,8.250821065379297]}