{"timestamp":"2024-05-12 04:13:34","trueValues":[7.685817442492201,7.659779979263067,7.663654116070106,7.704069687471131,7.783903059309024,7.901854790389377,8.052891904959033,8.22924965050147,8.420982477813716,8.615732273217118,8.798724903303606,8.954025269408998,9.066895119606356,9.126246810437776],"predValues":[7.957901929703103,7.906755137556732,7.8768015428982014,7.879908613375306,7.911001910190023,7.955322184104235,7.9999334966987234,8.038325352564021,8.068941824362833,8.09258453096248,8.110746141977963,8.124864042964477,8.13609228867066,8.145280605727418]}