{"timestamp":"2024-05-12 04:13:39","trueValues":[7.905544735593281,8.029566550125827,8.17146132909232,8.322846626923312,8.474293853532846,8.61547153445424,8.73641604684958,8.829709758308686,8.892511918681063,8.927311373813378,8.940775168688331,8.941275383114156,8.936588995889839,8.932612530414392],"predValues":[7.929219071054071,7.951805533164751,7.976919646279473,8.009468402284321,8.045170210219869,8.076395072465395,8.098992963492288,8.113174919567337,8.121152037294397,8.125256081369415,8.127240194381528,8.12822547327448,8.128853532088629,8.129455012027867]}