{"timestamp":"2024-05-12 04:13:44","trueValues":[8.737808514106172,8.868397968629242,8.958040274253065,8.99921839357529,8.990255465377778,8.934893795248009,8.84068630206946,8.717609366540005,8.577669995400719,8.434640830053018,8.302681234528283,8.194064535894194,8.117536512940244,8.078173464985696],"predValues":[8.365501468535596,8.39061823953781,8.403172239524556,8.405572577717775,8.397991219438142,8.381352046377563,8.358807844677992,8.33430345095373,8.310892777932057,8.290262521014833,8.273007515422565,8.259065035010465,8.24805872290979,8.239501122554671]}