{"timestamp":"2024-05-12 04:13:49","trueValues":[9.009677712430296,8.94603884907572,8.851770224484877,8.734479244234812,8.602632608928447,8.464507777579339,8.32645816444623,8.192020620413533,8.062721304478647,7.93995826546189,7.826857976419054,7.729384736880182,7.656173491726384,7.616474752581709],"predValues":[8.880396204341599,8.821395354659005,8.755043319753508,8.691887660344815,8.636708587085685,8.589670623211816,8.549890552709913,8.516710016848428,8.489555975084283,8.467752792417231,8.450529947263606,8.43709990755979,8.426728298991993,8.418770849632367]}