{"timestamp":"2024-05-12 04:13:54","trueValues":[8.535801091119554,8.422591828689582,8.310206245593104,8.1962445352144,8.077528129902856,7.952290066054379,7.821795232325993,7.690855999809092,7.566607999051055,7.455755751248197,7.362332334879525,7.288174084412645,7.23538179412053,7.207462546547692],"predValues":[8.459512012251054,8.378022776506203,8.316539194118166,8.286455362972571,8.283563847170996,8.295393307027666,8.311360566130492,8.326063733942547,8.337840567626895,8.346774524850753,8.353496588104512,8.358666179274717,8.362802383788377,8.366270395386774]}