{"timestamp":"2024-05-12 04:13:59","trueValues":[7.978243540038794,7.853792210887686,7.7271071930890525,7.604082617943171,7.490091936590813,7.387884467852782,7.2982450859052,7.222679484011779,7.1648103628229,7.128576445811632,7.114746659829153,7.118599001958764,7.130598566614866,7.140082972338133],"predValues":[8.237668243340805,8.229324071351222,8.233414294411286,8.253661815529792,8.283152140398624,8.311866627908799,8.334044306923346,8.348858840221279,8.35787014197113,8.36304664364881,8.365978293551501,8.367731701929385,8.368954595964043,8.370003664156783]}