{"timestamp":"2024-05-11 23:35:04","trueValues":[7.3427025068139535,7.302027791382544,7.239542451199108,7.163827210239939,7.083044972567722,7.002829928086108,6.925425068048841,6.8503660595112255,6.776270800977885,6.7030349703647945,6.633501975709939,6.5734176381915965,6.529359166195258,6.506213218767701],"predValues":[7.256301760774285,7.24125492810963,7.20300394028136,7.143600686432613,7.068703277454457,6.987476640993727,6.909106967797188,6.839736104279291,6.781898080374058,6.735574290869049,6.699445891991178,6.671761734566929,6.650790869367719,6.635022154460478]}