{"timestamp":"2024-05-11 23:35:09","trueValues":[7.061259597746862,7.00559971264059,6.950358444814168,6.890849672832024,6.8230626444700775,6.745600108274253,6.6600522783304825,6.56949512783222,6.476671862459041,6.383956108634877,6.295126983688959,6.216759569696787,6.157465289235176,6.125368108315067],"predValues":[6.870744348694293,6.82035399132789,6.775959030775178,6.741522908862896,6.71550086138121,6.694858245287152,6.677761915578103,6.6636285988441415,6.652328058598201,6.643722749162618,6.637559240965114,6.633497457301205,6.631169812330867,6.630223870172783]}