{"timestamp":"2024-05-11 23:35:19","trueValues":[6.200984874542691,6.134600679198552,6.102529279787106,6.11528155818069,6.178738489136499,6.291699239086052,6.445414706880497,6.625607252495104,6.81596954012256,7.0010605723832775,7.167443531960339,7.303696413149461,7.400422254725833,7.450675730886443],"predValues":[6.532143834919691,6.50375945703591,6.487976389536218,6.486781669108965,6.495416348201325,6.507165539855764,6.517660075720027,6.525545097645519,6.531138356081805,6.535235090966223,6.538548812195762,6.541568703963158,6.544573711560603,6.547696064890781]}