{"timestamp":"2024-05-11 23:35:24","trueValues":[6.2504282265960125,6.380102304667146,6.535374364270758,6.702812505181789,6.870706606691919,7.030055467023766,7.17427882122122,7.298759918712228,7.400629835738888,7.478802825261085,7.534232803099377,7.569964379374825,7.5903214054579635,7.599335099306556],"predValues":[6.024184723627359,5.987523019624398,5.9757639937862415,5.994711409238471,6.038194448592985,6.0931315211960495,6.147703665846586,6.195403310811367,6.234334717837358,6.265080894545737,6.289113380345954,6.307983318377818,6.323018190548764,6.335255237452196]}