{"timestamp":"2024-05-11 23:35:29","trueValues":[7.004672109906194,7.140363379468445,7.257386178870657,7.35424916744157,7.431461330635732,7.491667532295542,7.539516417642947,7.580610016142956,7.619640296583618,7.658736758422808,7.69695080161495,7.730982127262338,7.756659180947676,7.770458932801505],"predValues":[6.870647601589617,6.911543187471537,6.9298307823541005,6.922668307143065,6.891996817073186,6.84549282279628,6.793114365586529,6.74285743417218,6.699154587522152,6.663493179476469,6.635628551491575,6.614532632685908,6.598963392234875,6.58773448205682]}