{"timestamp":"2024-05-11 23:35:39","trueValues":[7.683524217164873,7.702272158160897,7.7104539332247715,7.705948016561097,7.688785771242269,7.66095396816789,7.625360070464481,7.584824628337605,7.541841271831419,7.498975393952342,7.459161036701803,7.425527862600584,7.401029582017551,7.388073975230898],"predValues":[7.325773624016844,7.284463407686311,7.23563854605217,7.1832699230261365,7.1297068453616,7.077574242744776,7.029803499289609,6.988537669680177,6.954584751713778,6.927680285585046,6.9069700262543385,6.891398260810188,6.879930273652309,6.871652548850005]}