{"timestamp":"2024-05-11 23:35:44","trueValues":[7.772519327184611,7.751033762072748,7.713851776593403,7.658871779107356,7.584264345654479,7.489416301590575,7.375542567287827,7.246192219913111,7.107775552517477,6.969725673595619,6.843596420071375,6.74072660577056,6.669358738486219,6.633295590746255],"predValues":[7.491471380198698,7.449338547689668,7.399824495829083,7.347045229185673,7.293476569957405,7.241734942590523,7.194613255260684,7.15408366048629,7.120834285338786,7.094541133333008,7.0743390620906,7.059180332362569,7.048047504817317,7.040044871370343]}