{"timestamp":"2024-05-11 23:35:49","trueValues":[7.389194009019651,7.28976615901982,7.1915218663197775,7.103306314701181,7.035467191744409,6.998244009008952,6.998741299758537,7.0374611389402375,7.10660315834515,7.191821144451276,7.276854673165518,7.348398625496145,7.398526383578426,7.423990274686979],"predValues":[7.391701460078761,7.349863653081243,7.309572470814801,7.274387356207524,7.243423764302372,7.215053473222294,7.18902238892314,7.166001893785163,7.1465929361701015,7.130948876186194,7.118835288156724,7.10979820489821,7.10331269363116,7.098866313647287]}