{"timestamp":"2024-05-11 23:35:54","trueValues":[6.963876992171437,6.950146611181127,6.975401592332878,7.0338745855597375,7.113677391691482,7.201282958130868,7.286145584679433,7.362780188921777,7.429624464590628,7.486412622936874,7.532489760482708,7.566938640254948,7.589425165795962,7.600387356964285],"predValues":[6.995582400475357,6.908258835898776,6.845061979233972,6.81571836975465,6.81599027164499,6.833778981045473,6.857737444679062,6.88117017816691,6.901419825595408,6.918064314430969,6.931587114408224,6.942686984148585,6.9520042087486615,6.960039534211777]}