{"timestamp":"2024-05-11 23:35:59","trueValues":[7.192584223949973,7.271050910039937,7.340761185790448,7.400842200949429,7.451962680009638,7.494623634763151,7.529219761502399,7.556777270587696,7.578986312674639,7.597401751945524,7.6127164996692835,7.624793674640125,7.633183562294555,7.637490668973894],"predValues":[7.243230004304271,7.311765227994963,7.360515668779353,7.3841565148577555,7.381451051180557,7.35758481624291,7.321683666745528,7.282309721452266,7.245076438744343,7.2126906112427,7.185914786868538,7.164473076900277,7.147648914870318,7.1346156977689255]}