{"timestamp":"2024-05-12 01:07:04","trueValues":[8.041623525151735,7.965382819835574,7.863479147637776,7.750412613766077,7.640260719317125,7.542550927791545,7.460664072078025,7.39331267147587,7.337385137099244,7.289987826836578,7.249241348442908,7.214822502799318,7.188565763852168,7.17397396152599],"predValues":[8.340743246555933,8.360653481751818,8.363358945429015,8.351302767769353,8.326665745459284,8.292898879617262,8.254897999001907,8.217333277723842,8.18330035734396,8.154200741936322,8.130248125655214,8.111007678107088,8.095784627501772,8.08383901796174]}