{"timestamp":"2024-05-12 01:07:14","trueValues":[7.109332543009769,7.069656395908768,7.054838141568347,7.073368401578849,7.132182135982068,7.23291872978252,7.370072369042378,7.532260119003476,7.705440360050296,7.87588430592502,8.031519300065543,8.161645484798914,8.256209400690018,8.306284798388726],"predValues":[7.551354116950842,7.5711989681144445,7.601906073876703,7.647163784709029,7.700197676974087,7.750312677196411,7.7908231351808706,7.820556390966388,7.841346121133078,7.855714395121256,7.865825796503675,7.873241568392612,7.878993768500866,7.883730921376267]}