{"timestamp":"2024-05-12 01:07:19","trueValues":[7.154460814721277,7.264585332929069,7.402892495360068,7.559640346993117,7.726104106349908,7.89554469969674,8.062365413343587,8.220638892396531,8.363674968251708,8.485320631367202,8.58177882367322,8.652178555438926,8.69761275000066,8.719749231759096],"predValues":[7.247119822647506,7.241703579518128,7.257211289873743,7.302252648664291,7.369929108906607,7.444643921014125,7.513374765224164,7.570205183981519,7.614576755124309,7.648342026233837,7.673908511799546,7.693435745407961,7.7086221171659,7.72072082102542]}