{"timestamp":"2024-05-12 01:07:24","trueValues":[7.996833336729096,8.159188267813384,8.298773608338855,8.405806206028243,8.472074517477772,8.493428782947575,8.471051762371193,8.411166899309059,8.324176368035113,8.223647621036465,8.124470675615793,8.040037297897044,7.979798138432343,7.948759859888691],"predValues":[7.801168962240005,7.791487075476148,7.7868719196365905,7.790744461711133,7.799593632324026,7.807857004533877,7.812588044268049,7.813803496217732,7.812787120041133,7.810846862172625,7.80887843069671,7.807365295348022,7.80649350825094,7.806276624631665]}