{"timestamp":"2024-05-12 01:07:29","trueValues":[8.443697050101468,8.428081695302463,8.383120338925398,8.320449478195084,8.254135185291958,8.198483008059412,8.164872691790615,8.15902214984519,8.180300931310246,8.222991122826162,8.277988130792151,8.334120854083091,8.379769805954107,8.405288183756227],"predValues":[8.49090139773228,8.460326654767078,8.420958556826296,8.377730408882181,8.333228601252326,8.289119363604907,8.247407274685719,8.20998421881093,8.177928766724431,8.151432552114333,8.130087057673252,8.113193524779774,8.099976913441495,8.089704975654612]}