{"timestamp":"2024-05-12 01:07:44","trueValues":[8.50797114856642,8.57332966512774,8.62772838261948,8.66215041772806,8.667322932574503,8.637613863565157,8.573458572671058,8.481678793926887,8.374136944994204,8.2649573057895,8.166914746750033,8.088780562385207,8.035143329659668,8.007962974809358],"predValues":[8.341057143068634,8.300773668675914,8.269375512165967,8.251847009950865,8.244687724204818,8.241678198198638,8.238956787196493,8.235475220371892,8.23153995215256,8.227727212546565,8.224467047749974,8.221968367719583,8.220269180246518,8.219310214439727]}