{"timestamp":"2024-05-12 01:07:49","trueValues":[8.60272457183564,8.542641164577919,8.460486393805294,8.369029548391293,8.282820436039733,8.214335180633872,8.171081251181093,8.155206486562957,8.164914952201723,8.195725981364886,8.24067006147326,8.290092150426652,8.332464458598633,8.356968586534146],"predValues":[8.69647411099947,8.672693460039035,8.644886109529574,8.615405618844461,8.584169061893974,8.551159959775665,8.517867526850807,8.486373952179928,8.458219481564129,8.434092242074854,8.414016154699524,8.39763293620434,8.384417653809805,8.37381853007277]}