{"timestamp":"2024-05-12 01:07:54","trueValues":[8.190798257956374,8.13443323529871,8.105100788946851,8.102606893113945,8.124532338605587,8.166337453586964,8.220996644052835,8.279548842326928,8.333324019413256,8.376809185077763,8.408879255545461,8.43127488133428,8.445879707309164,8.453286442380634],"predValues":[8.217248491112874,8.137479705941018,8.084014438536153,8.067584707009875,8.081443198177256,8.110458292762676,8.142246627156318,8.170553926302857,8.193546779410926,8.21150798570958,8.225412989908058,8.236288002366672,8.244979560251341,8.252125290771183]}