{"timestamp":"2024-05-12 01:07:59","trueValues":[8.18043409147355,8.233662806891706,8.288596822924156,8.336185766874932,8.370720496413135,8.391161245952244,8.399711670011135,8.399185142499146,8.391628236784431,8.378843797952205,8.363377550641452,8.34848833070502,8.337129848511772,8.331105746513177],"predValues":[7.988066294839679,7.944921870351532,7.92546241287414,7.937482709052673,7.973366050703863,8.01835425174459,8.06098969077819,8.096271818278892,8.123605533237438,8.144249345380867,8.159848221277427,8.171845659623536,8.18134229162926,8.189120333583237]}