{"timestamp":"2024-05-12 03:37:04","trueValues":[6.815128052942876,6.745115841173374,6.7335266543459,6.77512445410297,6.861164259021346,6.981397520724067,7.125577285566667,7.2845423469447965,7.450342963372558,7.615210395502189,7.770115533737654,7.903900832180032,8.003744109994724,8.057494037149885],"predValues":[6.9825704464738925,6.875804434899862,6.81741915196021,6.831515524058046,6.911342782754708,7.028359203226941,7.152915518933948,7.266425654227913,7.361544537027161,7.437771421328369,7.497583458273249,7.544238420559649,7.580793410379843,7.609779799780359]}