{"timestamp":"2024-05-12 03:37:09","trueValues":[6.907996502403403,7.028551368492549,7.1672662508646825,7.320109665773295,7.483808956350586,7.654048776465993,7.824081015568344,7.984501270347857,8.124760651141074,8.236232718306857,8.315306731688539,8.364463031892821,8.39052574505312,8.401117160916433],"predValues":[7.244162125447403,7.332293953610028,7.424526902171433,7.520400890806906,7.610306858869846,7.684212344236321,7.738755916596327,7.776358911454265,7.801482327175206,7.818266886681548,7.82979122105424,7.838117319408882,7.84454701503862,7.849865979485823]}