{"timestamp":"2024-05-12 03:37:14","trueValues":[7.897131192740181,8.090106050877022,8.248024436161154,8.350809995428502,8.38113489696954,8.328952591856632,8.194283280034712,7.987320491609674,7.726709573120383,7.437436793293239,7.148912208794842,6.892824749026666,6.700065445565355,6.596246898324589],"predValues":[7.399768945980519,7.40039620742842,7.413806844553551,7.4505662259218095,7.506037666804962,7.567069939897009,7.62274205128574,7.668378511085548,7.703813467116989,7.730783051489253,7.751367326952883,7.767361962296867,7.780135238001629,7.790667914551389]}