{"timestamp":"2024-05-12 03:37:19","trueValues":[8.552632429445739,8.475534023836197,8.312137200855394,8.070044847671642,7.76215755280053,7.40591345028246,7.022731126464522,6.636916829558514,6.273460283544576,5.954609335667021,5.6960855233301215,5.5049663357923855,5.380954820573868,5.320400634994285],"predValues":[8.552241719984547,8.570310039149092,8.566251444950172,8.544521088400378,8.509762830524174,8.467110381010631,8.42197945141163,8.378760340284984,8.340051664230748,8.30686953363677,8.279203316953085,8.256512399864004,8.238059750168244,8.223086806775841]}