{"timestamp":"2024-05-12 03:37:29","trueValues":[5.481884642794926,5.277723201338326,5.164942456819109,5.147839017261021,5.230245157743117,5.41571194884789,5.704534017403729,6.088676901760954,6.54666972163609,7.041589901368924,7.524679292301341,7.943707481556846,8.252055122541417,8.415332872162619],"predValues":[5.941894533487062,5.871303300927623,5.882949632336157,5.984788452079172,6.15551812085919,6.358779136480989,6.56130564489462,6.742480279937192,6.8941595401247,7.016273523016128,7.112562939466461,7.187881357823208,7.246869183857095,7.293451585814989]}