{"timestamp":"2024-05-12 03:37:34","trueValues":[5.229013293338176,5.4326266119469215,5.733661407735649,6.122183826206346,6.575514312738957,7.061053345677552,7.543302312585281,7.991008310503585,8.381273107119078,8.70068234426414,8.944876820664607,9.116978225178787,9.224588116031242,9.275844413142249],"predValues":[5.986309162407209,6.056587694503319,6.172967285132684,6.329471408482798,6.503895673769829,6.67148172611974,6.816615938360397,6.934407133036288,7.026655231556392,7.097792792889629,7.15256813303886,7.195099648671556,7.228645909851817,7.255666259875161]}