{"timestamp":"2024-05-12 03:37:39","trueValues":[7.139675252396997,7.599934984513299,8.00983333023685,8.345225773809686,8.593172655770099,8.752114593527057,8.830834842083672,8.845838085393474,8.817510586302003,8.766234886612313,8.709399949446222,8.659593264172866,8.624125084547787,8.60602992071958],"predValues":[7.086325337309247,7.385319074846365,7.621541217717258,7.778023014812447,7.857705418640844,7.879376770088335,7.866160690327554,7.836564315747828,7.802172580556647,7.769045999811232,7.739781595379146,7.715091415319256,7.694779839112214,7.678281268299916]}