{"timestamp":"2024-05-12 03:37:44","trueValues":[8.868153708768808,8.972501840092178,9.004773910009202,8.979892362049952,8.912443682765623,8.814309958185213,8.693680671246316,8.555577102997137,8.403961100531918,8.244796166014456,8.088410052868946,7.949545531431062,7.844751406586685,7.788272094766905],"predValues":[9.208482912567629,9.19068463477218,9.103226315299798,8.975262853617942,8.833618713441858,8.695835952212855,8.57147950964518,8.46459681681029,8.375662040836602,8.303168425305401,8.24476799240705,8.197958075279917,8.160431627581724,8.130215965216571]}