{"timestamp":"2024-05-12 03:37:49","trueValues":[8.790168100314736,8.684718274626302,8.56882587477406,8.446309753505226,8.322044742267245,8.204100719060616,8.103631242953018,8.032212742911973,7.997839878721978,8.001512016079692,8.035881690804697,8.086408397799392,8.134789658011268,8.164084362360754],"predValues":[8.663278425179286,8.550883273687841,8.431935100587072,8.330741615926897,8.256210995422514,8.204449433899448,8.168406618998791,8.14254510792157,8.12336605757449,8.108784886798276,8.097530062217182,8.088778436075213,8.081951386265555,8.076617537648401]}