{"timestamp":"2024-05-12 03:37:54","trueValues":[8.1296094352911,8.01739209647281,7.9408055999940546,7.9110587889823325,7.932345278321112,8.000072238425759,8.101489517212684,8.218515240291136,8.332222856625691,8.42765855961388,8.497086833501584,8.54043777584779,8.56308669831451,8.5720413870608],"predValues":[8.64480690448234,8.632067649737461,8.60868382137945,8.579663145230299,8.546792253261529,8.511097090044709,8.4746215710605,8.439798460729511,8.408382230584625,8.381170246873172,8.358232677824917,8.339223998066016,8.323614490619493,8.310837493872242]}