{"timestamp":"2024-05-12 03:37:59","trueValues":[8.070812711367823,8.174049048353663,8.284235761128748,8.379976855389664,8.44432962732435,8.468491419351011,8.45274317017745,8.40473162211559,8.33610576446145,8.258942240608375,8.183433783296014,8.117632462678673,8.068441344148258,8.041916158564506],"predValues":[7.771149451971695,7.765539448844215,7.776695400010639,7.811281958354918,7.861026449060982,7.91201881794412,7.955070216370078,7.987631464446133,8.010890637880813,8.027134317282714,8.03850794943466,8.046654374594903,8.052720737004606,8.057464003021236]}