{"timestamp":"2024-05-12 01:05:04","trueValues":[8.477543918356972,8.443238564509251,8.42122301663166,8.40987224231214,8.403731990630185,8.396886069819338,8.386362961664547,8.372920429889524,8.359329056414998,8.348296962805659,8.341398150033742,8.33872989678142,8.338927112033259,8.339837438498964],"predValues":[8.622920264148068,8.585449632087188,8.550312891032249,8.52366172158142,8.504337284788576,8.488245370762417,8.47293567302489,8.458122468670702,8.444384645595417,8.43226707073471,8.422020117090245,8.413633153112055,8.406933150324473,8.401677709388307]}