{"timestamp":"2024-05-12 01:05:09","trueValues":[8.430379173249777,8.423503218310284,8.410327804228116,8.392279950797251,8.37081485141907,8.346538504441543,8.319102726603338,8.287478118079148,8.250886449411578,8.210244957573808,8.168906567635869,8.131825581881184,8.103928128985775,8.088964222410842],"predValues":[8.545876611020843,8.560381500426061,8.568776438066724,8.571463030742734,8.566265531753874,8.552361856499143,8.532004564627256,8.508838151466016,8.48593699547639,8.465136102182235,8.4472139668297,8.432275310185933,8.420074011869257,8.410223083460966]}