{"timestamp":"2024-05-12 01:05:14","trueValues":[8.334148761901748,8.308622676225903,8.280998719953327,8.25079315756064,8.219021567858192,8.18885374746788,8.164694081751213,8.150478636293776,8.148486283830442,8.158727390122426,8.178447320573948,8.202193153208247,8.223156709216857,8.235340199687343],"predValues":[8.256163419236422,8.204160787317914,8.167488053081865,8.155627761730297,8.164633216127667,8.183615848589154,8.203629209819693,8.220525932178159,8.23349110735978,8.243125417937545,8.250346366673385,8.255956104012116,8.260541491511773,8.264488986013566]}