{"timestamp":"2024-05-12 01:05:19","trueValues":[8.124260170926497,8.093503628456904,8.079323798691847,8.086562289485128,8.11759737856379,8.171467973811048,8.243484498537594,8.326075960225008,8.41046388806766,8.488142244727761,8.552097928271277,8.598234070919414,8.626323689080431,8.63903849126039],"predValues":[8.25516272459602,8.204914298421643,8.167935907124116,8.15308947917629,8.156970526490804,8.169903541233783,8.184017189600311,8.195759736536022,8.204505249536762,8.210814542863151,8.215473288057565,8.21912974387908,8.222229638059959,8.225043011969296]}