{"timestamp":"2024-05-12 01:05:29","trueValues":[8.468044628463755,8.482361605223353,8.481266023999519,8.4722153855148,8.463472530401553,8.460650385463495,8.465273780754275,8.47599038311842,8.49093435553717,8.509023672012896,8.529347740291145,8.549841647580077,8.566959771966552,8.576794753049896],"predValues":[8.58965999166185,8.628928950399214,8.64852449171615,8.648183218962291,8.628952871386634,8.59524394749192,8.553910341751465,8.511407265514922,8.472001691360514,8.437720258500216,8.409047765612398,8.385632308393243,8.366765825615117,8.35165600101692]}