{"timestamp":"2024-05-12 01:05:34","trueValues":[8.485466815179214,8.489854455849533,8.497072746697881,8.50444360028822,8.510285105416177,8.51345782571431,8.512211276480981,8.504028704050858,8.486889316564454,8.461039234403444,8.429919092925067,8.399380231440993,8.37551585702459,8.36262217901648],"predValues":[8.374888595576689,8.333273785339674,8.29971396893321,8.28198426463503,8.277604863415933,8.279350563920092,8.281841270288009,8.283055659082695,8.282937914666839,8.282052838132302,8.280950877978487,8.279995367425435,8.279367042822537,8.27912118822961]}