{"timestamp":"2024-05-12 01:05:39","trueValues":[8.511409657613664,8.517821811185959,8.519538540716464,8.514129208094564,8.501034859580876,8.482447454989316,8.462514627749758,8.445216032802636,8.432435846590396,8.42369830725213,8.417504100454105,8.412808410623565,8.409443259271075,8.407661677285786],"predValues":[8.483077374324708,8.461706629952461,8.443002012522543,8.431326444351608,8.424213405847906,8.417265687946152,8.408494127648002,8.398322392219534,8.387959023102958,8.37840312020618,8.370199550464879,8.363515495002241,8.358283709264747,8.354327709522982]}