{"timestamp":"2024-05-12 01:05:44","trueValues":[8.509101813905135,8.49669665561789,8.48542854159934,8.475824796727725,8.465894663272199,8.452601770562925,8.433530630447983,8.407551109166157,8.374645664660001,8.335798246878728,8.293420888720515,8.251988143776643,8.218032302134002,8.198656302323831],"predValues":[8.600734345682298,8.570097142361055,8.541911574461608,8.520928881663064,8.505363760937641,8.491373172761952,8.477099519568458,8.462781213865116,8.44933283473761,8.437477859161026,8.427545599395508,8.419543763314781,8.413295601400685,8.408540374890347]}