{"timestamp":"2024-05-12 01:05:49","trueValues":[8.549609082424604,8.546979368540903,8.52916753551925,8.491898637118943,8.431869184977291,8.347714353867609,8.241326559683564,8.118647244122778,7.989027386956463,7.8630477724979695,7.750080643618437,7.657342696433722,7.590738428005318,7.555615773754082],"predValues":[8.431527912223434,8.40237327854473,8.382165359949841,8.375676659217802,8.378715953563884,8.38402508382737,8.38720205674549,8.387395285166093,8.385458482551323,8.382518061619912,8.379424014791514,8.376667519674488,8.374467054620599,8.372872587914685]}