{"timestamp":"2024-05-12 01:05:54","trueValues":[8.280674723468163,8.168018035847592,8.046102862940499,7.926903253683069,7.823393685863144,7.746711239645961,7.704738411963895,7.702434555086603,7.742091033820169,7.821478412137052,7.930410602016335,8.048960889359686,8.150433186417677,8.209071500246484],"predValues":[8.555723021020398,8.553665018736034,8.550503993142861,8.548242662465427,8.544104065853023,8.535226987421474,8.521749105742819,8.505828625459836,8.48972740882746,8.474947162278161,8.46219966808206,8.451645994221122,8.443147398968307,8.43642719623579]}