{"timestamp":"2024-05-12 01:05:59","trueValues":[7.600497393506417,7.528582400082032,7.5074755839376515,7.546206320458065,7.649585651790925,7.813976258904653,8.024476429791607,8.256651938957289,8.48288228538286,8.680070426770603,8.834710839411954,8.943484619196767,9.010232679338438,9.041337936646864],"predValues":[8.032429626531247,7.995455222064956,7.979672420354014,7.9937711845505905,8.030881672856426,8.076595211393476,8.119628270395745,8.155092463189588,8.18246923592549,8.203065471882828,8.218552184927264,8.230389618446408,8.239685845735304,8.247228398857567]}