{"timestamp":"2024-05-12 03:54:04","trueValues":[7.816415136466493,7.828869199883574,7.817883619305331,7.786613838761204,7.740395035812094,7.686225428222086,7.631439190734141,7.581836631220103,7.540298368142832,7.50683024885481,7.479973624700918,7.458560885706311,7.442815294420243,7.434223407316491],"predValues":[7.640580463182306,7.620169747771847,7.587844520105001,7.54692527902441,7.500013564806368,7.450636925729073,7.402947779419883,7.360252803706484,7.324219025623296,7.295096286594486,7.272291080343288,7.254849225260395,7.2417538135917106,7.232073255771599]}