{"timestamp":"2024-05-12 03:54:09","trueValues":[7.733005577009317,7.684384309556996,7.636501934827201,7.590296155526798,7.543902197792024,7.494332861871625,7.439562571708627,7.379998515666667,7.318731019531658,7.26043690213295,7.209610917006755,7.169397079266303,7.141640228619172,7.127456943600377],"predValues":[7.631923989412519,7.562593259995737,7.496691471231233,7.442260061723351,7.400391157442187,7.368383547330529,7.343421465380297,7.323771171581044,7.308448715983561,7.296778463587607,7.288180463342624,7.282115695665416,7.278089261905138,7.275662610625757]}