{"timestamp":"2024-05-12 03:54:14","trueValues":[7.52229463564432,7.479175992664837,7.430662369655905,7.378186102186481,7.324414380353892,7.271606142736829,7.22064380798234,7.171364979164719,7.123492704407392,7.077292772459468,7.033962561635693,6.995971780992804,6.967025259904654,6.951178403105175],"predValues":[7.40945827482935,7.38401458366573,7.364021422380124,7.352825602901333,7.347420522899418,7.343133350376261,7.337580757618589,7.330806068192507,7.323774892623532,7.317372041657455,7.31210703232632,7.308151032584556,7.305457529401068,7.303873960033867]}