{"timestamp":"2024-05-12 03:54:19","trueValues":[7.337951532923599,7.294946115951237,7.2471168989712655,7.191481466429913,7.125739948281122,7.049052717866454,6.96284520024739,6.871291607728712,6.78095585925846,6.699389013198868,6.632966677169231,6.584946623867397,6.555067848741741,6.541081778974787],"predValues":[7.217070012461798,7.190813273514648,7.172840106722283,7.168703104842376,7.175469554817235,7.186521582582758,7.1969689409440525,7.205031908437075,7.210817066350219,7.215043904827327,7.218411979856057,7.221415658509757,7.224345182102456,7.227344342347422]}