{"timestamp":"2024-05-12 03:54:24","trueValues":[7.0824240900498,7.011656772444075,6.935222041341062,6.857608537135743,6.7837979383527,6.717242840842882,6.658163982162424,6.603498545660951,6.548881748500564,6.491508854906273,6.432259625637636,6.376223516556999,6.331487681933552,6.306434966019873],"predValues":[7.134031228309631,7.118557007336404,7.109969107063889,7.111828830941416,7.12075826975654,7.130880302688924,7.138504718745914,7.142935948771088,7.14501547994413,7.145849790827588,7.1462864817423775,7.1468305513118064,7.14772333572007,7.149036066351927]}