{"timestamp":"2024-05-12 03:54:29","trueValues":[6.795461280241177,6.753360608170789,6.709961823849744,6.65723584785053,6.588504604957368,6.500984622495194,6.39686653133418,6.282772856841543,6.167799687378098,6.060904635366375,5.968910232207298,5.896117471438974,5.84536590716253,5.819108370849134],"predValues":[6.578035186129897,6.509966687482642,6.471304391565124,6.474405348901,6.514721913992982,6.5761191150375575,6.642029807725157,6.702154412238991,6.752507426286143,6.792880737276061,6.82466375589472,6.84962955888744,6.8694124812725,6.88534545362669]}