{"timestamp":"2024-05-12 03:54:34","trueValues":[6.547744837126243,6.459630285232309,6.359636305196871,6.254303160769298,6.149617876417681,6.049241825055397,5.954457437396904,5.865673895221459,5.784041665129585,5.711619413877523,5.65028414161149,5.601282264670441,5.5661983491293885,5.547563767034862],"predValues":[6.778070722386863,6.802031046541696,6.825373146066097,6.850329912241346,6.874437749151936,6.893792220073429,6.906701313828988,6.914029641219468,6.917665099729804,6.9193525924979085,6.920295345191004,6.921188395388016,6.922366105335326,6.92394595366004]}