{"timestamp":"2024-05-12 03:54:39","trueValues":[6.048525923059668,5.96476857902428,5.889949976410235,5.824556109945281,5.769430327330348,5.724627513942125,5.6889650427414455,5.661070380627901,5.640166228404718,5.625202720512908,5.613967564299249,5.604250859209259,5.59586389523107,5.590710317833],"predValues":[6.20390217185293,6.1873152262815525,6.19386891236275,6.231546328070438,6.294395134368282,6.3679447285996975,6.438942485050902,6.500206791720922,6.549856262949179,6.588846143499975,6.619120545178682,6.642680724371729,6.661233177742781,6.676114556911115]}