{"timestamp":"2024-05-12 03:54:44","trueValues":[5.762171370803385,5.733320267876166,5.7091505021870335,5.68720924226482,5.664736936421884,5.637985431718264,5.60364672138253,5.561184775954914,5.513240538893764,5.463975531091096,5.417702905920291,5.378724254944144,5.350927535984647,5.336680129430129],"predValues":[5.916362999141861,5.945423410709005,5.987288859736431,6.047095713800703,6.119844752319797,6.194426537158384,6.261416465061748,6.31660989091333,6.35992216099654,6.393172732193414,6.418603665497077,6.438227380421419,6.453640735771099,6.466037388818371]}