{"timestamp":"2024-05-12 03:54:49","trueValues":[5.518009453524683,5.489200345219823,5.46917562152026,5.464226236328694,5.480923550678141,5.523960330722897,5.595151714277828,5.69224540748297,5.807192130965878,5.9262112696626605,6.033564275689102,6.117189921399305,6.171970976006642,6.198399946063216],"predValues":[6.000168318046463,6.115885961796168,6.214086532246981,6.292423912110502,6.349572745789292,6.3863773112449005,6.406788026655359,6.416192695753893,6.41936488447453,6.419627085075527,6.4189498553427935,6.418354089861662,6.418284320315021,6.418871048978682]}