{"timestamp":"2024-05-12 03:54:59","trueValues":[6.1482954444964815,6.186152267609819,6.168549344544965,6.095015963427245,5.969576298812569,5.797653770126542,5.585184436844615,5.340068869534104,5.07445819888529,4.805562013837939,4.553928625315564,4.340598526863743,4.184893090398807,4.102466351288656],"predValues":[6.147609045051903,6.278522628954514,6.374940155581918,6.432136166763675,6.453406044305634,6.447975714372554,6.427150900090979,6.400438333439105,6.373938929364018,6.350718693981083,6.331841712547368,6.317280077244213,6.306518556581469,6.298890552376366]}