{"timestamp":"2024-05-12 00:56:04","trueValues":[8.900364913062287,8.931809582603329,8.962209968149114,8.994217312472024,9.02598597849823,9.053009783775313,9.070234489450185,9.073715258908535,9.061953043605392,9.036822185799474,9.003549687030798,8.96945909049236,8.941961118086862,8.926729562241576],"predValues":[9.097573520183712,9.0336162419077,8.954215574153363,8.876856429780942,8.810684865436091,8.755934243640526,8.710446359751472,8.672466210658545,8.640793494370769,8.614499279209994,8.592770251603945,8.574860076745118,8.560098701197008,8.547893150260347]}