{"timestamp":"2024-05-12 00:56:09","trueValues":[9.088763686305686,9.115647686700738,9.12666675666137,9.1185283051636,9.09112389039779,9.047691882483107,8.99381225041838,8.935722524567737,8.878863134836728,8.827307028016726,8.783959540924258,8.750841731207565,8.728981403959455,8.71831025147141],"predValues":[9.093274652955596,9.0915390524239,9.074854429487225,9.046399086007431,9.008621467941328,8.964385183271837,8.917552939889779,8.871876080200106,8.829901657785545,8.7928387456658,8.760925490560076,8.7338405538707,8.711007971378342,8.691777358013933]}