{"timestamp":"2024-05-12 00:56:14","trueValues":[8.933802998221658,8.877884500662503,8.831924841743774,8.805284038054161,8.8051381200309,8.835962438631515,8.899017629893045,8.991439288466317,9.105422793522449,9.228645647075169,9.346538373053216,9.445614318749229,9.516069600363496,9.55240026447944],"predValues":[9.20396928803023,9.179519380999537,9.141872530997992,9.098085960891996,9.052620669046616,9.007520039365016,8.964440467331652,8.924951701298774,8.890041678046828,8.860001702044835,8.834611700208535,8.813375976520836,8.795691722098756,8.780960912256791]}