{"timestamp":"2024-05-12 00:56:19","trueValues":[8.905457425495248,8.959582912152904,9.031803031061267,9.112557095126078,9.188766703158596,9.246593298147616,9.275247983189242,9.270005034324283,9.233084850762816,9.172608341945155,9.10070291691574,9.03121351161574,8.977003769924616,8.947509192435799],"predValues":[8.898380534261426,8.86838069236055,8.841885275116699,8.825507903973996,8.816851430204208,8.810070096059398,8.801713431998607,8.791390196983148,8.780033043733646,8.768674295751651,8.758020951109796,8.748438203549357,8.7400416711762,8.732792283044205]}