{"timestamp":"2024-05-12 00:56:24","trueValues":[9.325061578970075,9.377891877053315,9.39293870971797,9.368300624252909,9.307412674451626,9.217542056292316,9.108057291603634,8.9884555439688,8.866777720414664,8.74940328249738,8.642200845797309,8.551754529207425,8.485447678389278,8.450158108803599],"predValues":[9.36655013955126,9.421370132210344,9.445335772140158,9.437587498526083,9.401543354681682,9.345390697234558,9.279225246030936,9.211712245869322,9.148468344595926,9.092247113651531,9.04383262984602,9.002895315130488,8.968586240240281,8.939895939506272]}