{"timestamp":"2024-05-12 00:56:29","trueValues":[9.271798045225786,9.179610280751731,9.074768845510013,8.962426851768388,8.845661070086567,8.72688220441898,8.609451950864381,8.498270390801375,8.399081219098244,8.31692325886063,8.254505163230721,8.21149948046961,8.185370320122034,8.173196132257766],"predValues":[9.38869725285966,9.328361612079036,9.260070914037524,9.196266198503505,9.142645444680408,9.098256065691428,9.060759120544386,9.028688518499187,9.001274003760912,8.977990909338814,8.958357094442004,8.941880318307135,8.928076579622068,8.916493505935822]}