{"timestamp":"2024-05-12 00:56:34","trueValues":[8.66432935389327,8.547937536981447,8.446134332930813,8.36668050742665,8.316078582215956,8.297540614331732,8.309847962359303,8.34775289323623,8.403447862457384,8.467930339301638,8.531908083311329,8.586897117614846,8.626532067459735,8.647112887669625],"predValues":[9.01583922721218,8.99875804746183,8.982484865508777,8.973046707027855,8.968095062631924,8.962375288751062,8.953282124066485,8.941226477984321,8.927721751642006,8.914143401816187,8.901373581365162,8.889849512781218,8.879704356227663,8.870891864462148]}