{"timestamp":"2024-05-12 00:56:39","trueValues":[8.288291697440176,8.293281349627232,8.323174078662216,8.370926748482445,8.428588288658268,8.48818131567388,8.542730735386368,8.58745447662173,8.620136392789883,8.640510695141714,8.649754827835785,8.650584354521758,8.647145048108266,8.643926612145284],"predValues":[8.422256669076953,8.401344144508172,8.393607565599059,8.409605124619283,8.443975596710535,8.483774538213625,8.51932750444967,8.547080634054314,8.567287223705456,8.581555295335217,8.591589086402898,8.59876458526264,8.604070526061136,8.6081758990799]}