{"timestamp":"2024-05-12 00:56:44","trueValues":[8.529462029453263,8.582917196885662,8.6209380116572,8.640001443898417,8.638922341577029,8.618613689046228,8.582468811265912,8.536531478602111,8.488637143378606,8.446546837069434,8.41566457652151,8.397377779005193,8.389159590882691,8.386659050331057],"predValues":[8.691504127179847,8.76696500830612,8.82095148744799,8.854251628246573,8.86607949337075,8.8584130826914,8.83709390133648,8.809019167345413,8.779541866125289,8.75182063117054,8.727289658571365,8.706320520999025,8.68873567156911,8.674115961424278]}