{"timestamp":"2024-05-12 00:56:49","trueValues":[8.554032870364804,8.516672274846055,8.477538071004492,8.446692489303945,8.43366299324504,8.444752763012936,8.480932193330634,8.537482736535178,8.605684395345737,8.675587367939354,8.73853890158873,8.788603401948722,8.822697719529646,8.83979537818244],"predValues":[8.929443265369995,8.93885085814477,8.933651764423415,8.918656760564836,8.895611547073191,8.865873507090189,8.832312893317477,8.798411006790907,8.76681855870536,8.738932268937411,8.715155870596963,8.695306766813376,8.67892407989569,8.665460550809485]}