{"timestamp":"2024-05-12 00:56:54","trueValues":[8.512034792751571,8.54764065094869,8.594788385575942,8.642552750101132,8.679350139260514,8.695895754681406,8.687093097099607,8.65263119367866,8.596578207012454,8.526430442980907,8.451880685686586,8.383436893325587,8.331016707282227,8.302551795407465],"predValues":[8.322323023087565,8.246221325287188,8.190672008300545,8.171569505113208,8.185636906237391,8.21777634756861,8.253965080492527,8.286595167854603,8.313215240021787,8.333981314989806,8.3499586740651,8.362321040363739,8.372062729596143,8.379939113387291]}