{"timestamp":"2024-05-12 00:56:59","trueValues":[8.815796780447737,8.829858600008189,8.808690386662764,8.750940604622233,8.658521338147704,8.536034985218771,8.390239756359076,8.229647802047639,8.064218226713638,7.9048318901681665,7.762305331345035,7.646267810835777,7.564407799785917,7.522090775673751],"predValues":[8.874070432112763,8.920497879229925,8.943993338862564,8.945993133410873,8.928373731443575,8.895607028664456,8.854389041029865,8.811160893085749,8.770325109672378,8.734110063662296,8.703194845309483,8.677385428827087,8.656088573727093,8.638588510908145]}