{"timestamp":"2024-05-12 05:04:09","trueValues":[4.834789274292337,5.10890368985098,5.367698540264785,5.597690262620585,5.790042244823884,5.939096043747676,6.041813295306501,6.098750959824123,6.115066402188285,6.100198976929279,6.066393305929887,6.026766196853097,5.993166379239891,5.974197966476481],"predValues":[4.711393026804418,4.845578835668112,4.969017011331204,5.068544199876016,5.138073008358072,5.1796816390066684,5.200773504533911,5.209469580827316,5.21193935633124,5.2120031456310265,5.211711508926065,5.212018295589726,5.213272752038341,5.215521059067068]}