{"timestamp":"2024-05-12 05:04:14","trueValues":[5.945084795842639,6.060039758776769,6.13160045579859,6.163960900474692,6.165040401479205,6.144988102196922,6.114296943759609,6.081797757356471,6.052919809765591,6.029221287528632,6.00981551937856,5.993762011826648,5.981553935896869,5.974787220133259],"predValues":[5.829365025782941,5.885065709462202,5.90765708866474,5.895507353365391,5.854050421645349,5.7951069823325625,5.731651646109248,5.67296456004498,5.62354805265532,5.584449331611761,5.554888174041293,5.533372707695155,5.518299694838712,5.508219922317437]}