{"timestamp":"2024-05-12 05:04:19","trueValues":[6.159214843676196,6.133446890238662,6.105305974849066,6.079439812468735,6.056497060539872,6.0346203872836925,6.011938639906457,5.988191079645287,5.964561795377472,5.9425160804768575,5.923017817842096,5.906698920224196,5.89449297060441,5.887808782247399],"predValues":[6.1831574928792135,6.126046268308423,6.056156319363512,5.982364325792908,5.91164126201391,5.848949403972416,5.796865042013556,5.7557743671897885,5.724677083543834,5.701997595370965,5.686092132152307,5.675479453189066,5.668918590811642,5.665411109584003]}