{"timestamp":"2024-05-12 05:04:24","trueValues":[6.173323574950866,6.165216486525491,6.141907610594728,6.099052364265615,6.03298485621604,5.940750844499639,5.821251957110711,5.676950992598517,5.515108236433765,5.347748636098096,5.190051586394786,5.057439014360671,4.962486482094772,4.9132075536063695],"predValues":[6.031294173982947,6.045292868715484,6.047962716700302,6.038180494683656,6.015708321735095,5.983883308494075,5.948480512901277,5.914678297155623,5.885508247729471,5.862044948535475,5.8441601565021895,5.831163086670675,5.822189261134451,5.816399053235074]}