{"timestamp":"2024-05-12 05:04:29","trueValues":[5.868999576944706,5.7607245497476,5.639802097818436,5.515180863209459,5.399441823465452,5.306677363853013,5.2490841978328975,5.23346233120954,5.259258126018545,5.318771416409423,5.398655753239957,5.481892882246148,5.550498274166606,5.589203096283981],"predValues":[5.885923808438705,5.890830401641664,5.892809863350666,5.891775280644753,5.886026137107113,5.875346080695972,5.861734640170888,5.847819535999946,5.835512719549873,5.825739534350697,5.818705036422358,5.814214934189256,5.811901508916996,5.811357439347566]}