{"timestamp":"2024-05-12 05:04:34","trueValues":[5.314678203225931,5.250224032883459,5.224938153789624,5.2384289262226105,5.283561649895667,5.348041867535552,5.416442801460757,5.472914206065251,5.5047988224332585,5.506203648866683,5.479984651921908,5.437270140735448,5.394429114104411,5.367846451703665],"predValues":[5.462567182956746,5.366870541864118,5.30200838579176,5.279120652133964,5.294590554040016,5.3345673746634485,5.383917899996142,5.432278561579961,5.47475339776191,5.510074928444668,5.5387476871212336,5.561902139788764,5.580735066737314,5.59629274537776]}