{"timestamp":"2024-05-12 05:04:39","trueValues":[5.28173096343898,5.344096366449378,5.401530923033462,5.443962302754931,5.467846279091583,5.477757475098734,5.4854464113745705,5.506303518989162,5.553640960336091,5.632283465683592,5.734564292116378,5.841701344784166,5.9303016256171,5.980240142110015],"predValues":[5.127068955461764,5.1361678346044455,5.162409224251334,5.2055241461883295,5.258424147371023,5.311523490115549,5.358087818438503,5.395755067726538,5.425048974709775,5.447601415860568,5.465137293713459,5.479093794482076,5.490551083642804,5.500280745934313]}