{"timestamp":"2024-05-12 05:04:44","trueValues":[5.419465816245955,5.399473718115345,5.393027809371912,5.417109598985089,5.481111197535013,5.582589740628609,5.708223563924509,5.839703543651476,5.960810585866898,6.061903469485533,6.140472218455156,6.198343997531527,6.237523252566065,6.257783398650154],"predValues":[5.83745005374214,5.850279012189842,5.852987931120778,5.843891045393715,5.823216135966639,5.7946843782214765,5.763763844093681,5.734941047668243,5.710642374435792,5.691596218463267,5.677549017284017,5.667818756967822,5.661610330471719,5.65817434641759]}