{"timestamp":"2024-05-12 05:04:49","trueValues":[5.544577165308292,5.665660685219418,5.796320839549752,5.921888614341499,6.034191138453879,6.131884451077014,6.217391881130921,6.2924469028373,6.355383153633602,6.402256195588648,6.430557248699582,6.442156136816399,6.443200420811655,6.44119663943211],"predValues":[5.30055903974286,5.353888821332864,5.403909400102067,5.448700518785328,5.485057230198685,5.511461415454404,5.529110585761603,5.540521428338424,5.548099597153069,5.55359192231188,5.558095579771186,5.562235904010459,5.566335961254241,5.570542001761731]}