{"timestamp":"2024-05-12 05:04:54","trueValues":[6.168233587511022,6.254322031770484,6.325417731375736,6.378607774530896,6.4089652351937,6.413491750485431,6.394315225131467,6.358843856041398,6.317074223858027,6.2779477278901865,6.246873434971031,6.225414050050956,6.2126161888869,6.206783720576414],"predValues":[6.090309509152367,6.072557611493637,6.042693853432305,6.002187382279083,5.954719106420404,5.906030727308932,5.861396423987645,5.823843131625791,5.794208217677445,5.771997182174884,5.75613995961419,5.745440500624364,5.738788605600369,5.735240724482865]}