{"timestamp":"2024-05-12 05:04:59","trueValues":[6.4274990833523145,6.41362185407812,6.383010033582417,6.344862703366301,6.307175187686147,6.274325425922932,6.246861208688572,6.222966800143519,6.2004066511190015,6.17797155570094,6.15600238796007,6.136151290760863,6.120809166795945,6.112373829265419],"predValues":[6.45636613360448,6.459108674812179,6.4388832141598495,6.395974145609041,6.3348204070586505,6.2644880527408455,6.194800501928383,6.132587993895911,6.080864573058343,6.039908387341625,6.0085886385126654,5.98527617443379,5.968328154846745,5.956295765280128]}