{"timestamp":"2024-05-12 00:15:09","trueValues":[9.118454947468845,9.173478002732248,9.211989729323395,9.231708596619915,9.233843943430273,9.221326356502155,9.196705813094532,9.161297435938003,9.115976201594638,9.062881709494784,9.00671416787771,8.954546215357254,8.914198951664751,8.892193503759627],"predValues":[9.052877952555754,9.05321763057712,9.052298001505196,9.052494685179536,9.05078991614274,9.04393416114818,9.031883830840997,9.016788093046504,9.000983762446884,8.986078329396754,8.972894144285867,8.961693274820842,8.95241405801189,8.94484067339473]}