{"timestamp":"2024-05-12 00:15:14","trueValues":[9.240078284329414,9.223552603064707,9.1959084468472,9.156890658477746,9.1072609885113,9.050172223089808,8.991119278812388,8.936502880335127,8.891827512652101,8.860369819462353,8.842448747264815,8.83542341904832,8.834741670906851,8.835808015368283],"predValues":[9.215623061523738,9.177925180082369,9.141647673716246,9.114010428006216,9.094208634619967,9.078035389236582,9.062901377862218,9.048364328018357,9.03485960167604,9.022849139681226,9.012557799315658,9.00398558057934,8.99698576808276,8.991346262404129]}