{"timestamp":"2024-05-12 00:15:19","trueValues":[9.138350298494778,9.094237871382372,9.04703910531529,8.99839019583306,8.94767079199526,8.891767444394802,8.825693158732125,8.744360206771752,8.645217813888465,8.530774494296372,8.409893239623319,8.297000000016041,8.20898006891679,8.160665787469691],"predValues":[9.263376262921463,9.22844364762584,9.195445974423748,9.170318837660318,9.151661530627742,9.135276185822566,9.118906788342333,9.10254376979208,9.08698183853165,9.0729189558162,9.060706494372065,9.05039601721656,9.041851440510149,9.03484843854858]}