{"timestamp":"2024-05-12 00:15:24","trueValues":[9.085754426088256,9.061210961417874,9.007095840521433,8.911806055556507,8.768308038855377,8.576475540762214,8.343671441204886,8.083301327322289,7.812137798127054,7.547914810537349,7.308056943367371,7.109165096097829,6.966308427648302,6.891483313209903],"predValues":[8.839530918377076,8.805399124582525,8.786360144906226,8.78999666657156,8.810153819515367,8.83521716697901,8.85723856220908,8.873603972858074,8.88472085307838,8.891945522856705,8.896600547008632,8.899686885963305,8.901872732635992,8.903572983264052]}