{"timestamp":"2024-05-12 00:15:29","trueValues":[8.64719820585809,8.45572053574499,8.238216033952721,8.006522399789178,7.771965955008962,7.544348722890531,7.33194656771494,7.141603549771796,6.978292044979457,6.844385812656235,6.739700926987741,6.662745117042097,6.6121313642320665,6.587029743188553],"predValues":[9.015185918466866,9.00858532067145,9.003760723297592,9.004289111330824,9.006668452212864,9.006111358994728,9.001064562226613,8.992687432432142,8.982852185560048,8.973040328097877,8.96411779979023,8.956456704885863,8.95012455372705,8.94501981501163]}