{"timestamp":"2024-05-12 00:15:34","trueValues":[7.297892118446381,7.068172497322482,6.88784413365708,6.771166859628712,6.728672820209639,6.765715798173201,6.881994123289154,7.071124347170107,7.3193460546971,7.60423837015015,7.8953594449386095,8.157547288076374,8.356188496555506,8.463343622858233],"predValues":[8.01517116568524,7.943890875793732,7.913157722734059,7.939233725331814,8.012679130373579,8.108619831985077,8.204489302211815,8.288075876975899,8.355849881689139,8.408833805669364,8.449653375969039,8.481087413960116,8.505516323679633,8.524807536878836]}