{"timestamp":"2024-05-12 00:15:49","trueValues":[8.856386975056928,8.877917458467392,8.838423110870783,8.75718238760635,8.655343833652084,8.551420166961044,8.45822479733911,8.382227554517133,8.324951673816269,8.28504508786979,8.25978372778806,8.245735463453812,8.23918164447824,8.236858119233515],"predValues":[9.14355072115988,9.153946250715098,9.123117413705746,9.062063080147524,8.98393713523392,8.9004207286996,8.820224023641675,8.748581197896378,8.687628395640317,8.637399903622121,8.59682113792914,8.564401555256362,8.538621109747618,8.518110989344992]}