{"timestamp":"2024-05-12 00:15:54","trueValues":[8.51899606587953,8.421369732021171,8.343981882463847,8.289711540937926,8.258521497018533,8.2487731630674,8.257663796725152,8.281389163625771,8.315619565046243,8.356052146927212,8.398298471232113,8.43725539397802,8.46726613321761,8.483552604608118],"predValues":[8.509757780537939,8.378496412057117,8.27297881023766,8.214195109963091,8.199388284538882,8.211546259289454,8.234473728365241,8.25861771254571,8.279958157000559,8.297503669695605,8.311545555099872,8.32275758769236,8.331824439290774,8.33930958204323]}