{"timestamp":"2024-05-12 00:15:59","trueValues":[8.24388637112625,8.236211720995676,8.239727308780164,8.251300548282693,8.268604459004797,8.290053079480533,8.314128490163732,8.33938453447048,8.365576686751595,8.39422871390573,8.4268901643402,8.462001921252723,8.493361804182797,8.512245031652117],"predValues":[8.400148095137174,8.401537107140028,8.407985939559701,8.424781662193505,8.447340748063027,8.467703355709897,8.481510018071202,8.488706514242125,8.491150707578946,8.490830963713766,8.489215499696671,8.487215705148362,8.485319568212205,8.483748225127464]}