{"timestamp":"2024-05-12 05:06:04","trueValues":[6.923378494680689,7.005948161690675,7.064206663397002,7.089428420955114,7.075661095328677,7.020767479186092,6.926952024412482,6.800754994757215,6.652688468141995,6.496360296943792,6.346893462303882,6.219037379276665,6.125594161646186,6.076217123885767],"predValues":[6.514984646171477,6.511708534049939,6.498210319531976,6.475940943398986,6.446271476913255,6.412116958180655,6.377487740742144,6.345810904728753,6.319009697529051,6.29763416895932,6.281380389584952,6.269548006052041,6.261327292936421,6.255949722070039]}