{"timestamp":"2024-05-12 05:06:09","trueValues":[7.123849127119948,7.060027932683483,6.958264596945216,6.823766187288974,6.664183698646658,6.488548234029929,6.306115620837817,6.1257337007394685,5.955746247041342,5.803849970340186,5.676517756937467,5.578329213427551,5.511885813639546,5.478417096326839],"predValues":[6.903899368835862,6.875870084720893,6.835071511732398,6.784786672499392,6.728618067727323,6.671459001181692,6.618220052896695,6.572172550796387,6.534546565211652,6.505092121823951,6.48280227995728,6.466421586455212,6.454726217022467,6.446646371943876]}