{"timestamp":"2024-05-12 05:06:14","trueValues":[6.515418280515652,6.352631176925309,6.193497339691493,6.044239415008384,5.909678677890476,5.792737209845492,5.69396545937284,5.611792349176527,5.5436138139871405,5.48698732164754,5.440314086384638,5.403202003346308,5.376662531617292,5.362621709368021],"predValues":[6.531364143624175,6.474261822976479,6.426733080177377,6.395959793016589,6.38093914054372,6.376157866735968,6.376316409724812,6.378296270116938,6.380791627787964,6.3834375547853615,6.386220230094176,6.389199456182958,6.392413772420329,6.39586410906691]}