{"timestamp":"2024-05-12 05:06:19","trueValues":[5.673151941113103,5.566415830773349,5.48965344858987,5.444739934187642,5.433142242120196,5.4558760840922575,5.51303023354603,5.603075807149441,5.721535061846222,5.8591513064239065,6.001169942947487,6.129297130498796,6.225803031885279,6.277446981886863],"predValues":[5.841843010187443,5.800012645274899,5.782500356173492,5.796784773811324,5.837879302571954,5.892781291060137,5.948904180167359,5.998852397949616,6.040125138066525,6.073011179993994,6.0988835884099295,6.119297227496629,6.135621175100762,6.148943969044311]}