{"timestamp":"2024-05-12 05:06:24","trueValues":[5.4882401833636605,5.525591144040254,5.586547002866931,5.666788825565018,5.758457637506435,5.849735607092285,5.927020463509328,5.979103230735694,6.000960501413188,5.995140392279536,5.970393333427335,5.938487387512212,5.910606413519247,5.894725668654257],"predValues":[5.602958328522334,5.608172705096763,5.62847165633822,5.667163587701264,5.71935811909663,5.77540565709348,5.827030071622004,5.870256359044876,5.904608093029316,5.9313024531518765,5.952001017777623,5.968239381404542,5.9812481459410165,5.991951325973331]}