{"timestamp":"2024-05-12 05:06:39","trueValues":[6.083813632124101,6.183243342645176,6.294271276811196,6.406663637520776,6.50839946412351,6.587987778734722,6.637809746861151,6.656387450163368,6.648124343742266,6.621046583349113,6.584274311226522,6.546543737769012,6.51574613093768,6.49840381374133],"predValues":[5.929622269574374,5.938300139338463,5.942315675760028,5.945375834522915,5.948275855564462,5.950033250773582,5.950022486329242,5.94861712831832,5.946647899476158,5.944858875405894,5.943708275910994,5.943389196517686,5.943915989818424,5.945207324455978]}