{"timestamp":"2024-05-12 05:06:44","trueValues":[6.634304259049131,6.692342953459943,6.715281585663194,6.705467867679779,6.668840317531078,6.612654702279066,6.5443338372145305,6.471389842647963,6.401309588958689,6.340600514985562,6.293428726476515,6.260914655903427,6.24161347562613,6.232937200594535],"predValues":[6.420904332909379,6.485131519660111,6.518195905838233,6.517213683515895,6.486048756633292,6.4350068181484446,6.376401860807651,6.319823808467577,6.27052876653626,6.230291406491512,6.198859229021679,6.175074059652509,6.157525357492474,6.1448734143516806]}