{"timestamp":"2024-05-12 05:06:49","trueValues":[6.559528049740568,6.493756098780005,6.430873803099773,6.379978181321311,6.348632252300564,6.341153621372461,6.357539896438261,6.393600519185108,6.442104972482196,6.494526753258052,6.542948014676668,6.581606589551697,6.607588768721016,6.620368556250131],"predValues":[6.465991938942274,6.407227641246389,6.3494460974503415,6.300857654908534,6.26400245669622,6.2374158739114245,6.218451979556749,6.204935691403848,6.195435205461259,6.189027570297698,6.185065191625956,6.183044266872092,6.18255029848187,6.183236963715197]}