{"timestamp":"2024-05-12 05:06:54","trueValues":[6.45038123544638,6.470345691547082,6.49681386544415,6.518695057109063,6.524305060236543,6.503951489407143,6.45224454747202,6.369572817582375,6.262351111197996,6.141931664476523,6.022470519089969,5.918350301618962,5.84182281024251,5.801431026934528],"predValues":[6.129682524185006,6.078939199359785,6.042341151762235,6.026764867909352,6.029953136849309,6.044081270702663,6.061594490064692,6.078119373963153,6.092099064800129,6.10348160087517,6.112758691374131,6.1204967321213655,6.127165637625303,6.133109205632916]}