{"timestamp":"2024-05-12 01:32:04","trueValues":[9.0184928620833,9.047092263065114,9.088593049928756,9.139541563668294,9.193144775433948,9.2426830140707,9.284034959234845,9.315841898840922,9.33815752221626,9.351563906721402,9.357571795606304,9.358981539131586,9.358776881794771,9.3585589350205],"predValues":[9.03087330201688,8.977439131895661,8.92151585013902,8.870492649760983,8.826523216995598,8.7884154893031,8.755017538244843,8.725984104235735,8.701229603298557,8.680548846519002,8.663563350718334,8.649783798809437,8.638690042210305,8.629788511213839]}