{"timestamp":"2024-05-12 01:32:09","trueValues":[9.2005416763217,9.242791987457837,9.28116709863194,9.317067184974324,9.35203754227232,9.387896165569842,9.42679913319968,9.46985000004814,9.515299876146072,9.558656931633507,9.595007264116884,9.621430918398476,9.63767326885663,9.645123327494204],"predValues":[9.317054427114368,9.3295076931652,9.320345423405854,9.290511699473177,9.243650485117463,9.18596422658797,9.124539383513488,9.065221713641954,9.011555244154014,8.965008192099752,8.925682088781329,8.89295472273708,8.865909920148816,8.843586323111008]}