{"timestamp":"2024-05-12 01:32:14","trueValues":[9.42551431038648,9.461944911072088,9.497032215419692,9.527929094348815,9.549469677731746,9.556743252639908,9.547772350779924,9.524423872325546,9.491569725047968,9.45538683947653,9.421513126557365,9.39381740732253,9.37439356553752,9.364363761301078],"predValues":[9.499106962395247,9.483007074706617,9.447815049591863,9.398459673614498,9.340557063043232,9.279132751546246,9.218676442673525,9.162663058530931,9.113055183241912,9.070464130929414,9.034612418139368,9.004770720544213,8.980043861636945,8.95954198068554]}