{"timestamp":"2024-05-12 01:32:19","trueValues":[9.57044678896656,9.562567747287922,9.538824306752364,9.503564771295334,9.46249722009274,9.420929986041816,9.382638864112431,9.34995960583177,9.324697448383796,9.308516760915431,9.302053841692056,9.303623058466805,9.309091927768508,9.313500831538756],"predValues":[9.71546325679136,9.71696974742132,9.692266277923974,9.645180206286517,9.582467882511338,9.511604349378436,9.43948629334973,9.371366231685148,9.310294356069484,9.257418873898896,9.212634532828735,9.17517532968407,9.144009472540844,9.118078590600105]}