{"timestamp":"2024-05-12 01:32:24","trueValues":[9.42621014533165,9.388845031404166,9.356650040224388,9.331195983299551,9.313910146212386,9.305219385693963,9.303289227797922,9.30394732074072,9.302346740893576,9.2954054019218,9.283293408624823,9.268978026597722,9.25648010803704,9.249253843526215],"predValues":[9.538093387692308,9.5103296265377,9.471353832790609,9.42764806246434,9.382822789926816,9.338233537798503,9.295245928672331,9.255440874028016,9.219936812921803,9.18915050211231,9.16295702088745,9.14092047569868,9.122471547045407,9.10702443652459]}