{"timestamp":"2024-05-12 01:32:29","trueValues":[9.324347138812469,9.322778453615214,9.321423462572248,9.31477555437949,9.299229038866509,9.27468716892862,9.244241599295483,9.212560643556484,9.18439235192573,9.1635991665053,9.152198423900945,9.14945601558762,9.151897551036951,9.154813253614698],"predValues":[9.289121624315325,9.259130021865673,9.229788538696344,9.20730121578908,9.190479977435364,9.17519925067149,9.15925670992233,9.142748039137564,9.126599777896594,9.11163055554668,9.098295402426295,9.086733060262482,9.07687336082547,9.068539820385851]}