{"timestamp":"2024-05-12 01:32:34","trueValues":[9.18752759601024,9.154676638197651,9.131216528468649,9.124947635032122,9.142200514314396,9.186334736104232,9.256220698217906,9.345627780798765,9.44417587003904,9.539704599089418,9.621409655298546,9.682575088553898,9.72149400350868,9.73990572173708],"predValues":[9.572154215890848,9.562134511626873,9.538334192299004,9.505662376103317,9.467283012309228,9.42541277908432,9.382769632176997,9.342112458803026,9.305341648518556,9.273298156925769,9.246043115436958,9.22319325667591,9.20416650328207,9.188341441160016]}