{"timestamp":"2024-05-12 01:32:39","trueValues":[9.33774501807764,9.414053499524824,9.492004023864016,9.555773123705656,9.58866076036562,9.577159018036602,9.514747567125418,9.403908874548764,9.255571110515078,9.086635250002807,8.91701152820784,8.767016571323447,8.655041631844345,8.595203016024556],"predValues":[9.161684424356707,9.11510016187757,9.07707642342979,9.056813752352586,9.051578245572603,9.052928983995583,9.054644384582344,9.054462053500457,9.0523862433699,9.049127673305804,9.045390683493306,9.041666983118263,9.038235650367245,9.035217884909844]}