{"timestamp":"2024-05-12 01:32:44","trueValues":[9.637300633030378,9.60315634716462,9.520119689322446,9.395351539982398,9.24107233425109,9.071851548199772,8.902436470572855,8.746050091638597,8.61286547576921,8.508793764744915,8.43498103965188,8.388276906446894,8.362741518164832,8.352025181589436],"predValues":[9.763677867457542,9.79594249528959,9.798214457516988,9.772437201473236,9.724167306747235,9.661562361626704,9.593299837192596,9.526419414253867,9.465272054633456,9.411793232002386,9.366289134999636,9.328181407307138,9.296506298920615,9.27021288112609]}