{"timestamp":"2024-05-12 01:32:49","trueValues":[8.94765271836032,8.774660389959122,8.629798876975054,8.527600976631991,8.477512289495827,8.482615965056251,8.539229765983082,8.637528545376691,8.763126221402715,8.899290860727131,9.029356179836954,9.13889357069796,9.217210883510926,9.257802141275114],"predValues":[9.353734337646642,9.270092744611492,9.196660629007184,9.147764004410782,9.123130171565702,9.113541045075287,9.110448327190635,9.109190083252344,9.107981807598886,9.106431196036574,9.104639779867568,9.1028069006537,9.101093094799436,9.09958766732447]}