{"timestamp":"2024-05-12 01:32:59","trueValues":[9.122852688111632,9.237421991570802,9.310005177910451,9.330670784731309,9.293527338620583,9.1960572885467,9.03890650117,8.826763224236046,8.569958134845269,8.285883651373233,7.999413879694211,7.741482909162204,7.545039507849469,7.438496758824693],"predValues":[9.022293641195583,9.076801066285713,9.1134772557755,9.133357722631484,9.136125115087223,9.12349589688448,9.100307954834562,9.072276278620851,9.04383262984602,9.01756047515142,8.99458569567829,8.975133148708375,8.95895937174749,8.945627408092097]}