{"timestamp":"2024-05-12 04:46:04","trueValues":[6.315050242533548,6.256407410296007,6.224713829591424,6.216832528708418,6.225242217624656,6.239892360581264,6.251873718708051,6.255854569697857,6.249774120484451,6.233308374582667,6.207617101199251,6.176747997194409,6.148291989242742,6.131098380851519],"predValues":[6.697881193625163,6.72773724381277,6.760848408810736,6.796962455096154,6.8298939468997215,6.85386729470326,6.867721799039406,6.873759722052954,6.875074047417307,6.874124915794232,6.872474633451004,6.870969737553539,6.869991103379313,6.869652222724197]}