{"timestamp":"2024-05-12 04:46:09","trueValues":[6.127268099188084,6.135035775380846,6.14824786831039,6.168856862127687,6.199852747365855,6.244312427478975,6.306014355324406,6.389283844110801,6.495968524327603,6.621075820111516,6.75130978218265,6.868642757055074,6.956298557568044,7.002822751789882],"predValues":[6.331096972472359,6.393308284455461,6.456796312694916,6.517939552589716,6.569833742698588,6.607630896237749,6.631527696881545,6.6449841825658975,6.651936950453885,6.6554267567297085,6.657401168452477,6.658959886571637,6.660652695114723,6.662704850046607]}