{"timestamp":"2024-05-12 04:46:19","trueValues":[6.545635936296424,6.738266199320042,6.947189711347271,7.163099214856125,7.377537311849903,7.581414824475264,7.765436588598309,7.922135535101521,8.047500114394573,8.141151311721233,8.205640964861711,8.245693468831453,8.267316978304105,8.276311003785262],"predValues":[6.5422689244226895,6.642410815897007,6.717783189369824,6.765044150004197,6.783983990477077,6.779691236390191,6.760939042774183,6.736179757639523,6.71117913632067,6.688946173246308,6.670588011450857,6.656158207367261,6.645226449010711,6.637201887991935]}