{"timestamp":"2024-05-12 04:46:24","trueValues":[7.696012567330589,7.88462051631954,8.032301782142925,8.130943694811636,8.17676062517209,8.17030488224494,8.116508707847434,8.024623942547363,7.907486322405536,7.780024935670749,7.65742110411471,7.553312714243038,7.478318026582707,7.43925053571717],"predValues":[7.293356167654057,7.35561213214701,7.379885555448295,7.365486981542721,7.317495101848291,7.247731136770461,7.170240426967231,7.095996858311887,7.030990511843138,6.977174137500697,6.934151975837143,6.900495146537252,6.87450207002922,6.8545644585921774]}