{"timestamp":"2024-05-12 04:46:29","trueValues":[8.19792458589753,8.16636296930688,8.098886913781392,8.006024311673345,7.899520102017188,7.790566914826727,7.688213528065434,7.598246694378947,7.522936249684673,7.461939060707508,7.413971102000501,7.378155536480333,7.354277606837725,7.342350070932632],"predValues":[8.079317153973118,8.054025759762741,7.991584540511657,7.90116666331793,7.794754416568967,7.684843592515459,7.581457084886372,7.490529159083101,7.414160343589868,7.35190597382941,7.302069786004903,7.262561351604591,7.231351639317763,7.2066681039766]}