{"timestamp":"2024-05-12 04:46:34","trueValues":[7.772792292229948,7.672598439055179,7.58764172328943,7.520649934864823,7.471485926786817,7.438700087217763,7.420752701934061,7.416163593391915,7.423005527371524,7.438597492760605,7.459474135848255,7.481356523562541,7.499489429393122,7.509729206741361],"predValues":[7.808080267083131,7.735848453469805,7.65756755371547,7.583303785115193,7.517747521724534,7.461805900544205,7.415091667366752,7.376896229387047,7.346290920715697,7.322196639031312,7.303505842616349,7.289181423771776,7.278314916553133,7.270142178306727]}