{"timestamp":"2024-05-12 04:46:39","trueValues":[7.414494705836249,7.384731150133333,7.368399228866727,7.36511647202646,7.37413362112879,7.394208379560373,7.423399957875204,7.459149607785592,7.499030678012156,7.541337070574355,7.584345942800457,7.624728290607845,7.657015776272316,7.675152403145384],"predValues":[7.4810960505884125,7.473259269320883,7.463498974876039,7.4525064837903185,7.437649955870025,7.417613205229565,7.394046780000915,7.36985973804309,7.347409359771955,7.327961862788273,7.311895464482028,7.299059462632475,7.289052782017206,7.281397800254068]}