{"timestamp":"2024-05-12 04:46:44","trueValues":[7.358712823694136,7.377279230974516,7.404241639050554,7.439019033716695,7.481989898151673,7.533577633832818,7.592410770814723,7.654461014815864,7.714211654559699,7.766875303097246,7.809839257024745,7.842423362933225,7.864574197284112,7.875910884799931],"predValues":[7.255416418450997,7.2248467254720286,7.201220763563576,7.188674737239303,7.183896387107791,7.181522627789484,7.178529049108249,7.174481086459293,7.170047198546628,7.165967075459029,7.162710365916176,7.160471361493666,7.159250062191504,7.158940684087538]}