{"timestamp":"2024-05-12 04:46:49","trueValues":[7.496558311067929,7.547083423330131,7.60345828017151,7.661917186594667,7.7195372637256305,7.775484200680941,7.830509913831834,7.885326717025928,7.939296451476604,7.990309551882174,8.035471844553568,8.071831479643166,8.097019747818889,8.109769102536232],"predValues":[7.288853706244122,7.227082540429548,7.175806574951109,7.142648631133299,7.125722406223681,7.118635149228643,7.115957061792605,7.114873972639978,7.114390768694094,7.114322992563071,7.114722473052985,7.115644228434901,7.117091979751306,7.119020011337356]}