{"timestamp":"2024-05-12 04:46:54","trueValues":[7.899121950471021,7.956700298768373,7.998775189330098,8.020432453973887,8.016155647211946,7.981290808047348,7.91363587669371,7.8149580825438685,7.69228833537805,7.557983685719909,7.427583738574956,7.31623765527625,7.235802537710372,7.193818812689592],"predValues":[7.748951838800965,7.731596099272783,7.701238239926855,7.661031312693881,7.613535660594042,7.562503157609789,7.512475336097173,7.46711503080769,7.428333794424946,7.396521804832633,7.37115678713875,7.351319378060123,7.336003832970116,7.324276967570602]}