{"timestamp":"2024-05-12 04:46:59","trueValues":[7.906891221396276,7.853770681999008,7.7829775828846195,7.703113379551832,7.626787356047204,7.567931361232876,7.537714369923977,7.541235539272197,7.5762965305336385,7.634005115318056,7.700888196144277,7.762570588516648,7.807968104231006,7.831438579721228],"predValues":[7.849013329178676,7.83185639963483,7.801048294147908,7.760315902557942,7.712309670271062,7.660710239884954,7.6100288438382755,7.5639676536173885,7.524483937570745,7.491992060358207,7.465980910215235,7.445531655436155,7.429639082971828,7.417368413791634]}