{"timestamp":"2024-05-12 04:49:04","trueValues":[7.90252670434713,7.8862256145754195,7.886014312519877,7.900184042312468,7.922063772139261,7.943149325183713,7.95600207172446,7.9555220572435665,7.939358380255147,7.908383891011282,7.867021048508425,7.822848818927468,7.785340976441712,7.763668561839225],"predValues":[8.002142732781332,7.941997396745068,7.894404200174305,7.869045029832903,7.863951720033695,7.870414107679572,7.880519395920762,7.89010799083368,7.897898790647613,7.903963824113571,7.908771411007486,7.912783492175311,7.916335493018428,7.919641107691117]}