{"timestamp":"2024-05-12 04:49:09","trueValues":[8.037476423299362,8.061697220428321,8.0633477685603,8.036226153023545,7.977553020868605,7.888844696909157,7.776183490879852,7.649695954121807,7.522103001956211,7.406137510197961,7.31139897109869,7.242310641021097,7.198572976044936,7.177693940858543],"predValues":[7.886293124917694,7.874754172163801,7.870251179176368,7.87658067244769,7.889701865625039,7.902821995647391,7.91193801816439,7.9165930423163156,7.918036009435237,7.917727162908771,7.916761286594503,7.915790360294001,7.915137317337436,7.914917244253173]}