{"timestamp":"2024-05-12 04:49:14","trueValues":[7.917980991164172,7.818808829940984,7.705532057168739,7.589058643110938,7.479877940751239,7.385035478251065,7.306301142890746,7.240927476370725,7.184571756319281,7.134359743203532,7.090244126626136,7.054315600887596,7.029089324920749,7.016188204827664],"predValues":[8.081306051182715,8.060420637066343,8.04120650260438,8.028702470902466,8.021377598765724,8.015249573366228,8.008111019142612,7.999995159688517,7.991822687230861,7.984436683681823,7.978308924071076,7.973578415914403,7.970176319925786,7.967926418164563]}