{"timestamp":"2024-05-12 04:49:19","trueValues":[7.306640289334611,7.226380326554397,7.169202521901954,7.133470148260258,7.118458931287983,7.125221394431607,7.155352801763293,7.208720790485983,7.2816590705944435,7.366604623232731,7.453213747651702,7.530303382232523,7.587848506936238,7.618519731217367],"predValues":[7.434951136911556,7.3773682702054675,7.347880603224128,7.358704052665415,7.403750727230946,7.465739839819792,7.528725660217802,7.583972775396705,7.6288783161364595,7.664058646546252,7.691265580271472,7.712355917513408,7.728912961850511,7.742164391514923]}