{"timestamp":"2024-05-12 04:49:24","trueValues":[7.074320191089414,7.0844882054753935,7.11930892370764,7.178057539867327,7.2566884834042416,7.348721293037565,7.446817009826854,7.544272175730786,7.635925173241631,7.718233038333744,7.788629314845711,7.844714727739309,7.883981294377929,7.904239712835148],"predValues":[7.391903193739337,7.379706413831395,7.383546529678546,7.409721671479719,7.4524817654366515,7.499980607001478,7.542915589955325,7.577511982483322,7.603828258110273,7.623452770400862,7.638172682904112,7.649474286305049,7.658449706573768,7.665852720602749]}