{"timestamp":"2024-05-12 04:49:34","trueValues":[7.675918937897819,7.666468818923187,7.637830346995257,7.595659772483852,7.548690913684751,7.507655788709549,7.4824467890113935,7.478917646000701,7.497365777287727,7.533306263519977,7.579289843426123,7.626354917752401,7.665058012242908,7.686979205114564],"predValues":[7.689325853980462,7.674071971880249,7.65950728000648,7.651667309273961,7.649851972117535,7.6500119769445,7.649265642136997,7.647029827179477,7.643933122463588,7.64078538630787,7.638147964550445,7.636288240672917,7.635262827678847,7.635004481014712]}