{"timestamp":"2024-05-12 04:49:39","trueValues":[7.501204298402384,7.469427127136205,7.458467328066624,7.469247453941806,7.498179622437505,7.538974474383512,7.584044272570216,7.6254390097229665,7.656205652165026,7.672424347424512,7.674723420104319,7.667836036248613,7.658309370114238,7.6519121007118915],"predValues":[7.594403389066806,7.510066226875233,7.448334663584276,7.421971874926232,7.427847401014073,7.452759514679472,7.483753140713272,7.513156021083645,7.538025608549186,7.558033388215994,7.573884763424208,7.586508400063222,7.596742595847729,7.605242520044291]}