{"timestamp":"2024-05-12 04:49:44","trueValues":[7.554332279884627,7.599059476373728,7.638041914839549,7.663836181363246,7.672172645479104,7.663571455769132,7.64300312763045,7.617703493968849,7.594667583083423,7.578923054952351,7.572543061818697,7.574243046658009,7.579935710086462,7.58453917122106],"predValues":[7.395678722920454,7.375653666984954,7.371191605464883,7.388333916627529,7.421724159812061,7.460256617925638,7.495268704057244,7.523277522438531,7.54432506769186,7.559822146497509,7.571334254587741,7.580137709535787,7.587147622004833,7.592983545569057]}