{"timestamp":"2024-05-12 04:49:49","trueValues":[7.6099589413972595,7.585620134063694,7.562494652369818,7.549598316474216,7.553733723621629,7.578179378032338,7.621909866712274,7.679752940603741,7.743814142280653,7.805796078573273,7.8591491831260125,7.900067626840357,7.927185255545876,7.940553366471148],"predValues":[7.790898353396868,7.760354441926562,7.736697116945717,7.724582731549999,7.721311669414693,7.721389279729434,7.721188343435106,7.719748034203675,7.717489627202481,7.71511400736293,7.713141854844528,7.711839224185136,7.711275486248272,7.711402799059096]}