{"timestamp":"2024-05-12 04:49:54","trueValues":[7.602326817466546,7.640783525786626,7.688875607839469,7.738234173281823,7.780542160576518,7.809864506955911,7.823809113678005,7.823350628085789,7.811866959391711,7.793931003024221,7.774119375454258,7.756145942873143,7.742651848080793,7.735415483597505],"predValues":[7.50136377165185,7.466823194761167,7.449349976605879,7.456158421203099,7.482079734748872,7.515585064461769,7.547413532956526,7.573510001287962,7.59344894166875,7.608308924842781,7.619440423444287,7.627991910658174,7.634808594706618,7.640469895062676]}