{"timestamp":"2024-05-12 03:30:04","trueValues":[9.175570823342746,9.14772307294342,9.120508962921974,9.097043005840488,9.080851155244662,9.075584816969782,9.084364882507906,9.108902499825806,9.148587417955529,9.199822983544102,9.256125014268225,9.309270006230411,9.350868071776231,9.373804577669487],"predValues":[9.28039259021703,9.271747545363455,9.248986991622107,9.218238422814988,9.182732235398785,9.144045619810724,9.104226212573952,9.065687907107897,9.030265177358912,8.998882968173913,8.971742215847222,8.948601584194645,8.929002056046471,8.912419495989454]}