{"timestamp":"2024-05-12 03:30:09","trueValues":[8.942894036596241,8.934362749327285,8.954242153028272,9.00742222910534,9.095590736115344,9.216572458935564,9.364538118720494,9.530530103047614,9.702830849123623,9.86786812026394,10.012467299752636,10.126564030815889,10.204409834387931,10.243656732659115],"predValues":[9.226772899548934,9.206407102437073,9.178049569216952,9.149113679678766,9.121240413559526,9.093159832215978,9.064545015486718,9.036459649945687,9.010182179476107,8.986541333397707,8.965849147701938,8.948048212018996,8.9328793823185,8.919992083240368]}