{"timestamp":"2024-05-12 03:30:14","trueValues":[9.280229927502576,9.416950596890132,9.560582836909564,9.69799030442482,9.815251516334984,9.900370363237691,9.9464257061061,9.953135808866149,9.926133266688996,9.875201763429402,9.81267070758112,9.751723752677538,9.704151287629209,9.678307584398176],"predValues":[9.250120846425816,9.273165262551212,9.279208767128493,9.271281351897514,9.250513682197,9.21894595246512,9.18072234087801,9.140543055674945,9.101950529304066,9.06691797743878,9.03619226646408,9.009776585844964,8.987291920825193,8.968210414949038]}