{"timestamp":"2024-05-12 03:30:19","trueValues":[9.976076567379394,10.042056498036136,10.0640648696175,10.04396858229724,9.987411925951466,9.90260033084273,9.799144718138876,9.686488562095803,9.572646988231698,9.4642423890194,9.36742936873332,9.288317347560517,9.23234489488529,9.203393058022158],"predValues":[9.963556322563784,9.990344639009155,9.974366482567614,9.920522997772766,9.838911499203324,9.74188478476296,9.640818612913607,9.54420440261186,9.457029413946035,9.38131523614186,9.317111837484171,9.263411878613844,9.218768937158211,9.181664296204858]}