{"timestamp":"2024-05-12 03:30:24","trueValues":[9.898356216096932,9.806016420458384,9.707893593216689,9.611448424559375,9.522167857423092,9.444408169405763,9.381790998002767,9.33663880530384,9.309237048425524,9.297693843051643,9.298231267902343,9.305685579159904,9.314487439375457,9.320097176714183],"predValues":[10.021559932859711,9.958151242561868,9.865953378115346,9.763278652756377,9.665626271600605,9.578784582026165,9.503430813765783,9.438954715851509,9.384402106674033,9.338634878809662,9.300433061899978,9.268590506601518,9.241999405407988,9.21968112414516]}