{"timestamp":"2024-05-12 03:30:29","trueValues":[9.543022705833316,9.494361038491128,9.454040353673534,9.418192893503477,9.380875089973332,9.334927657337063,9.2731684520162,9.190159436203936,9.084461098035083,8.960353699525324,8.828161273056367,8.703349002783968,8.604511203807162,8.549458645992608],"predValues":[9.67694674600273,9.654331844495896,9.618112811654576,9.576320720321906,9.53322998516108,9.489831466628784,9.44697994134216,9.406174989423684,9.36875990721137,9.335460297990284,9.30642234557244,9.28140949797113,9.25998533006031,9.241647501104165]}