{"timestamp":"2024-05-12 03:30:34","trueValues":[9.456405341963125,9.419725963008348,9.352595167067951,9.24796157862804,9.104234186236424,8.92626203983189,8.725290395600556,8.517981284435425,8.32363336162068,8.159333920047898,8.035051632541224,7.951696559777615,7.903313970621995,7.881843821257581],"predValues":[9.304319956566976,9.291632264839423,9.274072665340675,9.259688709816302,9.24834644073675,9.236270063132157,9.221536329613954,9.20473157016268,9.187310712390966,9.170514989757162,9.155088610758776,9.14135052189474,9.12933580727994,9.118926456709769]}