{"timestamp":"2024-05-12 03:30:39","trueValues":[8.83420716973239,8.637162288480416,8.446671226204018,8.284853188392932,8.170679644381186,8.114462931845527,8.115274384896562,8.162532421854696,8.240277491490824,8.331671876548784,8.422063174867601,8.500087322690295,8.557294895682638,8.587605710419975],"predValues":[9.483524831189886,9.477285174515762,9.457756080386105,9.432153713339265,9.403222607998565,9.371333805457756,9.33767325511538,9.304348661751876,9.273208320328568,9.2453132595319,9.221015383665696,9.200204124610329,9.182529172794464,9.167554634669568]}