{"timestamp":"2024-05-12 03:30:44","trueValues":[8.013416959941111,7.989865684671159,8.019511761746967,8.091281900303088,8.193613492386953,8.316989971836657,8.454325144812158,8.599708135321983,8.746853836815909,8.888474056004572,9.01659831987964,9.123061598068432,9.199918135916285,9.240373841418426],"predValues":[8.162131080843539,8.091334260686661,8.055570523972571,8.076984060333425,8.147151492732407,8.239955089738153,8.332354953633999,8.412455974742244,8.477085432764756,8.527419177127598,8.566083466460734,8.595788282850098,8.618831104243,8.6370030810197]}