{"timestamp":"2024-05-12 03:30:49","trueValues":[8.373996608534673,8.504163990524155,8.633173596722512,8.753289645586875,8.856586848196262,8.93566777208542,8.984545259891885,8.999398598347188,8.979723320405517,8.929909724624686,8.860095525473271,8.78516941131021,8.722044849185163,8.685891200376128],"predValues":[8.486052879371002,8.520340159583784,8.552221254250865,8.58751746855527,8.622361310408689,8.650274710629045,8.668639650037598,8.678697627881448,8.683060018620601,8.684110681545835,8.68353551469276,8.68236338630918,8.681161223796954,8.680196410637683]}