{"timestamp":"2024-05-12 03:30:54","trueValues":[9.057350645625789,9.123725006786213,9.1448892333004,9.115195314249751,9.034004293481402,8.907235020649301,8.747224346332167,8.570975574176867,8.397400105260118,8.243741250469235,8.1217787671648,8.035678362411627,7.9830537848202,7.958686538090478],"predValues":[8.873518920458359,8.871703051724435,8.858606045323254,8.84496682987389,8.833228801346912,8.821174749997244,8.807401842807074,8.792452023035844,8.777562271521912,8.76374019341316,8.751533047744001,8.741106420905137,8.732390410455551,8.725195509017123]}