{"timestamp":"2024-05-12 03:30:59","trueValues":[8.816351747355881,8.663579298043281,8.508163579620774,8.371590688777722,8.27258783498772,8.222716828837079,8.22358941330041,8.267358707137715,8.340014453805871,8.42549769708361,8.509085866580188,8.579518290362033,8.629613090639424,8.655495864816576],"predValues":[9.27112400495804,9.22010904403123,9.157996339674046,9.098830700967005,9.04868965344727,9.006749783570092,8.970887970807578,8.939966107736037,8.913507103550815,8.891167824976808,8.872537096819144,8.857133044075683,8.84445306022186,8.834018459720522]}