{"timestamp":"2024-05-12 01:04:04","trueValues":[7.965291654294629,7.991434901445908,8.025136649044398,8.06867656719122,8.12285202213371,8.185803289994336,8.253064056633043,8.318751088088264,8.377146736789133,8.424060843105917,8.457789435368067,8.479315931947294,8.491332772872088,8.49656827965207],"predValues":[8.048915705272337,8.049418046008157,8.046397622663262,8.040993871605092,8.03118546939666,8.01577211404698,7.996245146227314,7.975425116143224,7.955716083030417,7.938490048411802,7.924235797796994,7.9128903392524546,7.904120905264295,7.897501436467692]}