{"timestamp":"2024-05-12 01:04:09","trueValues":[8.239229220664331,8.312695091439778,8.379294575670697,8.431144113269717,8.462010426492695,8.468582850680704,8.451048235324372,8.412530927169493,8.357838778898735,8.292671098659273,8.22378078119977,8.159384685698978,8.108803226221964,8.080778194726982],"predValues":[8.046353767519658,8.03810474790226,8.028284650988866,8.019452490855915,8.00952528107663,7.996117036050242,7.979422844718599,7.961412733290107,7.9440942041868015,7.928726830290718,7.915824647042637,7.905405462288748,7.897223687224873,7.890935391209662]}