{"timestamp":"2024-05-12 01:04:14","trueValues":[8.535808798993278,8.53010869347985,8.497805792067929,8.440730316083894,8.36156115033003,8.264360344258996,8.155458720085862,8.043650695941203,7.939104817788495,7.851090468252976,7.785382971064072,7.742727066296791,7.719387093082382,7.709743214109649],"predValues":[8.455473086419566,8.43996059186647,8.412783692269898,8.376362659979257,8.332729981558995,8.28496136441382,8.237105302770187,8.192722302711186,8.15389641381859,8.121284134302705,8.094617814893176,8.073180091756154,8.056107417245775,8.042561227858599]}