{"timestamp":"2024-05-12 01:04:19","trueValues":[8.180113018664624,8.069140368558418,7.965597311356106,7.882587763966342,7.831738389430225,7.820079565950483,7.847917482166093,7.908786029388686,7.991509322295659,8.083302656266035,8.172362884529305,8.24891934687941,8.305101506877683,8.33490413352672],"predValues":[8.398958424696156,8.358651295104766,8.318218447435047,8.282693389017657,8.251773120678612,8.223389008583581,8.196759633810178,8.172393184446703,8.150988419114569,8.132883952680144,8.11802184319612,8.106090852037289,8.096664122472578,8.089297521502226]}