{"timestamp":"2024-05-12 01:04:24","trueValues":[7.715283580584862,7.718048049364363,7.760895056242254,7.837702954749018,7.941137304352945,8.064688938588313,8.202981216849361,8.350724943028787,8.501645110548834,8.648164879538605,8.781566379027266,8.892445737282532,8.971907536449168,9.013306792010653],"predValues":[7.763894748064718,7.711471904133865,7.679697124966428,7.67851595976538,7.702705393821946,7.738871268913442,7.775604602984289,7.807256587749636,7.832490837378957,7.851984315816235,7.866991811746023,7.878716816624292,7.8881174988915905,7.895893148746824]}