{"timestamp":"2024-05-12 01:04:29","trueValues":[8.053126862213247,8.167504000406812,8.286652312435661,8.406175918178256,8.521463914415023,8.627892640066431,8.721186617314286,8.798354393787346,8.858964860134554,8.905310975894487,8.940626326988829,8.9669064553459,8.984502733692025,8.993270041370192],"predValues":[7.994948362920402,7.993483335335304,7.993132494186478,7.995779750127621,7.99818885934956,7.996758915879345,7.990821195224211,7.981958469385114,7.972167609234123,7.962906731848858,7.95495300353172,7.948575668285557,7.943743097249227,7.940276414594575]}