{"timestamp":"2024-05-12 01:04:34","trueValues":[8.643759696810843,8.733095813795689,8.80323693310851,8.853470475112937,8.886132191336156,8.904940200589479,8.912928215655253,8.912116231026719,8.904689296010318,8.89354317902761,8.881422148913167,8.870156958570856,8.861131304228556,8.855951347297136],"predValues":[8.434193241799516,8.417508087285341,8.391000177970282,8.358976354744929,8.323222983792053,8.285231405782916,8.247434916715626,8.212384822792899,8.181733532667952,8.156068173687574,8.135221830517322,8.11863740993906,8.105619342796366,8.095481362539036]}