{"timestamp":"2024-05-12 01:04:39","trueValues":[8.99926676712763,9.019146170828616,9.0211231075445,9.003499718745966,8.965459501395742,8.906755271957156,8.827605242993227,8.729907411961358,8.618662859964813,8.502045122616245,8.390153906593113,8.29357823565999,8.222263659019845,8.184282446771924],"predValues":[8.716447869706391,8.655147415766493,8.587056059286812,8.521946320994658,8.46442059886963,8.414891397050347,8.372732783032651,8.337419026670805,8.308404463662884,8.284989803809975,8.266368644047278,8.251719962928789,8.240279883589565,8.231379149959347]}