{"timestamp":"2024-05-12 01:04:44","trueValues":[8.87138490259175,8.802533124500865,8.722355024655377,8.636386716910511,8.552542592848539,8.479595807500107,8.425498760238606,8.39608445095202,8.393793883512185,8.41628652219443,8.455787514509765,8.500489195278952,8.538039032387065,8.559130432783999],"predValues":[8.893781591535564,8.875806298433206,8.844836327598076,8.80518543042824,8.759742996415284,8.71132851260977,8.6633640091565,8.618918814530208,8.579820757958522,8.546655637844486,8.51918158642641,8.496740776550244,8.478537436701147,8.463791476900486]}