{"timestamp":"2024-05-12 01:04:54","trueValues":[8.47198574403557,8.537658954475837,8.599502680618919,8.646361502875887,8.670773667904209,8.668599781725232,8.638666121222885,8.58326086173826,8.508467110372258,8.42341417907933,8.338850299084767,8.265532738431325,8.212333259775571,8.18468112989559],"predValues":[8.290476215169118,8.300580971832808,8.313112113987131,8.331050462453364,8.349696872147225,8.3629296965992,8.368540497092928,8.367916956687514,8.363571310639554,8.357635450505665,8.35148589621749,8.345855427356328,8.341050764138654,8.33713064587802]}