{"timestamp":"2024-05-12 01:04:59","trueValues":[8.646452136839335,8.63373573992688,8.602849226758973,8.559537089570137,8.511563017721901,8.467056691683311,8.43276037465306,8.412109386213405,8.403827408791114,8.402723853904806,8.402994161062653,8.401553586042473,8.398749780528103,8.396582273279105],"predValues":[8.739415207094545,8.752450284717185,8.750087954315088,8.734235781740626,8.70639972604626,8.669795565307481,8.6293223177479,8.589607365489528,8.553642692481109,8.52273518200202,8.497048294132963,8.47613364325419,8.459298583885518,8.44581272854439]}