{"timestamp":"2024-05-12 04:28:04","trueValues":[6.605084905810019,6.3947722488855625,6.147697154022232,5.874387912255427,5.589329146598248,5.307695201867733,5.042001073551699,4.800541995286298,4.587912208658891,4.406763039500844,4.259394009010478,4.148016562639378,4.073945424435019,4.0371798302547495],"predValues":[6.652486335798296,6.611254792937499,6.582738849622909,6.577273834258069,6.593785694507823,6.623168374933265,6.655773212364174,6.68573717278392,6.710909626529072,6.731252831597257,6.747552060847723,6.760743422254837,6.77164554516586,6.780896588367408]}