{"timestamp":"2024-05-12 04:28:09","trueValues":[5.017957125611677,4.736255836656857,4.512044251298612,4.360563913225067,4.293570222749724,4.3191514097556185,4.439962064292188,4.650287844536131,4.933641558755969,5.262239478417319,5.598833287136135,5.901209053611314,6.129061907455833,6.251314366285548],"predValues":[5.76243436877063,5.717997413595558,5.714384148445772,5.761064892240837,5.848674179722711,5.956365667721144,6.064245201259573,6.160280124982632,6.240072432458787,6.303860004618489,6.353890484018596,6.392899900042452,6.4234232128847015,6.447562545762061]}