{"timestamp":"2024-05-12 04:28:14","trueValues":[4.073391421011092,4.115122613496623,4.257672295940926,4.497674093947971,4.82239258802147,5.210359707348088,5.634120730411819,6.064809736562685,6.47670628210205,6.849349683334626,7.166755670677641,7.415927838771454,7.586874922748245,7.673543583847017],"predValues":[4.691236355602718,4.705495091402668,4.781176294790154,4.910538469764206,5.072832302659793,5.243192059948236,5.401976783660095,5.538650341991872,5.650421421500406,5.739056653553847,5.808207311093106,5.861843347769275,5.903536432792902,5.936227252884149]}