{"timestamp":"2024-05-12 04:28:19","trueValues":[5.182223443261602,5.557919494724901,5.931770108455937,6.281992633968528,6.59421268413327,6.860726504951561,7.078793947314445,7.250096656637546,7.380714284768023,7.479328023829328,7.553621560769505,7.607837681390608,7.643407392317847,7.660931641912964],"predValues":[4.9763266338384655,5.157278238896939,5.343521864068175,5.513428584433759,5.651739335012871,5.75443479189427,5.826383540489792,5.8756153246988205,5.909480399483639,5.93342809867289,5.951121124123691,5.964905593124446,5.976254772711474,5.986086697224203]}