{"timestamp":"2024-05-12 04:28:24","trueValues":[6.868571791459062,7.077534108643661,7.236369730900974,7.351465561872134,7.432323017760348,7.488052007941389,7.524977773066592,7.547256186017052,7.558750220472346,7.5635429231963105,7.564990674512716,7.565043566473789,7.564608736080244,7.5642182924078],"predValues":[6.891482515843657,6.941415184984091,6.9448653887362966,6.907672505918238,6.842869487842558,6.766294686068763,6.69111407917843,6.625106772280528,6.571218634975828,6.529389333218282,6.49814506839407,6.4755796035945705,6.459842251759724,6.449334293563632]}