{"timestamp":"2024-05-12 04:28:29","trueValues":[7.603841547547727,7.653961597756284,7.677898532501196,7.674836114533942,7.64445858682058,7.586681428538892,7.501784781030442,7.391678602246338,7.261477730874468,7.120365965562852,6.981283497350699,6.85927715890266,6.76876120566051,6.720658757846453],"predValues":[7.396046840337973,7.330110233247335,7.240017415693769,7.14341038168825,7.052965128253364,6.974998922377975,6.911298130244857,6.861167714275085,6.822806689904684,6.7941171865369245,6.77310419382098,6.758042211197624,6.747515382000346,6.7403986224541566]}