{"timestamp":"2024-05-12 04:28:34","trueValues":[7.601274559808816,7.541628906620881,7.461407483209287,7.363662075991327,7.2543843607382,7.142165692976164,7.036663241115408,6.946151540493244,6.875165478747,6.823643127098135,6.78818265534678,6.76452612773218,6.74963026307702,6.7422591436979324],"predValues":[7.6314963353152,7.617932869659331,7.581032088676544,7.526699286794582,7.461163489137604,7.391574944634184,7.324683092779243,7.2651102657085636,7.214881773690369,7.174081340180631,7.141747341485065,7.116525583926952,7.097038218630903,7.082055175266033]}