{"timestamp":"2024-05-12 04:28:39","trueValues":[7.21391616316485,7.1215232097764805,7.038245747327613,6.965411124831304,6.89967997244373,6.834699407483643,6.764093689437377,6.684130214006796,6.594955829475783,6.500430718742048,6.4073242554566905,6.324428731440294,6.261456599162863,6.227244935849205],"predValues":[7.282860169951675,7.214186470322696,7.155659787768515,7.115460302620516,7.092296813135517,7.080021625546587,7.073132115380889,7.068648259183391,7.065430886375406,7.063179655670438,7.061845396149902,7.0613978078964,7.0617640647926745,7.0628330671415975]}