{"timestamp":"2024-05-12 04:28:54","trueValues":[6.150081279101756,6.300940182315133,6.493118604465263,6.701584826949646,6.900955226861963,7.072251823043834,7.205456904646903,7.297945541984952,7.352117541673702,7.374340936353096,7.374137873748776,7.362275987664714,7.348450188513473,7.339706801822727],"predValues":[5.868200748859254,5.790514418536679,5.759360256098415,5.7888140350142425,5.871121634317606,5.9831033514098095,6.100494401123915,6.20748752918406,6.29752944819217,6.3700326321183365,6.4271523619291,6.471833975647727,6.506900282684152,6.534720656842319]}