{"timestamp":"2024-05-12 04:28:59","trueValues":[7.062856456551519,7.197201771888274,7.292337665167466,7.35090501340026,7.37938188576873,7.387202188133815,7.384784042094406,7.381153367781554,7.382331609306361,7.390656910294757,7.404925247713267,7.421447207935487,7.435712090100259,7.443907951967837],"predValues":[7.097249786475196,7.162968446791562,7.20250186533429,7.21282802402599,7.197281242724257,7.164505768916419,7.124388146703145,7.084491660729132,7.049067867825153,7.019752697741987,6.996625887104365,6.979018711419526,6.966008352150556,6.956666143408063]}