{"timestamp":"2024-05-11 23:45:09","trueValues":[8.703537978584585,8.683500430577878,8.66672331315651,8.655244960237415,8.649852903884206,8.65061678074915,8.657627224795695,8.671174743126617,8.691029162685187,8.715478272349635,8.741124494540077,8.763806906389185,8.780126601373333,8.78843675240303],"predValues":[8.763555736021276,8.724834833684579,8.687013360474873,8.654647732918164,8.62700517143315,8.601671516811663,8.577697371641875,8.555535374163526,8.535908735562945,8.519215873175046,8.505470342226035,8.49442522496799,8.485706025053414,8.478909009372405]}