{"timestamp":"2024-05-11 23:45:14","trueValues":[8.687371643708676,8.691125909789864,8.695834091691612,8.7002459191381,8.702085443070695,8.698098080256536,8.6852275258696,8.662371022389824,8.631534477506747,8.597301152410036,8.564812996239985,8.53792421164745,8.518875131998685,8.508976627404303],"predValues":[8.805310351140323,8.811502431628355,8.810171627361559,8.801736821408529,8.784844617458798,8.759843464562447,8.729805614870449,8.69863789720598,8.669299603501642,8.643364203152167,8.621332176372132,8.603075147195717,8.588157487863128,8.576048152453644]}