{"timestamp":"2024-05-11 23:45:19","trueValues":[8.748824128813066,8.743842981865981,8.724366779697394,8.690219304366646,8.643821625589386,8.588457297572125,8.526786599904714,8.460928400495064,8.393578063047908,8.328640290076427,8.270655816570434,8.223665694671404,8.190615395296984,8.173512686657958],"predValues":[8.691247375248206,8.680901813977822,8.670478908181444,8.662433748534614,8.654180476297228,8.642746244310484,8.627908587391378,8.611402308705355,8.595144010922253,8.580405493206566,8.567768832918844,8.557332371896264,8.548931321114372,8.54228208397787]}