{"timestamp":"2024-05-11 23:45:24","trueValues":[8.5582780482656,8.495733968768612,8.432671069633358,8.37284414851853,8.321017734540682,8.282203274564298,8.260313710553786,8.257351760733696,8.273373240741341,8.306290379952456,8.350951660831777,8.398666854438382,8.438718561041874,8.461513401531857],"predValues":[8.663181146497113,8.626121689631105,8.596340857659499,8.579372106550021,8.572101721106847,8.568405662761714,8.564520362827214,8.559578552614997,8.554061841338456,8.548667924464002,8.543889308543742,8.539960419254388,8.536927769627034,8.534722254586914]}