{"timestamp":"2024-05-11 23:45:29","trueValues":[8.237912768989986,8.20458658089399,8.192951412612919,8.205251850133013,8.241797803135738,8.299813639714127,8.372651717464173,8.45090816465359,8.525123825490278,8.588230048191637,8.636563998006167,8.669662405144177,8.689338480452093,8.698240011448561],"predValues":[8.423037556421841,8.382860397528766,8.357401822195197,8.353350138503753,8.365424921375853,8.383393569759482,8.399978787703992,8.412541824508207,8.421186337784285,8.426932424751309,8.430819319418305,8.433629238073904,8.435873292482645,8.437851292353526]}