{"timestamp":"2024-05-11 23:45:39","trueValues":[8.560420305583431,8.56910920558061,8.56790146150465,8.563504518228113,8.562417708033,8.569298447169977,8.585937088653058,8.610919902125719,8.63999187550345,8.667324527306999,8.687712384885035,8.698894649137621,8.702511236646771,8.702645725753822],"predValues":[8.755789122983511,8.763914550832576,8.76032321325459,8.746812107982297,8.724100990948285,8.694139954204779,8.660669708606765,8.627583527751217,8.59754807015796,8.571797127200366,8.550541735145234,8.53342573706875,8.519854563539159,8.509186600516102]}