{"timestamp":"2024-05-11 23:45:44","trueValues":[8.640922401914086,8.663580626987025,8.686894818692771,8.703849217209793,8.70613393729715,8.68676963219194,8.642934156956105,8.577456301246432,8.497886060270162,8.413728305484238,8.333885099462629,8.265811550829142,8.215874629068722,8.18933136985003],"predValues":[8.567208816024468,8.52289385788524,8.487119755409932,8.466996357637262,8.459805443030072,8.458454438818343,8.457844187850384,8.456188855520923,8.453557015327227,8.450541907757316,8.447669262956927,8.445250053762521,8.443412124562421,8.442158133244117]}