{"timestamp":"2024-05-11 23:45:49","trueValues":[8.81350940247289,8.798457519822001,8.752838070502136,8.678183326651919,8.577579361437271,8.453782138397724,8.30926907446374,8.147695828090587,7.975099790714312,7.800141954513441,7.633984118006875,7.490079178730856,7.383004320630361,7.325643121741031],"predValues":[8.811906962104501,8.823938421410496,8.824997589575702,8.815593452054667,8.795527464651805,8.766508383235148,8.732553870536254,8.698033227801753,8.666045286057528,8.638134012147166,8.614701278659318,8.595496712592322,8.579978636475493,8.56752244674842]}