{"timestamp":"2024-05-11 23:45:54","trueValues":[8.46576548994013,8.341001593220069,8.202727920171458,8.055349387733312,7.905016081771301,7.75948265482948,7.627992708024422,7.520342683070851,7.44446318466473,7.403438159661992,7.393725707191988,7.405524601342512,7.425175160930514,7.43922369105351],"predValues":[8.54581441645355,8.51200210073543,8.487510996448624,8.478373445042948,8.480660823017793,8.486692632890112,8.491470451444126,8.493622542945676,8.493649387609336,8.492487890775722,8.490909637183503,8.489402614976045,8.488210818225031,8.487421691428922]}