{"timestamp":"2024-05-11 23:45:59","trueValues":[7.676906343100766,7.534825512009894,7.424506170649002,7.357290322308895,7.339530318093317,7.370335234115249,7.441353456300135,7.538524228242518,7.645474962997179,7.747702365891394,7.835520563330069,7.904081568529427,7.951177474350603,7.975275211288725],"predValues":[8.2502522774562,8.230988972075652,8.225652731359755,8.239706311468986,8.266995108128931,8.296811290004172,8.321980155601212,8.340450878931911,8.353056176147236,8.361440216449186,8.367101782593991,8.371127684776772,8.374225984225156,8.376823537670216]}