{"timestamp":"2024-05-12 04:56:04","trueValues":[7.0490545783876986,7.082899054544461,7.121414236389345,7.159068794264609,7.191085972771235,7.214307138414792,7.226879743613976,7.227821964729573,7.217446635119288,7.198053359040424,7.173718804326843,7.149281389367356,7.1294793301923605,7.118348628957103],"predValues":[7.061513160213513,7.051395911478615,7.050043046745641,7.061472228746151,7.082058896308522,7.104809881654901,7.124652340719761,7.139905691242475,7.151000245207856,7.159048594319677,7.16511203305314,7.169975701373117,7.17415336893164,7.177955476987668]}