{"timestamp":"2024-05-12 04:56:09","trueValues":[7.19852380512635,7.212203952043079,7.216576442754699,7.212410204112387,7.202279400151284,7.190247409267792,7.180742272022094,7.177592941133881,7.183353114904609,7.19841350279547,7.220263198493614,7.243913081389485,7.263598459303622,7.274669623859079],"predValues":[7.124134584236494,7.082771741733636,7.054192806485506,7.0443224754985305,7.050133414920339,7.063928116787934,7.079095351755937,7.09234385774411,7.1028890263650775,7.111088343486394,7.117587675768398,7.12296697426165,7.127649374654734,7.131907044626738]}