{"timestamp":"2024-05-12 04:56:14","trueValues":[7.185202207232171,7.170512860435069,7.16149252186775,7.161186333228775,7.1706925336294685,7.188414530053924,7.210448948932701,7.232210934343639,7.250213072109657,7.262911395387171,7.2704627195381555,7.273980699421385,7.274958004651864,7.274920794226989],"predValues":[7.202602599270203,7.162351285316127,7.132189843855792,7.118312215898474,7.118478865444167,7.126033113271392,7.13527777754296,7.143440415816899,7.149880477207852,7.154884481987359,7.158945468285022,7.162477534971955,7.165757633924731,7.168944175237819]}