{"timestamp":"2024-05-12 04:56:19","trueValues":[7.27673187876343,7.304695247268619,7.322520369727729,7.323408901516006,7.302924562622044,7.259284973694304,7.193238861639033,7.108142075202501,7.010236663157576,6.9084852879130185,6.813371189311253,6.734759382564275,6.679732473364011,6.651754885160743],"predValues":[7.175859466912181,7.185073565477602,7.19383449422579,7.203743098792637,7.212341896403867,7.216631726814514,7.216017754804069,7.211967931633868,7.206421186228677,7.200851582991062,7.196090509128242,7.192475250562838,7.190037967733492,7.1886579925481096]}