{"timestamp":"2024-05-12 04:56:24","trueValues":[7.240033097229967,7.189556358520104,7.126530669809727,7.05686690709031,6.988273209874812,6.928856932377359,6.884859591793315,6.858478729500332,6.847172076113162,6.845243512949614,6.8468483454167455,6.848379554400372,6.848868339909986,6.848812258483924],"predValues":[7.229017748311822,7.196608531400258,7.172585215311886,7.161169322748831,7.1597080162062205,7.162683255463767,7.166055051534984,7.168329671649874,7.16954459202206,7.170214911247317,7.170816656975303,7.171648044182522,7.172841967243527,7.174420486624496]}