{"timestamp":"2024-05-12 04:56:29","trueValues":[6.907449774946484,6.859849933656994,6.831698918294933,6.821392427970666,6.824177628272597,6.835039351293755,6.850934315856824,6.871017047950881,6.895282231800944,6.923061940280498,6.95236328934871,6.979974753550077,7.001897806942976,7.0141583761507045],"predValues":[7.03686577214223,6.983772077408622,6.950340371179228,6.9439856279767405,6.960353696513225,6.988476538267882,7.018522095833605,7.045196123116858,7.066916645482935,7.083984801584577,7.0973247389024445,7.107894094299581,7.116477476163363,7.1236580250093375]}