{"timestamp":"2024-05-12 04:56:39","trueValues":[6.94990341447569,6.96086347933402,6.962155478443448,6.950926966948516,6.926479983594062,6.891451152771261,6.851626961337006,6.81435567083796,6.786397883896502,6.771864555095128,6.770761797575068,6.778953672611408,6.789883969129837,6.797234888563993],"predValues":[6.906827297696066,6.889720336437053,6.884349808972521,6.894848198773646,6.917136445907824,6.94326241679041,6.967102338641896,6.9862173339004405,7.000657636639626,7.011430320429833,7.019631498072393,7.026140930326863,7.031573386569937,7.036329942024023]}