{"timestamp":"2024-05-12 04:56:44","trueValues":[6.882481579855022,6.840873414336736,6.802514782065077,6.774576929279803,6.761596072561984,6.763972489767783,6.77786553347255,6.796844710680299,6.814461986337604,6.82644826155625,6.831704234069914,6.83186104943189,6.82979560506255,6.828069307137076],"predValues":[6.991768331925618,6.9501059455025125,6.921857385669528,6.91301565714161,6.920507976190292,6.936370780314718,6.953636949034449,6.96875687360511,6.980836440674694,6.990224099293284,6.997609837053574,7.003630483798429,7.008762598755008,7.013326457365988]}