{"timestamp":"2024-05-12 04:56:49","trueValues":[6.679938459644571,6.685359885654557,6.704524184726061,6.734310731155777,6.773518558480843,6.823363517334071,6.886445819048008,6.964620669091449,7.056798865170537,7.15769386906546,7.258067927012126,7.346534648998632,7.41224374092003,7.447162269411949],"predValues":[6.745946431014345,6.737215536394807,6.741043957536999,6.761969239965735,6.79546314076242,6.832445253102435,6.865805993735815,6.892680691524648,6.91315333571365,6.928478980776124,6.940055675532389,6.949037740519837,6.956266397129401,6.962319470101649]}