{"timestamp":"2024-05-12 04:56:54","trueValues":[6.786360939260375,6.833121419680173,6.895537123211341,6.974769546687493,7.068292368048332,7.169975701373117,7.271625279526765,7.365286311037142,7.445035693630315,7.507557978449876,7.552029486162332,7.579995512555012,7.594951977044971,7.6010284394271395],"predValues":[6.8946517808880525,6.879558966769801,6.872536030652048,6.876762071762909,6.889009085744432,6.90343078327118,6.915900262435709,6.925121803086105,6.931506048839745,6.935969970881059,6.939342830107274,6.942200856526462,6.944887183413724,6.947577231343473]}