{"timestamp":"2024-05-12 04:56:59","trueValues":[7.260658304160959,7.369744651514726,7.461060363102948,7.525198909305852,7.555723418197473,7.549596190164223,7.507690872824432,7.435058781354945,7.340272666069583,7.233987466342695,7.12761482211735,7.03274126233353,6.960795171625499,6.921778180622293],"predValues":[7.048450972138468,7.093437312657951,7.126511001442292,7.14611239011171,7.15099572679912,7.142716407264322,7.125801611270916,7.105398603734181,7.085334476852562,7.067701785447808,7.053276898456071,7.042061144821097,7.033689330801607,7.0276713419442425]}