{"timestamp":"2024-05-12 02:43:04","trueValues":[9.219910234046893,9.31679926991522,9.36671492857571,9.3817819611853,9.381132905059973,9.383794513593566,9.402235468584363,9.440210301902308,9.494715069104943,9.55912790929693,9.62534811298287,9.684900208531118,9.729861033330687,9.75403398848481],"predValues":[9.168359974579372,9.216096697074654,9.223941186215908,9.192753002817756,9.1288398454741,9.043958613713098,8.951214287598404,8.861036151856375,8.779642600061202,8.709602480473045,8.651111679399994,8.603128570734288,8.564124603379788,8.532504513264334]}