{"timestamp":"2024-05-12 02:43:09","trueValues":[9.387239667359538,9.39507618283832,9.419265616894888,9.457352081487455,9.503811423254511,9.552266306949887,9.596605717654036,9.631858342603588,9.655210542100455,9.666736736994393,9.669165514583764,9.666610221549814,9.66292266844465,9.660575753790004],"predValues":[9.083142254261997,8.967367333036858,8.852066313151386,8.757828520055439,8.690685763621335,8.645381539757917,8.614645994599503,8.593112587512799,8.577497764291294,8.565893959082619,8.557162001308082,8.550570440330137,8.545609227539238,8.54190200606664]}