{"timestamp":"2024-05-12 02:43:14","trueValues":[9.527104617649076,9.570181000217447,9.607091083806456,9.635938199902435,9.657572872502552,9.675205829696054,9.69296104971415,9.714045539603603,9.739463980836057,9.76790178225841,9.79660909347236,9.822374123233654,9.842010596017952,9.852704872127171],"predValues":[9.597798045982548,9.600846111357347,9.574643593315017,9.52316669154225,9.454078627253407,9.37600105589214,9.29676517716225,9.222190169936766,9.155585635719612,9.098150281769282,9.049710282243854,9.009373118523817,8.975968788535578,8.948308684993126]}