{"timestamp":"2024-05-12 02:43:19","trueValues":[9.68148641783754,9.698862623099402,9.718660163865664,9.741697137906089,9.766544133327953,9.790445452380482,9.810339208673922,9.823385183635272,9.82734012022204,9.82130831034972,9.806622950383854,9.78717359287893,9.768769848313006,9.75753602104309],"predValues":[9.795190313129607,9.761231016233229,9.698090772571986,9.618618341855386,9.53547483693607,9.455773296317735,9.38302532095364,9.318936743035568,9.263964719211994,9.217683455906844,9.1791711977382,9.147306847762312,9.120968777457936,9.099128384366008]}