{"timestamp":"2024-05-12 02:43:29","trueValues":[9.738135568668003,9.646268877002871,9.545596604079703,9.449045651500246,9.370294039871236,9.320596327985015,9.306098083298524,9.32691944232636,9.37789347178581,9.449903086004875,9.531182348637932,9.608662426891197,9.66950678733762,9.703039227502927],"predValues":[10.109659334794948,10.096143976902669,10.046465401806383,9.97192601027328,9.886176712457685,9.79858124599076,9.714924237208162,9.638767255347972,9.571842179899392,9.514457857388887,9.466016263130966,9.425466468411638,9.39161136070491,9.363291037909669]}