{"timestamp":"2024-05-12 02:43:34","trueValues":[9.259137995528144,9.228899741119315,9.237848848301876,9.283848907110468,9.36109296495452,9.461093323919936,9.573583627783565,9.68751822770986,9.79236763661405,9.879864229666303,9.94569585020104,9.990043234567665,10.016223957932567,10.028129167582732],"predValues":[9.413257728009988,9.34811290560295,9.291596649147044,9.25549296862284,9.238453251917353,9.231889332969311,9.22868604696503,9.225519439808126,9.22151559809152,9.216816984584742,9.211819092946469,9.206869043283028,9.202195945496165,9.197914620325488]}