{"timestamp":"2024-05-12 02:43:39","trueValues":[9.512857277541745,9.62327921335979,9.727930875434645,9.814690170496863,9.874214092437708,9.90197360097233,9.899153050766769,9.87163434683884,9.8277106297383,9.776142828213336,9.72526341954857,9.682247636814994,9.651998219278704,9.636672308427482],"predValues":[9.540980916662647,9.581680616236472,9.60334771506398,9.606604690395582,9.59199853547695,9.562583694612869,9.524021999736888,9.482258082011624,9.441637055907536,9.404570156956554,9.372012098345488,9.344034643036595,9.320262497316133,9.300138036388466]}