{"timestamp":"2024-05-12 02:43:44","trueValues":[9.930634133366436,9.942555290341549,9.92988567224894,9.899042482647136,9.856414219909762,9.807577131993163,9.756773207333143,9.706104834935172,9.655474736117071,9.604122755056386,9.552819679125538,9.5051292038726,9.467149586357174,9.445781765661168],"predValues":[10.157413067770172,10.153538930963135,10.114989993947113,10.050648916717387,9.972115251862649,9.888728816026644,9.807218848759362,9.73208727989324,9.665688997745397,9.60866721108868,9.560572736937097,9.520406741171485,9.486979553350826,9.459121702979033]}