{"timestamp":"2024-05-12 02:43:49","trueValues":[9.946746247337527,9.91192260542904,9.863401274546383,9.79545291241373,9.702017003973848,9.579708463718072,9.430056108531282,9.260332981744146,9.082910486472771,8.912958515572651,8.76485145617319,8.648939387953511,8.570533567487095,8.531268595580968],"predValues":[9.819224526556692,9.752596602929618,9.68118129235356,9.618210621914251,9.568544273100423,9.529409006103863,9.49695513668245,9.46900744971346,9.444655352942435,9.42349272116074,9.40523143936434,9.389569039956744,9.37617807119905,9.36472736030986]}