{"timestamp":"2024-05-12 02:43:54","trueValues":[9.548670716751918,9.415259117290791,9.269972608096891,9.125201197498772,8.995083783794124,8.891634284231497,8.821307112794301,8.783890701638239,8.773952328731491,8.783333608420104,8.80323400943227,8.825592424796213,8.84400387723586,8.854229301991648],"predValues":[9.92404841974097,9.920534692477728,9.899250861026438,9.86570725773367,9.824269728592313,9.77795603905977,9.72994980677289,9.683420828353569,9.640639471296709,9.60272576939106,9.569913616735844,9.541908519397044,9.518158699931506,9.498032112693846]}