{"timestamp":"2024-05-12 02:43:59","trueValues":[8.91070223488145,8.83588642304927,8.790362657679086,8.768343388759007,8.761690696368767,8.762143600397252,8.762828006426211,8.75927467663935,8.749965159912998,8.736202352695296,8.721088541265864,8.707879637801309,8.69864693402345,8.694050117607581],"predValues":[9.027523300623088,8.950644968097809,8.897753538602274,8.886539911277293,8.911572958823538,8.95457492054216,8.999830239275743,9.039402994553338,9.07108395029234,9.095410531343449,9.113803112781907,9.127733101122804,9.138423656189534,9.146807696491482]}