{"timestamp":"2024-05-12 05:03:04","trueValues":[6.113562436551442,6.05266624729894,5.968914883510407,5.864143483604079,5.744235813119019,5.617540030876046,5.491641083302907,5.370726073458718,5.25579077889202,5.147344384398926,5.048067103725465,4.963504353333085,4.900947349858171,4.867444246126048],"predValues":[6.109982793678419,6.1214534387237896,6.129902065691772,6.135076308165084,6.135290268108119,6.129987915457734,6.120702319718802,6.109861859797573,6.099478423630439,6.090714704100386,6.084017093411545,6.079385458669542,6.076595474170127,6.075338692069956]}