{"timestamp":"2024-05-12 05:03:09","trueValues":[5.752770555641713,5.648216305143409,5.536705233478693,5.413397393973447,5.273000999080064,5.113192324212255,4.936263465095166,4.749100576311537,4.5623502415019175,4.388818104457174,4.2407544766004985,4.126860708470787,4.050983735057782,4.013410840775682],"predValues":[5.648518241162398,5.561123312306681,5.504018134429932,5.489276693038005,5.513750786844869,5.5633704897332255,5.62224927593279,5.679240098200234,5.728970767891343,5.770032471741458,5.803012071308614,5.829230137992768,5.850105186347923,5.866895460312371]}