{"timestamp":"2024-05-12 05:03:14","trueValues":[5.069211196741908,4.904968534290655,4.73944073340206,4.58394679833423,4.450983655092988,4.351171794339031,4.2899604793008645,4.2661140456250255,4.272953786847453,4.301005114816801,4.340036450106561,4.380052673912049,4.412186957280353,4.42991683184945],"predValues":[5.408777520383591,5.396918557975769,5.403588127951579,5.432668340780532,5.4792559920662205,5.533122534035055,5.584953931551948,5.629678470153558,5.66598574485958,5.694595644496982,5.716934125704741,5.734460102926727,5.7484128162056685,5.759760799743325]}