{"timestamp":"2024-05-12 05:03:19","trueValues":[4.396824367581754,4.331690774749367,4.297019180617169,4.284855640914663,4.285011841640156,4.2874135918361045,4.283411079063246,4.26695699464283,4.236029466948573,4.193305237860974,4.1450966406652405,4.0992320344479145,4.063313110327937,4.043547829671099],"predValues":[4.611530952741625,4.568040064313115,4.5707738012685,4.624271378618178,4.718130522417423,4.832832138838261,4.949198406806575,5.054583778723349,5.143495431075866,5.215329226037398,5.271928408583027,5.315969139180362,5.350123126335464,5.376712499902125]}