{"timestamp":"2024-05-12 05:03:24","trueValues":[4.319404889163286,4.322621830064554,4.311122380163497,4.281368642032501,4.234422358665279,4.175051929727047,4.109839596977736,4.045714738895412,3.989095921205942,3.9449166149995394,3.915423765137593,3.899475111247204,3.8931217634356488,3.891557197964009],"predValues":[4.397508732081222,4.442884193558827,4.513888904123474,4.606121553672536,4.70903661020199,4.809973276483336,4.899649137936733,4.974115204998677,5.033425166996486,5.079593171070922,5.115179826030918,5.142602846009165,5.16388920245357,5.180639275869715]}