{"timestamp":"2024-05-12 05:03:29","trueValues":[4.119193035294878,4.052503315783635,3.993727489500758,3.951236274087145,3.931538470548988,3.937730019459522,3.968400911504715,4.01781964487515,4.077526396251788,4.1385581709899295,4.19328118397918,4.236431289701838,4.265412529445341,4.279739091211704],"predValues":[4.33357063212464,4.307538816906425,4.311027659698033,4.349819220312502,4.418497770586153,4.503594633852244,4.590843634302326,4.670493254749699,4.7381422889154665,4.793128748390476,4.8367040164409305,4.8708053442001145,4.897411562128752,4.9182658125142895]}