{"timestamp":"2024-05-12 05:03:34","trueValues":[3.837877040355488,3.848100205906908,3.8846787180313975,3.9437542211288976,4.021171373895811,4.113769150738963,4.2197148385624565,4.33795660330938,4.466735629461984,4.601449178498834,4.733187953408449,4.849367720733873,4.936413004490134,4.983082385816174],"predValues":[3.93585491305814,3.944606937883232,3.989584640268369,4.067782348144234,4.167875168370746,4.274726099450117,4.375646195464135,4.463452945298328,4.535903397151967,4.5937647357140365,4.639135332011649,4.674429353558874,4.701888454359812,4.723399884039323]}