{"timestamp":"2024-05-12 05:03:39","trueValues":[3.9852087607501976,4.0569230836690044,4.1486880114668185,4.265162887362739,4.408818761816096,4.5778169373311846,4.765726991512158,4.963061449606286,5.159274113061199,5.344038291607697,5.507659838975873,5.641096223237856,5.736054436738267,5.785612077953706],"predValues":[4.264725531976077,4.3358951873007685,4.406919406344306,4.4749969688032,4.537479125751069,4.591498720509899,4.635574958822936,4.670142247482905,4.696768648744677,4.717274981657629,4.733271394463873,4.746027859030255,4.75649412161633,4.765362694807908]}