{"timestamp":"2024-05-12 05:03:44","trueValues":[4.439104052527617,4.595105581812011,4.770195498409394,4.960438745900842,5.162578996814829,5.373716861358085,5.590346054352345,5.807249009758188,6.016769483315919,6.209087710348081,6.373792213974508,6.502143594335692,6.588823285667552,6.632093029550903],"predValues":[4.383878187989796,4.434940459313951,4.4816258585650735,4.525872089547912,4.568184794592904,4.606787080394412,4.639787743719935,4.66664147742118,4.687961638872112,4.704833227581991,4.718346808012012,4.729416510729349,4.738748553052188,4.746866920887603]}