{"timestamp":"2024-05-12 05:03:49","trueValues":[5.733186576135363,5.962056071945231,6.147974770370679,6.270552554629305,6.309526753643905,6.248568236929736,6.080061093669781,5.809431666965885,5.457645572689462,5.0606253563321975,4.664622695589107,4.3180916767893205,4.0628602395230455,3.928043248827401],"predValues":[5.20561491304615,5.239537929778275,5.249112570781865,5.235890112091105,5.206227821901599,5.168622634286483,5.130488128377512,5.096453879053884,5.068521674279528,5.046981223790974,5.031251048252354,5.0204203228440605,5.013539849495832,5.009754021000686]}