{"timestamp":"2024-05-12 05:03:54","trueValues":[6.311067796811248,6.21005185903548,6.016266212319477,5.744381731142281,5.421194506270171,5.081080259122197,4.758335472846576,4.479292187405881,4.257712662607197,4.09501134233563,3.9840829792797456,3.914139407454702,3.874519607568513,3.856968114626613],"predValues":[6.07958612917512,6.116106433563555,6.1143241871063925,6.074841800003494,6.005643699172519,5.920668776877455,5.834160917971895,5.755904736571226,5.69035471921617,5.638177331195122,5.598076985250541,5.568043055942592,5.54601534822973,5.530170484845869]}