{"timestamp":"2024-05-12 05:03:59","trueValues":[4.853447279020379,4.517281444175971,4.250725641194168,4.07595993703531,4.001645867914265,4.025366350946618,4.136866857508558,4.320188484231054,4.554372774927124,4.813752526706941,5.0692225592109335,5.29128826172669,5.454353048112666,5.540376639917346],"predValues":[5.394324326890074,5.219825640753292,5.088209577186781,5.019693124826493,5.011042199396845,5.043119512607957,5.094407372132919,5.1495295001525525,5.2004012009435945,5.244023978732953,5.280119220464372,5.309574195429571,5.333612395687894,5.353420900240055]}