{"timestamp":"2024-05-12 00:45:04","trueValues":[9.563395945030152,9.474648550124584,9.384456327578851,9.2960624317096,9.21350578834832,9.141522753004164,9.085196269715125,9.04919730995807,9.036651549422546,9.047674340425663,9.077890268579567,9.117980248762931,9.155345362690417,9.177791222552816],"predValues":[9.756334124319611,9.744848329315545,9.733197213709524,9.727694323447936,9.725739712986975,9.72183580784004,9.713564461967714,9.701614599807694,9.68770959560922,9.673379860989662,9.659631672153164,9.646992885555449,9.635661779603362,9.625641012184389]}