{"timestamp":"2024-05-12 00:45:19","trueValues":[9.39876373594348,9.261107490159056,9.06714442945302,8.831412932612988,8.571985837212235,8.308149572252486,8.058484366029072,7.838765312379214,7.659547148318847,7.5242524355702685,7.429257676116855,7.36671253346487,7.3287959078829825,7.310698883533532],"predValues":[9.715629108970806,9.737400396987962,9.743894147706236,9.739539464840805,9.725844965331625,9.703906230402527,9.676548594456564,9.647305984701902,9.618962804074233,9.59313132712566,9.57047124153148,9.551038894506494,9.534577002541576,9.520693793020524]}