{"timestamp":"2024-05-12 00:45:24","trueValues":[8.346427404744414,8.102885439723014,7.885931120641406,7.704461460087321,7.560248471651082,7.448238979634597,7.359643084316023,7.286503867913234,7.225006730298993,7.175579857148117,7.140251748193818,7.1194734469433385,7.110454437319765,7.108050643872808],"predValues":[8.73217512156877,8.620274337150672,8.549163620481096,8.542395841562488,8.59211375339364,8.67147269231437,8.755785401941026,8.831380240596847,8.893678997078407,8.942923273358645,8.98117824801815,9.010831235601437,9.03400216717141,9.052387306524896]}