{"timestamp":"2024-05-12 00:45:29","trueValues":[7.21981906549385,7.112664204979872,7.0456495587228405,7.023726239541192,7.055163466997259,7.147539409905685,7.302958849370679,7.514667295911089,7.766277544200495,8.034020372194675,8.291105602927011,8.511855119557172,8.673983332838471,8.760064600801707],"predValues":[7.851961457983812,7.889678476215117,7.958610788296982,8.069838064024834,8.207045126823264,8.34337721305962,8.460763079893118,8.553667410834777,8.624007340131932,8.676267255559578,8.714985765797532,8.743907302743267,8.765856669222327,8.782875654405386]}