{"timestamp":"2024-05-12 00:45:39","trueValues":[8.219901328617748,8.541535749170366,8.839771457195022,9.09325498458816,9.282776715296553,9.394718431182016,9.424391087132737,9.377520304382058,9.269577114438215,9.123540549394331,8.966482788079817,8.825017523731887,8.72037808793949,8.665436895610814],"predValues":[8.004238742856819,8.065237260777728,8.128315841449178,8.198455100240754,8.268422393711656,8.328039341714689,8.372745806681358,8.403618498834314,8.424039845794738,8.437404767255021,8.44631480349146,8.45253718389689,8.457188221217578,8.46094461360876]}