{"timestamp":"2024-05-12 00:45:49","trueValues":[9.261881998573964,9.184931903086426,9.123340676254998,9.0761169260455,9.03425945068055,8.986902806096495,8.927601349338659,8.857149257189379,8.7824081319957,8.712962847628052,8.657320504579221,8.619720167608776,8.598992897798125,8.590573241803796],"predValues":[9.330553306104202,9.188795939920997,9.059770917975191,8.97011984132265,8.922467905438335,8.903422281043309,8.899056966627914,8.900631764966395,8.903885285044257,8.907114352557205,8.909822739910641,8.911986526117154,8.913727974001326,8.915180509515217]}