{"timestamp":"2024-05-12 00:45:54","trueValues":[8.818431012740174,8.745475190574272,8.679583767570982,8.634080467934478,8.624329741884601,8.662926255086715,8.755321068996327,8.897412265848416,9.07633221493228,9.273547466772431,9.467991073536858,9.638248967287206,9.76467085422422,9.832031823221342],"predValues":[9.384713079510492,9.453132419306574,9.497490966800658,9.517087039695092,9.512536204732818,9.488151681734404,9.451233092905428,9.409088565691436,9.367017927749696,9.328038412960115,9.293458765123312,9.26353945721342,9.2379907794939,9.216282749199031]}