{"timestamp":"2024-05-12 00:45:59","trueValues":[8.651850837911272,8.716976523528373,8.82619071527046,8.96869680835991,9.129290623192592,9.291550933482196,9.439934413180731,9.561601870973654,9.648571670725168,9.699375063807688,9.719090741639224,9.717608703574182,9.70693888002988,9.6981763565492],"predValues":[8.633663711175872,8.53646901824607,8.476245806106315,8.471297351175371,8.512856345775074,8.577487398530078,8.64496239090057,8.704680870205761,8.753441410962617,8.791758845978164,8.821455954493803,8.84450914164792,8.86262078437857,8.877123813262546]}