{"timestamp":"2024-05-11 23:27:59","trueValues":[7.668876333412633,7.599887408327207,7.539426581045749,7.498878646847665,7.488483383081196,7.516346815016719,7.586282745415226,7.695199785335809,7.832230895982327,7.980957508955964,8.123528188711447,8.244207709723923,8.33109644390696,8.376438143984004],"predValues":[7.78964569102231,7.743135052026676,7.697128614288106,7.65707424979712,7.623415294187238,7.594591567501176,7.569629219762196,7.548395356595741,7.530940477864142,7.517132220770343,7.506620275743013,7.498929944076243,7.493553303470483,7.490012199966081]}