{"timestamp":"2024-05-12 02:03:04","trueValues":[6.865668049375028,6.66870822052277,6.554016920027758,6.510740132742555,6.523358719395334,6.575086525747262,6.651810435009308,6.745007133574988,6.850931923758082,6.966008352150556,7.082243087911655,7.186695674213425,7.2652338574769,7.307129872210472],"predValues":[7.567695340823667,7.479970701024678,7.481651549074054,7.58788385683987,7.770747047805541,7.984590841156307,8.192076967628346,8.373174523933674,8.521869773834915,8.63992037832994,8.732157047933832,8.803933565419928,8.860039975624707,8.904380715272602]}