{"timestamp":"2024-05-12 02:03:09","trueValues":[6.560996532579406,6.61146835419741,6.673456403631259,6.745323953763927,6.826786610633867,6.914360016634612,7.000718768051922,7.07815578852783,7.142663781091998,7.195060577725437,7.238682093018237,7.275819160198983,7.305177122270757,7.3220754393617185],"predValues":[7.386278838019404,7.548518948364077,7.756288139853918,7.989698503547967,8.212807958481482,8.400587443939454,8.546475167283841,8.655167084133925,8.73485905635729,8.793326468020418,8.836727112862707,8.8695764759428,8.895067477503762,8.915419985178165]}