{"timestamp":"2024-05-12 02:03:14","trueValues":[6.570356150484964,6.627965994749086,6.713622798079994,6.836568699756139,7.009520362478723,7.244304322428176,7.545876476620418,7.907185449541542,8.306853586311822,8.71150473055043,9.082898260190312,9.38682450533343,9.59933005233242,9.707812793436958],"predValues":[7.144614404721722,7.186537264118956,7.283442778889726,7.438065915262384,7.623974247926617,7.808935575277768,7.97211152780806,8.106073841557347,8.211764471852474,8.293602954013657,8.356673295233884,8.405526064686681,8.443833665518511,8.474408674272462]}