{"timestamp":"2024-05-12 02:03:19","trueValues":[7.569620980310974,7.852496224947023,8.148306610636043,8.426009606214397,8.646107940409237,8.76994742385989,8.770873166073043,8.64256497638359,8.401759838111783,8.085262050924479,7.74262872445962,7.426865577374858,7.1858015608614165,7.05551271341359],"predValues":[7.613409942515713,7.608780434083703,7.634289509279604,7.707769466858753,7.817556699143925,7.938589719192718,8.051032978447754,8.145850191016761,8.221755736720294,8.281071546070585,8.327125294206496,8.36308225934119,8.391553018568432,8.414544808521505]}