{"timestamp":"2024-05-12 02:03:24","trueValues":[8.946982399135063,9.014006347998311,8.946010143890817,8.749709736925102,8.450047274895221,8.083697086769714,7.691027965129767,7.30920196129854,6.967739965851012,6.686042829845396,6.472419242473269,6.325197126713974,6.236092511729602,6.194980042228408],"predValues":[9.220366327540368,9.43824931251137,9.571902779734188,9.62703055576474,9.61997120658836,9.572390236300055,9.504480147747271,9.430913011458417,9.360391814234369,9.29708837628117,9.242339615006848,9.19595309935705,9.157032589669772,9.124453267958776]}