{"timestamp":"2024-05-12 02:03:29","trueValues":[7.507196505751085,7.07349651175592,6.714438237962266,6.481301237996677,6.412627272578948,6.529766886136394,6.833945630591165,7.305333140266485,7.903710527435669,8.570815303561151,9.235388707640103,9.82139229959444,10.258312324285082,10.491653582904362],"predValues":[8.551784031758578,8.37031862382448,8.243731682074266,8.201181029651634,8.228329489852051,8.29265143029184,8.367413552796698,8.437918802695801,8.498474516560691,8.548221930942995,8.588348855762488,8.620640328258197,8.646839656835539,8.668419311164588]}