{"timestamp":"2024-05-12 02:03:39","trueValues":[8.764273365643875,9.45036874789332,10.07399952148176,10.590109177659947,10.969783621567124,11.202699086610329,11.296338589232027,11.272673822166205,11.163304941372134,11.003894418050496,10.828960768625793,10.668421706275428,10.546345465386374,10.480423476676936],"predValues":[8.252328087586754,8.548195883645583,8.781477871373813,8.93876421101256,9.022876250133637,9.050773968817794,9.043639667214164,9.018766624494884,8.987339231222535,8.955526444263976,8.92624715566194,8.900569038821605,8.87860505396134,8.860033596694727]}