{"timestamp":"2024-05-12 02:03:44","trueValues":[11.298482972859851,11.423894862550243,11.42784182547454,11.336751768534311,11.18031542131522,10.986744133225375,10.77999291264463,10.579419154170717,10.40034664234486,10.253555768830996,10.143798304885726,10.069493870606834,10.025041765473064,10.00454307398665],"predValues":[11.000740568753546,10.98117160631152,10.833404224933425,10.62911580290194,10.416969070714243,10.21865504818527,10.042211718665616,9.89022148564165,9.762441949774178,9.656879695444871,9.570623272695968,9.500498632285597,9.443480566671369,9.396907998897191]}