{"timestamp":"2024-05-12 02:03:54","trueValues":[10.104513664612163,10.0448467483243,10.023879205484455,10.03610495636605,10.077337828170592,10.144877407207115,10.236285879068776,10.347887385355378,10.473423664180356,10.603297615390822,10.725340898474986,10.82736178351114,10.89990616469342,10.937359520485607],"predValues":[9.978517039673727,9.974819918173598,9.951338013767163,9.921244880015353,9.89145261912753,9.861566269022523,9.830732647815688,9.799575827489935,9.769247736483909,9.740699898519424,9.71447983841965,9.690779455661447,9.66954612407249,9.650590602063414]}