{"timestamp":"2024-05-12 02:03:59","trueValues":[10.104223423298135,10.171213882778998,10.257342195350828,10.359227528124936,10.471029970705866,10.585073544019297,10.69409743101702,10.793550265159269,10.882052071260658,10.95998399038741,11.02760011658368,11.08367835318105,11.125041461472655,11.147357084847991],"predValues":[10.271599635430626,10.354087705294637,10.388626953241571,10.38053368583115,10.341303798039906,10.283094467252166,10.216405412212794,10.149033811665708,10.085760142052411,10.028888791827692,9.979091143371807,9.936104597400632,9.899226940039018,9.867598078894844]}