{"timestamp":"2024-05-12 04:59:04","trueValues":[6.533537232436904,6.62107914247088,6.717714881661303,6.814851898432549,6.903462412132324,6.975115072061337,7.022738302760748,7.041461791191852,7.029794728260889,6.990805645076339,6.932683227209557,6.868233176592694,6.812858748602968,6.780831470123876],"predValues":[6.408065938961084,6.408068862637324,6.411538336073841,6.419201823076951,6.427782281264491,6.433602523292518,6.435428624893284,6.434176494096223,6.431401925344256,6.428374857280634,6.425855179939065,6.424182571340911,6.423428528659684,6.423521820510621]}