{"timestamp":"2024-05-12 04:59:09","trueValues":[7.065081639959074,7.1333337986319645,7.166401108486327,7.158509043158983,7.108147656766233,7.019110552124136,6.900626180390564,6.766121657593092,6.630364073737939,6.505941848454858,6.401121942101818,6.3202175744993845,6.265336716216757,6.237627973333215],"predValues":[6.744556090067746,6.732797595807089,6.720270706272752,6.706753753647977,6.690287874851819,6.670426544785771,6.648930481018319,6.628216367750749,6.610035752839703,6.595184540694393,6.583743796883297,6.5753964354287255,6.5696588537016725,6.566022464930715]}