{"timestamp":"2024-05-12 04:59:14","trueValues":[6.983926766460604,6.878860739725887,6.765777195374245,6.659776788292028,6.572835560831043,6.511374038909183,6.476385740870623,6.465044269157319,6.47196009240918,6.489901497446027,6.511094429145119,6.529294313740476,6.54135115587201,6.5469955786425],"predValues":[7.170388737089235,7.149461859928003,7.120359586632874,7.084145869566539,7.041771435084566,6.996275577533037,6.951954772041328,6.912290851222785,6.8790202129753535,6.852407848681894,6.831869820460611,6.816468425604641,6.805211474713555,6.797194488674128]}