{"timestamp":"2024-05-12 04:59:19","trueValues":[6.523827172065642,6.485611799929755,6.46860371208541,6.467200081701357,6.474215841522883,6.482277612966534,6.485981777868517,6.483520308263002,6.47648833532778,6.4679450875651145,6.46021874152284,6.454113308167018,6.449700151776783,6.447269380771791],"predValues":[6.605839347174369,6.6003977212194505,6.604390665597341,6.6192465290457605,6.639624951123203,6.658853836860741,6.67345906151875,6.6832473966766255,6.689473365230169,6.693528637069726,6.696465071169901,6.698947272297846,6.701343224976704,6.703827286625893]}