{"timestamp":"2024-05-12 04:59:24","trueValues":[6.560011918158324,6.5746027902238815,6.575807344834851,6.5619527076043305,6.532917811757102,6.488384109477353,6.427589052843889,6.350738628137266,6.260599430446981,6.162962465038658,6.066089642284027,5.979816873527056,5.91443257545707,5.878989247080033],"predValues":[6.540488538486772,6.566233102514385,6.594679940754206,6.622515863554197,6.644247283258988,6.656603536416396,6.66035939723008,6.658528378537456,6.654132365521539,6.649257799862848,6.6450459784500655,6.64197505524284,6.640136860253991,6.639429463498232]}