{"timestamp":"2024-05-12 04:59:29","trueValues":[6.568227714182086,6.522648398963336,6.4546379751577625,6.363354291113806,6.250871163546405,6.122062227853627,5.984268702180286,5.84684555312883,5.720198543121319,5.613943244628706,5.534371741155875,5.482425124216242,5.45382426139631,5.441932606972348],"predValues":[6.465706614720103,6.458750657367127,6.4598146097298175,6.471367250604289,6.489587733827701,6.508545647935522,6.524437821716724,6.536341170845647,6.544916047469457,6.551217500027748,6.556153861570608,6.560357443532169,6.564214835648013,6.567940396544297]}