{"timestamp":"2024-05-12 04:59:34","trueValues":[6.060524557455147,5.925636501492709,5.799809051093081,5.695315400429573,5.622999863360279,5.589337585391031,5.593978921422377,5.629477002281732,5.683831997524244,5.744490970318165,5.801409232257102,5.847945918550148,5.880317925036837,5.896773703860529],"predValues":[6.388685819425302,6.361846870223225,6.347119515635001,6.348764349308872,6.363404923870512,6.38381151955536,6.40397279222478,6.42105197855951,6.434570791705529,6.445095494592815,6.453425446884319,6.460259938778952,6.466112739928745,6.47133256517253]}