{"timestamp":"2024-05-12 04:59:39","trueValues":[5.564239618942818,5.554412013497261,5.574945589756997,5.61557970595698,5.666012988206364,5.718873719101376,5.770431952231371,5.819771115095041,5.867574417671975,5.91474035882854,5.960787063562601,6.00277251621025,6.035612576684123,6.05381830863196],"predValues":[5.685899169520454,5.653436396175943,5.653486763143899,5.692595982843047,5.763053523661683,5.848309916242055,5.932735586087082,6.0071286609138,6.068389379435708,6.117001477176185,6.154911192250596,6.18435088436272,6.207331378293957,6.225490995893823]}