{"timestamp":"2024-05-12 04:59:44","trueValues":[5.798734201391677,5.8546673173320345,5.899205936703641,5.930100689322773,5.945745015095429,5.944067489405417,5.92201233900421,5.876442459286054,5.8064240014809485,5.7159048587738095,5.6151383637390815,5.519323778889035,5.444638535779856,5.403888602132449],"predValues":[5.859821094071666,5.8912373242165526,5.9279341123343965,5.969318483725932,6.011128781587916,6.048289902650457,6.078041364965289,6.100366025158095,6.116694756959712,6.128722229434469,6.137868551868868,6.145163124088211,6.15129500342457,6.156708189983333]}