{"timestamp":"2024-05-12 04:59:49","trueValues":[5.98522540878271,5.982669717065636,5.95632088231692,5.90265680492772,5.822405746070601,5.722139997039198,5.613213388723647,5.50822570322273,5.417238506528407,5.345829774223891,5.295091233596153,5.262678029853352,5.244474756451445,5.236527074828349],"predValues":[5.899394912504259,5.891351214695547,5.889248559901332,5.898794894403141,5.919163216508117,5.944964127750542,5.970685568156982,5.993216879102222,6.011697702405388,6.026471570024707,6.03828415229581,6.04788709980118,6.055899168748748,6.06278615392133]}