{"timestamp":"2024-05-12 04:59:54","trueValues":[5.547277578999257,5.423709731650193,5.322865294064789,5.2615426467643385,5.251371376466183,5.29776327433815,5.39973452332541,5.550250891288371,5.73687864764926,5.94232564283812,6.145253890946032,6.322601965367657,6.453484451986622,6.522771857837299],"predValues":[6.027155976053668,5.978954256141817,5.940517614872294,5.920051748296395,5.91775599797595,5.92781198240418,5.943221882500121,5.959172928489252,5.973443126429006,5.98546608049503,5.995427842811699,6.00374543592637,6.010837211330142,6.017044175988125]}