{"timestamp":"2024-05-11 23:59:04","trueValues":[10.56678993596797,10.525549622078453,10.44703456243615,10.325664256464734,10.160706190371656,9.958726409414943,9.733562407450805,9.503454734753204,9.286805009578076,9.098444244125798,8.947478360940902,8.83707556191279,8.766088437011552,8.731660820339242],"predValues":[10.505338514018575,10.471481280001855,10.423520231802325,10.37448433390139,10.330697232217894,10.291381228871938,10.254841123221697,10.220753716148243,10.189484732970367,10.161377572751908,10.13652207209007,10.114776299792828,10.09585426716614,10.079402475173683]}