{"timestamp":"2024-05-11 23:59:09","trueValues":[9.808311240518208,9.585505316336176,9.37777386684871,9.20837766022298,9.09568216744504,9.050027634010291,9.072470304407702,9.155378320495306,9.284188053554333,9.439466624982296,9.599188121140395,9.74149567003426,9.847617675469197,9.904127021417624],"predValues":[10.64758333676765,10.622162769225202,10.575053308177822,10.519476349161272,10.464763203579334,10.41319540205437,10.36499514398064,10.32068603319389,10.28083951550471,10.245704369182269,10.21515514193698,10.188816008477604,10.16617984387084,10.146706565378494]}