{"timestamp":"2024-05-11 23:59:14","trueValues":[9.089084227537114,9.08780950469638,9.135840189548176,9.218792858145632,9.31890059576569,9.417652279187784,9.498813000038734,9.55143173027768,9.571944774356547,9.56465737843343,9.540040556068297,9.510771367438725,9.487111384570388,9.474478445325154],"predValues":[9.208492480962596,9.136724734505218,9.097154637115112,9.11462546317166,9.180925935059827,9.268779748190884,9.354969192175009,9.42828170284222,9.486241723783294,9.530416345462996,9.563569239294573,9.588397629504,9.607129888963826,9.62146547093586]}