{"timestamp":"2024-05-11 23:59:19","trueValues":[9.317407926150684,9.39716209294134,9.460946608530428,9.508622731190911,9.547183894489391,9.58841836102643,9.644248350932132,9.721406824798974,9.818387291996997,9.92632622932085,10.03261036589274,10.12460888877743,10.1919555051821,10.227468071528282],"predValues":[9.658937963517984,9.760946090694183,9.837412982235836,9.891141646291072,9.921353853402486,9.92911435329902,9.919763373527807,9.900272021400522,9.876421733787822,9.851954284699683,9.828892858094346,9.808118809463853,9.78985433820246,9.773983028838064]}