{"timestamp":"2024-05-11 23:59:24","trueValues":[9.55713130421361,9.597154305632202,9.658463264812072,9.741580190856478,9.840200043059014,9.94467150036197,10.045501651802107,10.135306885929136,10.209280147426636,10.265075584794952,10.302823966098654,10.325146499981466,10.336357469418957,10.34070524177691],"predValues":[9.761781730521388,9.674967151399354,9.598783590664253,9.554152875491075,9.540764564620872,9.545494541200046,9.556492879638247,9.567509291711389,9.57634729919682,9.582759718557863,9.587190417005536,9.590200208800468,9.592266450536057,9.593741046516122]}