{"timestamp":"2024-05-11 23:59:29","trueValues":[9.979549894752772,10.083383459057863,10.172466279364809,10.2406432198217,10.284351648035456,10.302846823931077,10.298460777993252,10.276067012725678,10.24158198568356,10.200600550035675,10.158204055087529,10.119553586769344,10.08996545164084,10.073924569054512],"predValues":[10.035374037305994,10.062054443519228,10.069878732715548,10.06506317215916,10.049967965942166,10.025498922121535,9.994271933566017,9.960044721610531,9.926049277444276,9.894317821842945,9.865822610050785,9.84080763613948,9.819116616324552,9.800392330527202]}