{"timestamp":"2024-05-11 23:59:34","trueValues":[10.23578406991046,10.234938861688285,10.225653265949354,10.215855229502136,10.212437186188572,10.220617100731204,10.244067642065245,10.284553115907284,10.34060317889725,10.406435331009488,10.472814476367397,10.52996490477868,10.57067842536746,10.591482242337854],"predValues":[10.632668866900053,10.632425404405865,10.598858411703173,10.542703627946056,10.475334153708964,10.404233005434357,10.33441986943794,10.269455783380298,10.2113825364321,10.160899684581008,10.11778821789775,10.081326785717245,10.05059735370006,10.02466062440684]}