{"timestamp":"2024-05-11 23:59:39","trueValues":[10.34089023074629,10.36708743301364,10.395509287111045,10.420508313697402,10.432959985015742,10.42187180998034,10.378141587089154,10.298513404165575,10.187509922564471,10.05658982683751,9.92147824253707,9.7992574125685,9.70616490319247,9.655638993564022],"predValues":[10.370224271830644,10.348396105021177,10.314761601976212,10.279342593269718,10.24589733181412,10.213252094493344,10.1805685835927,10.14855486033981,10.118368700525808,10.09085052817538,10.066369258072289,10.044929674414025,10.02630479360884,10.010166100762834]}