{"timestamp":"2024-05-11 23:59:44","trueValues":[10.835842570917766,10.85789878447397,10.807618995227198,10.67163402909718,10.443593129712664,10.123831190897532,9.719371414558283,9.245094781180132,8.72532229025045,8.194014301820612,7.692348403635349,7.2641542235780125,6.950576391588439,6.784468257577958],"predValues":[10.528294156701769,10.564310658516264,10.571752211913868,10.554642858556113,10.518509409692008,10.469400685673817,10.413788642542386,10.357437175110928,10.3043044094312,10.256467218788757,10.214616122353782,10.178602278426776,10.147857430662144,10.12165650735231]}