{"timestamp":"2024-05-11 23:59:49","trueValues":[10.169185383045786,9.828489390773196,9.428579917818722,8.988285970746869,8.53329151375045,8.093702704229987,7.699827433246575,7.377637779997066,7.144479118248425,7.004841151550629,6.947495102619998,6.947069043255175,6.971406787433744,6.991850194860344],"predValues":[10.348842098542184,10.292852103809516,10.234778325283823,10.190806234630944,10.163408198795114,10.14582042568896,10.132017484370142,10.119262813877818,10.106872805549273,10.09495377488415,10.0837608790816,10.073480170266,10.06418713244209,10.055863160397442]}