{"timestamp":"2024-05-11 23:59:59","trueValues":[6.780373781897907,6.8596460736864255,7.005813406794875,7.1908066287959205,7.393418455398017,7.602559648410766,7.817009174320756,8.04211231066135,8.28347560530629,8.539322526256521,8.79547218059199,9.026370309029446,9.202012551259276,9.296934218806683],"predValues":[7.24010113914974,7.249843359959644,7.346161215806131,7.529926759575034,7.763823516679956,8.00295604635361,8.217407432784842,8.395282832084703,8.536428086778706,8.645940493497296,8.7302237005728,8.795207720786625,8.845768448741207,8.885686197815149]}