{"timestamp":"2024-05-12 01:35:04","trueValues":[6.630389988140976,6.529022943427633,6.390350985938481,6.227641758451627,6.056412406823281,5.890922497443231,5.743039763748021,5.622206882627307,5.53438356875521,5.4804877900239735,5.4561836016749785,5.453132081046439,5.460635098092272,5.4679336571428525],"predValues":[7.049445287848891,7.099738898110617,7.148612930663344,7.205402949530834,7.267728019098555,7.326951333964153,7.376684927331504,7.415323169367227,7.444250022087943,7.465764026595961,7.482010363885354,7.494648353116819,7.5048580963364095,7.513436959791456]}