{"timestamp":"2024-05-12 01:35:14","trueValues":[5.4674925142665165,5.60962311430066,5.798315318323079,6.013369114954171,6.231571046424105,6.43159953927922,6.598416664777954,6.724744728286533,6.809631807400015,6.856364645789904,6.8716350067925625,6.865569175960358,6.850809660933491,6.839590983622276],"predValues":[5.564453645333039,5.568949528471434,5.634450840038215,5.760157090768249,5.925865079816944,6.103470437747708,6.270092075621471,6.413509159648497,6.530527041958851,6.623109502725336,6.695257725777066,6.751256624432829,6.794908173854278,6.829307616919182]}