{"timestamp":"2024-05-12 01:35:19","trueValues":[6.57700897576958,6.753739357138271,6.873776732532898,6.930707885226166,6.92304041139182,6.854248967346983,6.733824603533653,6.577438224599394,6.405042724834324,6.237309026834282,6.091663304145962,5.97937938524602,5.90501023140672,5.8684750428483365],"predValues":[6.7753354903697645,6.972443097766527,7.133072262502839,7.248438932209343,7.318133260634908,7.350240275738733,7.35727384340645,7.350798963689364,7.338876743559254,7.326141209856864,7.314830038060959,7.305769299603775,7.299053615279995,7.294445635736663]}