{"timestamp":"2024-05-12 01:35:24","trueValues":[6.703861573374528,6.582603696043986,6.4445734854895615,6.31478365641819,6.217794418191449,6.172796117178256,6.189650977808737,6.267278170134635,6.394832317142861,6.55457215272465,6.724708315227904,6.881647003182815,7.00244373703365,7.068247981327231],"predValues":[7.288764401224421,7.297341138369474,7.297729721520675,7.299597153271926,7.304935520297815,7.310999490608776,7.315355502417951,7.317538691203147,7.31823426035957,7.318325425900515,7.318468686036285,7.319032158184401,7.32015910248063,7.321858555742443]}