{"timestamp":"2024-05-12 01:35:29","trueValues":[5.927359477058819,5.894804209229618,5.9419395846800365,6.0691777088655705,6.270499131090734,6.534967707484618,6.847236928567945,7.187932123474289,7.5348233856999,7.864733670533578,8.155663377422679,8.388871475878656,8.550678882139774,8.633170938835022],"predValues":[6.185586004679839,6.067521579169862,6.00779818277281,6.025620115766931,6.111872950367719,6.238312778045299,6.375160095771807,6.502413901493537,6.611062096094395,6.699471407711092,6.7696313980251,6.824758908266903,6.868102940105631,6.902475006929378]}