{"timestamp":"2024-05-12 01:35:34","trueValues":[6.420052347074105,6.675994154607768,6.960653506222222,7.259144105657275,7.557489318646564,7.844279897345762,8.11192491508027,8.357234641072006,8.580513403438705,8.782543418468997,8.96077683521391,9.107744192457185,9.213242657486704,9.268391165039684],"predValues":[6.409358336753635,6.474903437016833,6.5565130750650304,6.653955881792129,6.756260895001084,6.849824647829287,6.92683906419411,6.986284844242714,7.030807383395,7.063978085072767,7.088994653716565,7.108326001016886,7.123745469507796,7.136483661097675]}