{"timestamp":"2024-05-12 01:35:39","trueValues":[7.876025439750798,8.120232939799973,8.331960523130318,8.51191864306821,8.662709637256189,8.785332339813415,8.877799714051536,8.937372009544717,8.964412825301743,8.964473425136541,8.947241277376698,8.923588736593334,8.90274000132434,8.890843031125396],"predValues":[7.835083606626532,7.932691335272453,7.992252999215671,8.011947148158526,7.996279964553447,7.956048318966806,7.904053394922021,7.850526730316112,7.801503058697637,7.759537407311797,7.725043609240957,7.6973808478110115,7.675507496914195,7.658333291101657]}