{"timestamp":"2024-05-12 01:35:44","trueValues":[8.919518447689452,9.030718612964897,9.096544386147157,9.111720392143878,9.076316267607334,8.995460140662864,8.8773324574306,8.731406460506342,8.568122863532661,8.399644957035107,8.240176757554911,8.104701574245688,8.00652798135291,7.955095200512494],"predValues":[8.538774204067106,8.50578583347123,8.446596273776768,8.374312365568617,8.299408311871733,8.228078053695391,8.16381325783666,8.108259422441284,8.061651770552224,8.023328222395449,7.9921995756771,7.967068186293685,7.9468012625964946,7.930409538861339]}