{"timestamp":"2024-05-12 01:35:54","trueValues":[8.447263935114533,8.267707953554046,8.087357263633718,7.911507174602082,7.74473589766257,7.593355384029063,7.467798373681655,7.381787008159433,7.346635648723294,7.363685199612499,7.420729844101638,7.49532956968079,7.562411194702596,7.601551777474139],"predValues":[8.487569735762177,8.426957674682475,8.375182557933204,8.341680683474047,8.324501959252775,8.316106224245864,8.310565060404404,8.305260182760904,8.299607121856067,8.293801232420492,8.288184318785536,8.283012867094088,8.27842482170694,8.274454735161473]}