{"timestamp":"2024-05-12 01:35:59","trueValues":[7.495404522108039,7.348324204646394,7.247873865328733,7.209972921283043,7.240842955548508,7.332908722986722,7.467417498404179,7.621200476540897,7.773018212666692,7.907153554891648,8.014425096666487,8.091593936294544,8.139862767865544,8.162613221634425],"predValues":[8.355508077357783,8.436563811652835,8.501721923497326,8.546867205688779,8.56764816482675,8.56528344232591,8.546432375295232,8.518949818637186,8.488858811195364,8.459762119463967,8.433395609763433,8.410348801539296,8.390586876465415,8.373789559099116]}