{"timestamp":"2024-05-12 03:27:04","trueValues":[5.131638262742101,5.09450790672727,5.063122042946969,5.042788738509689,5.0428698705253545,5.074028750713914,5.143754109975938,5.252477190556857,5.3925876632033845,5.550234080149989,5.708023690785178,5.847555873560828,5.951849916873753,6.007675521265096],"predValues":[5.427542804095493,5.473610107457611,5.548879222001398,5.654935710509676,5.779436343473744,5.904030799866248,6.015007038120565,6.106797581309076,6.179680178674598,6.236547674962455,6.280859177847946,6.315730927520021,6.343668514516547,6.366579903373014]}