{"timestamp":"2024-05-12 03:27:14","trueValues":[5.383732379449263,5.543768768827872,5.715702460641362,5.895821382772465,6.082890680692814,6.278557048597524,6.486856488641839,6.71133754641514,6.950290137105647,7.193189424931698,7.421428868511798,7.613408879360717,7.750763720703652,7.821927329334301],"predValues":[5.480813580583196,5.579657226912483,5.683544015414583,5.790983535678859,5.89378025807367,5.982867995472472,6.054164897160801,6.108625543431085,6.14954784108229,6.180496681711866,6.20443428092865,6.223560705103407,6.239421648706589,6.253072957544038]}