{"timestamp":"2024-05-12 03:27:19","trueValues":[6.305064825018208,6.473497148745288,6.644402370994094,6.817676967046847,6.986585982895457,7.138851838852252,7.261910966535518,7.349020571169064,7.402326631113212,7.431396212392199,7.448426626491469,7.462522467011807,7.475927256784456,7.484873174502026],"predValues":[6.5645489321056445,6.635053650427247,6.678197676232271,6.696751724335817,6.695227160070917,6.679943908313928,6.657877461890884,6.634698157975312,6.613867762130007,6.596930905670424,6.584203478524884,6.575361749996967,6.5698229782542485,6.5669531242357255]}