{"timestamp":"2024-05-12 03:27:29","trueValues":[7.618878811817415,7.710491143649646,7.799423793313343,7.871391678698801,7.909226707134712,7.900556146561222,7.843242789646733,7.74660067152633,7.62837278593565,7.508787517203261,7.404438322724896,7.324910342159733,7.273096951830592,7.247989217645848],"predValues":[7.17815508433825,7.071624295807183,6.9707566681534185,6.893429152642144,6.843939553346477,6.816669893476467,6.803656876320006,6.79875413705391,6.798243556866868,6.800140225380522,6.803439726911982,6.807628823386716,6.812426310308165,6.817655703946919]}