{"timestamp":"2024-05-12 03:27:39","trueValues":[7.396730980578184,7.439869557713849,7.543373278181294,7.69883099122616,7.89121978517121,8.101211502181116,8.30778677060995,8.49201079997107,8.641290253542856,8.751675510513525,8.826622887776516,8.873421907564932,8.899710009584478,8.911322851610624],"predValues":[7.306764944257944,7.220601015993734,7.150812864139732,7.110912125545734,7.098532217189654,7.103011554978417,7.114556089296041,7.127453488346639,7.139282948203309,7.149411625854421,7.157962049913312,7.16527629050009,7.1716969493123575,7.177494333507961]}