{"timestamp":"2024-05-12 03:27:44","trueValues":[8.10668249779281,8.307348219173917,8.483431404938523,8.622526099433138,8.721205222526724,8.783846846494637,8.81909548461295,8.836372550671394,8.843658351862018,8.846448602150181,8.847601327955076,8.84803908202486,8.84796412959761,8.847719603948429],"predValues":[7.760285336851794,7.830599484640285,7.872973919122257,7.884476458817522,7.866723896686919,7.82748975627569,7.777302195724859,7.7251055380195,7.676436960169836,7.6338273026449,7.597883095370164,7.568202199968221,7.543960937105577,7.52423436193533]}