{"timestamp":"2024-05-12 03:27:49","trueValues":[8.833978059830656,8.872354499948504,8.887097270284178,8.88432323310971,8.867912106795869,8.83966142065289,8.800337975221959,8.751265664262398,8.695534281982614,8.638101054342275,8.584841241640474,8.541154873892891,8.510785319842002,8.495428311707133],"predValues":[8.914961765374699,8.872796772427025,8.771610995640575,8.64088572306671,8.506318474124448,8.381450919792233,8.271772660894197,8.178710185646818,8.101553040723722,8.03851725204088,7.987436109715537,7.9461567248799,7.91274495280669,7.88555609271641]}