{"timestamp":"2024-05-12 03:27:54","trueValues":[8.892704349735418,8.871246160864713,8.837804886240352,8.792589435819135,8.737219260449393,8.674031706390808,8.605066170715304,8.531385276841828,8.453293087099361,8.371791359283302,8.29062532265737,8.217176993939365,8.160940081458772,8.130404941017188],"predValues":[8.791423154788037,8.753707997077974,8.688878134338633,8.608279822480803,8.52279232658308,8.439477653709336,8.362485829388186,8.294100510551992,8.23510843189812,8.185217491591295,8.143526665772036,8.108886949677935,8.080125417559165,8.05616535919308]}