{"timestamp":"2024-05-12 03:27:59","trueValues":[8.583206906622191,8.51670098003096,8.45783355630042,8.4097800136162,8.375559180590695,8.35949012439696,8.367451826376572,8.404748101018034,8.472493666335119,8.564844890889878,8.668888162518018,8.767490472663113,8.843807990927766,8.885213891207979],"predValues":[8.728254205941889,8.696801031160877,8.647218937380519,8.588311645337612,8.52669570015252,8.466372019865602,8.410074241761464,8.359673518633846,8.316016121859915,8.27906749890229,8.248253546062887,8.222756431360697,8.201708088741121,8.184297330941874]}