{"timestamp":"2024-05-12 00:54:04","trueValues":[9.198395697961375,9.162151149400144,9.116771441531975,9.058921457133035,8.984328376272611,8.889548639917226,8.773560821904052,8.638692434309046,8.490769034935223,8.338570955109452,8.192932541611732,8.066004327107661,7.970699126395287,7.919139032744047],"predValues":[9.203539241834168,9.144486829134248,9.10329488879707,9.092326318698769,9.106337638396887,9.131573748547453,9.157291467911406,9.17872520421719,9.195010612452704,9.206902532665415,9.215522593376576,9.221872286592829,9.226704326051662,9.23054231558882]}