{"timestamp":"2024-05-12 00:54:09","trueValues":[8.917461242771335,8.817267389596566,8.698666868179632,8.565569696808703,8.424286231965162,8.282726612611297,8.149869980058313,8.035520483894656,7.949179540323537,7.896847330356131,7.877156370878264,7.880558466866882,7.893233666523223,7.902941334795742],"predValues":[9.116271227106152,9.100202702489916,9.094359602629464,9.10604686550536,9.129592027634082,9.154386396883623,9.173799075541174,9.186426167433924,9.19350784286523,9.19685624952653,9.197994356950222,9.19797309385029,9.19743885846458,9.196758439266857]}