{"timestamp":"2024-05-12 00:54:29","trueValues":[8.73407365060367,8.782662757617349,8.816773554100719,8.838387760967152,8.847361586503377,8.841648457341241,8.818431012740174,8.775927404926133,8.715634024556614,8.643750659993373,8.57031402598033,8.506187174482386,8.45982085877752,8.43583581626902],"predValues":[8.883602414022121,8.854398609424832,8.828957841937452,8.815923295892315,8.813386342282051,8.814486441914621,8.814521791818253,8.812298203143193,8.808433900519873,8.803904062868778,8.79946193550489,8.795532248849288,8.792290423476384,8.789755596176116]}