{"timestamp":"2024-05-12 00:54:34","trueValues":[8.925181342778005,8.929234355413195,8.910259962402929,8.865270698207205,8.79530739156754,8.704979085182263,8.600045155455854,8.484964740232144,8.36242230587715,8.235268702513832,8.109406035104946,7.995377080172718,7.907240467812608,7.858824123485851],"predValues":[8.847115997699198,8.812322124130613,8.785475865737936,8.775851123555139,8.78046813991594,8.790367973454067,8.799011689363898,8.804226730410198,8.806343206219367,8.806418158646617,8.805420919259952,8.804023667805879,8.802617645323082,8.801397940753413]}