{"timestamp":"2024-05-12 00:54:39","trueValues":[8.682398470424065,8.58584353101337,8.484218139635892,8.380435606770629,8.276979196700527,8.17860493330217,8.093776327713492,8.033446800074094,8.00731657657152,8.019006763123658,8.062534454988022,8.122483107349943,8.178475228392603,8.21191490828447],"predValues":[8.837881964977594,8.768221125934417,8.71867544521269,8.700803543933734,8.70928061029787,8.730567897002897,8.753822020451343,8.773927610377825,8.789657254338945,8.801486979984364,8.810348642668465,8.817121737362054,8.82248189906537,8.826901434385583]}