{"timestamp":"2024-05-12 00:54:44","trueValues":[8.056096254118312,7.948015651391181,7.874241199878018,7.85000418963536,7.884618921587045,7.977285371598249,8.116394418685315,8.282975125091715,8.456328128825456,8.618841470004215,8.75822268477037,8.86720032452575,8.941814402697354,8.97974936770293],"predValues":[8.694855191728635,8.679957200763482,8.679679185731914,8.699413468775886,8.7317325833015,8.76481584048081,8.791384349630667,8.809865704511331,8.82161489616577,8.828666537468427,8.832759684204731,8.8351305198468,8.836566842246995,8.837540692223737]}