{"timestamp":"2024-05-12 00:54:49","trueValues":[8.009893930071648,8.136042851963325,8.282111577445855,8.42712352686192,8.55409373598835,8.652527801855257,8.718345601375042,8.752299848285187,8.758289397746395,8.742554438010293,8.713424788474006,8.680499409811668,8.652887679821553,8.637357111633515],"predValues":[7.991941494801713,7.985754995877411,8.007225145241826,8.066810198594965,8.153908905889798,8.247628942502477,8.331952815256594,8.40043036278873,8.453097200791266,8.492630353545245,8.522153636218967,8.54437144933463,8.561368905629008,8.574670037789506]}