{"timestamp":"2024-05-12 00:54:54","trueValues":[8.626075176600011,8.696963162297834,8.740709332513966,8.761776811923479,8.766506522713904,8.762672520007982,8.75847996827951,8.76066182812096,8.772551356234928,8.793257628734398,8.818419052246464,8.842256316210458,8.859987349452382,8.869162642860434],"predValues":[8.845293218457797,8.875334257614785,8.89615907189636,8.908030792164137,8.909191757420253,8.899739777924378,8.882824716142224,8.862576131868721,8.842244621505497,8.82371861411498,8.807802652240735,8.794624580271076,8.783964856699242,8.775463869347684]}