{"timestamp":"2024-05-12 00:54:59","trueValues":[8.899077698150343,8.900989516622698,8.893250014037342,8.874269773674596,8.839032032894995,8.780686618267708,8.693561066309217,8.576562187894424,8.435425172651644,8.282584149841773,8.134581013843217,8.008145571679997,7.9167565023970194,7.869062306101595],"predValues":[8.902718206646913,8.837100811843957,8.784752122974107,8.756429939657618,8.749147859509483,8.75285508098208,8.759407305225157,8.76502528201511,8.768801608562475,8.77101164201133,8.77220423612859,8.772854089620166,8.773284933182474,8.773685476827385]}