{"timestamp":"2024-05-12 01:50:04","trueValues":[10.341920427937843,10.22576808668897,10.09921011591241,9.971052096866204,9.849863058821684,9.743822916321474,9.66008670249164,9.603838361094835,9.577238223083835,9.578449156624783,9.601066184441612,9.63457736150699,9.666475200865264,9.685656643311088],"predValues":[10.398291563736736,10.313552794745256,10.208545507324091,10.106949884286514,10.02247265142416,9.954946893402589,9.90015029015343,9.854751445495326,9.816692091355163,9.784636905057418,9.757595026145395,9.73474729369434,9.715384583321622,9.698893986171797]}