{"timestamp":"2024-05-12 01:50:09","trueValues":[9.648193719123933,9.551214846658407,9.49064584335606,9.472657260816248,9.499307898689578,9.567424770889172,9.668388879858863,9.789488081306184,9.916527661296133,10.03640051345506,10.13876054493508,10.2169720738259,10.26841495463878,10.29352135987978],"predValues":[10.024428856617616,9.9913168942534,9.953493560522451,9.920881812584064,9.895130072260226,9.87263530726799,9.85069976180388,9.828914121194272,9.807906178464563,9.788361668587456,9.77069575358906,9.75503813837895,9.741320781037343,9.729368260989837]}