{"timestamp":"2024-05-12 01:50:19","trueValues":[10.168203027829072,10.173238661469725,10.128822172028332,10.038974943278946,9.912250588745444,9.759403984371842,9.59113525361984,9.416339282767176,9.241719795643924,9.073485085851807,8.919877262500751,8.79173598814574,8.699978269867746,8.652347862872109],"predValues":[10.245254654618767,10.27958073998892,10.282428932224391,10.258485086972003,10.214814400760618,10.158970058262463,10.09826284481058,10.038595928522714,9.983688757153924,9.935260452333456,9.893651223660177,9.85843208809301,9.828825347752067,9.803957089230275]}