{"timestamp":"2024-05-12 01:50:24","trueValues":[9.734285352848383,9.588613981545777,9.445488866459648,9.311038032989496,9.189576827265885,9.085869246827873,9.005525560591687,8.95248263150916,8.92597179851786,8.92017946430849,8.926870696067354,8.938449517133613,8.949313898042263,8.955740669995759],"predValues":[10.080895144788688,10.013744148903363,9.946941867856872,9.895451676646651,9.861464206142866,9.838420853172464,9.82030097099059,9.804235104261846,9.789372728989072,9.775652713759976,9.763187221426683,9.752036851823991,9.74217396292199,9.733501276038508]}