{"timestamp":"2024-05-12 01:50:29","trueValues":[8.994857331779881,8.9067869008183,8.855766092539007,8.844539707354068,8.870455970913607,8.927545799490094,9.008945730215244,9.107561329797791,9.215289762432352,9.32252861219105,9.419164617170225,9.496640974381002,9.54965360354613,9.576236731077188],"predValues":[9.453819217434276,9.419535658263982,9.40174375939851,9.41080556101069,9.439461840784812,9.473223922429352,9.50230812208954,9.52360577455578,9.537707994006098,9.546365265142132,9.551302556945611,9.553859976289557,9.554971504838338,9.555246330404918]}