{"timestamp":"2024-05-12 01:50:34","trueValues":[8.975455284672297,9.043272878740392,9.118619204915795,9.192643497853124,9.25605431446096,9.300473461789842,9.320835006281715,9.317308521158516,9.29544686496666,9.264245923708554,9.23284404615612,9.207523946760835,9.19078829238433,9.182674825028975],"predValues":[9.178803877686928,9.20979750372073,9.245692274288132,9.292447704721695,9.34273918867343,9.385760287181988,9.416390845784504,9.435308625791208,9.445529266349512,9.450102959144209,9.451337813672575,9.450770620481975,9.449341208589257,9.447587002845127]}