{"timestamp":"2024-05-12 01:50:39","trueValues":[9.256749086251135,9.276798594751554,9.27852143742329,9.26894560037033,9.258206140173762,9.25596554101876,9.26811208685312,9.295527664746391,9.335142414646349,9.381660761515704,9.428711217460783,9.469795247565823,9.49962099783603,9.515097876696746],"predValues":[9.531952072855356,9.583279069773624,9.617574855226376,9.637912478730833,9.643822557356057,9.635550148328736,9.616578147417211,9.59190338310477,9.565746580727286,9.54076509619837,9.518273520671125,9.49870030560911,9.481981661712547,9.467824158202417]}