{"timestamp":"2024-05-12 01:50:44","trueValues":[9.211114221183824,9.208223502748496,9.2225091164357,9.253332637670068,9.298213725844905,9.353759853366556,9.416298882877312,9.482788596354847,9.551293520128144,9.62012961668283,9.686257857461577,9.7445320407041,9.78851848394943,9.812293819134885],"predValues":[9.23310664544024,9.145036480267407,9.080263762109126,9.056640458088166,9.069034719036695,9.099871529708524,9.134298083225836,9.164849968358617,9.189353564716631,9.208122503023834,9.222277348646474,9.232991293123128,9.241235528543044,9.247740442388778]}