{"timestamp":"2024-05-12 02:29:09","trueValues":[9.221847302450414,9.25212170412912,9.300801976683744,9.361464537625778,9.424702059969196,9.480819633301437,9.521729837564555,9.54211849250884,9.54038236039965,9.519262254817814,9.485485820580823,9.448192469615602,9.416774113160722,9.398893440853048],"predValues":[9.23776645378965,9.160373554246092,9.089660989122684,9.038983579907242,9.008539605006604,8.99070624309627,8.978730865216338,8.969087517821102,8.96045682555998,8.952523562976523,8.945302082663185,8.938849263412274,8.933181849914988,8.928261834380198]}