{"timestamp":"2024-05-12 02:29:14","trueValues":[9.543074268850644,9.59523850032861,9.6217519912074,9.61823720078916,9.584603760899192,9.525039439068486,9.44687149953252,9.35892625507177,9.270101781428965,9.188212799405449,9.118963135557143,9.06552790228093,9.029259432732278,9.010872698646295],"predValues":[9.56037445853026,9.590992259272818,9.597669935805476,9.58154984817191,9.546316360012296,9.49794706029413,9.443434851006518,9.38879399996434,9.337923096539544,9.292702861920842,9.253623410561596,9.220388122217797,9.192332525016663,9.168678921078303]}