{"timestamp":"2024-05-12 02:29:19","trueValues":[9.580114057349212,9.519488706832057,9.44650736894624,9.367138064264296,9.285843917461293,9.20482087518238,9.123976974520373,9.042148060754156,8.958900898222685,8.875624764717564,8.795778103442217,8.72502646737269,8.670974869987287,8.641422882128662],"predValues":[9.74113100787048,9.706001177323015,9.654080408339237,9.595682367539624,9.538292197676643,9.484670380698551,9.435806182329545,9.392355569202422,9.354598151081252,9.322374986294063,9.29520871824746,9.272456138168584,9.253437890014716,9.237506512393018]}