{"timestamp":"2024-05-12 02:29:24","trueValues":[9.207064663802374,9.13572536880856,9.065565112705803,8.995481403762794,8.925744017559872,8.858210020087078,8.796481380472363,8.745725829364682,8.711100465863034,8.695101843687812,8.695766049771839,8.707056224256565,8.720958038990052,8.730105956156944],"predValues":[9.244077341848534,9.19687113369648,9.15844658581504,9.13797022058355,9.13239078316222,9.132977644720256,9.133473606526096,9.13171514816198,9.127817090367522,9.122585836207524,9.116804930914366,9.111024025621209,9.105566319446968,9.100584906711136]}