{"timestamp":"2024-05-12 02:29:29","trueValues":[8.771512653803404,8.696881830940605,8.641080812008557,8.612959564986394,8.618646115273618,8.659255180883997,8.730663580952577,8.824909347710998,8.932088926578643,9.04205343995947,9.145472905393447,9.233927932674993,9.29939861208844,9.334524721593414],"predValues":[9.336958283380271,9.367925330539162,9.387105178252488,9.395974548810312,9.392949872845431,9.377826493021033,9.353743374464113,9.325272083659373,9.29620967867661,9.268895632085496,9.244429246152356,9.22311883582616,9.20483256988734,9.18924033870951]}