{"timestamp":"2024-05-12 02:29:39","trueValues":[9.023535937808928,9.207087521634795,9.407929726745312,9.61682426779889,9.821748988095743,10.010563189154007,10.174015296194623,10.307486432335557,10.410766624464996,10.486352692092098,10.53775676774761,10.569025750925489,10.58508417556926,10.591260042943595],"predValues":[9.206260918625064,9.233248576632269,9.246031420731995,9.246835165909308,9.235794301271248,9.214099560413835,9.185400754439858,9.154157286981892,9.12381537496091,9.096329097260377,9.072462862322729,9.05225441215034,9.035380547624298,9.02136816477118]}