{"timestamp":"2024-05-12 02:29:44","trueValues":[10.21027047630582,10.382572817114328,10.501410687884215,10.5593691140928,10.55291576326439,10.48193475150438,10.350646272571147,10.169399608777567,9.955531097073134,9.731982027548591,9.523674348053053,9.35259941968794,9.23360313882358,9.173365839880123],"predValues":[9.966206236392416,9.9848311171976,9.966685187718316,9.91611622031251,9.841880891108389,9.754632544747809,9.664298922587546,9.578336462195162,9.501096125393596,9.434286402262128,9.377873271840876,9.33089723674555,9.292024569033112,9.259873698785682]}