{"timestamp":"2024-05-12 02:29:49","trueValues":[10.383604609038375,10.279125709650444,10.144295329846564,9.998049323268376,9.862813881410853,9.760123740304431,9.70504114836123,9.70146097391071,9.74094867678859,9.806389056284637,9.878637880377903,9.94235541720222,9.988252349976154,10.011973995834284],"predValues":[10.501465440366534,10.452886699114073,10.362462708779113,10.24687490283335,10.124237316106171,10.0056046342506,9.896613705057762,9.800091457663209,9.71697027899882,9.646814275516046,9.58835616645914,9.539966135218542,9.499967054787373,9.46680725044832]}