{"timestamp":"2024-05-12 02:29:54","trueValues":[9.892051175390527,9.848118953050015,9.84154280781952,9.85880047129928,9.878198797364377,9.877316378717328,9.839765212665467,9.7584301343951,9.635323164736995,9.480300282085675,9.310292761336989,9.1483567133213,9.020524019704006,8.949842286075494],"predValues":[9.763948971981634,9.640926523145747,9.525665637361389,9.44222072800058,9.395054388160892,9.373213463491467,9.364489745168155,9.361151970056824,9.35944932733002,9.35791891571264,9.356160457348524,9.354179268012654,9.352092294754636,9.350012763581592]}