{"timestamp":"2024-05-12 02:29:59","trueValues":[9.950747962744138,9.95152459746904,9.908932482001546,9.820146281938609,9.688882255570295,9.524916113088898,9.343666791407829,9.163843160576985,9.002552447644135,8.87031457129908,8.769593127457327,8.697703915541606,8.651176531854777,8.628141684124348],"predValues":[10.055846149917498,10.126031921740168,10.156396691593574,10.14847725002507,10.10921972020392,10.049103620930058,9.97905127505944,9.907845406017682,9.841062261761127,9.781442124293106,9.729786080903438,9.685787942953148,9.648613133770027,9.617258035037436]}