{"timestamp":"2024-05-11 23:55:04","trueValues":[9.678922619563618,9.68345006511597,9.67484860961725,9.657573935657547,9.637547284989552,9.621101871927078,9.61418232763273,9.621317160813856,9.64421858259223,9.680562004568134,9.72400517561028,9.766008834787243,9.798564767088315,9.816149350729482],"predValues":[9.883407193691948,9.885712645301735,9.876743338174244,9.860386166976472,9.837683023604937,9.80918302761529,9.777097009822644,9.744427851514448,9.713578282982668,9.685900105805274,9.661875992350652,9.641437369121537,9.6242333949691,9.609807444822366]}