{"timestamp":"2024-05-11 23:55:09","trueValues":[9.578390151522482,9.557833518088762,9.553323083016352,9.568845677541916,9.604679848274522,9.657207147183776,9.720430316934742,9.788301600330156,9.856195209980497,9.920788786521875,9.97910868542925,10.027826699986246,10.063256871820204,10.082011989112452],"predValues":[9.840361111040972,9.804156430792109,9.768408907191713,9.74104117127328,9.72142011423643,9.704919948691636,9.68866856141601,9.672277900835851,9.656393833611496,9.641701031560656,9.628603493581975,9.617223482500052,9.60749295639511,9.599243405200212]}