{"timestamp":"2024-05-11 23:55:14","trueValues":[9.620527768228998,9.673110882775564,9.732329679232429,9.79544387559626,9.861245727791095,9.928925643287153,9.997102052166548,10.063487044876933,10.12514950309312,10.179164687419895,10.223310072337192,10.256443297801336,10.278342695995564,10.289202824284228],"predValues":[9.791573991409209,9.812364518942143,9.82444355443423,9.830138344172678,9.827605377393652,9.815387068597031,9.795300881249236,9.770986526480588,9.74576051630249,9.72178158693522,9.700138940672632,9.681192987058523,9.66488684730058,9.650960580002174]}