{"timestamp":"2024-05-11 23:55:19","trueValues":[9.877320631337312,9.933007626895996,9.99033985481167,10.048883016268295,10.10841225398412,10.169335819477782,10.232706236195757,10.299611111699402,10.37015304044588,10.44251881158876,10.512554678556931,10.574100721301008,10.620208158764244,10.644938207136498],"predValues":[10.008040322347448,9.99102133716439,9.964339336218664,9.93507440020908,9.90548467034808,9.875124153114662,9.844390468477492,9.814680602101896,9.78731392933846,9.76304794812215,9.742090505254769,9.724286911684338,9.709295363079496,9.696706013189118]}