{"timestamp":"2024-05-11 23:55:24","trueValues":[10.289439376270936,10.358815555563815,10.417779194821534,10.462057474113386,10.486135276895324,10.483562973381432,10.448135459434964,10.375983914023871,10.26819062893453,10.132821761124951,9.985151658429029,9.845689112305646,9.73648395738103,9.67640241064455],"predValues":[10.331674271659626,10.323622998871564,10.293073771626275,10.247483559068812,10.19397603125284,10.137262559545093,10.081081728490563,10.028463529829116,9.981275926889497,9.940240801914292,9.90526353410882,9.87578862498744,9.851069739742645,9.830333964692024]}