{"timestamp":"2024-05-11 23:55:29","trueValues":[10.495637224676036,10.482196819211005,10.436148918427572,10.356800876845556,10.24945411685472,10.125604533431598,10.001059646640805,9.892499826799028,9.813181553556912,9.768953242549893,9.756504760696542,9.765171068650046,9.781300193101082,9.792854561602422],"predValues":[10.383499888271226,10.361277290958078,10.32059034924421,10.271115368329744,10.219807508201413,10.169211430343196,10.12076505188779,10.075927021490312,10.03575145732973,10.000652458277166,9.970518924635488,9.944908583926177,9.92323829563368,9.904889835127571]}