{"timestamp":"2024-05-11 23:55:34","trueValues":[9.943255377906707,9.800857992415644,9.693366111767794,9.641224738122247,9.656880758599868,9.74195867403521,9.887780481769816,10.078337193867249,10.293512854639808,10.511563286522748,10.711463536306416,10.875417984082857,10.990698538234646,11.049906703141543],"predValues":[10.62107835112883,10.58301580752368,10.517146976564067,10.441755997878811,10.370481555339785,10.306953260104835,10.251039280954416,10.202265982337604,10.160207570678324,10.124322900083389,10.093947498680016,10.068337157970706,10.046748732612937,10.028490640281523]}