{"timestamp":"2024-05-11 23:55:39","trueValues":[9.76260195460114,9.882607701134624,10.038022887979633,10.20965544114038,10.3781277660742,10.526476161657852,10.64279222877618,10.722010033871127,10.7658651774744,10.781139525308294,10.77717714663655,10.763690493929175,10.749251785922484,10.740289389302472],"predValues":[9.796052000254225,9.811809552034005,9.828645142980172,9.85252945155276,9.87811959231714,9.897246282280646,9.906595135741869,9.907436091344051,9.902592888757756,9.894635173609382,9.885375625167864,9.875917798319506,9.866862907214802,9.858487903730325]}