{"timestamp":"2024-05-11 23:55:44","trueValues":[10.56176918649727,10.681515523211615,10.760495181587366,10.799053686998356,10.80269871390366,10.779823871000197,10.739762064424234,10.691548516913048,10.643182938237372,10.60097568487859,10.56878919893878,10.547534072672397,10.535641089304688,10.53058047152162],"predValues":[10.61860332629711,10.662372354345669,10.661795592760097,10.625302797507196,10.565160119358422,10.492558859383834,10.416568261280585,10.343683670499445,10.2776739715028,10.220078612725503,10.170979457102282,10.1296684434055,10.095104211316148,10.066183205947912]}