{"timestamp":"2024-05-11 23:55:49","trueValues":[10.83515098859258,10.80563993220132,10.76356025744211,10.71441219668905,10.661928487134652,10.607621998338852,10.55067410095439,10.488866522081189,10.420605060802078,10.347046429753192,10.273076357720685,10.20654996539577,10.156168113269338,10.129043308267594],"predValues":[10.86095057089126,10.802040089383365,10.708093866545193,10.605095942067305,10.511791333269484,10.432148266175956,10.3646182555344,10.307339185368546,10.258880049053182,10.218053302457282,10.18376070646952,10.154976848095824,10.130765087784331,10.110299885680304]}