{"timestamp":"2024-05-11 23:55:54","trueValues":[10.58726258015697,10.54061718626554,10.494397054372683,10.44704306767612,10.399074577391616,10.353886769000306,10.3168576120517,10.293157229293495,10.285365897902064,10.292154142554352,10.308729792103891,10.328650658849742,10.345794564744882,10.355587285417116],"predValues":[10.581629984985817,10.537725404675214,10.481302705858994,10.426800596543847,10.380963200449711,10.342109669527211,10.30745453768566,10.275836839668948,10.247112517975054,10.22137725655366,10.198627334362278,10.178711251813912,10.16136481489195,10.14626854551996]}