{"timestamp":"2024-05-11 23:55:59","trueValues":[10.343620412777156,10.307503974392995,10.286277553311514,10.282805820670632,10.295915584931768,10.320774275058596,10.350631388401196,10.378720474984718,10.399447213217869,10.409077271175647,10.40665327778376,10.394951130737912,10.38028597071698,10.370300287412888],"predValues":[10.70829746072701,10.69917559085753,10.665134431026429,10.618577810577197,10.568978440528149,10.519675690723105,10.472134057169672,10.427752651843164,10.38759037712004,10.35212777905869,10.321335089319218,10.294861466752796,10.272190749608647,10.252766907823636]}