{"timestamp":"2024-05-12 02:19:09","trueValues":[10.801624927357253,10.79766254868551,10.811287943119922,10.847977953624664,10.909596822485998,10.994625301214008,11.09877515413054,11.215840745521358,11.338451221796126,11.45854627334931,11.567729102019,11.657845840559986,11.721925913238085,11.755135685861973],"predValues":[11.20722972162767,11.191939426468828,11.131213607804506,11.047955813723071,10.963003882154808,10.884051865808969,10.81270831819517,10.74934800144966,10.69395709455749,10.646147545944952,10.60522564697687,10.570338747346096,10.540591670545624,10.515136550465794]}