{"timestamp":"2024-05-12 02:19:14","trueValues":[11.061444061162945,11.15819860792422,11.257337279765018,11.349727575265897,11.4264490924292,11.479610563293832,11.503390151099268,11.495384062398555,11.45783449107919,11.397912949169676,11.326639569785645,11.25693647033136,11.20153599504422,11.170858126044362],"predValues":[11.079609659009664,11.089003696558231,11.065716881093646,11.021094139582946,10.96666698269505,10.9084300098774,10.84985282746089,10.793758111961074,10.742129710601311,10.69595954699329,10.655442178501357,10.620264505979051,10.589861462545777,10.563575486836225]}