{"timestamp":"2024-05-12 02:19:19","trueValues":[11.557176757101807,11.601710193592806,11.60980611889072,11.579826211146028,11.514664378259049,11.421057833442235,11.308192767442364,11.186309489185165,11.065377203072284,10.953791112533132,10.857641500964831,10.781112414855883,10.72751186097772,10.69975554190809],"predValues":[11.594146377370611,11.601805877542484,11.550217344495092,11.460704477992088,11.357363686027847,11.2534865323679,11.15527812114899,11.066057622270009,10.987381494645742,10.919457585078003,10.86159909543909,10.812654097290352,10.771312783676173,10.736294052825835]}