{"timestamp":"2024-05-12 02:19:24","trueValues":[11.386899194984029,11.27652510114082,11.16218224969589,11.054823795000091,10.963425954688391,10.894037549113056,10.849932032508123,10.832426122336695,10.841199277367345,10.873484636721823,10.92264492375734,10.9776212002009,11.024780097955611,11.05188682932242],"predValues":[11.637625164105142,11.610877779127131,11.521460596573808,11.40436470526559,11.290747457105734,11.190195320697164,11.102835343061956,11.027382701386903,10.96263549894854,10.907425328405765,10.860539129907636,10.820761185715725,10.78694116212388,10.75804301458807]}