{"timestamp":"2024-05-12 02:19:29","trueValues":[10.899664828509229,10.844868756837569,10.813187801098564,10.804781434541692,10.81793585131268,10.847727049045504,10.885503603956607,10.920691908028877,10.944623526998804,10.953808654590572,10.950271537917406,10.939382172866342,10.927389784506463,10.919751547434522],"predValues":[11.111086488989349,11.110627206030884,11.084916397174409,11.047749561653765,11.008507979157557,10.96887037142518,10.928923385588837,10.88967914520514,10.852430446749766,10.81810276664712,10.787134124755736,10.75956385781048,10.735189966362032,10.713682340783992]}