{"timestamp":"2024-05-12 02:19:34","trueValues":[10.9668014718021,11.015057545513145,11.048065850265203,11.05253801175774,11.020807087733909,10.951870523032056,10.850058547952704,10.723473998301232,10.583196543873076,10.442429506569058,10.314708975803889,10.21146333621183,10.140140520120465,10.104074581598637],"predValues":[10.726937757279645,10.71629823365274,10.698253303898117,10.686841929743796,10.68321816593842,10.680882414411236,10.675405039869563,10.66611944413063,10.654121739995771,10.64077701848042,10.627159597708484,10.61395627580766,10.601542346491694,10.590073561967566]}