{"timestamp":"2024-05-12 02:19:49","trueValues":[10.331594535034892,10.407742480077616,10.500302880377925,10.604314523144918,10.714751874710416,10.827703056265,10.94115179435792,11.054383117254067,11.166571485098704,11.275585803701462,11.377260100208778,11.465071918717474,11.53071004504286,11.56607111180205],"predValues":[10.62740518651266,10.66767643462292,10.6891718339185,10.699303169457105,10.69966836319838,10.689568922309672,10.670634663400524,10.646346355929287,10.620052406557264,10.59408644050164,10.569768364690503,10.547683445949396,10.52796776811786,10.510507042033783]}