{"timestamp":"2024-05-12 02:19:54","trueValues":[10.786634441907408,10.884604706407115,10.98366204689069,11.08531614345307,11.190201699627142,11.297167318551754,11.402653025721316,11.500860373785232,11.585249364782882,11.650825828118474,11.695926989377574,11.722625469225743,11.73568792308954,11.740466273221053],"predValues":[10.98123114299132,11.003446829796992,10.99271162222041,10.960359284101155,10.916502014187897,10.866613465979812,10.814578939411412,10.763795214696325,10.716655985309044,10.674396105777936,10.6373462173069,10.605278273149194,10.577676643131545,10.553928418398502]}