{"timestamp":"2024-05-12 02:19:59","trueValues":[11.417141170435343,11.534758539269315,11.63274847213646,11.699818136664554,11.72658731631999,11.708083103606905,11.64498698087801,11.543513620665022,11.41421589946263,11.270337539061522,11.12657665728752,10.998527080050952,10.901773064867175,10.849542386201929],"predValues":[11.186373810062449,11.164141112776836,11.109592756219346,11.041728914908909,10.975093549196856,10.91347255402553,10.856962676499602,10.80571435305107,10.759996030316536,10.719839602945893,10.684964929597577,10.65487232742326,10.628954734919976,10.606593395879797]}