{"timestamp":"2024-05-12 00:22:04","trueValues":[6.604748683042393,6.529517974972852,6.45865125237496,6.407707522832908,6.392386927756668,6.423066524383395,6.500946880492821,6.617568604672625,6.7574401996808895,6.902247491760139,7.0350166798146665,7.142945251377306,7.218131572725746,7.256535920662252],"predValues":[7.036795869701214,7.1023329963019375,7.150479299259599,7.1852024730209205,7.207018945125426,7.216166064926073,7.215248562164142,7.208309349502359,7.198952522378666,7.189545992758888,7.181322754650152,7.174747406785902,7.169853704337275,7.166468087251102]}