{"timestamp":"2024-05-12 00:22:09","trueValues":[6.357503483379633,6.409457077273929,6.501920996258312,6.623205585358139,6.759551891292574,6.898996629569766,7.0337363754102,7.160203180645814,7.277214019554316,7.383660021474417,7.47708901940682,7.553513916326115,7.608166727862006,7.636758420970093],"predValues":[6.354035205992487,6.339652978094982,6.347146891876159,6.38862827616112,6.458859232071139,6.541657078722237,6.62188873500067,6.691352225897633,6.7478869546716025,6.7925437171421885,6.827490685030263,6.854959952250855,6.876854034670101,6.894660551916774]}