{"timestamp":"2024-05-12 00:22:14","trueValues":[6.861304861269626,6.979626570288742,7.090302334362191,7.194428532080052,7.293684948336708,7.388750141808636,7.478844022517197,7.562091185048667,7.636291430137906,7.699627825895993,7.751005322676593,7.789976863803702,7.816344170870481,7.829741518558156],"predValues":[7.006189497874868,7.1046549268141685,7.182344978179232,7.23588067960261,7.263992624018552,7.270022307580879,7.261115992386927,7.2447753000916,7.226497273604005,7.209425662248624,7.194955856958288,7.183439762036819,7.17470009638856,7.1683426952985805]}