{"timestamp":"2024-05-12 00:22:19","trueValues":[7.384244225144962,7.476645417984553,7.563377071016864,7.642244832329236,7.711287180953233,7.769074970784885,7.8146064440287955,7.846895524425761,7.864564628889143,7.866259829530971,7.852511109116973,7.828056683677543,7.8021864015716,7.785650354545677],"predValues":[7.22631361357837,7.209415828064907,7.193048556894669,7.184978147316672,7.184910105396899,7.188350474965388,7.191690376386713,7.193710105091206,7.194629999951879,7.195068285599161,7.195548565868805,7.196382876752264,7.197700391581606,7.199511476118046]}