{"timestamp":"2024-05-12 00:22:24","trueValues":[7.91489996798448,7.983046608523974,8.024970796864952,8.033027385427996,7.999652026413415,7.920045106589766,7.795525203941388,7.635051525623305,7.453373486689918,7.267216375756517,7.092485788936135,6.943726749735107,6.834442123974504,6.77624555104672],"predValues":[7.588662617874764,7.567055321515808,7.542523551550387,7.520017357641938,7.499484379406889,7.479388357875376,7.459499385779422,7.440759418445872,7.424187489938818,7.410344946096384,7.399325078769504,7.390911535916404,7.384743110627043,7.380416867157768]}