{"timestamp":"2024-05-12 00:22:29","trueValues":[8.017304651974353,7.9146001582754835,7.7690226104013105,7.59072008858163,7.39152258425061,7.182664456255663,6.974931412035701,6.779817486046019,6.609615939510483,6.475369497588398,6.383119937230174,6.330636626358899,6.307649089025811,6.300781240643165],"predValues":[8.133900860434242,8.180938558519362,8.201926301304141,8.195514413520593,8.163432914136683,8.112726002370088,8.053202346217995,7.993390575061865,7.938576695544013,7.89107333557045,7.851266420404887,7.81854729381186,7.791914463784718,7.770295206932053]}