{"timestamp":"2024-05-12 00:22:34","trueValues":[7.122040700470999,6.9220197825952345,6.744431169355664,6.603104248051645,6.509750335440867,6.469786472018953,6.478645609709937,6.521648103006058,6.578701917207042,6.631573013863269,6.669665458702693,6.691447644058563,6.701348540751686,6.704762597234014],"predValues":[7.42273442284743,7.376788053366159,7.349487296212502,7.349683448309346,7.372009171657148,7.404119110437215,7.436018544527984,7.463062815538748,7.48436977061121,7.500711260272784,7.5132721707670065,7.523135325457757,7.531133440495996,7.537861882679734]}