{"timestamp":"2024-05-12 00:22:44","trueValues":[6.63884127299645,6.73821011789398,6.849697069229713,6.974879317440875,7.10933227722102,7.243471340488464,7.366671601997507,7.471570447609034,7.556078511966284,7.6222933998772415,7.673481920857223,7.711628985284589,7.737148426241706,7.74991824669273],"predValues":[7.185444074993862,7.289128000233204,7.372645469922519,7.429740614273989,7.458192768288793,7.462286446602596,7.450566491710559,7.43144990171952,7.410811671139822,7.391867046469457,7.375958792468934,7.363352166309863,7.353788555539362,7.346806019311474]}