{"timestamp":"2024-05-12 00:22:54","trueValues":[7.709382272988357,7.701908293363363,7.66540114551801,7.601391772647174,7.514019568729506,7.410153843985773,7.298907963045482,7.190488745451984,7.094103645051971,7.015647324723223,6.9567200985241335,6.915701984028873,6.889951838437528,6.8775060144716695],"predValues":[7.574213278318108,7.551026931000687,7.520400093440658,7.489059347300518,7.4592817047938995,7.4314610648469825,7.406196515300263,7.384303761824762,7.36627026098635,7.352105581179993,7.341470575961825,7.333854133567309,7.328704742342037,7.325504645802744]}