{"timestamp":"2024-05-11 23:36:04","trueValues":[7.46473622150315,7.497089622777401,7.525681581674237,7.553338229962953,7.582618847508735,7.614912446314436,7.650258097326176,7.6876372980573615,7.725128927429422,7.7599674535078575,7.78910746880536,7.810378010819193,7.823392356919399,7.829278780345954],"predValues":[7.438864610453462,7.435495738058483,7.421019288049419,7.397870416945621,7.367343515955259,7.332002117563505,7.295745342719814,7.262113231773591,7.233185581686628,7.209630585374189,7.191213551370809,7.177268678859966,7.167001791059317,7.159647947948923]}