{"timestamp":"2024-05-11 23:36:09","trueValues":[7.653018047696942,7.688043954843501,7.720104191127483,7.746028428349495,7.762125658150637,7.764990329288552,7.752926975332664,7.72711702727277,7.691573097854193,7.651815885184714,7.613236914040042,7.580206548821806,7.556069740937564,7.543303109951529],"predValues":[7.519358201544144,7.510975224397193,7.492143825733949,7.465122146766859,7.431075139583275,7.392456300126236,7.35312248893409,7.316640856808651,7.285134258489067,7.259288428948042,7.2388553872826575,7.223138501181493,7.211308243958575,7.202562465169088]}