{"timestamp":"2024-05-11 23:36:14","trueValues":[7.806567663311942,7.810728054601771,7.799963876051537,7.775890325889582,7.7411642284520195,7.698034953922573,7.647750912055814,7.590966740540805,7.528411763705103,7.461387549053104,7.392618431263193,7.327666305699262,7.27542845073779,7.245924039065257],"predValues":[7.654500883128231,7.655114323561178,7.641833922923112,7.6158557305850305,7.578642913610787,7.534024424720073,7.487459299030872,7.443724026153452,7.40560885637598,7.374048302940325,7.348808471747274,7.329095186014481,7.313946556258916,7.302433650802437]}