{"timestamp":"2024-05-11 23:36:19","trueValues":[7.784382542212419,7.751089577710061,7.704539336190811,7.641525607974144,7.559269571688107,7.456742890662394,7.336690896886568,7.206860269242208,7.078574937385178,6.963106204799017,6.868422949759561,6.79816833865087,6.75261294441954,6.730432341728752],"predValues":[7.559456421178733,7.52168172678887,7.484053216211018,7.451702738613008,7.424580857287502,7.40079356160834,7.379391719952448,7.360530287160555,7.344598909538858,7.331746162998112,7.321822142683816,7.31448318374337,7.309308542586933,7.305874020370926]}