{"timestamp":"2024-05-11 23:36:24","trueValues":[7.476366605586737,7.367159324352125,7.24843999536434,7.130201478223695,7.022007915278191,6.929815100817903,6.855094175569156,6.795997907725631,6.749436503078918,6.713041783874438,6.6859686747843945,6.66799085668892,6.6580195259772825,6.653923455564738],"predValues":[7.616149427152798,7.634101065056484,7.639995462145513,7.633175854420831,7.61304341983069,7.582063880600591,7.545485501370477,7.508659141237441,7.475165772018254,7.446638399787452,7.423360886929085,7.404900529359599,7.390534913258914,7.379494845987102]}