{"timestamp":"2024-05-11 23:36:29","trueValues":[6.941960583497266,6.870672851520782,6.814328826174299,6.769219691252727,6.732287015620047,6.70198430743956,6.677459979559114,6.657186278248821,6.638907454394978,6.621090970070215,6.60409364667021,6.589680188594684,6.579553903042315,6.574463384024972],"predValues":[6.957636006553569,6.908765429254581,6.882009539036602,6.886171790847675,6.916023854204045,6.958329449399999,7.001326095343639,7.038831811519401,7.069177976160368,7.092954108712068,7.111474534538852,7.126061552667546,7.1378011759270175,7.147509641565785]}