{"timestamp":"2024-05-11 23:36:34","trueValues":[6.882347622325471,6.888751004869046,6.884113788563312,6.858243240668619,6.801594887204406,6.70744320966317,6.57267382837721,6.397796526167319,6.1876329767311145,5.953085037190871,5.712814665882274,5.492893812124652,5.323100782896501,5.230189142764242],"predValues":[6.709468785720143,6.666613406496655,6.645165849175914,6.654214760033764,6.689453962651484,6.738077755096922,6.787803640590548,6.831673402575017,6.867535481126279,6.895840919751574,6.9179696936362856,6.935392146140493,6.9493564212300205,6.960824674176649]}