{"timestamp":"2024-05-11 23:36:39","trueValues":[6.795988870908162,6.696237954683786,6.553990739835971,6.368934260112637,6.145818426249144,5.896536753190697,5.640410222476401,5.401362147177777,5.202288766192591,5.058465357615362,4.972691241775316,4.934728402174677,4.925952921492476,4.927389110998296],"predValues":[6.670961577537732,6.635200631605507,6.615211590045512,6.620033263743128,6.647046836153371,6.685798304196215,6.7258902777952,6.761366165294003,6.790371159906957,6.8132696580090935,6.831210398574067,6.845408567762812,6.856883465428169,6.866410928928792]}