{"timestamp":"2024-05-11 23:36:44","trueValues":[5.755208502942931,5.486699937562564,5.2503102813325455,5.074415141107934,4.979241904509492,4.971172724204459,5.041190019183787,5.1684565163182885,5.327305361565871,5.493916567231231,5.649558272537669,5.780146663905743,5.874554694695495,5.924200976458762],"predValues":[6.535998834936793,6.498018951632617,6.475553556297157,6.478505406144781,6.505023282537932,6.544718566428868,6.586663619186652,6.624276182439557,6.655282300544567,6.679856995392969,6.699105283709192,6.714269196317831,6.726423184237167,6.736401957033779]}