{"timestamp":"2024-05-11 23:36:49","trueValues":[5.146771210961469,5.219829029559842,5.328262799087355,5.440368639525393,5.527553993952436,5.568684071958259,5.550868983024428,5.469011496967684,5.326488459845479,5.136902806942924,4.924612947513834,4.721906981859163,4.562769232547195,4.47529371493348],"predValues":[4.915315358057598,4.927656660597869,5.011479056429602,5.153570087163721,5.328024320132215,5.507750871622443,5.673108484652624,5.814291747137749,5.929185047082086,6.02000891659008,6.090696763359821,6.145395822138058,6.187794974973698,6.220913980739762]}