{"timestamp":"2024-05-11 23:36:54","trueValues":[5.759159054015338,5.788787323244957,5.742039069107619,5.612986670920655,5.405118406674584,5.132860492304887,4.820102386041165,4.495641250229889,4.187507853665371,3.9183544183324734,3.702654289910732,3.545826103628264,3.4459464792021315,3.3979157943503338],"predValues":[5.687191434418629,5.743291598587803,5.811916658875695,5.890795184632407,5.971958829159598,6.046286519954035,6.108388194078128,6.157367478975503,6.194938047606048,6.223594991852042,6.245671405353178,6.263035251438207,6.277077801314348,6.288798686467007]}