{"timestamp":"2024-05-11 23:36:59","trueValues":[4.8066477608780565,4.472693445459641,4.163658097630169,3.919758347728871,3.7742513999911806,3.748655013191197,3.849583506468508,4.068042754671175,4.381308409469019,4.755538810404839,5.147609708017725,5.507597644408581,5.784489784960586,5.935354535526444],"predValues":[5.816872422997239,5.744181193531077,5.695213736233038,5.686301440792232,5.717521120157151,5.775475426640122,5.843341660049303,5.908873736663795,5.9660688175849295,6.013343200551133,6.051369463992028,6.081657155108191,6.105830641839811,6.125334220249555]}