{"timestamp":"2024-05-12 02:42:04","trueValues":[7.112785404649466,7.134834707698193,7.167892714946337,7.214866889520419,7.280390460894939,7.3690496139358,7.484524459663191,7.62904549725965,7.802100020228139,7.997867254963136,8.20244326042116,8.393264432323956,8.542649404029142,8.625037271534735],"predValues":[7.57638875922958,7.649198663372221,7.740353572767232,7.851051928884354,7.966545645612933,8.069517257004659,8.15138896275948,8.212182291766077,8.255855901653701,8.286964614215867,8.309317182227328,8.325724853287433,8.338141706279638,8.347884458667039]}