{"timestamp":"2024-05-12 02:42:14","trueValues":[8.094487046828613,8.351842053141299,8.598861332367315,8.80942396361031,8.963484690989848,9.051678182142268,9.07590270031372,9.046678695771496,8.979428294894005,8.891284772026417,8.79878683208215,8.716280157005702,8.6549509978809,8.622380181409875],"predValues":[7.529980714691103,7.520978981336222,7.534646636181742,7.585589834146295,7.666564502872868,7.758038624555561,7.843424323362376,7.914942759973087,7.971476558486435,8.014993884589584,8.048268775457002,8.073880710898809,8.093905501045558,8.109907844263269]}