{"timestamp":"2024-05-12 02:42:19","trueValues":[9.108524016647074,9.152206929140917,9.14012842522633,9.08460196607211,8.99915035165552,8.896467918422825,8.787230337270815,8.67966802260445,8.579777965969914,8.491872324032782,8.419111059231227,8.363709786577841,8.326811663482546,8.308521410712492],"predValues":[9.4579065168181,9.496526153641383,9.482340476523849,9.427367921122777,9.34757494917475,9.257362526684084,9.167553039937072,9.084928886233518,9.012702919972671,8.951601276017108,8.900926790477907,8.85934812751077,8.825363846471976,8.797547459145047]}