{"timestamp":"2024-05-12 02:42:24","trueValues":[8.905183928872413,8.808481210917215,8.715564122115598,8.631356664833591,8.558548887000944,8.498126599088106,8.449644870729067,8.411256470117507,8.380003168475827,8.352826800456754,8.327947378807496,8.305691026323212,8.288248639662822,8.278512266205396],"predValues":[8.964328836057025,8.887229101503737,8.817752454063694,8.769916060787496,8.74385255026095,8.73136473167273,8.72490633085809,8.720420082561851,8.71637079096915,8.712415057016134,8.708616670002593,8.70511144797932,8.701992682797256,8.69929519278253]}