{"timestamp":"2024-05-12 02:42:29","trueValues":[8.593888424871453,8.560373792552337,8.528458145347873,8.491060605192997,8.441031986314135,8.373072195265266,8.285236987346646,8.179469809891776,8.061253884794805,7.938760089780898,7.82189144785317,7.721347550895823,7.647389439357024,7.6081661962845075],"predValues":[8.555685013229276,8.529422161140896,8.518068728933883,8.528637021176024,8.554358195793714,8.583282656415689,8.6075632560132,8.624955408600009,8.63626525145217,8.643155558984114,8.647169500673185,8.649447044464313,8.650749675123706,8.651547307159788]}