{"timestamp":"2024-05-12 02:42:34","trueValues":[8.403889869147156,8.336274806105884,8.251969538564204,8.154168847286428,8.04800351828539,7.9396882240927935,7.835809475700353,7.742455695983949,7.664062633377489,7.602596061469395,7.55778035732684,7.527993412214002,7.510807511696504,7.503319445267807],"predValues":[8.55651746359149,8.557860494140748,8.569414862642088,8.593606688797397,8.622817403902161,8.647961551145535,8.664985320526075,8.67437510545466,8.67833828149265,8.67904634272028,8.678088971645984,8.676465268177665,8.674741096562185,8.673196863929851]}