{"timestamp":"2024-05-12 02:42:39","trueValues":[7.884918997084791,7.78873988296534,7.71213983126038,7.660897355164328,7.637499440002614,7.64098552523595,7.667461274112368,7.710321570427714,7.76037942606898,7.807352005910567,7.843123716287131,7.864790283537139,7.874818758829836,7.878069621020209],"predValues":[8.302332519689449,8.280788215264032,8.278133251449166,8.301454087873637,8.342733738498023,8.387986399344115,8.427563673030447,8.45826705775022,8.480689793991447,8.496687353011671,8.508127698139644,8.516488349031672,8.52282209492298,8.527838857562443]}