{"timestamp":"2024-05-12 02:42:44","trueValues":[7.666317319336194,7.694289193081356,7.735762603703843,7.780614455116277,7.817754445973263,7.83854523929495,7.8400224931625075,7.8252425124019585,7.800478708858564,7.771766081869631,7.743338646208494,7.718176691118932,7.699047874845434,7.688615666442838],"predValues":[7.870877111680523,7.866406013342983,7.884341703921724,7.931724661591938,7.999096527927774,8.069713143312752,8.131524974805941,8.180335749636379,8.216892068400318,8.243710153185589,8.263400846874708,8.27808753578432,8.289333323547941,8.298227944036931]}