{"timestamp":"2024-05-12 02:42:54","trueValues":[7.529529936972612,7.554715813049594,7.626515985734363,7.751569857979705,7.931524256875108,8.161501427296894,8.430681906635014,8.724369437584887,9.02550809032733,9.31500891690121,9.572560872676986,9.7794412665898,9.922229361542056,9.994439912055451],"predValues":[7.964448306593701,7.955722727749144,7.957446633575877,7.976441758108573,8.007760177993786,8.041349496951403,8.07016524997499,8.092045245590533,8.107700468701903,8.118721930761279,8.12661452766612,8.132507861600153,8.137170327837053,8.141084332956456]}