{"timestamp":"2024-05-12 02:42:59","trueValues":[8.23702078194797,8.468881065657207,8.705872932745523,8.930756261790602,9.12670875128373,9.278797857722369,9.377294915522812,9.421635389381958,9.421882041341131,9.395501976414394,9.360618797826108,9.32997069716615,9.309179106478217,9.299077007702016],"predValues":[8.029682434020438,8.072184181313235,8.10836813003967,8.139339164029796,8.161752863453554,8.172706815170654,8.1731714139041,8.166725239371917,8.157046276284301,8.146722243902595,8.137188135683243,8.12906270783418,8.122479652096205,8.117332387180927]}