{"timestamp":"2024-05-12 00:43:04","trueValues":[9.371260979340502,9.418042988648976,9.476280493044124,9.542276902603312,9.611419187796972,9.678253363493358,9.736323952554065,9.77897188365887,9.8014687749611,9.803349496149808,9.789178171624725,9.767084747643644,9.74606829967396,9.733507654968488],"predValues":[9.452706625730498,9.441362761918452,9.410830545153107,9.36820334557073,9.318912822048148,9.266531706950907,9.214259033663302,9.16494671546329,9.1204409210022,9.081495427172506,9.048077807746814,9.01971602190671,8.9957482556669,8.975478674082218]}