{"timestamp":"2024-05-12 00:43:09","trueValues":[9.675372745030495,9.733871785554769,9.777431372069024,9.80139116464636,9.805310485540748,9.793714653994543,9.77460869555347,9.756764170515671,9.747223417577596,9.749619768939578,9.763281842221367,9.783427034671464,9.802847155413987,9.814623723309587],"predValues":[9.545933624213577,9.525255259532765,9.48613859774864,9.436438227974929,9.382547432782738,9.327992697295269,9.27527615679665,9.22650179502484,9.18298526628794,9.145175221994444,9.112882952132487,9.085569968696372,9.062552131445887,9.043132010703363]}