{"timestamp":"2024-05-12 00:43:14","trueValues":[9.80852865571498,9.78663244698574,9.763366894621084,9.745454327663516,9.736466415323587,9.736034242817531,9.740146526343777,9.742910729334524,9.739317797024048,9.727598639498256,9.70983810370518,9.690628487651953,9.674860304322207,9.666103628194008],"predValues":[10.03983769355856,10.011636444122916,9.946901467967008,9.859769005501038,9.765843514185296,9.67437869510882,9.589934951628855,9.514785309127792,9.449698428668064,9.39437928473815,9.347907185111138,9.309083422528536,9.276671016151983,9.249519100697828]}