{"timestamp":"2024-05-12 00:43:19","trueValues":[9.780548010941096,9.793631727904822,9.801939221047029,9.798419114853804,9.779174946263192,9.744321004437309,9.696952665148292,9.641308727366969,9.581570048116845,9.52175056908699,9.466032210455912,9.418813776021398,9.384351075234203,9.366123814397689],"predValues":[9.716552990662713,9.69783827326033,9.6627291742353,9.619107924731248,9.572031953066256,9.523677005940543,9.47582971532563,9.430491470502323,9.389175672608062,9.35260526704042,9.320851485184162,9.293586875300385,9.27028730197584,9.250371219427477]}