{"timestamp":"2024-05-12 00:43:24","trueValues":[9.765264094712236,9.726606184309077,9.67921764507513,9.626038632153058,9.569580317644458,9.512352278918437,9.45706343490592,9.406470546512695,9.363014617610592,9.328395101461425,9.303219059568155,9.286874114652845,9.27774799216338,9.273867476426362],"predValues":[9.974560508354465,9.949964949089258,9.898297742572128,9.831384361828508,9.760362418601137,9.69110424951286,9.626542567621373,9.56842945236081,9.517562269978502,9.473928794191991,9.436980968600611,9.405900163857105,9.379796519229442,9.357814726522989]}