{"timestamp":"2024-05-12 00:43:34","trueValues":[9.30491000759,9.292146300280203,9.287306818736395,9.28813980067611,9.292840008915384,9.30085141339108,9.312898022655771,9.330181201855446,9.353384028075316,9.38203020787697,9.41406997842727,9.445579234634344,9.471185854301169,9.4856128676029],"predValues":[9.469457695854452,9.453996232741185,9.432504022910592,9.41394718402518,9.39901836156513,9.384148012629884,9.367268832328858,9.34875824068579,9.329911692063847,9.311871546506708,9.29532460214207,9.280561100283968,9.267599114567336,9.25630894008261]}