{"timestamp":"2024-05-12 00:43:39","trueValues":[9.26132118431334,9.2619909719611,9.27006350784909,9.288246116175754,9.318334465730084,9.360593282106194,9.413177459807756,9.472197977857782,9.532842465164876,9.590801954528455,9.642813091686936,9.686106357874582,9.71768737704392,9.734498515425171],"predValues":[9.50150703479972,9.49893047866584,9.484030361390694,9.463928226717952,9.44073868993554,9.414079015244738,9.384700321650534,9.35464067728111,9.325876487274847,9.299656427175076,9.276511542902515,9.256475855417053,9.239312812731976,9.224662536880992]}