{"timestamp":"2024-05-12 00:43:44","trueValues":[9.360080841397908,9.405882090222164,9.45643564188052,9.507369271450106,9.555145862257753,9.597633256958098,9.633545038005444,9.66167080343634,9.68091550360445,9.691186644025084,9.694087994010378,9.69255120346302,9.689663674492682,9.687674511494336],"predValues":[9.261977150946144,9.21713167846369,9.174159485084967,9.146388281845386,9.134239078123535,9.13028360995927,9.128086068581622,9.12491892984722,9.120422315789764,9.115084214552624,9.109486703496351,9.104058234084516,9.099044926698788,9.09455203368382]}