{"timestamp":"2024-05-12 00:43:54","trueValues":[9.727512523943544,9.6681092700948,9.58811004607746,9.492262902105647,9.387312493476797,9.282691662896838,9.190898328926462,9.126429673097164,9.101867603214345,9.121600291525825,9.177209676769763,9.248969981142164,9.313197300787271,9.35048905702],"predValues":[9.820921321931015,9.79312460297152,9.746964007758464,9.69325341733817,9.639154775344174,9.58702562798109,9.53788075669302,9.492828500563755,9.45269705733553,9.417764442039909,9.38783078153756,9.362411808727607,9.340899930529584,9.322674796003062]}