{"timestamp":"2024-05-12 00:43:59","trueValues":[9.208369686560506,9.092174287534275,9.006595626095606,8.968214135991525,8.986023576914437,9.056459190161274,9.164365701257736,9.289647886038564,9.414666939957772,9.527894541811431,9.623339281617092,9.697997746509795,9.749659637251945,9.776211933288106],"predValues":[9.774014923487956,9.757861878049502,9.726330295587502,9.688400646356907,9.648697654592246,9.60817709663532,9.5676847122858,9.528805134065886,9.49298318961574,9.461031129352644,9.433154142190917,9.409151823413724,9.38861698465743,9.371062700933663]}