{"timestamp":"2024-05-12 04:48:04","trueValues":[8.303750236877205,8.289791809140159,8.270246236108054,8.251100409354613,8.237425046635368,8.232114055850637,8.235216873707756,8.244130630986682,8.254736665231196,8.263183165889185,8.267453327932397,8.267842974238594,8.266225383911507,8.264747598466451],"predValues":[8.228056259017965,8.207639962043773,8.173154669212906,8.128202615442056,8.0761547994362,8.021214138685021,7.967960439124449,7.919933475315139,7.878912171354889,7.845185971191482,7.818160571181904,7.796862652926913,7.780246337698758,7.767346812338168]}