{"timestamp":"2024-05-12 04:48:09","trueValues":[8.200582207599888,8.201947830192818,8.212744434970444,8.23001219842267,8.25088937308782,8.273988275906785,8.299652305943416,8.328988207549013,8.3623473534499,8.398180726816257,8.433011810809719,8.462622537981897,8.483645364881557,8.494379509303144],"predValues":[8.010193739780643,7.9596000540211715,7.915087083263854,7.882530353596533,7.860248219603585,7.843553230905695,7.829251935682294,7.816351081377958,7.804917115179964,7.795190310117508,7.787269273816511,7.781075332807234,7.776416587612822,7.773051436260332]}