{"timestamp":"2024-05-12 04:48:14","trueValues":[8.271399759279195,8.288690114775093,8.307825841556069,8.329766702795158,8.353965705246694,8.378364580837559,8.400555283500813,8.419294985045614,8.435165231255013,8.449831188642193,8.464454885618267,8.478497036811284,8.489875187371965,8.496257041026862],"predValues":[8.179756861740815,8.15843900932964,8.134022325892586,8.109070875492318,8.082901049466129,8.054894091606084,8.026220535563272,7.998888946914718,7.974474655576405,7.953723464778333,7.936708732215262,7.923109650867012,7.912435840491475,7.904162634097906]}