{"timestamp":"2024-05-12 04:48:19","trueValues":[8.360834483889962,8.379297233558187,8.395608954879862,8.411167430886556,8.428497654694823,8.44956938672432,8.474476450403486,8.501443908465756,8.527957133555798,8.55177100810987,8.571150197385032,8.584969086028796,8.593146342683937,8.59668718039959],"predValues":[8.334307437784966,8.340013922228373,8.335067859396172,8.320501307001159,8.296075055169135,8.263477394034451,8.22674538890735,8.190192791185899,8.156784474366427,8.127907058353045,8.103825534528617,8.084184809124332,8.068372770650987,8.055718302517077]}