{"timestamp":"2024-05-12 04:48:29","trueValues":[8.53678530685751,8.51487474553582,8.482536228431519,8.4441502199187,8.405631848608827,8.37280241968492,8.349879734806613,8.338334137333995,8.336501523908876,8.34061566795636,8.346858514095473,8.35279464001811,8.357282748835594,8.359714715889957],"predValues":[8.527001623002745,8.527759918303957,8.516103752711707,8.493829858169981,8.461988100237768,8.423185334966346,8.38169677438516,8.341645865147914,8.305687305280724,8.274932091754875,8.249440292827668,8.228716212482006,8.212050460546518,8.198706004819915]}