{"timestamp":"2024-05-12 04:48:34","trueValues":[8.393411945079713,8.37271550676396,8.361311574694614,8.356710505658759,8.354376880441567,8.349900466329045,8.340575533855244,8.325471822398278,8.304831997086087,8.279906328194482,8.25315123534275,8.228088153667859,8.208585638413108,8.197906246473842],"predValues":[8.408116441835514,8.378574553949356,8.348683951224364,8.323394949112728,8.301886791957191,8.281600997258813,8.261602785986973,8.242509585405855,8.22525112455985,8.21040602555577,8.198126851135603,8.188267151698591,8.18052658595824,8.17455484434322]}