{"timestamp":"2024-05-12 04:48:39","trueValues":[8.401753724970552,8.400956092934472,8.389889180998999,8.36653724729088,8.329887370887255,8.280420629424011,8.220335893222545,8.153254799778237,8.083719147235891,8.016748887699961,7.9573653022186495,7.909886660598755,7.877216439135562,7.860703515730812],"predValues":[8.297840424040729,8.277561008272329,8.259808711930475,8.247672000279833,8.238454446460674,8.228360852924446,8.216107194224193,8.202598481050641,8.189275022635218,8.177207150270597,8.166924846722498,8.158542932730544,8.151935690216401,8.146864706672117]}