{"timestamp":"2024-05-12 04:48:44","trueValues":[8.290255344718606,8.237463851792738,8.178289176268226,8.116490368423744,8.056022896423558,8.000592387007769,7.953018858804441,7.914651987081561,7.885406453650661,7.864501371166855,7.851089670886728,7.844076303163944,7.841600746754727,7.841254424014636],"predValues":[8.324082013029178,8.299156344137575,8.275938633747758,8.259174539975097,8.247097630793006,8.235920150737904,8.223862909923245,8.211274357399112,8.199189474554547,8.188431143356793,8.179402033760752,8.172162479812474,8.166571347686181,8.16239686959265]}