{"timestamp":"2024-05-12 04:48:49","trueValues":[7.951814038404722,7.90162993310763,7.866272055813431,7.8474430492489295,7.84588552717914,7.861712715611185,7.893885380536042,7.939338180310214,7.992861655451135,8.048090696995096,8.09893581891123,8.140612292138037,8.169920817502476,8.185001405338268],"predValues":[8.031210187750327,7.977191548169814,7.9393687460163616,7.926756006716062,7.935404506823376,7.954519236293171,7.975038393513268,7.992622445576934,8.006310300367387,8.01663008012911,8.024471114016624,8.030632894587258,8.03570733338528,8.040091784590611]}