{"timestamp":"2024-05-12 04:48:54","trueValues":[7.932425280734593,7.964459203932414,8.000613384318948,8.033331713545728,8.054480524312469,8.057228779978272,8.037571309882793,7.995099596718647,7.933171615542097,7.858790368314713,7.781999480287892,7.714046068169003,7.664404969286343,7.638605652776413],"predValues":[7.84671957227385,7.809340637331413,7.787554199355557,7.78922680795371,7.809718057355151,7.8380200407267075,7.865274284849269,7.887611968690781,7.904603046055183,7.917226948482945,7.926704443698735,7.9340604131191235,7.94003587577663,7.945123869800856]}