{"timestamp":"2024-05-12 02:00:04","trueValues":[9.94507762557061,9.885019999821552,9.818877938027851,9.750242777767491,9.681013313864124,9.611698797561036,9.541973903429325,9.47181949467905,9.40315456607879,9.340460315938554,9.289130129555296,9.252619792244952,9.23085328842528,9.221201967367572],"predValues":[10.20523165320018,10.171254282668862,10.107441061894871,10.030260793350603,9.95311773523121,9.88090240052033,9.814987853895868,9.756089598670432,9.704508507708011,9.66005693415174,9.622159711148536,9.590031698733531,9.562823436064566,9.539714167484384]}