{"timestamp":"2024-05-12 02:00:09","trueValues":[9.489733656369111,9.415246891008332,9.354838955687946,9.314788312239449,9.303186633340763,9.327536072224296,9.391045230669306,9.490154665747704,9.61471071566596,9.750272546107391,9.881176162931911,9.99310193149243,10.074523125317508,10.11734647699673],"predValues":[9.68856384064886,9.663249057028558,9.640806918208646,9.629855890167788,9.62770565918748,9.626843972062863,9.622831093528792,9.615061025237289,9.60464157469465,9.592923480323858,9.580957670838892,9.569405960225042,9.55861972120863,9.548740353404185]}