{"timestamp":"2024-05-12 02:00:14","trueValues":[9.224634894851086,9.256408345074778,9.328869800167334,9.437273867802134,9.573325812696927,9.727741633845278,9.892079348997934,10.059236019623656,10.222954446990885,10.377056637415285,10.514762319907046,10.628376378601912,10.709891130066678,10.75256191900391],"predValues":[9.363452105891628,9.33056234292167,9.314371023903345,9.325871703077365,9.357024270783135,9.39286694675571,9.423719173174984,9.44656690562604,9.461969895214503,9.471626000469698,9.477248495668384,9.480200877093507,9.481463373651785,9.481697267751]}