{"timestamp":"2024-05-12 02:00:19","trueValues":[9.639286074986234,9.771683956158256,9.910072184157732,10.053132446789078,10.200493171381034,10.35162915936536,10.504922288837466,10.657405294202286,10.805288559474995,10.944364648757167,11.069537328573364,11.17409277512104,11.250090815309264,11.290253621609883],"predValues":[9.986654959594,10.059672976327194,10.099992597989791,10.109133604649209,10.092056145941346,10.056122038639074,10.009666949492006,9.959858669486156,9.91150531709294,9.86719567472869,9.82794665014751,9.793842764171616,9.764484802099842,9.739276333979186]}