{"timestamp":"2024-05-12 02:00:24","trueValues":[10.349997748023318,10.48493497490434,10.614536758435715,10.736212721468611,10.847849843447593,10.947415903596962,11.032209425070755,11.09910366902444,11.146120104009633,11.1741347697434,11.187173302619776,11.190916671362247,11.19057911965088,11.189616964379098],"predValues":[10.4152786542699,10.420567318799703,10.391306635410109,10.338709699848586,10.275207983488553,10.208349886804749,10.142722923606824,10.081471906374258,10.026405261756002,9.97816407221491,9.936587269769015,9.901066198182864,9.870806680674107,9.844986366852998]}