{"timestamp":"2024-05-12 02:00:29","trueValues":[11.07957510647228,11.17954729183029,11.248484388109638,11.27905966265234,11.267115116267304,11.21272889084677,11.119650734063192,10.994207481300403,10.84505002476446,10.683822037976402,10.525462974946242,10.386907300034824,10.284260748283264,10.229735249558196],"predValues":[10.824085139812103,10.803549237900814,10.733182729728748,10.63604597874625,10.535298221818335,10.440832116186902,10.355435785830124,10.279930517982752,10.214348738872175,10.158148239450211,10.11039663278498,10.069974948242724,10.035744015244756,10.006643336682124]}