{"timestamp":"2024-05-12 02:00:34","trueValues":[11.22116662047604,11.153185832115993,11.0582285488762,10.943096304846414,10.816414476512769,10.688864582124529,10.571961121870668,10.475469174393512,10.404810298597424,10.35996748400246,10.336456342833625,10.327488098861132,10.326126197310687,10.32691718462804],"predValues":[11.347214808431804,11.323331563014214,11.22806490167046,11.09375440465984,10.95362738666368,10.822553665039727,10.704861875356006,10.601676835598743,10.512872030323368,10.437489556878086,10.374053224550334,10.320865174810791,10.276240306990095,10.238633325300924]}