{"timestamp":"2024-05-12 02:00:39","trueValues":[10.752338124877156,10.645908336070754,10.55440418025941,10.480477166004256,10.421338637749624,10.370078619596132,10.318282239746932,10.25870143901378,10.187436033292222,10.105401930611691,10.018693135411803,9.937553677660784,9.874080134908157,9.839115093385145],"predValues":[10.960517162618128,10.92939702113975,10.857751537506964,10.768852643014402,10.68383107479387,10.608657511305388,10.542677580648643,10.484709054467595,10.433973703304847,10.389833634162535,10.35162331201288,10.318619791458303,10.29009853236873,10.26536369979899]}