{"timestamp":"2024-05-12 02:00:44","trueValues":[10.554677942670995,10.536644707621331,10.495721213920753,10.419751878917433,10.301216475744033,10.138610640080582,9.936721758876068,9.70586349875098,9.46042619415967,9.21724224658332,8.99411950221235,8.80841635846243,8.675294202949084,8.605854234356418],"predValues":[10.475110891159712,10.510919546172405,10.524258420335272,10.520907355786484,10.50450021630388,10.477227632757629,10.442390701411687,10.404068747987406,10.365664931628398,10.329342241174928,10.296190410498347,10.266557622859995,10.240363610057637,10.217303778184789]}