{"timestamp":"2024-05-12 02:00:54","trueValues":[9.223894938973562,9.082180630567713,8.974750944487155,8.902309423550781,8.859996120481103,8.838727970566012,8.82788830801103,8.818441644290138,8.805407364033748,8.788721677942075,8.771884226474661,8.758948022266694,8.751699697289695,8.749025065107393],"predValues":[9.689133160149456,9.642556339755297,9.612934183666905,9.619864359511215,9.657722245779553,9.70744759969568,9.754087146234632,9.791433123372178,9.818868369632884,9.837998249061378,9.850872524490804,9.859298559415112,9.864662176372168,9.8679691199886]}