{"timestamp":"2024-05-12 03:21:04","trueValues":[5.272014723479301,5.251968005760749,5.259809305437013,5.297674168660011,5.354543459021924,5.409055668309536,5.437164689049238,5.421580497981068,5.358333340795494,5.257624123236199,5.13954853459876,5.027411729771449,4.941499636347022,4.895385853177404],"predValues":[5.508605050214898,5.395479444793709,5.348484007119698,5.376279197793887,5.46198689967025,5.577601151596549,5.698614901961033,5.810135741362279,5.905905009230602,5.985039223763958,6.049239167167906,6.101082458731322,6.143169841364255,6.177773941765976]}