{"timestamp":"2024-05-12 03:21:09","trueValues":[5.2642266480000455,5.296988234345744,5.305944982954839,5.2916590370317,5.267466945087642,5.254258041623086,5.272780261523927,5.336444308362481,5.446846575813094,5.593127467164601,5.754874406485299,5.907042053499298,6.025113788199875,6.089584304550418],"predValues":[5.922071344106512,6.213364118426897,6.467717040818377,6.656196480947132,6.77302631771749,6.833628013035978,6.858857744256564,6.865103248283168,6.86262157873272,6.85705941758008,6.851220304550867,6.846327931045986,6.842783372287846,6.8405935387839225]}