{"timestamp":"2024-05-12 03:21:14","trueValues":[5.137874198373737,5.115158828719738,5.141960633944127,5.226326036190292,5.364945500401496,5.545508223296427,5.7507901636720895,5.962697951774333,6.165382072916187,6.3472198508877895,6.501078180134881,6.622488487313039,6.707300481104898,6.75118725356931],"predValues":[5.5755295276387935,5.476899841252541,5.426861122401212,5.438984810403148,5.503103422449868,5.595991473830644,5.695686441523332,5.788487912219084,5.868554912367443,5.934946549796559,5.9890446602130565,6.033004923266597,6.068998965931793,6.098914154116077]}