{"timestamp":"2024-05-12 03:21:19","trueValues":[5.531688935969539,5.711904073627821,5.894059602048984,6.064330652342413,6.214247467334567,6.340986041566147,6.445435704191676,6.529567145891438,6.595443286041652,6.64588746562975,6.684546173399155,6.714303483066467,6.735708514187349,6.747242682743758],"predValues":[5.636843071674586,5.801509567509891,5.963713131901561,6.109621586768377,6.227279621280964,6.313735385591698,6.373787961354522,6.41475318388871,6.44310925527071,6.463555320584801,6.479187021391875,6.491943685299819,6.503002490678443,6.513062993515407]}