{"timestamp":"2024-05-12 03:21:24","trueValues":[6.133522507137784,6.21340823935925,6.293406267327216,6.384021226878408,6.496061018812293,6.639491126488026,6.820390138597769,7.037754569719256,7.28212951668037,7.536363099923498,7.778114977719639,7.983835203742585,8.133071865325766,8.211366851883804],"predValues":[6.303025162157533,6.252923717161413,6.220272765382532,6.215485777116674,6.235293284961026,6.268725788556667,6.305586302543963,6.3400460796549165,6.369996617742832,6.395357515711105,6.416845871604833,6.4353411803948255,6.451627120207836,6.466321384096797]}