{"timestamp":"2024-05-12 03:21:34","trueValues":[7.634983483703532,7.953470168100431,8.263043095218404,8.546969002779687,8.789297376372648,8.975777952213718,9.097118489845233,9.152270718440704,9.148729349147551,9.100181439389983,9.024239214839074,8.941076041552325,8.871201508354861,8.831530942817594],"predValues":[7.554997017546153,7.689836434167503,7.7735923163647715,7.805535871387894,7.792409362435563,7.748216135543426,7.688823513244642,7.626623895966501,7.5688812902221985,7.518743963744949,7.47685858056134,7.44262498967588,7.414956380893455,7.392677436365496]}