{"timestamp":"2024-05-12 03:21:39","trueValues":[9.01309256627887,9.150134308475351,9.22022492792584,9.2286360786802,9.186357593936656,9.107991907571352,9.01066006764701,8.912153707240343,8.827484043323633,8.765689753887887,8.728843991176166,8.713054278957745,8.710447954483966,8.71213837092831],"predValues":[9.01027998973578,9.070281268270026,9.060988762023618,8.993621945674015,8.88292438692314,8.747314182929369,8.604472930227288,8.467653121636314,8.344597449206788,8.23842893074076,8.14922172129923,8.075414843558676,8.014791353562762,7.965041015504218]}