{"timestamp":"2024-05-12 03:21:44","trueValues":[9.079858700055482,8.988204107812141,8.900469633829436,8.832249104017691,8.792657211950157,8.78312815371704,8.79822495466653,8.827471551252426,8.858245369990712,8.879797382289851,8.88693513914722,8.881342678077182,8.869965590671498,8.861358022031547],"predValues":[9.490067487037994,9.444535216427838,9.334102117482328,9.188207483630466,9.032882133382657,8.88307057073515,8.746192554408122,8.625701211830012,8.522506603677785,8.435802326886632,8.363811052091252,8.30437032202888,8.255312629450518,8.214669277091504]}