{"timestamp":"2024-05-12 03:21:49","trueValues":[9.02138358051863,9.06154691839675,9.091585831243744,9.089379784626123,9.035361410834362,8.917602908174612,8.734810417016202,8.49654701655214,8.221408882402706,7.934000079073074,7.661319693486666,7.429322528571638,7.260342015549517,7.171203911182758],"predValues":[8.604656856041675,8.585728976062503,8.550954239283854,8.510451489173118,8.469384469548022,8.428776998670138,8.389214343365008,8.351775605954021,8.31744659690763,8.28676633580903,8.259835822382886,8.236454386123615,8.216255238557448,8.19881232031956]}