{"timestamp":"2024-05-12 03:21:54","trueValues":[9.253912057143127,9.146477055287589,8.959623312042769,8.69604379901466,8.363424329461296,7.97262290536135,7.536612143981415,7.070801413839937,6.594387706024559,6.131272738270936,5.709280339990974,5.357746678579019,5.104316906960388,4.971246048675621],"predValues":[9.315977982680469,9.3680635406887,9.360021304718106,9.304441156236567,9.219275530514018,9.12051853131694,9.020045599955605,8.925549991773021,8.841063722093198,8.767934871451626,8.70587107222428,8.653744582748686,8.610120409568395,8.573550269789502]}