{"timestamp":"2024-05-12 04:32:09","trueValues":[7.683981905390842,7.957947379579201,8.204887985335482,8.400173079279591,8.52841668230301,8.58497413601503,8.575324675478566,8.512252207948343,8.411493287892966,8.288432565477205,8.157894142393964,8.035904017059622,7.940164783319949,7.88718218828347],"predValues":[7.310573165455203,7.429794303601309,7.506143184938359,7.536368149909732,7.523141970176484,7.477756680744585,7.415474137376722,7.349221773252141,7.286958100885464,7.232316186688287,7.186202901872574,7.1481244109424775,7.117015698380312,7.091678854293835]}