{"timestamp":"2024-05-12 04:32:14","trueValues":[8.58010488613132,8.585653226269006,8.542328862797714,8.465081615488668,8.367719209858176,8.2625960385424,8.162349824984057,8.080455792974309,8.028575689669141,8.01192242980486,8.02615222785475,8.0584758607891,8.092447118179189,8.113585563184714],"predValues":[8.733806532910812,8.734567220310767,8.674506936674218,8.567541051960857,8.428581643939541,8.274319714476924,8.1200599113243,7.976904762109523,7.850924084496032,7.74400949701125,7.655372670225313,7.582876396806624,7.523933754860085,7.476014169705415]}