{"timestamp":"2024-05-12 04:32:24","trueValues":[7.965713726828216,8.079800357919002,8.224433292578837,8.382039907660262,8.536810822577426,8.676672317613223,8.794218189273685,8.886528216572332,8.954010385239048,8.999011609928482,9.025004154859015,9.036529818175453,9.039185047779068,9.038651343970855],"predValues":[7.917147743435709,7.965866555358955,7.979391747434953,7.961802379596303,7.918487318731228,7.858302380171346,7.79132521012794,7.725601765614089,7.665833849601562,7.613918927970261,7.570018068702145,7.533423476358334,7.50310043533854,7.477968514377627]}