{"timestamp":"2024-05-12 04:32:29","trueValues":[8.753773646899006,8.877095108077643,8.966723061109015,9.0201370312853,9.037091695591071,9.01926737049821,8.970755076433024,8.898619212558128,8.812480268436333,8.722889525829839,8.6394985715851,8.570102192347289,8.520540032723115,8.49476038458062],"predValues":[8.686495338202857,8.72560881052199,8.706971171856848,8.640029351717075,8.538362763083484,8.418147840804451,8.294230481250306,8.17730761841776,8.073277902015825,7.984201194850111,7.909725858405542,7.848287460104855,7.797893115907215,7.7565486128280465]}