{"timestamp":"2024-05-12 04:32:34","trueValues":[9.07078839320333,9.039642736005035,8.982707596480532,8.906803379720746,8.819238213171221,8.726224908842429,8.632290912286717,8.540668480482019,8.453949851098415,8.374674901422404,8.305798404977853,8.250673021046042,8.212344422903033,8.19277785255975],"predValues":[9.091290805732232,9.05872849450118,8.974352792940987,8.855658448095618,8.721069670264677,8.58501932010238,8.457039113729328,8.34257373367106,8.243798926627791,8.160597479761169,8.091543702220962,8.034657999403791,7.987873597996574,7.94928346372444]}