{"timestamp":"2024-05-12 04:32:39","trueValues":[8.760764422578116,8.679723306664265,8.599863887528961,8.52182352659257,8.445828675869336,8.37232081047153,8.302187664821183,8.236394583655066,8.175628896678377,8.12067866753223,8.07314500764127,8.035394234238828,8.009538038936588,7.996559840106261],"predValues":[8.874114818833865,8.833600905595667,8.753851788791245,8.652211247455066,8.545006684445003,8.442153880624131,8.3486289329533,8.266624067035174,8.196538231782167,8.137642634444223,8.088629328586961,8.048001126186648,8.014301770686899,7.98622491038584]}