{"timestamp":"2024-05-12 04:32:44","trueValues":[8.334420398003338,8.268263452039688,8.21236302811547,8.168420440013746,8.137735128928913,8.121658630650202,8.12128253957021,8.136186112099097,8.16340367737428,8.19773321799817,8.233197942369511,8.264486859703574,8.287588686198779,8.299825334419086],"predValues":[8.3953737318369,8.368186732267862,8.31996893213669,8.262814782682918,8.204475481196862,8.148571602018906,8.097038618820076,8.051144078144882,8.0114323153515,7.977787712334069,7.9496715152981405,7.926349615718673,7.907048834124499,7.891044098808048]}