{"timestamp":"2024-05-12 04:32:49","trueValues":[8.143562015675666,8.140697078749003,8.14964352804407,8.166861323211462,8.186874684442,8.203882240708847,8.213351762262164,8.212785898015307,8.20184550152441,8.182307902154779,8.157857995124086,8.133408885459637,8.113927899093568,8.103211828306922],"predValues":[8.180531370155723,8.154231307642469,8.114160995826538,8.072429238539915,8.034015322208441,7.99915128041009,7.9673927143563485,7.938892452577956,7.913951367938904,7.89265132337392,7.874804406237383,7.860050738562997,7.847950705759731,7.838061237982819]}