{"timestamp":"2024-05-12 04:32:54","trueValues":[8.177407289198676,8.192671005482607,8.202810846261182,8.208007016306295,8.210057310716936,8.211971521288032,8.21710948359709,8.227868877949842,8.244396951313291,8.264144789583469,8.28291107000318,8.297031097299687,8.305221111814785,8.308556229038626],"predValues":[8.20335199215437,8.207955984866466,8.190276780430619,8.159350133161592,8.120815282949273,8.078246025314204,8.034950632816562,7.993880689515224,7.956947748093796,7.924943061658379,7.897866098631473,7.875279104943295,7.856563058597166,7.841070232411502]}