{"timestamp":"2024-05-12 04:32:59","trueValues":[8.279965067508037,8.289637385876924,8.297327983332444,8.300637053258871,8.294792358665926,8.274104425590146,8.234633733192208,8.17653975472158,8.10453651943249,8.026263593340627,7.949983019712098,7.883314961983908,7.833286608893795,7.806224795825589],"predValues":[8.207735114415955,8.173729304488482,8.123705204018353,8.071631606503834,8.02426326721482,7.982623738624138,7.946206427375984,7.914726939508809,7.888011714969444,7.865752438808919,7.847480791251304,7.832640476444706,7.820663769621028,7.811020422225793]}