{"timestamp":"2024-05-12 01:03:04","trueValues":[8.031939246289138,7.877929816138176,7.712919655450271,7.54540682790074,7.384453135101763,7.238075828881517,7.111845044055112,7.008595151843068,6.9291176711402365,6.872565001625701,6.8361014431352025,6.815031571626948,6.80422061425687,6.799778486892983],"predValues":[8.207187589592788,8.174337163357698,8.141361816410528,8.112174756504434,8.085476542445011,8.059007438287322,8.032469229054865,8.007007198467555,7.98384264582756,7.963662103473831,7.946626639388329,7.932547277770436,7.921065469597602,7.911766584421214]}