{"timestamp":"2024-05-12 01:03:09","trueValues":[7.049982446910843,6.907939357822345,6.809066474730656,6.76140603360637,6.77062651110177,6.838550686458257,6.961959857924102,7.132597298008179,7.337470721076458,7.558682178552573,7.774047878280747,7.960004584497318,8.095926824482547,8.167428516402063],"predValues":[7.335245537668904,7.25562187315406,7.211619482583784,7.215752497632456,7.259754356625233,7.323602395725359,7.3894595319800125,7.447667533824008,7.49527588035347,7.5328217306303475,7.562081882442448,7.584974533192103,7.603144915236308,7.617873864557028]}