{"timestamp":"2024-05-12 01:03:14","trueValues":[6.77242590093325,6.854814300016342,6.98237695226454,7.146884506427876,7.336697010027796,7.537152226719609,7.732993882304356,7.9119191471632035,8.066813122271206,8.195387632287268,8.297996176247707,8.375366483747591,8.427494833744428,8.453806590962643],"predValues":[7.005258439886733,7.012029674059077,7.042256499551693,7.100540782766684,7.176526862461198,7.253884677889872,7.321188502305935,7.374621343483408,7.415123827805394,7.445333642818067,7.467958910086118,7.485211257790894,7.498728741993167,7.509663291131582]}