{"timestamp":"2024-05-12 01:03:19","trueValues":[7.533981632731466,7.721211998633777,7.889712497175003,8.033011969680548,8.149865195860828,8.242089107604762,8.312268500497455,8.362564502857923,8.394712183640362,8.410528740522443,8.41254953238193,8.404851492841438,8.393501515888163,8.385413032675226],"predValues":[7.525458584913734,7.655269544190658,7.755860485756599,7.821292360012675,7.849522048844474,7.846029318892409,7.821893042585666,7.788328176192968,7.75325708495906,7.720987407140778,7.693264311664785,7.670373787225122,7.651906253359412,7.637195377673631]}