{"timestamp":"2024-05-12 01:03:24","trueValues":[8.394673378482992,8.479705046675992,8.528997962297316,8.538279305416262,8.503853017687696,8.424140048153152,8.301573958599487,8.144217184942224,7.965768745099282,7.7834078948694305,7.614527052628226,7.474111122261783,7.373696664425252,7.321331762441706],"predValues":[8.128198628610821,8.087901333203149,8.03754818626162,7.98456293333765,7.933169489232103,7.885581608436325,7.84335415513261,7.807443437240261,7.778028862164927,7.754656994300626,7.7365312647662705,7.722750915491128,7.712450006730592,7.704870243183453]}