{"timestamp":"2024-05-12 01:03:29","trueValues":[8.45856314641673,8.357026528481452,8.221684239546784,8.063776485812616,7.897261429227246,7.735669046064156,7.589732151801185,7.466740534460193,7.371053129526597,7.30439596913712,7.265295520466694,7.248428566448128,7.245263288234968,7.246668779140265],"predValues":[8.524963554874564,8.534177121862488,8.517904737275682,8.478123869407533,8.419351332260424,8.349346296787148,8.276770552532476,8.208383638963785,8.147931582711047,8.096643656738898,8.054212343464616,8.01960425623166,7.991557695847997,7.968841263039002]}