{"timestamp":"2024-05-12 01:03:39","trueValues":[7.164286493198402,7.183739040168318,7.239299520282421,7.3229326080776,7.427123392461496,7.546745340041261,7.678329376063504,7.817638030501152,7.958118813322377,8.091552207460932,8.209769461501649,8.305735944621812,8.373652943682073,8.408957663226449],"predValues":[7.298873942085596,7.288113484577849,7.295183996881692,7.326289254190119,7.374449378162733,7.426601117569493,7.472995075304267,7.509991806025482,7.537943479825711,7.558691481158792,7.574198925725657,7.5860701144159375,7.595474783514471,7.603218538719812]}