{"timestamp":"2024-05-12 01:03:44","trueValues":[7.581022254492828,7.704489633694727,7.829164225395088,7.947859101817955,8.052397272096938,8.135585961103605,8.192536782164307,8.22094135999302,8.221143093653595,8.196736510189005,8.15528914686393,8.10794924697107,8.067253268439734,8.043883526885423],"predValues":[7.589476197235792,7.581386916656607,7.579874844462916,7.587208753417128,7.5989722976640195,7.609387495586672,7.615678715278122,7.61807931926009,7.618017390481548,7.616881675156597,7.61561971017582,7.6147447336137475,7.61446911068092,7.614822343928488]}