{"timestamp":"2024-05-12 01:03:49","trueValues":[8.170305679611188,8.239610893308054,8.279078130452254,8.287123290099085,8.26508275807908,8.21809848353253,8.154973655618736,8.086315105948454,8.0216989373634,7.967451985247401,7.926152666255581,7.897632204532256,7.88033467274013,7.872354897125579],"predValues":[8.003530681629188,7.978562486537727,7.95036814760956,7.922719738772066,7.895581644332866,7.868210187371947,7.841234755647202,7.816140576688662,7.794155328728471,7.775826270801047,7.761125495087732,7.749689136790997,7.741011399921281,7.734570541164081]}