{"timestamp":"2024-05-12 01:03:54","trueValues":[8.195367698131085,8.137261493377999,8.07784920271178,8.027151061973907,7.99150613283067,7.972905970379152,7.969838768214415,7.978530060310335,7.993929328856312,8.010760932971246,8.024896110226452,8.03439247644343,8.039460270522724,8.04143401777362],"predValues":[8.379424812157762,8.339844083217692,8.290884732476501,8.23809961848061,8.184804455875177,8.133294330508772,8.085793096845201,8.044058681671089,8.008874896007557,7.980128248058738,7.95715878436059,7.939081428378573,7.9249890431119745,7.914060872903538]}