{"timestamp":"2024-05-12 01:03:59","trueValues":[7.932366807209789,7.921608741800783,7.925855780222824,7.941886828625437,7.966310156781221,7.996711073904505,8.032406502910074,8.074071281431921,8.122342505101663,8.176156221556614,8.231727864798179,8.282826549180962,8.322254715379042,8.34377483302829],"predValues":[7.962894771355148,7.945297695642775,7.931271757563453,7.924991169421967,7.923484678792008,7.921745623006576,7.917357450758758,7.910644955899967,7.902923261160803,7.895357850206115,7.888650139544808,7.883099673097129,7.878740471822963,7.875468080743913]}