{"timestamp":"2024-05-12 03:49:04","trueValues":[6.514498784338104,6.397195710699954,6.307899860710597,6.256929286504886,6.244772109120562,6.260933526904614,6.289495185884052,6.317247783911196,6.33822343330789,6.352557021864307,6.362569948515181,6.369881398320093,6.37487051892965,6.377407472539912],"predValues":[7.1136369918016165,7.108046391252822,7.091910090505561,7.074555945709875,7.058964511898291,7.044494440819205,7.030555415660843,7.017508111755747,7.0060108878354646,6.996503890068524,6.989106723392023,6.983697656558871,6.980024456046161,6.977791298976133]}