{"timestamp":"2024-05-12 03:49:14","trueValues":[6.385310169417221,6.3936924820923,6.397094578080917,6.394562674456889,6.385209967058806,6.367869377489325,6.340346155152663,6.299573230778456,6.243639184577478,6.174747936857351,6.100491743236423,6.031923428846467,5.979844515556963,5.951942942935942],"predValues":[6.465204273984284,6.483113252793739,6.501363903040176,6.52625953780313,6.556411809551619,6.586538432685821,6.612625997094161,6.633483902075,6.649711634151955,6.662480258553608,6.672893994638141,6.681793000641491,6.689751911839237,6.697136852233278]}