{"timestamp":"2024-05-12 03:49:19","trueValues":[6.422759272589423,6.417389675385514,6.397405019339879,6.357682757890908,6.296563438983527,6.217369554875996,6.126871409480037,6.032121973042052,5.938287115689757,5.848701423069495,5.766529641816928,5.696428523710849,5.6445921426549095,5.616928716753091],"predValues":[6.271597901779558,6.217506967659286,6.18153246046715,6.177736332657977,6.205400821714791,6.252322503010925,6.304631988040281,6.353323025039245,6.394726931903839,6.428454195222244,6.455527437206661,6.477328626458093,6.495144579205359,6.510020775493086]}