{"timestamp":"2024-05-12 03:49:24","trueValues":[6.237113406314936,6.161333047112234,6.082552198720821,6.00435980661994,5.92794647151123,5.853820647271743,5.7836169347085065,5.720388050499435,5.667142058812586,5.625290563694489,5.594560201416682,5.573843297367247,5.56164837798055,5.556219576332776],"predValues":[6.309103086377822,6.223488144774899,6.161615713446913,6.139277630922278,6.155582175947726,6.19694900528182,6.247645949970321,6.296964248417186,6.340026677076232,6.375728352117405,6.404731884892239,6.428271731245979,6.447596832510696,6.463766755534719]}