{"timestamp":"2024-05-12 03:49:34","trueValues":[5.504495956153646,5.468146620378078,5.447906275555798,5.445994124847509,5.46501449931137,5.507893002156031,5.576000040171906,5.666260570426161,5.770438198266975,5.877826155513924,5.978521552058265,6.064251181506428,6.1274339513675296,6.161201481681425],"predValues":[5.704574683082344,5.689401202078736,5.69826937658719,5.740669061000328,5.811758115886851,5.8965343610919545,5.980028308476974,6.053424276811404,6.113910088235278,6.162150214621375,6.200165979406681,6.230189210717478,6.254186745297187,6.273733780167412]}