{"timestamp":"2024-05-12 03:49:39","trueValues":[5.366848348503567,5.407488577844779,5.481393465186569,5.5867378391887925,5.719447689905081,5.875702769197279,6.051766153700076,6.241861323634676,6.436904151133971,6.6251826549684,6.794055257758382,6.931707516711571,7.028639078779754,7.07858025316016],"predValues":[5.495957559035652,5.422829638654701,5.384531273981903,5.396553497128866,5.456172571441891,5.5458679683683485,5.644697527893932,5.73762870349925,5.817540615912504,5.882916275848143,5.935061370536175,5.9762709858251695,6.008905192912856,6.035018538829861]}