{"timestamp":"2024-05-12 03:49:44","trueValues":[5.945390452904116,6.105824661592956,6.267265678063428,6.4192840846948,6.550157534496296,6.64908397402093,6.70842051489365,6.7255314629839,6.703864762839518,6.652761958731125,6.585820005696975,6.518253847785539,6.464128892705382,6.434158420461284],"predValues":[5.702990715032017,5.664990233099786,5.647526450445092,5.661697376287053,5.705190249825284,5.765508481442844,5.828968601863643,5.88678629292957,5.935516799557776,5.975015798457495,6.00656704928693,6.031804355486865,6.052240453722864,6.069116710347649]}