{"timestamp":"2024-05-12 03:49:49","trueValues":[6.662399724562627,6.731308115657072,6.75874283034028,6.747110851524199,6.7043471694191545,6.642316195102324,6.574272149019987,6.512256191767482,6.465129986028908,6.437298448743277,6.428023617448684,6.431865726711454,6.440808720752782,6.447418355365668],"predValues":[6.599452842216362,6.663133700193297,6.698717630818615,6.707541817289091,6.69378140217013,6.664652018422592,6.6285625575964655,6.592391632518737,6.560241028060058,6.533793054107923,6.513206386545553,6.497883000687446,6.48695044496465,6.479518592856391]}