{"timestamp":"2024-05-12 03:49:54","trueValues":[6.752026880227751,6.695833025524516,6.634568984643245,6.572703862505859,6.5105471701107,6.444208690431407,6.3668096777466205,6.271457565320027,6.155251667638207,6.022421348171384,5.884876733661584,5.759695681499792,5.664573609235555,5.61334708046445],"predValues":[6.784024390366943,6.73578320082585,6.68569663999968,6.644016711519134,6.614023780125735,6.5938752653162735,6.580422101991285,6.57132893730671,6.565272541975098,6.5615354192682265,6.559673701975081,6.559346914708049,6.560262689843111,6.562162282033005]}