{"timestamp":"2024-05-12 03:49:59","trueValues":[6.386568812038635,6.318498718658885,6.24232034080439,6.156469910369756,6.065588497597579,5.980660885699857,5.916105715632723,5.884895471768396,5.893892288031419,5.941292521970326,6.016502764306186,6.101838893511292,6.1759353480940025,6.219015850387988],"predValues":[6.284903951031913,6.287983246584735,6.297303527755426,6.319405722765226,6.351816002831787,6.38683938498523,6.418109165529357,6.4431436749137205,6.462205778211192,6.476603687644894,6.487711663942104,6.496627015953525,6.504124916565938,6.510717142015756]}