{"timestamp":"2024-05-12 04:17:04","trueValues":[8.866501300115589,8.828711189978279,8.780416576898613,8.724055806860935,8.662962402356595,8.602512738202599,8.550246709633722,8.513848535175503,8.497995299446046,8.502176156469556,8.52077711628732,8.545220644388039,8.56689173004678,8.579369714451282],"predValues":[8.788190100443854,8.754992554102428,8.716578637770954,8.67759141510765,8.63916979090245,8.601418485922508,8.565344573738205,8.532431952935827,8.503722781200633,8.479551420779005,8.45971029065789,8.443698644833962,8.430912345480493,8.420752570545735]}