{"timestamp":"2024-05-12 04:17:09","trueValues":[8.62429492355847,8.573971013379344,8.537206316236102,8.51783031642593,8.514565899009353,8.521240386077022,8.529080888387039,8.529804896939616,8.51801264750782,8.492274462410187,8.45539175506234,8.41418227266772,8.378259328492911,8.35725749890443],"predValues":[8.802362488123936,8.773840165879367,8.742679358722375,8.712516322529545,8.683001810884546,8.653080376664658,8.623274560550634,8.59510307945489,8.56987175350181,8.548215552013017,8.530185772217092,8.515484730715029,8.503653144548366,8.494197178221253]}