{"timestamp":"2024-05-12 04:17:14","trueValues":[8.563837019953251,8.581674900272318,8.589480052678702,8.579809860619807,8.549041623445254,8.49785655771901,8.431329368027848,8.358075596674192,8.287896735358999,8.228637804801018,8.184044034263971,8.153853621829983,8.135701313420718,8.12724551015651],"predValues":[8.406810887499883,8.410133778441264,8.416687065839339,8.42861141227944,8.441005939016723,8.448229545640054,8.448612015650024,8.443743297343813,8.43606864721324,8.427547459916752,8.419377911135335,8.41214659663828,8.406050731677425,8.401067989997847]}