{"timestamp":"2024-05-12 04:17:19","trueValues":[8.451327579299686,8.379871868833765,8.306421679594518,8.242635037695436,8.198082995992,8.177831753831008,8.182208497162613,8.208345365383913,8.251949338619273,8.307971228001833,8.37007595869654,8.429965605956161,8.477856751714675,8.504603870903935],"predValues":[8.705585083530236,8.691759815956493,8.67327792949833,8.65305592409974,8.630590395869906,8.60531893581571,8.578531150947835,8.552415811615214,8.528721010420742,8.508334747575201,8.491435367329244,8.477779938766183,8.466933099914975,8.458409520519742]}