{"timestamp":"2024-05-12 04:17:29","trueValues":[8.333660242180882,8.379134305054983,8.413588234813457,8.42998979273233,8.425182737415913,8.40133271559196,8.364782775758002,8.323027894850206,8.281980012015044,8.245012783844981,8.213542332795274,8.188185820341364,8.169830183539029,8.159984305116971],"predValues":[8.143505668460856,8.117768546518217,8.104002284046777,8.108427135141973,8.126182886737565,8.1478555671288,8.166875675803913,8.181100689656319,8.190961186459578,8.197678465515853,8.202407113151281,8.205992071799287,8.20897395577556,8.211667724747798]}