{"timestamp":"2024-05-12 04:17:34","trueValues":[8.480928472288149,8.453684062349303,8.41336576963045,8.362654339455123,8.301872970942236,8.230033461522599,8.14655293646941,8.052945860075102,7.953800543515576,7.856350427597877,7.768709777043607,7.697860064925658,7.648545354626906,7.623354960141189],"predValues":[8.519412291060638,8.478337829350565,8.439921255131601,8.410801971356529,8.390302748292616,8.374513301862944,8.360734813109044,8.348228920885887,8.337171045767885,8.327842658040346,8.320344225850434,8.314590962587184,8.310378210913779,8.307455332039808]}