{"timestamp":"2024-05-12 04:17:39","trueValues":[8.228285900497196,8.154502677955312,8.073320694004433,7.988781532363536,7.907077805098153,7.834733297055204,7.77658164242602,7.73472310390607,7.708755011540456,7.696613781481078,7.69518144591212,7.700455757849474,7.707796577311162,7.712826895176832],"predValues":[8.297161067998001,8.278822707464359,8.265940192583711,8.264047776690042,8.269928618552866,8.276982651954265,8.281176798415231,8.281914893771512,8.280243879905854,8.277419874446553,8.27436569593052,8.271612921855981,8.26939863578714,8.2677813112488]}