{"timestamp":"2024-05-12 04:17:44","trueValues":[7.837681160071591,7.779584257924723,7.737413949202068,7.71066629843531,7.697196921996626,7.693847452180334,7.696634247214759,7.701018166842592,7.702821277716559,7.699591678626114,7.691443658733377,7.680685593324371,7.670663496961653,7.664618929229377],"predValues":[8.004400608205026,7.956415107440578,7.927795506513834,7.928278444670969,7.952682370248067,7.98793127415513,8.02309140461999,8.052945328497605,8.076440788130244,8.094397476020163,8.108117225460509,8.11879289635729,8.12734677566992,8.134438019496194]}