{"timestamp":"2024-05-12 04:17:49","trueValues":[7.846463086130958,7.862401108471382,7.8636370261547475,7.840090800871029,7.783987048553742,7.691607650391578,7.56399104302731,7.4069327501353,7.230964119321561,7.050897291785283,6.883805207825594,6.745576718864331,6.647958092879697,6.597738106101474],"predValues":[7.74907569635805,7.73227226585052,7.732155318800912,7.756294518783896,7.7988103528803965,7.846942569034354,7.890658970910587,7.925877840689001,7.9525957231158575,7.972432600616987,7.987220555040008,7.998486276959815,8.007354584362643,8.014599188297154]}