{"timestamp":"2024-05-12 04:17:54","trueValues":[7.676772385571214,7.572968058028525,7.447781822986126,7.310751775494605,7.17440108404581,7.052011744010304,6.954086132020446,6.885467450662532,6.84482622461351,6.8263137724492005,6.822070189280899,6.824611927088644,6.828524071686805,6.830960822938652],"predValues":[7.852042257763541,7.822047465848898,7.805699331468597,7.810572302394792,7.832342261468204,7.860629094881061,7.887182454072219,7.908561437895688,7.924584246847079,7.936344070051483,7.945098354080942,7.951868790887039,7.957375402191115,7.962085178825356]}