{"timestamp":"2024-05-12 04:17:59","trueValues":[6.976051180035705,6.865786059579633,6.791444149087118,6.754997069499064,6.753892717246508,6.783140908564899,6.837161674455405,6.91086090775257,6.9994754082835815,7.097280086392594,7.1962077219666,7.285650686028589,7.353939789337605,7.390997917259865],"predValues":[7.332758286554725,7.249520426629474,7.20310892683726,7.209669656320308,7.263113394836495,7.342502367885872,7.426777335510154,7.503088740633579,7.566589128049868,7.617142945496973,7.656583337977513,7.687202733452565,7.711103520927597,7.730001366778119]}