{"timestamp":"2024-05-12 04:22:04","trueValues":[7.90010536884273,8.007216108424357,8.108320553853579,8.202647917757975,8.289473394218723,8.36736571082186,8.43409941837108,8.487438436120117,8.526319343283777,8.551549606081862,8.565676278097097,8.572216010268965,8.574583124868546,8.575196033723994],"predValues":[7.978264005772475,8.00306661447324,8.021506240520294,8.031214440370313,8.029324948152885,8.016242825921655,7.99582466842622,7.972732410325984,7.950435923740583,7.930804766731265,7.914509524312036,7.90151032817053,7.891435605635488,7.883797368563544]}