{"timestamp":"2024-05-12 04:22:09","trueValues":[8.403611588326836,8.47562864463088,8.530937954377075,8.566938774655373,8.582933144210607,8.580198709559756,8.561477081649898,8.530189759048328,8.489848874285801,8.444085101675169,8.397161161174669,8.354293688563097,8.321243389188677,8.303166298995409],"predValues":[8.22762754176565,8.2134899724117,8.19411928837651,8.1718709095547,8.14630814503148,8.11750780775534,8.08742849501848,8.058654205039755,8.033045724851686,8.011424341689027,7.993836037005375,7.979896480269513,7.969049375629556,7.96071556940119]}