{"timestamp":"2024-05-12 04:22:24","trueValues":[7.31957330407759,6.960793311104255,6.618909774700637,6.317044322623752,6.075574313796043,5.909685322609204,5.826885349648113,5.825763986915614,5.896606921420462,6.022600755577034,6.180346511068619,6.34058616239311,6.471461472715848,6.545088145684507],"predValues":[7.910746487202127,7.833332324558642,7.781847183334651,7.767381896453051,7.784362873844985,7.817994719002458,7.8551280651407165,7.88864057114984,7.91623024067378,7.938060533793239,7.95516510295351,7.968685510832024,7.979593215306778,7.9886273748890515]}