{"timestamp":"2024-05-12 04:22:29","trueValues":[5.7794330211143805,5.655843777771013,5.620213732797725,5.6697123689108615,5.795376226335412,5.981983450515432,6.20785219134784,6.4468883725999415,6.673715148978518,6.869502583658448,7.024781420875161,7.137872673100528,7.210965908049721,7.24674213683502],"predValues":[6.478709133220974,6.411322116926439,6.40399033428222,6.469424999320163,6.594053476672553,6.748000446467472,6.902503977903031,7.0399680584218505,7.153884053135707,7.244571971698531,7.315321481458065,7.370138284652159,7.412718439625943,7.446113201219209]}