{"timestamp":"2024-05-12 04:22:44","trueValues":[7.429306049669194,7.4001484923142495,7.3260460574846835,7.208523309445393,7.054676276220139,6.876679943039433,6.689664068657656,6.508728909278034,6.346482818686505,6.211929656547947,6.110076218423731,6.041360524172392,6.001629093011576,5.984263386405304],"predValues":[7.372398020597098,7.358354008882836,7.338266226802546,7.324030847188926,7.318549485816015,7.318420844061445,7.319769190385684,7.32076882187109,7.321168302361003,7.321306246721791,7.321562201287185,7.322175375931383,7.323242783547812,7.324763095192726]}