{"timestamp":"2024-05-12 04:22:49","trueValues":[6.754568883824246,6.567419849279164,6.402073598718008,6.275212761661837,6.198938301174539,6.179599644683617,6.216369126024343,6.300373919385153,6.416094752599847,6.545072464148309,6.669838487178364,6.7760868751635,6.853061954793455,6.893433936839628],"predValues":[7.223410137283085,7.145942019523529,7.0841408195803055,7.053718905145843,7.055056619920116,7.077111770321324,7.107261782865447,7.13725046163886,7.163470521738632,7.185138683721134,7.202709712136095,7.217001438964527,7.228813888341255,7.238799837434094]}