{"timestamp":"2024-05-12 04:22:54","trueValues":[6.164336327082811,6.178247311528143,6.235464187126705,6.3224028895945725,6.42354627307554,6.525384295452307,6.618468565377114,6.697521448553242,6.760845485134496,6.809673270444876,6.846965824043852,6.875408143874939,6.895700051714545,6.906588353610616],"predValues":[6.151014463399884,6.07643134961755,6.050956162487161,6.089130337366937,6.182347501666299,6.306024721085621,6.43459590874232,6.55137245486848,6.649411159971085,6.728114132259009,6.789839316619988,6.837808870059489,6.875121623603397,6.904388951711724]}