{"timestamp":"2024-05-12 04:22:59","trueValues":[6.459523039472042,6.545325627931837,6.623716032650806,6.695644315512647,6.764820090088698,6.836124832545124,6.913144033107431,6.995947860005384,7.080610613414617,7.160634555785621,7.229242871382319,7.2815322893611185,7.315622620110808,7.332100459400676],"predValues":[6.661715584322417,6.721207611613367,6.78089898046615,6.839675238655745,6.892348721377008,6.933763392685942,6.962642935009317,6.981116050438759,6.992416059107201,6.999375471713916,7.003985045989743,7.007475915420563,7.010542054430305,7.013538025210281]}