{"timestamp":"2024-05-12 01:37:04","trueValues":[9.209787403748262,9.386090396808385,9.52021112065214,9.613399845555346,9.671580471158183,9.701302563816238,9.707702756894824,9.695096928102002,9.668753010445144,9.635559716723703,9.602717795728587,9.575705153578966,9.557292372195572,9.548145518183675],"predValues":[9.219329219841338,9.306025257181268,9.33825320616594,9.319670851560613,9.260817248845026,9.176910398638263,9.083028496677375,8.990539859339327,8.906140502580463,8.832708121187405,8.770661332440003,8.719115059803716,8.676639625597083,8.641697973483991]}