{"timestamp":"2024-05-12 01:37:14","trueValues":[9.728607042012383,9.70721104770897,9.679620580818783,9.641958846647292,9.590240608690332,9.521836684641702,9.436081007896124,9.334363122033954,9.220204727980908,9.099584477859484,8.981313800280196,8.876744266928817,8.79811412075815,8.755826864985885],"predValues":[9.632521751321368,9.568561815157867,9.483566294234748,9.393537265980967,9.310197608964808,9.23692018241248,9.173467902759782,9.119076893141765,9.072947661001106,9.034185561408297,9.001815681231601,8.974857259986798,8.952384821249488,8.933576014629917]}