{"timestamp":"2024-05-12 01:37:19","trueValues":[9.686390220258634,9.637242691083072,9.560346816500353,9.451460076497169,9.308313166733612,9.131862395128987,8.927165987367616,8.703144079658404,8.471438750789899,8.245322693526443,8.039101455711425,7.867434881590791,7.743936670893994,7.679250068290424],"predValues":[9.647714767798035,9.620804720105571,9.574772766647088,9.518513793700318,9.45906907680671,9.400071416589109,9.34387144874464,9.292375941759436,9.246728850409664,9.207249652771754,9.17365076541917,9.145312900566484,9.121489191828694,9.101433835975795]}