{"timestamp":"2024-05-12 01:37:24","trueValues":[9.127351960056576,8.946324306192265,8.752661586772726,8.556678265784702,8.369113006058512,8.200392700221771,8.05993185155673,7.954880443203213,7.888562960835099,7.859222806609516,7.859545208362188,7.877574190791866,7.8995376440746305,7.913761860560788],"predValues":[9.431803403767937,9.417519384813229,9.393595739505772,9.366021219940531,9.3363815217947,9.304359293301845,9.270784858514176,9.237588906905245,9.20654265469912,9.178690651679808,9.154388523193616,9.133541648445869,9.11581407045768,9.100777337765493]}