{"timestamp":"2024-05-12 01:37:29","trueValues":[8.270467903924812,8.133173130839177,8.023063231012586,7.940930786494886,7.882896876281557,7.840363765916365,7.801422790495405,7.75418947189094,7.691185312069241,7.612548521179846,7.526245585399851,7.445193306358536,7.38278929753233,7.349074526285134],"predValues":[8.562052248502972,8.501235530086454,8.46359585638114,8.464972642101532,8.499741531527704,8.549825168677632,8.599694314307028,8.641859041465953,8.674728870279726,8.699389813577215,8.7176553479936,8.731240608326896,8.741509090860042,8.749463882332176]}