{"timestamp":"2024-05-12 01:37:34","trueValues":[7.735041518827506,7.700248442625167,7.671823664851521,7.645536891775722,7.623720685459966,7.614791246644842,7.629638737747665,7.676457691692267,7.756352992308701,7.861653178931385,7.977418531761554,8.085195072159703,8.167563537086613,8.211883013634576],"predValues":[7.824047791974706,7.811053911608181,7.823971244814962,7.877859382119661,7.964505716963508,8.062253250491462,8.152840966695871,8.227943033010844,8.28661377306704,8.331211796224075,8.364869422890212,8.390430858469687,8.410146004723725,8.425687204461726]}