{"timestamp":"2024-05-12 01:37:39","trueValues":[7.545362972757137,7.526244522244854,7.5392904972062045,7.590038340440161,7.676368652461315,7.789728085534534,7.918385521640318,8.051241888404554,8.180602069962987,8.302376374833052,8.413591955855944,8.509272450282065,8.581312895996028,8.62048032343123],"predValues":[7.973461203076045,7.937370014623049,7.919428476691829,7.934386004336783,7.977989445994644,8.034616270570181,8.090234426842843,8.13779546297496,8.175739199009257,8.205127726787179,8.227778243986394,8.245432995857325,8.259491094375289,8.270993368281804]}