{"timestamp":"2024-05-12 01:37:44","trueValues":[7.738859042630983,7.861625802690226,7.993634569133548,8.129252746789794,8.266332762566147,8.403429788822445,8.536321505490314,8.656487788428258,8.752709960325063,8.815151445364897,8.840293997875774,8.834485982130207,8.813440828975619,8.796302504644212],"predValues":[7.794930634509627,7.851605566848752,7.906529217119988,7.967356832875219,8.02941265844009,8.083252156403704,8.12379344588306,8.151485178286658,8.169318008619491,8.180480072927146,8.187462343366285,8.191960020578737,8.195042106913423,8.197351545354447]}