{"timestamp":"2024-05-12 01:37:49","trueValues":[8.571008000404259,8.708779864294547,8.813462092075548,8.867951709319485,8.857636447966499,8.776376322123381,8.631224833614032,8.443124009558385,8.242046315616156,8.0580872776379,7.912545611244857,7.813211053095964,7.755881483067778,7.730887240678905],"predValues":[8.146790285822366,8.121618496549086,8.097618304081887,8.087481652768302,8.091461307708737,8.102497388149313,8.114265185016189,8.123941756005063,8.131136657443491,8.13641203253584,8.140466639903524,8.143850130679702,8.146916535478194,8.14987077742456]}