{"timestamp":"2024-05-12 01:37:54","trueValues":[8.602110334036444,8.449516760551996,8.27453899019494,8.113417318906526,8.001478526697303,7.963140094370577,8.005978596008497,8.12098352722746,8.287924111600157,8.482189905691428,8.679290602580712,8.85593513418344,8.990034860716015,9.062731273062788],"predValues":[9.262328523672467,9.312127235283352,9.316187424214768,9.279018993961628,9.210217981521822,9.122735209484524,9.0291935171225,8.939089004863973,8.857931473478011,8.78792803273723,8.729162140308851,8.68060333321257,8.640782331243305,8.608175367502401]}