{"timestamp":"2024-05-12 01:37:59","trueValues":[7.870506070586765,7.877379101850018,7.959089739622879,8.1007373350527,8.284072832625542,8.491575703788774,8.706869906343437,8.913814886922285,9.097389594369329,9.24677190818702,9.35794921563004,9.433316273327875,9.478627939276269,9.49959441896112],"predValues":[7.747180888365639,7.621936711375934,7.5493136567239185,7.548947399827644,7.607944794256499,7.697032930338425,7.790830045688347,7.875310202226941,7.945612655310471,8.001830431001126,8.046023923682013,8.08067692921357,8.108047588808242,8.129976489553622]}