{"timestamp":"2024-05-12 00:29:04","trueValues":[7.828931128662117,7.853673137528085,7.832982546564812,7.767823637354072,7.662129551805206,7.520903763120224,7.349118913006235,7.1528698032691,6.94203713065701,6.731737630275635,6.540524287073527,6.385841481126693,6.279439334350196,6.226003968179607],"predValues":[7.933034468547556,7.963837524048244,7.974420434671585,7.964534687937162,7.93647935652478,7.895933548636689,7.850037944806497,7.804724152548109,7.763567827903311,7.728078650967052,7.69844825542744,7.674182008422381,7.654512577833191,7.6386271816650915]}