{"timestamp":"2024-05-12 00:29:09","trueValues":[7.468269882922577,7.328068975654165,7.178345920660112,7.028762138970594,6.892230711172403,6.782631923110351,6.709916639762394,6.675395066767273,6.670574323330277,6.680986597576689,6.692912538749287,6.698834843656972,6.698652379680707,6.696639694378067],"predValues":[7.503828696511103,7.403912326790406,7.330878362732265,7.298249338525186,7.300714263384439,7.323053541958446,7.351763245271138,7.379284341297807,7.402777408831703,7.421889214625258,7.437240375407645,7.449672378358551,7.459947239821673,7.468661389750016]}