{"timestamp":"2024-05-12 00:29:14","trueValues":[6.676786470868867,6.591645829288733,6.555150110359591,6.563106097881096,6.605108029431191,6.670642631038799,6.753798893818072,6.853655195281471,6.970405561215844,7.100023292072166,7.231443602224957,7.3485990302129744,7.43573282162269,7.48185009326964],"predValues":[6.8986008701223405,6.803333942989836,6.745482098069649,6.742313364602751,6.78808404772086,6.861740489029419,6.942014272824586,7.015816632156406,7.0780236915195225,7.128224009930311,7.168015775137175,7.199506426131812,7.224659344403905,7.245087867660555]}