{"timestamp":"2024-05-12 00:29:19","trueValues":[6.599040470972117,6.651332546838407,6.721598586863308,6.814343976132999,6.930801708654601,7.065802724835412,7.209297552071553,7.350941426458887,7.483610412155,7.60334478837564,7.706969974301428,7.790376875871113,7.8489463504139,7.879091578760539],"predValues":[7.1250465054346925,7.229837175025331,7.320983579180371,7.392286992693052,7.438988202221799,7.461976271132384,7.467321548665749,7.462328175436207,7.452736391058299,7.442115738432584,7.432321688816604,7.42412423221653,7.417695068164291,7.412911136469047]}