{"timestamp":"2024-05-12 00:29:24","trueValues":[7.196842957076974,7.336414742376241,7.456214768417912,7.54500043690335,7.595943369079153,7.605102980951007,7.570621143373877,7.494023217978911,7.382474337864634,7.249707807697597,7.114198337639738,6.995079528162039,6.907867063282587,6.862193924635401],"predValues":[7.113909956846953,7.209483869984679,7.285049206089351,7.33998083002306,7.372844545695603,7.385284522308981,7.382892423566985,7.372318549761113,7.358750034119011,7.345317070738956,7.333531731814637,7.323909381730582,7.31643805999308,7.3108681909667155]}