{"timestamp":"2024-05-12 00:29:29","trueValues":[7.497001912490194,7.4748401808005935,7.427690319863348,7.365547847166267,7.303496805798879,7.259135866206053,7.247747349884157,7.277364987563811,7.346069518687688,7.442572895081055,7.549568813923065,7.648359302502529,7.723048333101382,7.762945882230392],"predValues":[7.532899075156338,7.522284004094355,7.502224395621472,7.478482018240909,7.453056932289726,7.426707167280389,7.40082386152574,7.377105936710095,7.356739342231989,7.340170071612427,7.327282506745545,7.317651917210268,7.3107403465783936,7.306009572632972]}