{"timestamp":"2024-05-12 00:29:39","trueValues":[7.638270227375035,7.777731710343422,7.892141806341876,7.965317701592042,7.985363223261222,7.944521858284121,7.839825543699416,7.674689133355685,7.460235354825709,7.215357535551277,6.965500961428504,6.740225593978487,6.569190401031365,6.476768343774968],"predValues":[7.400358731214796,7.474916462171588,7.53289296201511,7.57132867302401,7.587868441092421,7.584547676461032,7.567684709273703,7.544407196415335,7.520030912868144,7.497568574103298,7.478299952947768,7.462477282924458,7.449839293692992,7.439924310196166]}