{"timestamp":"2024-05-12 00:29:44","trueValues":[8.178002921785435,8.132647400693436,8.01203911106572,7.8158205670347325,7.550355017042934,7.2287160780815825,6.8699079115008415,6.496917124373178,6.133688359317229,5.8021705841289295,5.520393645051393,5.30145627611267,5.153153064616366,5.078688559063324],"predValues":[7.913732092220888,7.929526588636792,7.925769930456862,7.904189744550315,7.867370029136008,7.820668819607262,7.770952768297352,7.723924372818452,7.682825192754712,7.648736988315015,7.6214232075126525,7.600029871096731,7.583524389776955,7.570911650476655]}