{"timestamp":"2024-05-12 00:29:49","trueValues":[7.008727780428874,6.6591891293677445,6.326245397540466,6.040588142067476,5.828682347380851,5.70939808440683,5.691465981976203,5.771652719956037,5.934319421243032,6.153016915835684,6.3938027844231815,6.619470721855636,6.794370483214827,6.8898811386302645],"predValues":[7.642697470568972,7.562822104108721,7.495571969019979,7.451812243577641,7.430581569876175,7.423970872108294,7.424282376522251,7.426956477127055,7.430033779264258,7.432937255559544,7.435633150841774,7.4382330963855745,7.44084367347934,7.44352468459162]}