{"timestamp":"2024-05-12 00:29:54","trueValues":[5.614927194577913,5.554025755997616,5.592343921932223,5.720071496099243,5.917950023762802,6.160189092336061,6.418016671044666,6.663518828090759,6.873845837607666,7.035218147686493,7.145063587707719,7.21064350629705,7.244324522373109,7.257789114614308],"predValues":[6.071894468564605,5.974327937174796,5.937302501268676,5.97611403756882,6.079548520067121,6.218577166057581,6.363623269327906,6.495557747815852,6.606455578389182,6.695621590574598,6.765712608708211,6.820359838680371,6.863048701252541,6.896712972637406]}