{"timestamp":"2024-05-12 00:29:59","trueValues":[6.133973949328148,6.373287879823071,6.598881130617025,6.789933140048423,6.935396398760478,7.036054584879944,7.10295706828485,7.152366930955783,7.199514931371784,7.25385544112747,7.316992761112473,7.382774944939878,7.439098770341428,7.472027072680006],"predValues":[5.927922417629436,6.0397207404847535,6.168076639254672,6.303189951181981,6.429727057541735,6.535726002785831,6.617603157210009,6.678011624107893,6.721847099343727,6.753818827974255,6.777624728865855,6.795914981635908,6.810505455018342,6.822613993061578]}