{"timestamp":"2024-05-12 02:26:04","trueValues":[10.170202290799882,10.258649875996452,10.324099823887469,10.372530786595426,10.409895368945412,10.439756203330502,10.462702277618728,10.477255806365037,10.48153447364822,10.47509334910227,10.46019429498212,10.441647024491676,10.425211711401666,10.415683716323544],"predValues":[10.527673805761346,10.578295399339474,10.593191795572134,10.578445304193972,10.542097629598086,10.491985287263253,10.435568435799514,10.37894958488645,10.326077292180852,10.278898194481204,10.23796194292067,10.202999559285148,10.173361987449312,10.148265682180778]}