{"timestamp":"2024-05-12 02:26:09","trueValues":[10.496762574239767,10.527834873743306,10.54525573151502,10.544737443454252,10.523487101385353,10.481801857129824,10.423311321845524,10.353836800715474,10.279948591617693,10.208123966368005,10.144311277171507,10.093336716134562,10.05831426424174,10.040635059805892],"predValues":[10.4578989433448,10.42779836750801,10.385484798649586,10.343456686907704,10.306526934951265,10.2730115052659,10.24113918162754,10.210798864339054,10.182581136000966,10.157006410984032,10.134288915020043,10.114376553514166,10.09704340602966,10.081986473392536]}