{"timestamp":"2024-05-12 02:26:14","trueValues":[10.452612405124988,10.398633368068092,10.338601258038947,10.27977529735327,10.2288666519261,10.191389906723993,10.170871015292644,10.168089270244453,10.180966735138869,10.20527045835755,10.235650112380906,10.266357749720664,10.291546549473884,10.305856084148507],"predValues":[10.779456019371429,10.770176802562473,10.731770859893471,10.677053993269045,10.617412061123597,10.55780255520554,10.500603221664418,10.447630460811656,10.400075537820769,10.35838072517027,10.322399839048156,10.29162575452112,10.265389215518905,10.24299491867383]}