{"timestamp":"2024-05-12 02:26:24","trueValues":[10.375400241930826,10.415222307055087,10.433846124705276,10.420687455314305,10.367863536161044,10.27290731607625,10.140163909530386,9.9797210627072,9.80466089783792,9.628562562114617,9.464519340895976,9.325333746649164,9.223430340240116,9.169368908670997],"predValues":[10.332752842403517,10.331523835227628,10.324416644076408,10.318262039802,10.312231824662176,10.302537977404612,10.287983385503306,10.269973008286067,10.250570429600984,10.231411844987589,10.213489178057552,10.19725745914936,10.182838419510103,10.170145943585071]}