{"timestamp":"2024-05-12 02:26:29","trueValues":[10.252493145412052,10.136488582707685,9.999738144980226,9.854958760719631,9.714372991342508,9.5885167028636,9.4863001973081,9.41490668140947,9.378459070243917,9.375926103464892,9.399922043312106,9.43767520881329,9.474145677811268,9.496180096690043],"predValues":[10.740945355935276,10.74597726853344,10.724384590555683,10.68566076454275,10.638315814663656,10.586894728528202,10.534695412935353,10.484635165195346,10.438736106111415,10.39798537509776,10.362557329573796,10.332128238843106,10.30613303602508,10.283927980769375]}