{"timestamp":"2024-05-12 02:26:34","trueValues":[9.55562215569616,9.440134817897562,9.35629069383559,9.310135414397516,9.302954333974045,9.329917539416329,9.38081927433602,9.442864999928426,9.504410511095006,9.557964286153323,9.60083388507489,9.633200044209095,9.65545400459464,9.66701156256097],"predValues":[10.081500611559164,10.056568032160085,10.03987649871593,10.042496112627166,10.059561876630069,10.079453506613511,10.094687454557542,10.103392567668417,10.106551201162848,10.105858024105167,10.10282112185783,10.098538201954655,10.093721046665776,10.08880023376474]}