{"timestamp":"2024-05-12 02:26:39","trueValues":[9.291763564481483,9.336080117353209,9.394764146846864,9.45785282749078,9.519555154019336,9.5786835823015,9.63646020900569,9.69353993760971,9.748490166755856,9.798251136364367,9.839547265891197,9.870158156126278,9.88956711374134,9.898707057245758],"predValues":[9.431214947477404,9.427087248203716,9.441765166084606,9.487916192902691,9.555778439480637,9.626159300245156,9.68612549466452,9.731868269963972,9.764713380424077,9.787573870735091,9.803275606877556,9.814052809076497,9.821520409771512,9.826785684891394]}