{"timestamp":"2024-05-12 02:26:44","trueValues":[9.637008796983856,9.690157509988529,9.733889859189707,9.765119505632718,9.779831976050993,9.774888836895032,9.749704289761794,9.707262610726298,9.65413250293406,9.599092968768216,9.550541869545658,9.513907143100733,9.490701658993371,9.47980219396984],"predValues":[9.698430982170848,9.666074923009106,9.64625133494543,9.650764427905331,9.67352763953417,9.70148755278562,9.725984238636158,9.74425721513752,9.756725896935802,9.76480534333127,9.76990157680672,9.77309635757103,9.77514027305169,9.77651812192708]}