{"timestamp":"2024-05-12 02:26:49","trueValues":[9.835041615016271,9.824023608210636,9.791643096483975,9.741581254011471,9.67951320216414,9.61083711043642,9.538506423408426,9.462613103987351,9.382254533581218,9.298426356844192,9.215885129230362,9.142684249837778,9.087782925821468,9.0583941322548],"predValues":[9.992545369851792,9.98670599103383,9.97661824485008,9.970577398160293,9.967509132840558,9.96240333097014,9.95291467262689,9.93980225047826,9.92488246483568,9.909738885066346,9.89537991368439,9.882315333510602,9.87070727568194,9.860524908703509]}