{"timestamp":"2024-05-12 02:26:54","trueValues":[9.655990366290348,9.59667960692629,9.531340227154905,9.456751930491963,9.371316263400317,9.277138804350418,9.179894674713278,9.086842033649615,9.004653773494605,8.938222001964373,8.8900198833694,8.859482085040323,8.843174350549887,8.83657056328948],"predValues":[9.652880106348253,9.575825290093563,9.520771934912762,9.505342366449389,9.523623316613222,9.557685739544256,9.59318501645298,9.623445597116737,9.646911022620724,9.6642829752626,9.6768951829854,9.68603300017983,9.69272981350242,9.69774258931065]}