{"timestamp":"2024-05-12 02:26:59","trueValues":[9.17848652592049,9.07257555675235,8.98134835281758,8.9153054302273,8.882796542534818,8.888800710377229,8.933609504012306,9.01225001594419,9.115532334383625,9.231920696041708,9.348760898573282,9.452810814920149,9.531205738047852,9.57339970196918],"predValues":[9.693383122247736,9.67834213693556,9.671282256181682,9.681259965823298,9.702879754253464,9.7253739876682,9.742272304759162,9.75237227722537,9.756993280417408,9.757959156731676,9.756782775728112,9.754516660853197,9.75181305769724,9.749047791551492]}