{"timestamp":"2024-05-12 02:52:04","trueValues":[8.3828800658962,8.250231811722518,8.148173982050237,8.084443953154716,8.063239592539412,8.084988288512895,8.146348544921343,8.240123068227591,8.355336643614606,8.478286797910737,8.59480380132339,8.692672800309689,8.7628614958086,8.799464593392383],"predValues":[8.858298527740534,8.788468912841672,8.745014312883313,8.743394330457484,8.77711175959217,8.82728496755055,8.877870679647549,8.921053909293065,8.955043240318092,8.980812522699374,9.000123670054762,9.014669225138594,9.025808963191324,9.034549691994576]}