{"timestamp":"2024-05-12 02:52:09","trueValues":[7.955417868053915,7.986060652938889,8.057909199175997,8.166221038114854,8.30399981251262,8.463574061703714,8.638100256976028,8.821661940774362,9.00793679612362,9.18881613986593,9.354189899562616,9.492802453266345,9.593468347259536,9.646651612801591],"predValues":[8.409379204182539,8.413254404144574,8.436257888802608,8.488318728457172,8.560607952440304,8.63549977985473,8.7003059873954,8.750838541742576,8.78814970055399,8.815076492937646,8.834472426904002,8.848624083061653,8.859195298980033,8.86733773730904]}