{"timestamp":"2024-05-12 02:52:14","trueValues":[8.440570311256929,8.590851522624114,8.746879352535823,8.904611685695578,9.059231366814496,9.204902206539607,9.335447008552828,9.445226267175526,9.53017819874379,9.589295463898496,9.62565855424183,9.64553423690033,9.65549918868199,9.65974277185029],"predValues":[8.618295539913541,8.654279083923146,8.691431832640092,8.733151629433003,8.773698234687341,8.805483645404742,8.825723192860774,8.836112609274764,8.839865812200955,8.83983817017105,8.838006885689676,8.835558971310366,8.833125143734758,8.830999099530622]}