{"timestamp":"2024-05-12 02:52:19","trueValues":[9.090633244366932,9.21717633097354,9.336665384178753,9.449094556630085,9.556786841994764,9.664722589853628,9.778836331396825,9.902318594768674,10.032173409189202,10.158820153407966,10.26962854606722,10.354382730806147,10.409007102945882,10.434951805901576],"predValues":[9.1550508687564,9.157641777482734,9.150630270281193,9.139684026437816,9.125405323258091,9.106762368817968,9.084536582039831,9.06098823044612,9.038293060737054,9.017808190265592,9.000101343799836,8.985210794919658,8.972888828510884,8.962773440297228]}