{"timestamp":"2024-05-12 02:52:24","trueValues":[9.794097921370762,9.906779593133749,10.01176668060998,10.101845677148592,10.164328359444536,10.185424544038952,10.156604538395378,10.079209512541828,9.964585988177838,9.830139407327676,9.694431924651727,9.574295410053685,9.484191960950152,9.435716877309844],"predValues":[9.727249924659423,9.670866031000577,9.599812724700806,9.52704029677179,9.460305526067572,9.401153176797989,9.349301512888974,9.304498035028878,9.26644984401618,9.23463120970514,9.208319186698176,9.186701524578003,9.168978199209803,9.154417228378522]}