{"timestamp":"2024-05-12 02:52:29","trueValues":[10.377773203882883,10.385893581745716,10.330153428437214,10.21318724203856,10.043413615389095,9.831185020266677,9.587260585235304,9.32377835088937,9.055508729594454,8.799423661925019,8.572582001376492,8.3897095078046,8.261817543296255,8.196082404077444],"predValues":[10.141560895195711,10.16530486730877,10.153624514940349,10.109393014468338,10.040239034569716,9.956352915885386,9.8677304416919,9.782177827550644,9.704469702550645,9.636685066287438,9.57906047074774,9.530810775966676,9.490701127415877,9.4573988603073]}