{"timestamp":"2024-05-12 02:52:34","trueValues":[9.75759874718788,9.529112917437356,9.294548498994669,9.070162194910424,8.873057776978651,8.718526337724438,8.617123411529963,8.5728937715792,8.583067633317658,8.638333353708997,8.723055112220536,8.81632835794596,8.89527691903806,8.940340869872283],"predValues":[9.99153856207016,9.93293107973625,9.864822712776627,9.801053081357493,9.747744895103352,9.703522431448812,9.665785213272574,9.633059176172068,9.604669216724558,9.58020229921392,9.559267714178963,9.541442325931104,9.5262897093443,9.513386197152474]}