{"timestamp":"2024-05-12 02:52:39","trueValues":[8.705591728248963,8.584342356158393,8.516813674460582,8.501905583522962,8.53285243073692,8.597452386208278,8.679021624366612,8.759452489312505,8.824098160448713,8.866026867198425,8.88686098408622,8.893618131454861,8.893936014798797,8.892970935850776],"predValues":[9.0357090625182,8.95456588372469,8.906284028504983,8.90681985862319,8.946882462565398,9.004410842577917,9.061672370686331,9.110330848563528,9.14856881274309,9.177505765436273,9.199095785526534,9.215222783667578,9.227415045166785,9.236816524800329]}