{"timestamp":"2024-05-12 02:52:44","trueValues":[8.69513214360521,8.78776404107903,8.869508434023027,8.92177579153565,8.933930311032483,8.90470364860277,8.839718831022697,8.747478971953816,8.637024609908377,8.518134112966164,8.40213991602301,8.301349632895237,8.227095432689929,8.187778631977725],"predValues":[8.47852467884119,8.469596037392314,8.48870465372088,8.546545069724857,8.631251146700194,8.721097843872084,8.80048096956898,8.863796899593387,8.911692032183138,8.94710572511465,8.973206180277323,8.992632679949825,9.007374918708,9.018852740049596]}