{"timestamp":"2024-05-12 02:52:49","trueValues":[8.949857701822943,8.906829427018158,8.8363861058976,8.744693505863136,8.637934936374082,8.523310880432593,8.408785963694523,8.301617282165592,8.207029711075815,8.127854697969472,8.06494064053372,8.017957694930917,7.9864205309051854,7.970428021871193],"predValues":[9.18824788352033,9.1618954606235,9.141565810781522,9.135203891282806,9.139173712039524,9.145823214964777,9.15055319154395,9.15235577084042,9.151902335234436,9.150194376732651,9.148031387892388,9.145916241026963,9.14410940911051,9.142711891867686]}