{"timestamp":"2024-05-12 02:52:54","trueValues":[8.52320748860919,8.407315620334444,8.29844084082497,8.201896267175492,8.120669364926012,8.055836312721683,8.007366013278855,7.975132482730453,7.959630885516068,7.961471472603661,7.979351347545087,8.007804830503638,8.036931556363683,8.055356829818287],"predValues":[8.882791226759835,8.838733020552247,8.811867359580884,8.815117690193759,8.842938064351927,8.88037175177668,8.915760194777027,8.944247432906714,8.965395180518456,8.98049995513042,8.991159678702253,8.998737315939401,9.004243927243476,9.008383321222126]}