{"timestamp":"2024-05-12 02:52:59","trueValues":[7.873092992481859,7.80387229960721,7.769112978576008,7.776690881601904,7.834150688117154,7.945607605324238,8.10821583308643,8.310472034342215,8.53374893618767,8.75632734520046,8.95769474887922,9.121318555451763,9.235702338364057,9.294254005060653],"predValues":[8.273810994811127,8.239855418957237,8.232308347426237,8.26669689315243,8.33554043179209,8.417985709667494,8.496199630657053,8.561735694102781,8.613189738043125,8.65238055488825,8.681970550537997,8.704427839316608,8.721730155306219,8.735346778711909]}