{"timestamp":"2024-05-12 02:31:04","trueValues":[8.614279471914479,8.558596463187033,8.534082235279055,8.542032774131204,8.577752389912941,8.633412540807964,8.69956762625037,8.765891487548462,8.823060521172184,8.865784467859237,8.894357821543636,8.912706547838493,8.924446968464213,8.930597585907384],"predValues":[8.811276511191611,8.706634151722977,8.635477453599805,8.616603528736704,8.642707173364364,8.692378040586924,8.746916562960699,8.796280975755533,8.837130580183857,8.869559465462856,8.894928204199227,8.914810265787704,8.930594130653645,8.943371393189643]}