{"timestamp":"2024-05-12 02:31:09","trueValues":[8.571723237928115,8.63366743221836,8.702653433627546,8.771675316517861,8.837470523993971,8.901699438371573,8.968558598210372,9.040380565572567,9.114911451865702,9.186190147024716,9.247692600413938,9.29498439254321,9.32635809648824,9.34183869639144],"predValues":[8.500632986992219,8.457508230871507,8.441494724526336,8.464925863281689,8.5190056342745,8.584359898215833,8.645710320440568,8.696382413881025,8.735608580629783,8.765120700176041,8.787196582099678,8.803863928767662,8.816697538518472,8.826841100339536]}