{"timestamp":"2024-05-12 02:31:14","trueValues":[8.87948454893215,8.936933458108685,8.999783992033397,9.067107219028143,9.134558024622468,9.197412279589669,9.253067380498456,9.301449969654076,9.34373749121509,9.38074751137376,9.412150983658693,9.436810332223684,9.453634228464894,9.462094815926587],"predValues":[8.952052585313098,8.902667706784582,8.866186872025391,8.853335986005888,8.859933925913811,8.875077505683144,8.890605947561188,8.903154365984204,8.912302814728594,8.918739420865808,8.923327997830455,8.926771556863935,8.929559680842107,8.931992976840215]}