{"timestamp":"2024-05-12 02:31:19","trueValues":[9.135198575507824,9.178864477521726,9.220191438543452,9.263177452937128,9.311550473697782,9.367645720775098,9.432296176108787,9.505173856382452,9.584737186851246,9.667597892541508,9.748030883797394,9.818450018141784,9.870908211976268,9.89893031979501],"predValues":[9.270154407601286,9.276247880463398,9.273907876316226,9.267284952265886,9.255960225243776,9.238695651256542,9.216578306288042,9.19228574619682,9.168333395704462,9.14632130308061,9.126976134765336,9.110437164063171,9.096516212539749,9.084883702146168]}