{"timestamp":"2024-05-12 02:31:24","trueValues":[9.395717796878673,9.452217042854636,9.511217892537228,9.57075191445054,9.627635490957717,9.677192334806907,9.713923276779012,9.733139803339718,9.732829362080755,9.714926363518156,9.685418496591884,9.652955590353,9.62621192641748,9.61139367207706],"predValues":[9.44771192355721,9.429897166859314,9.406698593259431,9.383877971260787,9.36162241614275,9.338024627841705,9.312866659583378,9.287543902300603,9.263627167500625,9.24212698400756,9.223448945452551,9.20757072558068,9.194239825080285,9.183105934380034]}