{"timestamp":"2024-05-12 02:31:29","trueValues":[9.664248422725215,9.7102809077612,9.74286979786716,9.759852104202842,9.762448328704156,9.75524385887076,9.74470852443351,9.736540836173338,9.733253560924336,9.733746864842686,9.73516830307293,9.735402728749646,9.734302894905824,9.733144055959702],"predValues":[9.605209831040249,9.601381409898057,9.5884273978439,9.570149637145054,9.547004752872493,9.518842840171718,9.487338899739624,9.455226303072068,9.424809970201334,9.39742522380296,9.373569620415276,9.353197975950938,9.33598709129102,9.32150054130949]}