{"timestamp":"2024-05-12 02:31:39","trueValues":[9.79002763246688,9.786051432780184,9.77257594320027,9.749312517145606,9.716546611732737,9.674205400844402,9.62180940157721,9.559183724934243,9.487415446899368,9.409656290459536,9.331548419180873,9.260959180037052,9.206852032803084,9.177338318524331],"predValues":[9.960931924455064,9.972159372795,9.967547937997928,9.949475897790894,9.91985214697001,9.881254304824152,9.8377228919173,9.793527538715171,9.751797110372294,9.714229465417988,9.681408275945302,9.653236794849558,9.62926956018725,9.608928215640308]}