{"timestamp":"2024-05-12 02:31:44","trueValues":[9.749745752806655,9.7134193413107,9.6612641466502,9.590847138615803,9.501617071341853,9.395731086316127,9.278329537946432,9.15704800541722,9.04078296973872,8.93793016591785,8.854564195815527,8.793387865221463,8.754139106429033,8.73517321865874],"predValues":[9.81299071723505,9.80297526559106,9.78779766486184,9.773011836748813,9.758142550968564,9.740650993389586,9.720096486265858,9.697952562422447,9.675988311773436,9.655463572989609,9.637022086421313,9.620854688390404,9.606877389652167,9.594865864502358]}