{"timestamp":"2024-05-12 02:31:49","trueValues":[9.413906784135316,9.310668055050732,9.204859148762251,9.10388653455259,9.014103626680487,8.939037973424144,8.878475083263027,8.829098444185732,8.786411973712303,8.746902476156995,8.709554372709455,8.676267255559578,8.650866622173314,8.63711045967434],"predValues":[9.758160093026005,9.741398922929584,9.723741513171165,9.711227647285533,9.702152024658396,9.692099894167027,9.679153855775343,9.663979444511115,9.64805072477691,9.632604145833591,9.618386042488662,9.605721740171036,9.594660675588043,9.585097064817544]}