{"timestamp":"2024-05-12 02:31:59","trueValues":[8.636485590325181,8.689785537128099,8.782745152129571,8.916149841083223,9.08459665029713,9.276863447206338,9.478865554417975,9.67699671428756,9.859703621468755,10.017426386233543,10.14285847586887,10.232491478886471,10.287729291459158,10.313308800673571],"predValues":[9.16338068815353,9.177325560664377,9.195080780682469,9.22125034091991,9.25009001493092,9.273496435332603,9.287986174779125,9.294497999132336,9.295565406748764,9.2935528543405,9.290133747871938,9.286319147744702,9.28265232616197,9.279381529815414]}