{"timestamp":"2024-05-11 23:46:04","trueValues":[7.347573351430157,7.407453164506059,7.4935479876955,7.590938832722147,7.686942792055936,7.773968141656013,7.849371612412477,7.913018449429526,7.964997426149363,8.0050959115727,8.033583415491137,8.051888286642392,8.062290460916337,8.066909869375882],"predValues":[7.48050201273415,7.459996942317757,7.47073454199308,7.522235896330766,7.604721308307284,7.697891162209304,7.784813651563477,7.857481358725343,7.914707005352627,7.958502878064843,7.9917299269574205,8.017051886873947,8.036615001963494,8.052032875721908]}