{"timestamp":"2024-05-11 23:46:09","trueValues":[7.735441265106168,7.804896383657534,7.866030719629238,7.920587315637952,7.969992128322652,8.015917766281493,8.060690146857942,8.106669739932853,8.154912258417692,8.204174608332869,8.251065325239729,8.291180289565512,8.320414925657698,8.335796652146234],"predValues":[7.919746360035765,7.921674391621814,7.931022713505536,7.9510222537211215,7.976646415445387,8.000526737186739,8.01859638529503,8.030575218428702,8.037960158822742,8.042468733373909,8.045427227940259,8.047685103363955,8.049726892534624,8.051793665847708]}