{"timestamp":"2024-05-11 23:46:14","trueValues":[7.955516741468584,7.987683824829708,8.025598855679101,8.073115770878868,8.13192605002835,8.201383029100958,8.279210227460561,8.362300043052558,8.446979275364235,8.528860283725276,8.602913016058759,8.664052136227948,8.707796977500337,8.7306718204038],"predValues":[8.121748467247402,8.097128721206024,8.077221941263879,8.069009600493857,8.070551706816197,8.075562090525683,8.079496561378768,8.081039730856105,8.080687826552284,8.079368451201697,8.077835913274326,8.076542053643655,8.0756915296465,8.075334309567696]}