{"timestamp":"2024-05-11 23:46:19","trueValues":[8.152097555564609,8.21803894685273,8.292534749030981,8.374295620877422,8.461507288390628,8.551644492665295,8.641709668188952,8.728460723799948,8.808323066611493,8.877482362285097,8.932660106600483,8.972216382975635,8.996671605781312,9.00802025379084],"predValues":[8.168128869755972,8.144593807599716,8.125619680378199,8.117267534726144,8.117330792448431,8.119913195934792,8.12106140333095,8.11991027225855,8.117178229706443,8.113857996652552,8.11068155531193,8.10804838617449,8.106106533573486,8.104851744888935]}