{"timestamp":"2024-05-11 23:46:24","trueValues":[8.573000352867592,8.653898208645671,8.726360195315726,8.786673509841428,8.831509945506413,8.858881136678583,8.869386968564683,8.866815462417037,8.857430195897189,8.847971571682585,8.843141392744997,8.84390553539869,8.847787380079453,8.851020168634886],"predValues":[8.515007374121627,8.522543282525163,8.52017430740434,8.509346339554316,8.48996289765917,8.463176175946295,8.432304812737083,8.401179089694976,8.372574638726931,8.347865853454602,8.327379122461897,8.310840151759734,8.297714705962399,8.287398913031915]}