{"timestamp":"2024-05-11 23:46:29","trueValues":[8.914492116655019,8.929512370444765,8.925444473639626,8.906418517612032,8.87726654182082,8.841339610814774,8.79920199410826,8.749343214240078,8.690734934539922,8.625447649363363,8.559323129627103,8.500353377228155,8.456245734313232,8.432708545846983],"predValues":[8.816553481016456,8.798641977213883,8.771985226199323,8.739245368083864,8.70168330469329,8.660936560510873,8.619824622587176,8.58124086724502,8.547076913011827,8.518062084215156,8.494104683736563,8.47467526038782,8.459077979223755,8.446610892157969]}