{"timestamp":"2024-05-11 23:46:34","trueValues":[8.894963819891608,8.866918854240442,8.82787023437609,8.774124028263417,8.704820940876543,8.622884648455688,8.533781096626313,8.443561497839422,8.357698974016703,8.280849612465076,8.216786284478172,8.168082888302374,8.135841649880248,8.119954127402154],"predValues":[8.704018790431727,8.639430529665328,8.586251250954506,8.551870678890786,8.533393842418857,8.523433409045934,8.516519180526569,8.510344376307227,8.504441473978227,8.498974996775267,8.494174586177579,8.49016914972848,8.486972242654176,8.484521404598627]}