{"timestamp":"2024-05-11 23:46:44","trueValues":[8.291062810938406,8.318879729842834,8.37332230247818,8.447030838381563,8.52931371933126,8.608218956857257,8.673538668261209,8.719453674670085,8.745268406927462,8.754082493425472,8.750821531262634,8.74097724757307,8.730091603564492,8.72311039628035],"predValues":[8.35295358169008,8.305190280319888,8.280124806546251,8.28544270783846,8.313430263119818,8.34977634298321,8.383908668355259,8.411529700951593,8.432336441598228,8.447577300049735,8.45875105906235,8.467116759940609,8.473602802785159,8.47884468849512]}