{"timestamp":"2024-05-11 23:46:49","trueValues":[8.597621427852713,8.662481856298202,8.709185989503188,8.737420728321219,8.75060411606586,8.753852586157493,8.752646436814027,8.752236856351647,8.756929356717198,8.768771840222573,8.786444399939695,8.80570265533401,8.821502467524898,8.830197214874556],"predValues":[8.692261093537315,8.749240885571671,8.791560833360077,8.816469757560485,8.821554296330973,8.808660352534115,8.783749302023711,8.75354241068728,8.72303863331809,8.695056925389212,8.670764365297991,8.650347270957553,8.63349998530642,8.619720964975023]}