{"timestamp":"2024-05-11 23:46:54","trueValues":[8.77887207847753,8.772376201449266,8.762083532139952,8.75179697597187,8.7435237695783,8.736552130689127,8.728063901197526,8.715394814682416,8.69829157446589,8.679324357751849,8.66220437284413,8.649527046877797,8.641816249477346,8.63831740638405],"predValues":[8.85875648175525,8.825339659695807,8.792508370250655,8.76579075361255,8.744334956840586,8.724998559554031,8.706269223770448,8.688381109377797,8.672083209071078,8.657906568771011,8.646025545897011,8.636340469668166,8.628602030237808,8.622505367910707]}