{"timestamp":"2024-05-11 23:46:59","trueValues":[8.809998067308388,8.808378616460057,8.794873624328993,8.766355554704408,8.72277284456898,8.66590176013301,8.597609467359003,8.519453754105498,8.434030313296311,8.34654275706153,8.264716766971555,8.196765746951407,8.148947693098897,8.124524099154364],"predValues":[8.737039055677496,8.733107508500652,8.728912830462185,8.727399429324748,8.725585686900818,8.71970909765798,8.70910120289222,8.695501324177725,8.681056768818554,8.667314427334533,8.655091600129179,8.644670820642794,8.636020460014237,8.628952871386634]}