{"timestamp":"2024-05-12 02:54:09","trueValues":[6.5473304724663794,6.775295622057397,7.079877036467071,7.412385937900805,7.722114883014505,7.966317333077447,8.117814793760562,8.167401937527153,8.121934519371779,8.001388424311354,7.836368961017231,7.664418258723799,7.523605771543682,7.444689902467721],"predValues":[6.688396256324397,6.663303672098353,6.718494971639943,6.857638837053141,7.053378429758231,7.266587785364869,7.466474214133585,7.6374388401678175,7.775892186410826,7.884681913520585,7.968981865287281,8.03412961137056,8.084752799681183,8.124554664860511]}