{"timestamp":"2024-05-12 02:54:24","trueValues":[6.662135530546012,6.531556574678531,6.470285490395408,6.475578141756451,6.539913903211193,6.652847542708338,6.8033283614261055,6.981296255210656,7.177636530488735,7.382448290567221,7.5825524003214575,7.760168655590935,7.89467796258589,7.967461022064871],"predValues":[7.203015103408824,7.117480031325009,7.085968914596689,7.128187065294185,7.231490646833549,7.364351797795269,7.497865725924804,7.615685094208102,7.712456119871822,7.788965803402084,7.848407065041954,7.89440287123056,7.930186807889584,7.958371312634033]}