{"timestamp":"2024-05-12 02:54:29","trueValues":[6.552706049917143,6.666309609956421,6.81080499893859,6.98271476976466,7.178789787871127,7.393054059022986,7.614763073037436,7.829195322678734,8.021288825323522,8.179852279901747,8.299891515817617,8.38238383830161,8.432222949802359,8.455234142334117],"predValues":[7.003658923194584,7.103111225759334,7.219299448489338,7.35039097795948,7.481519186276997,7.596633090883095,7.688222299094154,7.756928424950526,7.807104290796396,7.8436079833880115,7.87048959168432,7.890759439057751,7.906525761866249,7.919226477242505]}