{"timestamp":"2024-05-12 02:54:34","trueValues":[7.5016925523345,7.722226248500383,7.921162482491027,8.079894447136187,8.184619998483294,8.229366065973583,8.216519432574064,8.15551586466692,8.060481768478638,7.94764248398743,7.833257106342643,7.732245155398111,7.657151860111861,7.617158627033171],"predValues":[7.0693696098484775,7.0637375462548215,7.0785550032289954,7.12736338596069,7.2052262000126746,7.295282604507612,7.381637369093684,7.455779140658119,7.515641677465329,7.562541165400912,7.598924987266677,7.627258599499378,7.649616483285823,7.667610381600618]}