{"timestamp":"2024-05-12 02:54:39","trueValues":[8.181137634292446,8.180627319894153,8.141366600608013,8.078318054065212,8.007544091740758,7.94377791557536,7.898719280516119,7.87975764536581,7.888901575701467,7.922107361494116,7.969806873564522,8.019434151432227,8.059219271920362,8.081028567728643],"predValues":[8.644563973565653,8.647415621054861,8.622215126596679,8.577387196171664,8.521199986187156,8.460677761704654,8.40159930170732,8.347934161163124,8.301622863729323,8.263027679470955,8.231579554676175,8.206300386748255,8.186114794408294,8.170018627762147]}