{"timestamp":"2024-05-12 02:54:44","trueValues":[7.920526184225656,7.869312679103258,7.845608309513818,7.852579682614243,7.887458608582545,7.941949820558976,8.004592507681885,8.064345805313211,8.113191664258531,8.146636659925381,8.163408461571764,8.165828733921167,8.160068560150439,8.154246723389917],"predValues":[8.11925005300576,8.013060271439803,7.931777021975513,7.892978509324076,7.893246955960677,7.916415495431909,7.947219879876344,7.976901041067036,8.002104724990208,8.02236553554617,8.03835565248142,8.05101596796781,8.061204182298722,8.069598854150636]}