{"timestamp":"2024-05-12 02:54:59","trueValues":[7.668689218133259,7.682927255634371,7.744791713299882,7.853835268665042,8.007938788033188,8.202312758145347,8.427408186612217,8.668170532895418,8.906026213418345,9.122734146329528,9.303967520685651,9.441132588861723,9.531288664137575,9.575427138547395],"predValues":[7.848335036290945,7.79519881535748,7.769723229543967,7.782996188097057,7.826947547227504,7.883787268591078,7.939024283797515,7.985810545725976,8.02279903699597,8.051154178117347,8.07272931403766,8.089271739993563,8.102185883735356,8.11251629504704]}