{"timestamp":"2024-05-12 00:12:04","trueValues":[8.863871054654389,8.976621034125898,9.106673063798263,9.250795418271055,9.40333742873818,9.556570489952987,9.701492868560605,9.829066152358765,9.932084276781584,10.007202024632754,10.055904091864804,10.08357535853472,10.097096032201982,10.102277318077148],"predValues":[8.931567449052888,8.925564610154222,8.92584980148202,8.94051841675669,8.964786524282992,8.989045594991826,9.007487613137624,9.019175407591018,9.025532542892249,9.028405719270134,9.029291327382172,9.029197238164986,9.028727323656558,9.028214882948271]}