{"timestamp":"2024-05-12 00:12:09","trueValues":[9.649301526630223,9.801664395480447,9.926632949537323,10.013448591814353,10.055593650605845,10.052314880596814,10.008347042563924,9.93220494487368,9.834290496011285,9.725872607361532,9.618851704377104,9.52531585936756,9.456199089893811,9.41956595818138],"predValues":[9.281153809194484,9.271416904159562,9.25764426275814,9.246678350547333,9.237648975162545,9.226849446708677,9.212876932167926,9.196767476084323,9.180219468564692,9.164552284959612,9.150494186441648,9.138302988097436,9.127944668967094,9.119241150588715]}