{"timestamp":"2024-05-12 00:12:14","trueValues":[10.067281976636735,10.042910743075778,9.989490393969511,9.915702121441395,9.830244128094822,9.741604111843898,9.65772543524454,9.58491845477814,9.526558155980904,9.482696101870156,9.451026840836118,9.428674007035909,9.413806847565647,9.406151600013764],"predValues":[10.076603188068049,10.03801438273966,9.969739632023096,9.88841624845769,9.807340048428957,9.731970864421127,9.664203238637867,9.60482656366403,9.55393014451932,9.5110174878204,9.475226374865152,9.44553830316698,9.420932643929309,9.400475415487756]}