{"timestamp":"2024-05-12 00:12:19","trueValues":[9.946286964379064,9.892722026193283,9.83164111376015,9.757710378462509,9.662424580328818,9.536234992758526,9.371778735823767,9.16714159895345,8.928084819073291,8.66863061322013,8.41015318101995,8.179239371046297,8.004097343242291,7.909243717614656],"predValues":[9.757867725401985,9.702053682821226,9.645189774681484,9.598764453874312,9.564633989023507,9.538256581984262,9.515586396417614,9.494962784219116,9.476099225117231,9.459110008274074,9.444084438709346,9.430987432308166,9.419673336836022,9.409937494956097]}