{"timestamp":"2024-05-12 00:12:24","trueValues":[9.898037801175498,9.801073281302424,9.63466135075171,9.388301759200983,9.059334492849151,8.654022597780255,8.187968139355842,7.68553676957314,7.177805837921919,6.698981160363358,6.281619067881653,5.951718617231693,5.725801237058198,5.611636862758297],"predValues":[9.489425341420144,9.493424398939265,9.49691367363759,9.504351505992702,9.511972201007206,9.514355262931732,9.50986928042424,9.500128122769333,9.487583956966304,9.47422860390099,9.46130436018673,9.449454966173878,9.438918037004132,9.429703141072462]}