{"timestamp":"2024-05-12 00:12:29","trueValues":[8.47217339089244,8.043745848313385,7.612116082885043,7.212067602414785,6.878188294190637,6.6387555561248615,6.509578370120192,6.490101769268481,6.563671164761706,6.701412595840223,6.867757946309284,7.026722741898666,7.148437510088931,7.213596419299669],"predValues":[9.23560505968188,9.194840507653272,9.170592068494404,9.173118124765953,9.19566020015553,9.22464871586604,9.25073481843626,9.270640801012158,9.284540489435653,9.29377930635474,9.299779221577166,9.303668242554156,9.306244798688034,9.308035151702043]}