{"timestamp":"2024-05-12 00:12:34","trueValues":[6.609854086229687,6.445033565814272,6.384444362566993,6.41461989083103,6.511402478305339,6.64545104050371,6.78830199449513,6.918429508172247,7.024935844138396,7.106383085260887,7.166035117378802,7.2076844801532,7.234121955449745,7.247003672964144],"predValues":[7.2997276555477395,7.17948828070379,7.13928906134454,7.199668823057519,7.343686456763161,7.532058385342902,7.726535747278464,7.902896416497143,8.05119564116221,8.170643231322558,8.264725272211527,8.338197256128202,8.395642975839749,8.440939491829443]}