{"timestamp":"2024-05-12 00:12:39","trueValues":[6.470481908281001,6.595365808621287,6.7254660789516185,6.856833231354587,6.994455721967876,7.1464704075567616,7.318759990505311,7.512075589818511,7.720569055649678,7.93126963125346,8.126108200099065,8.286799027825172,8.39969572268619,8.45745374417794],"predValues":[7.121980100636202,7.304932065044077,7.518303020210174,7.741018842006256,7.942515153228335,8.104403890846683,8.224952378005849,8.311314850465646,8.372436960154891,8.415936212623102,8.447448126717667,8.470889365445487,8.488902400550218,8.503247285128474]}