{"timestamp":"2024-05-12 00:12:44","trueValues":[7.205341818118538,7.357279424970182,7.517394554265714,7.679149068565762,7.830363198442326,7.955708109367944,8.041991908358003,8.083266508996156,8.082507416328696,8.049606756020026,7.997945928432873,7.941771476308324,7.894660420528448,7.867838614700689],"predValues":[7.535123726986395,7.587685312644284,7.653042766050609,7.740016021055862,7.838839999017714,7.933943997647012,8.015391770347001,8.080523037527835,8.13088601865308,8.1694349556691,8.199106548464824,8.22231628519217,8.240898639797496,8.256185745491347]}