{"timestamp":"2024-05-12 00:12:49","trueValues":[7.898153416269261,7.9898340558100145,8.045324367694352,8.069179971082036,8.072141389324628,8.067317589317017,8.067159179222548,8.081568650466837,8.115964904066752,8.169080127689039,8.232448418097018,8.293325736348333,8.339782951805397,8.36441572149548],"predValues":[8.344246342269212,8.50000227029058,8.608515842890013,8.674540426056605,8.703795262093724,8.704491894405145,8.6868857818753,8.660313551682957,8.631299254463784,8.60354585907039,8.578749629299605,8.557412905887244,8.539419804938696,8.52438493276775]}