{"timestamp":"2024-05-12 00:12:54","trueValues":[8.150597709653377,8.13740448772502,8.124669751388877,8.115852741214628,8.109041638729916,8.097033037256345,8.070828392904021,8.025203627809173,7.962700745568297,7.893170408800934,7.829027078400546,7.779518342314944,7.747954067836803,7.733165581836282],"predValues":[8.357931273383425,8.29692584495504,8.244769852928293,8.220784278842295,8.224745328570291,8.244646261159957,8.269057628822031,8.291766087968552,8.310692639003978,8.325813892518385,8.337823291358202,8.347508899164547,8.355535453598941,8.36239838488973]}