{"timestamp":"2024-05-12 00:12:59","trueValues":[7.98174477523083,7.956775782773121,7.927581280782051,7.900465512597776,7.8880507859155635,7.903792656159144,7.955445510083822,8.041502059693393,8.151987519022477,8.271924426269939,8.385347117065447,8.478851864791345,8.543881600670018,8.576783324133684],"predValues":[8.229719033432401,8.316067419088494,8.385550977036015,8.444286303758247,8.490407030658934,8.520354777964984,8.534776209702983,8.537774041004202,8.533939240932032,8.526781549918482,8.518513925088644,8.510353944702196,8.5028804966547,8.496297175127978]}