{"timestamp":"2024-05-12 00:16:04","trueValues":[8.148944769422657,8.159663232308045,8.186322906998846,8.23421166065862,8.309909359560347,8.418708123487576,8.560484892249466,8.727092177530778,8.903417496845822,9.071611275170577,9.21609776022965,9.32691359497388,9.400191553103705,9.43618466550828],"predValues":[8.338508228964661,8.31632895521762,8.307981327974298,8.320183689445972,8.346994066357519,8.377328536293525,8.403561620042003,8.423299358339715,8.437156254774603,8.446671226204018,8.453306908114314,8.458153831743097,8.461942118784172,8.465123610111029]}