{"timestamp":"2024-05-12 00:16:09","trueValues":[8.620138519099875,8.765297449694199,8.910168531073236,9.032721065400697,9.10964245570333,9.122617730857415,9.063076798436631,8.934097757944421,8.7496805001627,8.532317929562458,8.309604765653868,8.110343472023061,7.960631314367721,7.880360985826291],"predValues":[8.247976594186314,8.168332463937789,8.118472355125864,8.110481947961347,8.13668712389117,8.179439775763127,8.224050556780117,8.263121502899391,8.294633682782708,8.31914737911319,8.338040174977477,8.352716763914621,8.364334921715749,8.373765903900445]}