{"timestamp":"2024-05-12 00:16:14","trueValues":[9.162472222209072,9.137673068762044,9.047259709977052,8.901734788275203,8.718699897777606,8.519553424886414,8.325890971255626,8.156132494564858,8.022830134279616,7.930859253424833,7.876938689892743,7.85142695680935,7.842465623344333,7.840458918288547],"predValues":[9.335284345838373,9.372602680946011,9.376262060443768,9.348267063077436,9.29559995928615,9.228035927684708,9.155315062773017,9.08488051268118,9.021112475994537,8.965823631982023,8.919167606540626,8.880412683244042,8.848466470333431,8.822172255172656]}