{"timestamp":"2024-05-12 00:16:19","trueValues":[8.481417523586511,8.28410924568417,8.114684865451036,7.987193976165097,7.90788234764171,7.874486257104698,7.877760242916244,7.905329978284,7.945883494045815,7.991156089048091,8.035279413499211,8.073399367474169,8.101309578229536,8.115994938195403],"predValues":[8.871234731948501,8.772012336651732,8.692657650350988,8.64751130500454,8.633266356995952,8.637195777862804,8.64814228749493,8.659939586912959,8.670170859021226,8.678336420971405,8.6846895694414,8.68966859007849,8.693678544936322,8.697029077907613]}