{"timestamp":"2024-05-12 00:16:24","trueValues":[7.900596546451087,7.899646085884267,7.918531705452329,7.945336235011396,7.971608123917244,7.991898437024357,8.002556831652445,8.001516268699678,7.988920274090571,7.967391385412603,7.941365351099682,7.915954086163453,7.895927701284208,7.884931754944748],"predValues":[7.924516736504804,7.915786905040263,7.933399928077582,7.987751335171982,8.068762682745932,8.156148973467303,8.234404623290473,8.297437222508329,8.345449302147689,8.381129846983306,8.40752001188251,8.42720990820538,8.44216929637158,8.453817754090107]}