{"timestamp":"2024-05-12 00:16:29","trueValues":[7.929953711156614,7.9422724881003965,7.951313823978896,7.959180107797577,7.969871726019305,7.98821832600417,8.018310662389737,8.062066135212088,8.118104769285843,8.181202486747228,8.243149073136216,8.295354501870296,8.331802113035849,8.350118678892064],"predValues":[8.176834780233092,8.207095360896846,8.242061199786106,8.284891196184054,8.329180372814621,8.366589341885707,8.393453142335826,8.410679708531937,8.420950317375073,8.426862788099042,8.430319902358725,8.432535783160061,8.434217960153184,8.435741992840583]}