{"timestamp":"2024-05-12 00:16:34","trueValues":[8.016801513872286,8.03548938661101,8.061208966496206,8.092340802679544,8.1242147210504,8.150204342304693,8.164526634839273,8.16530778797291,8.155634406449025,8.141736046969276,8.129651164124711,8.122575601834633,8.1202098161788,8.12011413222912],"predValues":[8.12617810254008,8.094874566824817,8.079393169555365,8.089729428219531,8.120956150986302,8.160230159709899,8.197167885328811,8.227296900561754,8.250224103848794,8.267215447001945,8.27983297049973,8.289400833890216,8.296902721333865,8.303017457295907]}