{"timestamp":"2024-05-12 00:16:44","trueValues":[8.199123558944768,8.177902985215768,8.148777854088216,8.107878281375058,8.052908118072729,7.985742769594953,7.913049546713172,7.844270860528294,7.78806451375385,7.749257495862441,7.727720899310749,7.719271740765269,7.717970704838372,7.718692055503458],"predValues":[8.134284925176708,8.085135535479901,8.055838970609173,8.057197948483376,8.083800744381868,8.121849998549562,8.159889418533538,8.192418240382203,8.218246262077036,8.238146663089204,8.253433768783054,8.265345357363202,8.274861391947612,8.282695515327651]}