{"timestamp":"2024-05-12 00:16:54","trueValues":[7.715528903600291,7.719071601837188,7.7344299389158016,7.756136108689427,7.780270524474927,7.80406951485905,7.824981773639081,7.840619188904261,7.849555006649363,7.851786037409399,7.848462349101769,7.841601544120975,7.834076001478653,7.829158643831356],"predValues":[7.773905681299973,7.738833792699816,7.728675080920056,7.754424163356404,7.809035777636184,7.875162423682435,7.938057875905748,7.990716474457061,8.031976988291511,8.063355476434024,8.087050809205994,8.105089891608138,8.11907410085385,8.130185399510424]}