{"timestamp":"2024-05-12 00:16:59","trueValues":[7.953096203330432,7.9925807167433245,8.012354336522165,8.004868130614714,7.964279530738015,7.887045838655176,7.772685976730304,7.624941453184631,7.452511533776551,7.268620006140571,7.089649025616876,6.933427435707067,6.817218215665882,6.755102056054962],"predValues":[7.8244339830271645,7.810365518747984,7.811321560878536,7.8344752161798175,7.874029100456227,7.917986041150405,7.957276528776446,7.988483848964531,8.01187724571751,8.029090788264918,8.041866721857172,8.051609740033324,8.059329042673745,8.065708238441152]}