{"timestamp":"2024-05-12 02:32:04","trueValues":[9.406351473153094,9.603466256846083,9.778740115869644,9.916614308428343,10.004806204848268,10.035420816125836,10.007394987264608,9.928473802413665,9.81431753467061,9.684698740659291,9.558950362412524,9.452719383590455,9.376765464334584,9.337379292758865],"predValues":[9.254519118646098,9.316279918699458,9.362195456685832,9.393376197999007,9.40795152142274,9.405918237492044,9.391240319611152,9.36954611033124,9.3455570809915,9.322258570821957,9.30115281783257,9.282769804789076,9.267109000113976,9.253905146635653]}