{"timestamp":"2024-05-12 02:32:09","trueValues":[10.06951034950928,10.061957696414549,10.004394232287147,9.910067399960248,9.79559856464824,9.67655550496404,9.56445059478662,9.46593121073125,9.383740824266244,9.318340844660062,9.269144410354665,9.234956535134051,9.214001750154162,9.20424092413182],"predValues":[10.23523973455228,10.24717045992236,10.220750526683258,10.162990378881512,10.084539640116494,9.99621644405451,9.907144255297528,9.823803003548877,9.749764889596593,9.686239252249138,9.632926281797516,9.588745281187837,9.55233488044716,9.522328393827555]}