{"timestamp":"2024-05-12 02:32:19","trueValues":[9.296875213704382,9.305296996008703,9.334369500963934,9.378470764948878,9.430723769869047,9.483962319470924,9.53144335318956,9.567369486829357,9.587521058209433,9.59014917736064,9.577026655239544,9.554061444161382,9.530397740250557,9.51553323866779],"predValues":[9.492064092121314,9.480507065732482,9.473031491374996,9.475048296403246,9.482310708183949,9.487777451175656,9.488082045082136,9.48360403623712,9.476127930302134,9.467359027891472,9.458469988966216,9.45012369066664,9.442620474279243,9.436041139583756]}