{"timestamp":"2024-05-12 02:32:24","trueValues":[9.57461595128511,9.636013152329683,9.677748896447548,9.691716095213314,9.672321490190704,9.618047959199796,9.532709570790322,9.425284137329747,9.307796473405345,9.192244814729458,9.088408060959376,9.003507692408439,8.94306786243816,8.911495348508797],"predValues":[9.547324762526422,9.551008594589096,9.552805858110585,9.556171806829322,9.55799777553571,9.554305969810564,9.54454620694322,9.530753365596867,9.51537801803831,9.500223275141517,9.486305513083082,9.474053183326577,9.46353113832678,9.454613925794115]}