{"timestamp":"2024-05-12 02:32:49","trueValues":[9.488333481238795,9.552869115832872,9.633891094956786,9.72539737707812,9.820163292418552,9.910298104594476,9.98784144057003,10.046046518737786,10.081163059847793,10.093774735993096,10.088779502242309,10.073949021619429,10.057829465563362,10.047673145882342],"predValues":[9.49193119774676,9.451362797814994,9.41686713922291,9.397809554334174,9.391750634009446,9.390710336845428,9.389144309535666,9.385392967130716,9.3798385138518,9.373378252515916,9.36677233894552,9.360506634973984,9.354827792560483,9.34981342201976]}