{"timestamp":"2024-05-12 02:32:54","trueValues":[9.952951351474264,10.035194364111597,10.093807693797984,10.123327255429215,10.122735609673695,10.095688946564191,10.049379509651637,9.992765974513553,9.93483519033488,9.883052099923136,9.842077574782731,9.813293716409037,9.795651722398064,9.787389944920704],"predValues":[9.848034963805295,9.845348902706784,9.829329814797882,9.80477146595755,9.774092533802698,9.73868628295616,9.70095863317489,9.663788608189254,9.629364180981932,9.598833558949082,9.572509841237157,9.550196344171814,9.531443884767056,9.515720353947165]}