{"timestamp":"2024-05-12 02:32:59","trueValues":[10.16888451018179,10.131812827033327,10.077375038595466,10.011546075948218,9.93890866870375,9.861800163121742,9.78035026411176,9.693906194505985,9.603336551936517,9.512689830629805,9.428866438090264,9.359498764037356,9.31060107628596,9.285540918287303],"predValues":[10.28252567932907,10.244482804091351,10.18368841192976,10.113772149898688,10.045233205165507,9.981856409517556,9.9247272442062,9.874370376222185,9.83089690526264,9.79398469536364,9.762994790372328,9.737133013506355,9.715580203840968,9.697571421356225]}