{"timestamp":"2024-05-12 00:33:04","trueValues":[8.13209349694029,8.177744840910048,8.20838257580879,8.215860808053769,8.192099825460769,8.130851200326946,8.03063847615099,7.89702115619805,7.742446659166479,7.58358259751301,7.4374782563381,7.318194657835953,7.235023245097979,7.192637647488544],"predValues":[8.054166627799768,8.066520488858435,8.074722995444741,8.08281387075642,8.089170474480152,8.090711251858746,8.086823559825504,8.07920897795223,8.070073287067798,8.061070756346668,8.053119685917022,8.046582877421393,8.041483720269703,8.037678422748685]}