{"timestamp":"2024-05-12 00:33:09","trueValues":[8.097376170531447,8.013700024958913,7.905206652304413,7.784424802623528,7.667017938478851,7.567653346201308,7.496405216748441,7.456868608740724,7.446383774165804,7.457955950513336,7.482709919873013,7.511675577751099,7.536678059591194,7.551104541315427],"predValues":[8.20577917501125,8.213722803355921,8.214339964831357,8.210327617874782,8.20109252199818,8.18596648428629,8.166451211171584,8.145347052914694,8.125120263318621,8.107235869968457,8.092254687124832,8.080163691139036,8.070656161794597,8.063317734431651]}