{"timestamp":"2024-05-12 00:33:14","trueValues":[7.52776111284728,7.451806130436411,7.411495279802535,7.405791187457869,7.429232426185689,7.474156306349132,7.532203240211167,7.59489536404141,7.654089442144607,7.70299722986847,7.737615682862643,7.757755027960259,7.766750913962661,7.769488272289752],"predValues":[7.6746630860582705,7.588268718948582,7.530898217453034,7.517966000076303,7.544870200416286,7.594153016065144,7.648800246037304,7.698820891253693,7.740553977484062,7.773860763001373,7.79999896016642,7.820517320020269,7.836810436129504,7.849993026507898]}