{"timestamp":"2024-05-12 00:33:19","trueValues":[7.521646111096489,7.580025812472411,7.637009059760505,7.682850176897128,7.709525001546629,7.712462233013052,7.691901878536843,7.652940437382201,7.6038418133364765,7.553276566973159,7.507980316772213,7.471993051720119,7.447299947983989,7.43478236105587],"predValues":[7.525286885381808,7.531679636375419,7.5496857609726735,7.584535184389823,7.630404209345103,7.676460349579758,7.715143244125332,7.744345453990126,7.765236981247726,7.7799632726809556,7.790501796583195,7.798335122596987,7.804467400616469,7.809542902569486]}