{"timestamp":"2024-05-12 00:33:24","trueValues":[7.634173359596243,7.610109909406755,7.57684272641306,7.545462111960555,7.527006007011056,7.52963784720475,7.557337287482072,7.609971167679719,7.683724356092954,7.77136022244974,7.862729357576534,7.946006820025403,8.009551859951541,8.043967516130143],"predValues":[7.86872315965773,7.880369225277514,7.88834767194832,7.895836801532012,7.901264473577602,7.9019573848465345,7.897546620555042,7.889763528614832,7.880758340006212,7.872119142505118,7.864707889024914,7.858835552402063,7.854486451100364,7.851483038235413]}