{"timestamp":"2024-05-12 00:33:29","trueValues":[7.570933976731581,7.592053816524667,7.631081704866586,7.683237962682082,7.740979505271389,7.794802790121304,7.834764925916348,7.852581277346738,7.843821145964798,7.8097249678626275,7.757886859179819,7.700907332934213,7.652967547834611,7.625785864040556],"predValues":[7.556992825263226,7.504670183690788,7.472501505597169,7.472112125079722,7.499468697870691,7.540809214118623,7.583444653152222,7.620638333336529,7.650537441301491,7.673725914928907,7.6915606057829855,7.705406339090409,7.716377035498704,7.725304879581333]}