{"timestamp":"2024-05-12 00:33:34","trueValues":[7.869783922555431,7.932299031078767,7.9688133552203455,7.970991494019308,7.935658600867526,7.865855830632324,7.770025697140454,7.659277904315997,7.544161607611157,7.43286947942852,7.331664300063386,7.246549174203166,7.184203373113014,7.151027887237763],"predValues":[7.7140915180451,7.736335644246925,7.757011085251499,7.778765894366211,7.798592937683623,7.812171287509443,7.818202565804263,7.818332536502578,7.815088053242183,7.810547318252376,7.806011101671304,7.802134306976775,7.799155612465491,7.797081928644928]}