{"timestamp":"2024-05-12 00:33:39","trueValues":[7.864105080141931,7.777323458824787,7.678185318561487,7.576732955659678,7.48019103989769,7.393340047717029,7.320177176115569,7.264910392569233,7.231140071473472,7.219956212488391,7.228485107658605,7.249647739440299,7.273223201486418,7.288530507125204],"predValues":[8.051256240997006,8.01220336851267,7.977742794035469,7.9542292607678915,7.940380337995478,7.931470833336537,7.924077387702525,7.917083954135923,7.910610137573833,7.905039736969972,7.900628175312232,7.897432331392924,7.895371671221069,7.894285924180951]}