{"timestamp":"2024-05-12 00:33:49","trueValues":[7.104076304707355,7.199420576365849,7.332374753389758,7.491768000442706,7.665567263486205,7.844135574054995,8.021905986798957,8.196653052521784,8.36690217524341,8.529036501665937,8.675948840638144,8.798052191979608,8.88572739507126,8.931549375417948],"predValues":[7.17781434316189,7.1525197594865215,7.151944326844697,7.184944657934284,7.24464400044954,7.314924924644393,7.381720826760905,7.438061928431147,7.482637891122004,7.516878126726192,7.542978050311366,7.563011611486837,7.578648760963269,7.59113844007273]}