{"timestamp":"2024-05-12 00:33:54","trueValues":[7.830707926449922,7.989811197977591,8.142806644050694,8.289831943241273,8.42969715931956,8.558537723873481,8.670723965408126,8.761072737527083,8.826687474442549,8.867715423121526,8.887385916865712,8.891632157921505,8.888057299245965,8.883984086665844],"predValues":[7.778539973929467,7.807483039763879,7.829616863634823,7.844120158307547,7.848773056149479,7.843269368521645,7.83034990900487,7.813943832677262,7.797273828121787,7.7822549032757875,7.769707016430271,7.759757746184809,7.752185424722645,7.746622466203758]}