{"timestamp":"2024-05-12 00:33:59","trueValues":[8.62500325057485,8.7385625567874,8.822062484419273,8.870307926580352,8.881614579967522,8.858264772569395,8.806595705531022,8.736433323118273,8.659561103734223,8.587401584660658,8.528536287240112,8.486987126824125,8.462220133815743,8.451154019246518],"predValues":[8.263273534063883,8.255967798717077,8.237689240651983,8.211542804035716,8.179013716398302,8.142112138049267,8.104103283771439,8.068235092078949,8.036598523061048,8.010001574515037,7.988363978238683,7.971142727817552,7.9576286988690175,7.947108248601717]}