{"timestamp":"2024-05-12 04:57:04","trueValues":[7.633744642343927,7.612158077507402,7.554230217004969,7.464463522246563,7.349115989329995,7.215318198816409,7.071086339378984,6.925728067222828,6.789405815170188,6.67138776979693,6.577929269313376,6.5111509092543045,6.469563076575326,6.4499887983583175],"predValues":[7.489758637499429,7.481458852230949,7.462312759688759,7.433623522109747,7.396983214101089,7.355770010663981,7.314442518064757,7.27670503409977,7.244573034853527,7.218569592584281,7.1982981504783545,7.182948052850964,7.171604720616417,7.163410187692584]}