{"timestamp":"2024-05-12 04:57:09","trueValues":[7.161000015315649,7.023782586756004,6.89425788196187,6.783959006334662,6.702740609325154,6.6562811346637245,6.644585366547856,6.662184967253346,6.699854807981684,6.74706885690184,6.794253270376469,6.834196800959075,6.8624637002157485,6.876945731788544],"predValues":[7.300947360117409,7.254746896591987,7.218556568935574,7.1969968487627085,7.187272435798995,7.183605082638765,7.181763166607428,7.180047500231918,7.178252894597923,7.17665497263827,7.175529623074535,7.175022763929981,7.17515432936079,7.1758687695184005]}