{"timestamp":"2024-05-12 04:57:19","trueValues":[6.738391917398371,6.782285334581511,6.822729611167442,6.85922931692782,6.892070174767941,6.921283813548946,6.9463022427139895,6.966127957087656,6.979582715145138,6.985660506471054,6.984323323274277,6.977448963067278,6.968895615332146,6.963127999476443],"predValues":[6.826872726188579,6.8479375477106,6.875208004946858,6.907287378020776,6.938481674560156,6.963332922602008,6.980018874482429,6.989805216224687,6.994998196804811,6.99764385801346,6.999144767079688,7.000325666491987,7.001606502473951,7.003161632444998]}