{"timestamp":"2024-05-12 04:57:34","trueValues":[6.729603080831527,6.727281681896795,6.746344050983015,6.784004456210759,6.834093143346921,6.887860346770776,6.936163465090412,6.972339440154373,6.994201096346228,7.004041924782053,7.006691307033188,7.006748451614246,7.006685991258205,7.006860614466372],"predValues":[6.758177497670922,6.712762439899123,6.686816142210935,6.687329380285467,6.709967139624725,6.743880455067508,6.7791931482743575,6.810483128763416,6.836091343162735,6.856334611661255,6.872213097321879,6.884787563042307,6.8949486669208095,6.903377625521358]}