{"timestamp":"2024-05-12 04:57:44","trueValues":[7.048954110240534,7.0301049037311,7.000803288874138,6.961179767945461,6.911824657756846,6.855126070219049,6.795359748939017,6.737831103137747,6.687552642834721,6.6477474552960265,6.618912432588129,6.599398621311543,6.587190944064888,6.581206178801162],"predValues":[6.945956983128895,6.896995771866461,6.8600365173588695,6.841386652411268,6.83877687268375,6.845402454621583,6.855129259684039,6.864599844392352,6.872677696055325,6.879331451600562,6.8848933469644535,6.889723260113293,6.894096548191161,6.89819713701244]}