{"timestamp":"2024-05-12 04:57:49","trueValues":[6.82552172197685,6.76794868945448,6.716999112559948,6.678534297683019,6.65627953993123,6.650687743333064,6.659314448762951,6.678409509865311,6.704074603056941,6.732192129036615,6.758258031661903,6.7783617610671385,6.790771171974369,6.796248280727294],"predValues":[6.973206177265224,6.945889206997872,6.926591614868688,6.918458213357151,6.918514560571962,6.921562625946764,6.924135992615653,6.925244597488195,6.92524007907946,6.924790098727216,6.924424107619689,6.924441915465881,6.924959406160399,6.92597232708326]}