{"timestamp":"2024-05-12 04:57:59","trueValues":[6.876564856511068,6.892149114026426,6.883607460996256,6.848044660576492,6.784316492202215,6.691070489823575,6.566562547668907,6.411128489822712,6.230428154802929,6.036757594615292,5.847639331228049,5.682843396271927,5.560985035709956,5.4962824193342525],"predValues":[6.770105830942262,6.779712765278869,6.793471585665334,6.811558510042318,6.830083454277837,6.844761637947476,6.853965636540432,6.8585318872501535,6.860171272254669,6.860406761086381,6.8602547299218894,6.860275195655571,6.8607140128803525,6.861631249853534]}