{"timestamp":"2024-05-12 00:57:04","trueValues":[8.452098898249606,8.319484399247061,8.186305099152657,8.06449225491397,7.965570998269944,7.899078361116167,7.870859038045584,7.881831594975122,7.927324263061661,7.997078128167027,8.076703653203113,8.15093127453351,8.207134431842965,8.237135868476335],"predValues":[8.759712430709136,8.719845713075022,8.680427115271911,8.651364178711649,8.633044157601695,8.620608965185802,8.610094096482232,8.60006748171078,8.590526728772701,8.581834639310532,8.574266836257104,8.567921661449585,8.562753665011876,8.558638192020645]}