{"timestamp":"2024-05-12 00:57:09","trueValues":[7.855247935866566,7.810334155675589,7.805959538653976,7.839954451242735,7.905032826462494,7.99005040785179,8.082937728313505,8.173797612197005,8.256172721842642,8.32639809618893,8.382526301071135,8.423806483273019,8.450496723669968,8.463466151471573],"predValues":[8.041568506880669,7.971976507123513,7.926636135990213,7.922023903826895,7.954227400246648,8.005919856694945,8.06050542367731,8.108838841914345,8.148093713848006,8.178714172478054,8.202279534551709,8.220483405978301,8.234757324960544,8.246200593764756]}