{"timestamp":"2024-05-12 00:57:14","trueValues":[7.97372273920517,8.05743317152634,8.138854365351419,8.212646358922022,8.276582374098105,8.330414429976742,8.375233855161785,8.413100512458838,8.44639826115868,8.476809012465681,8.504443866076969,8.527851083844903,8.544926682031521,8.553921770667674],"predValues":[8.214259165051626,8.3271539993914,8.416617163398323,8.481239710913357,8.518594193290875,8.530137398664753,8.52243643544802,8.503707099664435,8.48058693374554,8.457225963219953,8.435747840193065,8.416976775575868,8.401023869065494,8.38765894760521]}