{"timestamp":"2024-05-12 00:57:24","trueValues":[8.546887405633711,8.618477339417932,8.690693205706312,8.757364452899491,8.81121431662432,8.844514989000402,8.850751721998284,8.827214799320785,8.777163056820749,8.709681419731531,8.636815699951576,8.570133821208433,8.519185573257646,8.491444669935461],"predValues":[8.474279500940394,8.452632602057822,8.430865035083151,8.417107809429181,8.410713463703075,8.406654337926657,8.401469596797753,8.394558557743377,8.386730281715819,8.378945329254366,8.371858338048078,8.365784799342148,8.36079647609884,8.35682373166588]}