{"timestamp":"2024-05-12 00:57:29","trueValues":[8.926210476814562,8.944856089142178,8.926389086853964,8.870573183751965,8.783042835528576,8.67290157262959,8.549858923848769,8.42334879504705,8.30316284374167,8.198954783089082,8.117775457025694,8.061792372800504,8.028514558256846,8.013479154508403],"predValues":[8.767637188052621,8.778509808412494,8.777208240908099,8.767048731762088,8.748532292766543,8.72244672177382,8.691651108358107,8.659832474047066,8.629864261007334,8.603302928153704,8.580659055673216,8.56181117810753,8.546331907148069,8.533694183705354]}