{"timestamp":"2024-05-12 00:57:34","trueValues":[8.611351543054276,8.489113171028263,8.371557199395335,8.270474017066041,8.196981301626936,8.158661740301396,8.156853845229945,8.186456067162151,8.238261749617568,8.301932773410787,8.36779921227166,8.427185455640462,8.472286351110814,8.496703034547869],"predValues":[8.73118319795709,8.660734826850298,8.60046510167945,8.562349931901977,8.545238452234228,8.540722169809339,8.541324447114825,8.543103105423873,8.54465212225369,8.545752753463757,8.546568724923528,8.547308680801052,8.548121462795832,8.549082554912616]}