{"timestamp":"2024-05-12 00:57:39","trueValues":[8.110644876464551,8.096656946176353,8.117131716675349,8.165221672418198,8.233163124043378,8.31382681993349,8.40070253046782,8.487350725832911,8.56745387325115,8.635627624243051,8.688375262025318,8.724693699858802,8.746083049443488,8.755552570996803],"predValues":[8.201501039305564,8.154813650791771,8.129736216524426,8.137642368655474,8.17226852952337,8.218097686166285,8.262445602110404,8.299506122131405,8.328330380394965,8.350082265833436,8.366428539692494,8.378873566292105,8.388582031930873,8.396394094844736]}