{"timestamp":"2024-05-12 00:57:44","trueValues":[8.371380184088427,8.45386107765621,8.527554463600897,8.584500234675364,8.6183526844946,8.625722474929942,8.607181849158227,8.56763912800928,8.515614967202094,8.461118705239429,8.412787147523638,8.375803972028626,8.351747166557866,8.34010482198057],"predValues":[8.330315290773324,8.338907709454574,8.352357683314573,8.37301691120545,8.39532296618582,8.412591792793041,8.422316737334253,8.425658233488072,8.424971169571622,8.422320192587991,8.41908022773633,8.416017278191578,8.41348271668006,8.411583390278913]}