{"timestamp":"2024-05-12 00:57:49","trueValues":[8.691212556922075,8.686626106267418,8.65618797871926,8.605367043579298,8.540958987584796,8.468576737539475,8.391034464718917,8.308752912712967,8.221895010024829,8.132701621598255,8.046492509246695,7.970929831029514,7.914334103737623,7.883895710400715],"predValues":[8.707378626009234,8.709806074654864,8.705274908060023,8.696462947872007,8.68254624896857,8.662910839339267,8.639294977403281,8.614605063132139,8.59126243203024,8.570635364578004,8.553204141045075,8.53889301163796,8.527358577292802,8.51815883131983]}