{"timestamp":"2024-05-12 00:57:54","trueValues":[8.51935514647958,8.453488176041208,8.379342949223036,8.294662653756362,8.199100435323595,8.09548960199026,7.989466735758743,7.8882280670112195,7.799233754357729,7.728759867531023,7.680055673988979,7.651919542796866,7.639104804047243,7.634957967983618],"predValues":[8.378500398888354,8.30721612216561,8.257615157384066,8.241137583882946,8.252528226514835,8.277890586321227,8.30562883175592,8.32999049692191,8.349428425510624,8.364345021688216,8.375720514361404,8.384525564041946,8.391531223891006,8.397297245014213]}