{"timestamp":"2024-05-12 00:57:59","trueValues":[8.038674333191603,7.933023836997592,7.839584739092722,7.767685692993284,7.724995501477368,7.715315475234755,7.736760108879255,7.781771433541156,7.839426328998252,7.898785993492146,7.951435289437239,7.992376059406509,8.019606116752902,8.03300559075057],"predValues":[8.306750726065916,8.27014869163713,8.24992402835105,8.253380611033233,8.274521182348751,8.301733166060204,8.32665219023308,8.34616879229153,8.360366961480276,8.37045630239652,8.377719511543468,8.383166320378994,8.387491766482022,8.391140514429813]}