{"timestamp":"2024-05-12 03:18:09","trueValues":[10.979296200897796,10.834527448187169,10.645471379367216,10.43179476713964,10.214513527896624,10.01356288097647,9.844718451793897,9.71628241771612,9.627746059077346,9.57179486950205,9.53841924469872,9.518762040391987,9.50724541389302,9.501654281766728],"predValues":[10.747206807286826,10.654374770884925,10.487373320888684,10.284937446438498,10.07965391133034,9.887969723359184,9.7162584967287,9.566778904228832,9.43959101411688,9.33321916725778,9.245253722852098,9.172917188471624,9.113463966338044,9.064413715844658]}