{"timestamp":"2024-05-12 03:18:14","trueValues":[10.066564878591636,9.902966056161508,9.77429134378703,9.677937606459414,9.604667090414566,9.543026426875803,9.483568952122235,9.421385547957794,9.356594224587074,9.29305636095716,9.236157900280032,9.190707492604602,9.159679845610912,9.144135987985422],"predValues":[9.887759218669888,9.783391418979084,9.650830875092607,9.5251250230457,9.42709469028869,9.35543804352844,9.301970915602332,9.260121413899856,9.225955864934166,9.19727725890512,9.172807683506992,9.151726383082526,9.13343692767872,9.117464618589658]}