{"timestamp":"2024-05-12 03:18:19","trueValues":[9.768092618580273,9.748631034792886,9.707724551572252,9.635498585311408,9.525661384741404,9.374527523067073,9.180508646723723,8.944718942147636,8.672887220037136,8.378098526299699,8.082686026368098,7.817096353030465,7.614912180525687,7.505292660941205],"predValues":[9.853436854342224,9.94647939543342,9.98535844207584,9.974562634664458,9.925837178022483,9.853693606273865,9.771302815092032,9.688417125259353,9.610951931176036,9.541714493610192,9.481468157849267,9.429817430234582,9.385823544904277,9.34836965753459]}