{"timestamp":"2024-05-12 03:18:34","trueValues":[6.161948215172052,5.950803772357253,5.857126261944432,5.885350767895623,6.033117351907472,6.291308130941736,6.643615370507977,7.066776574812153,7.531726149406513,8.004859891163491,8.449223861350475,8.826673121850096,9.101785208702118,9.246926065661505],"predValues":[6.728566770498745,6.602567753461566,6.574436406466938,6.660699473934566,6.834009685679701,7.047556858786459,7.261125029204397,7.451509510192404,7.610334766688503,7.73802313701503,7.838837341130223,7.918012088447818,7.980428323556485,8.030160322191339]}