{"timestamp":"2024-05-12 03:18:39","trueValues":[6.165146849873224,6.446449422480785,6.796561114084997,7.195050211964222,7.619439094500541,8.045921063436108,8.450605165479605,8.812019124956628,9.114258674697886,9.349352544328802,9.517777558865282,9.627070424077107,9.68907468662465,9.716071381449323],"predValues":[6.237336403075441,6.315818770701602,6.466751961870356,6.675613678013416,6.905607327337648,7.122894413933143,7.309063751149003,7.459552543529243,7.577464406297231,7.668652273497132,7.739124565591345,7.794034394847626,7.837455239634847,7.872474767851427]}