{"timestamp":"2024-05-12 03:18:44","trueValues":[8.150951474478443,8.540958987584796,8.87035683171019,9.12065939935397,9.282885688683688,9.358813029064647,9.360313672342128,9.30722024339727,9.223836997026256,9.134002526136824,9.055768139413583,8.998293980305883,8.96277025083224,8.946346100869691],"predValues":[7.919085343416727,8.118469431449622,8.265947368879937,8.365082585466999,8.421369200443673,8.444139322579987,8.445077291075599,8.434484280479792,8.419409008418981,8.403869934990972,8.3897993444018,8.377907424189088,8.368272582033825,8.36067952904923]}