{"timestamp":"2024-05-12 03:18:49","trueValues":[9.39946010246615,9.424774354508957,9.396395558188903,9.33578721815169,9.263098247889896,9.19198965753031,9.12682197729085,9.0640426747509,8.996744431898568,8.91977068121236,8.833583363538226,8.746236941129222,8.672629139161751,8.629935492392097],"predValues":[9.957935953675088,9.91772105277964,9.811133917033764,9.671894633459631,9.527547953282593,9.392336963989983,9.272227028266853,9.169085046286945,9.082520840166575,9.010918945888642,8.952151990305266,8.904028013602531,8.864532337062176,8.83192643647627]}