{"timestamp":"2024-05-12 03:18:59","trueValues":[9.139792468247451,8.867357671465223,8.521385506734035,8.120411549839375,7.688746434507401,7.250383176909088,6.825081841597072,6.427803145681297,6.069895205593794,5.760118418505254,5.505166275378904,5.31006019015732,5.178341665028027,5.112072290423503],"predValues":[9.508971977607244,9.580905576244067,9.60960012959806,9.599371515377282,9.558632479068589,9.498244212115637,9.428994016689836,9.359344606562871,9.294530425359728,9.237005234812198,9.187373438535756,9.14522146923679,9.109672755620728,9.079716768863456]}