{"timestamp":"2024-05-12 04:24:14","trueValues":[8.393466165984531,8.331125149091864,8.213329701795987,8.036914545883741,7.799471635288183,7.501879136036376,7.150702030231353,6.759455675765396,6.347883658288693,5.939723305195577,5.560868088660348,5.238888142733886,5.002176815670256,4.8760737423378],"predValues":[8.00509883524894,7.925949337862511,7.845020916378283,7.772956815465648,7.713900947511988,7.667142593402183,7.630531522155928,7.602104883861038,7.580298777517747,7.563842201327809,7.551672797661025,7.54289299791165,7.536754075173441,7.532642854802196]}