{"timestamp":"2024-05-12 04:24:19","trueValues":[7.827356330323637,7.558956206752907,7.229851793406532,6.843779814308261,6.4070043786971365,5.928162690658632,5.420098925046337,4.901889371632207,4.3982613461479225,3.9358979708354953,3.5389320750538307,3.2262002486526766,3.0108613935881627,2.901179679436389],"predValues":[7.726100916884919,7.685831795084653,7.650979182202514,7.626167536684279,7.609216327632245,7.5957846931959345,7.583371827034966,7.571607485421827,7.560963443386191,7.551897123365275,7.544602551145931,7.539038263683298,7.535018740430496,7.532300784682091]}