{"timestamp":"2024-05-12 04:24:24","trueValues":[5.7339932449889135,5.2505500227842425,4.788368638011871,4.377104935484137,4.045589685288955,3.815969004026913,3.6996146633287146,3.695584442078762,3.7906569447412894,3.959984145963032,4.168735327210056,4.375979469637826,4.541319133621542,4.632728660332303],"predValues":[6.715641995206989,6.691294416844701,6.698113360097511,6.742401872256204,6.814128155668721,6.895245021376068,6.971162527573311,7.03501588244842,7.085731299454984,7.124967831964955,7.155131665524033,7.17848094134466,7.196848272851956,7.2116186852175375]}