{"timestamp":"2024-05-12 04:24:29","trueValues":[3.698174420544471,3.528408435321541,3.472382226871807,3.5241314292180386,3.6677555626806218,3.8785609919459287,4.126096366475531,4.379566870219963,4.614093654636957,4.814736410208962,4.976050080645016,5.09788236068598,5.180586317461454,5.222831047033861],"predValues":[4.709179338760262,4.738142438421638,4.851288609247289,5.028606084739172,5.24078361519817,5.45861463846872,5.660323381348525,5.834192148149915,5.977006954871458,6.090790188105133,6.179892278096388,6.24915416822715,6.303006291156345,6.34514417365161]}