{"timestamp":"2024-05-12 04:24:34","trueValues":[3.665935109090776,3.873514859649688,4.104154109845509,4.342548917928311,4.583595018618883,4.830776694770607,5.090461206574872,5.365337073676123,5.650304075767673,5.932178094185822,6.192352986232197,6.410505613889171,6.567983853004777,6.65056800550159],"predValues":[4.0304448762466585,4.222254051377085,4.498578240825259,4.791577405909104,5.058390538082487,5.282329851937913,5.461623367108653,5.601239472681835,5.70834290307286,5.7900296198583,5.8524008037739925,5.900344708599206,5.937627162225716,5.967083599029034]}