{"timestamp":"2024-05-12 04:24:49","trueValues":[6.629613619204824,6.675605571456568,6.701356647308534,6.708717666715156,6.6957058456080665,6.657207275560001,6.586690596744687,6.478935718129591,6.333505815905549,6.157962978667885,5.969403934808771,5.7928577450432135,5.655884709238377,5.581210496362286],"predValues":[6.753563139197611,6.684492882754958,6.6058744312892514,6.534536066556062,6.479698664733913,6.442200257748752,6.418414689696459,6.404151402264182,6.396243256717516,6.392629592884607,6.392012830092295,6.393552810104643,6.396675562117944,6.4009695122542025]}