{"timestamp":"2024-05-12 04:24:54","trueValues":[6.604918522053074,6.562543290204856,6.496939450628104,6.407653833505588,6.30042109688812,6.188232994832232,6.089384830094211,6.021924854788045,5.996440896628934,6.011527331817208,6.054898739897095,6.108753254925032,6.155649154712502,6.182507506493264],"predValues":[6.373725235209732,6.294278851790546,6.229379485293313,6.195072403818724,6.193168559008843,6.213689576750184,6.243990025726303,6.275216748493074,6.303186495928243,6.326754914572511,6.346202544450568,6.362283029560516,6.375785895381588,6.387379201934674]}