{"timestamp":"2024-05-12 04:24:59","trueValues":[6.147120259542287,6.02855548671211,5.941595786933062,5.8994289334641445,5.903892058139212,5.946416397475683,6.013093624915718,6.090119071513628,6.167225583680019,6.238691659907156,6.302132510643644,6.35582741952774,6.396379074768311,6.418691641573032],"predValues":[6.822514588069412,6.790131684244009,6.758984698101971,6.734713401110678,6.717233006659165,6.703781172277923,6.692296440428849,6.682201517948874,6.673669433313672,6.666950426630526,6.662122241108556,6.659081750713105,6.657610211303653,6.657442498602964]}