{"timestamp":"2024-05-11 23:28:04","trueValues":[7.534749496427647,7.586188656198042,7.669461068660676,7.774241904067598,7.885716894909622,7.988904592554373,8.072327441449005,8.129715219213246,8.160120920534014,8.167249906362661,8.158255083515257,8.141888343922517,8.1262615602073,8.117080951024269],"predValues":[7.4862861074922975,7.416385261208674,7.36464124174305,7.339218813679359,7.336441587039902,7.346304741730651,7.360039906918445,7.372995779493847,7.38367676616561,7.392109977386145,7.398811840694972,7.404321375675288,7.409058528550688,7.413309022226466]}