{"timestamp":"2024-05-11 23:28:09","trueValues":[7.963436980403334,8.045338720286805,8.104099296940202,8.13971445774354,8.156702345642952,8.16274372391024,8.166654805353403,8.175959272093522,8.194948283484987,8.224026635792697,8.26017204515051,8.297702745468689,8.329216254295751,8.347341983830106],"predValues":[7.86038430344313,7.897791411992973,7.9173372508138256,7.916257351126189,7.894843017399087,7.858205101489172,7.814175334677738,7.769760174180092,7.729344071201568,7.694836186327025,7.66653101349048,7.643895912038713,7.626072384312097,7.612159140662398]}