{"timestamp":"2024-05-11 23:28:14","trueValues":[8.13670493173736,8.137014044052576,8.145146913986615,8.166486561075216,8.202498012903478,8.251037948998572,8.306939967655282,8.362744176052322,8.410237701842167,8.442934767969017,8.458477296650766,8.459635869808139,8.453270229266938,8.447396032122843],"predValues":[8.107207430572304,8.045058844733992,7.981211603000114,7.923579033797942,7.874753640586303,7.834055535744971,7.800319767186596,7.772746576565101,7.750690097220148,7.733465391545279,7.720335958916708,7.710570348696882,7.703493723251809,7.698517626290958]}