{"timestamp":"2024-05-11 23:28:19","trueValues":[8.354105510128726,8.417260106382422,8.468889836685927,8.496896528757222,8.49138220957942,8.447670060323174,8.368031245849632,8.261411949665112,8.141231845712213,8.02207529423214,7.916595168626308,7.833605023815229,7.777611573828823,7.749751597147038],"predValues":[7.942407774573694,7.892275498082678,7.848149781532815,7.815488596887094,7.7927418641607,7.775490845399669,7.760690398905439,7.747400429872405,7.73569748546031,7.725821307120855,7.7178497709575264,7.711686129865649,7.70711881600093,7.703886293234246]}