{"timestamp":"2024-05-11 23:28:24","trueValues":[8.435649764144642,8.370485273370171,8.283626839104535,8.187990465610767,8.096845124610724,8.020571195700922,7.964676884917935,7.929355686471114,7.910589937628901,7.902497999162225,7.899837187994878,7.899328734117829,7.899467475844865,7.899661501631716],"predValues":[8.500228456516073,8.489634648554018,8.459129808029832,8.411724258315942,8.352336951792143,8.287452868147984,8.223542900269315,8.165318153734125,8.11511996163333,8.073413720066622,8.039575888628587,8.012508759785398,7.991011765757324,7.973971251685588]}