{"timestamp":"2024-05-11 23:28:34","trueValues":[7.938537624597894,7.990660924608497,8.0520203836507,8.117448536864288,8.179926169174,8.231015550950563,8.262471117830318,8.268536948662522,8.247985896792533,8.204998021877612,8.148520039001578,8.090407986896011,8.042954860996032,8.016332928307603],"predValues":[7.985176373770598,7.987488204310363,7.989032436942696,7.990790629518063,7.989698769336717,7.983124484627464,7.971489847923891,7.957152405430611,7.942498940114639,7.929097871384476,7.917690749850143,7.908451135564807,7.901237363125193,7.895772480654728]}