{"timestamp":"2024-05-11 23:28:39","trueValues":[8.319611712057885,8.365172687852947,8.377551798842777,8.35169188249805,8.287958398348792,8.191999888891102,8.073514188213785,7.944496608352955,7.81744134682681,7.703619972907637,7.61133971394889,7.544516701379968,7.502674907551214,7.482949395535962],"predValues":[8.044774716561193,8.044606206494256,8.040755990674638,8.035490183977256,8.02709976474533,8.013943753241847,7.996899783916374,7.97837324494836,7.960592243421602,7.944900873040352,7.931829116570338,7.92137697401156,7.913272809262425,7.907143454919183]}