{"timestamp":"2024-05-11 23:28:44","trueValues":[8.11328150085573,7.996853802462777,7.880582919431799,7.779455084592655,7.706498996638004,7.670531665742095,7.67418227421113,7.713363256872537,7.778838454694719,7.858837412923306,7.941141291184182,8.014330475871803,8.068807335255784,8.09777246155637],"predValues":[8.334100388349409,8.294723785168657,8.251324735058862,8.209844413928899,8.171865593779717,8.137039825561239,8.105459072180652,8.077746608254625,8.054356400966633,8.035299347655396,8.0202198229746,8.00856950473483,7.999746912996848,7.993182196682562]}