{"timestamp":"2024-05-11 23:28:49","trueValues":[7.696728602220694,7.692746820970266,7.71894535218136,7.765692808952451,7.821410104428532,7.874862879762188,7.916584271287595,7.940025510015415,7.942557679428193,7.925903887986413,7.89577460696472,7.860726905140734,7.830291169691317,7.812684791372725],"predValues":[7.573133112841722,7.480145058444094,7.418686991775973,7.403240412832654,7.428659385642606,7.477211548020159,7.531606278680664,7.581611773938355,7.623416888919731,7.656813245245494,7.6830333053452655,7.70362475710512,7.719983788824136,7.733228839558571]}