{"timestamp":"2024-05-11 23:28:54","trueValues":[8.096170286976731,8.17329367672869,8.212716527151787,8.202230895210622,8.134014352230112,8.005509213077568,7.819845406062516,7.585765520509456,7.317237020972906,7.033043464141269,6.75638475255817,6.513874180777693,6.332708316763843,6.235639607701118],"predValues":[7.782619299650818,7.805402977013339,7.825769039913947,7.844824498492691,7.859347195744101,7.866250261136004,7.865700610002843,7.860197453952505,7.852504198609496,7.844606285929671,7.837604347123098,7.831948628330771,7.827705576739968,7.824746550596118]}