{"timestamp":"2024-05-11 23:28:59","trueValues":[7.968937212777432,7.820111460600376,7.637095441103966,7.432773795478841,7.222733704916598,7.0244568928124975,6.856079720250858,6.733588051546944,6.6661800379412295,6.652066256680326,6.678085513380146,6.723980054055341,6.768691569008244,6.795577429924538],"predValues":[8.099024858142181,8.07854237976946,8.054165830433522,8.030747981115624,8.008660138698275,7.986762069447792,7.965065202280386,7.944655284236174,7.92662816232774,7.911565913915636,7.899539504595873,7.890294574535556,7.883424732737291,7.878490364610051]}