{"timestamp":"2024-05-12 01:31:04","trueValues":[7.9248856512885695,7.748640334387006,7.591143755847712,7.463952942059521,7.376209431259345,7.331291398448383,7.324394977775207,7.343992911190886,7.376910581979499,7.413005225686232,7.446249019270004,7.473247840404671,7.491976910399507,7.501460518756527],"predValues":[8.335598107950648,8.285445099937201,8.258917256465958,8.26477470891886,8.295285131006779,8.335379895387629,8.373637262145875,8.405180273524088,8.429421270597981,8.447531850173636,8.461041360713438,8.471288314357903,8.47928430308615,8.48574589336578]}