{"timestamp":"2024-05-12 01:31:09","trueValues":[7.33156728716996,7.317750524836189,7.328606666293616,7.351384230514906,7.376706722008931,7.399692398820775,7.4184695765792,7.432862834709793,7.443959514985165,7.453540933601857,7.462980421026524,7.472301100880339,7.48014665317659,7.484683135546411],"predValues":[7.30370863943192,7.225464152736212,7.19856261028372,7.239765713748362,7.338434736869482,7.466308893531638,7.595993071575237,7.711186978594819,7.806169511765773,7.881402877722806,7.939879857780902,7.985108066062077,8.020253312356987,8.047886039658282]}