{"timestamp":"2024-05-12 01:31:14","trueValues":[7.440133485941716,7.457186226295911,7.464191620356222,7.460998168535657,7.448559520866024,7.428097508226987,7.400443252037013,7.366272918873841,7.327222704276997,7.286901222093155,7.250487897676237,7.222657689334352,7.20536520752846,7.19760045501194],"predValues":[7.642313937404006,7.635210467295272,7.65057677803636,7.695267827255581,7.760284539485546,7.829790157899243,7.892055956575913,7.942530303187034,7.981416526125677,8.010805585481098,8.033055027457905,8.050166507125653,8.06365820981926,8.07461800888884]}