{"timestamp":"2024-05-12 01:31:19","trueValues":[7.2315201493847,7.191218335568292,7.166501310844742,7.166340774440279,7.200721878081495,7.279048227711929,7.406688224486118,7.5813015984681424,7.791221020938289,8.016891084680736,8.234609812204788,8.420942343712602,8.556368356103238,8.62742963606548],"predValues":[7.562005866860202,7.526626726466075,7.514050931801901,7.5368933484779745,7.589950098575456,7.656904942363937,7.722713439277503,7.779412292604048,7.8249823052165794,7.8604236401779985,7.887712436837946,7.908829087166042,7.925415102476799,7.938724474088518]}