{"timestamp":"2024-05-12 01:31:24","trueValues":[7.274810226107359,7.368818643512823,7.50166863134708,7.663933194256671,7.839925480269082,8.011570791289786,8.162774289616387,8.282784820347352,8.367764393945524,8.42045541872423,8.44823326668254,8.460153626291406,8.4640562024946,8.464928521169181],"predValues":[7.399387804914294,7.339277021415414,7.306534505412465,7.316645906794884,7.365426381707923,7.435156325825869,7.507887556498773,7.572935631801133,7.626568611906687,7.66901188567468,7.702043314047912,7.727722759831993,7.747877254888309,7.763963055773239]}