{"timestamp":"2024-05-12 01:31:29","trueValues":[8.090090369340825,8.247025336253246,8.364114848631486,8.434548601357077,8.458445933578371,8.441381764307964,8.391986254229483,8.319633240946564,8.233367249802694,8.142326097992303,8.056355663937445,7.985060755664735,7.935419922570825,7.910423022294459],"predValues":[7.879723358617175,7.950378513370776,8.004692710040299,8.042213044597263,8.061744796614413,8.064419960374213,8.054795218191416,8.038598583398107,8.020444414467597,8.003149806351711,7.988052739613474,7.975552163165299,7.96554814043752,7.957723053874952]}