{"timestamp":"2024-05-12 01:31:34","trueValues":[8.445715715650964,8.412167859738208,8.359193504152952,8.294703053646225,8.225952009491255,8.160110023195301,8.10334711478022,8.05860131307868,8.024499819201528,7.997242119825228,7.973937230725702,7.954319894731338,7.939912284008294,7.932310725783727],"predValues":[8.475920214888655,8.415949502060556,8.353567819489275,8.299301199005841,8.256230929578697,8.22244439536924,8.195429626909627,8.173645846821262,8.156242265318241,8.14261368141884,8.132201407172428,8.124461107220824,8.118881138221996,8.115005406682462]}