{"timestamp":"2024-05-12 01:31:39","trueValues":[8.083013743895751,8.022924755074298,7.983942316608477,7.967468198361097,7.972020628055865,7.99609364664032,8.039335349810642,8.101149573402571,8.178470178406371,8.264650851361775,8.350138347259499,8.424511089246911,8.478871267370032,8.507379502810897],"predValues":[8.211539082993227,8.124925440165523,8.05956373413921,8.026586260882048,8.021905721010208,8.032979277664408,8.048837563380099,8.063710038625338,8.075733524268859,8.084914399240642,8.091866103973633,8.097251515608114,8.101593972191084,8.105262388506311]}