{"timestamp":"2024-05-12 01:31:44","trueValues":[7.915616268663333,7.9324449491020275,7.971414363919143,8.033787009672956,8.11790223825902,8.219459853505477,8.33298513875814,8.45346345768754,8.576962997328083,8.69967181544002,8.816016321954503,8.91745406647511,8.993406656787236,9.034210013973215],"predValues":[8.1376793132916,8.114763273132024,8.106094041502278,8.114689915437268,8.133661384771294,8.153529359556067,8.16884304412483,8.178630183233334,8.184072473660127,8.186750561096165,8.1879359789172,8.188467290626672,8.18882982648046,8.189269175282739]}