{"timestamp":"2024-05-12 01:31:49","trueValues":[8.187422740842667,8.275385527360859,8.367838814795276,8.463512930291417,8.562264082136014,8.663107257224858,8.762773253943895,8.856226704441216,8.93900607877425,9.009294976631576,9.067625507088913,9.114512237164536,9.14852681812073,9.166715805377372],"predValues":[8.248268961810336,8.268176804907478,8.288578483500467,8.309259240280024,8.325102110248267,8.331928894269174,8.329908899775933,8.322017631814836,8.311474323715112,8.300564227141615,8.290553825483858,8.281982669902536,8.274957075897293,8.269364083249755]}