{"timestamp":"2024-05-12 01:31:54","trueValues":[8.68864610076066,8.780938851790616,8.861820760243749,8.926440384082543,8.973161527767472,9.003463039898588,9.019750042866594,9.023547632513887,9.015949263754312,8.99952032959428,8.97921725862721,8.960853382373653,8.948338984910524,8.94246133251269],"predValues":[8.484513430936154,8.453560204792218,8.426964319401202,8.408599379992648,8.395778793890544,8.384192796528058,8.371904053712925,8.359187125222974,8.347002040019992,8.33611719337766,8.32690601848848,8.319425394144758,8.313538439140705,8.309025346180807]}