{"timestamp":"2024-05-12 01:31:59","trueValues":[8.94529198269072,8.963236975875677,8.976625818323381,8.988385907316534,9.002366395519758,9.02387614740779,9.057748797171955,9.105188367845734,9.162234607067369,9.22136675639202,9.2749327577328,9.317710393747172,9.347149687176174,9.362141235781014],"predValues":[8.884278846388607,8.81762221757663,8.750073867511384,8.691619213708213,8.64501262497415,8.607996757462999,8.577915584204895,8.553177030592668,8.532895488514274,8.516455125438032,8.503305227075778,8.492919265915528,8.484800482785193,8.478504744685008]}