{"timestamp":"2024-05-12 01:55:04","trueValues":[9.719548429865192,9.894282206150564,10.071193323868648,10.234134053355978,10.368352055881909,10.463629880353125,10.516367152374176,10.530339135337428,10.515529917814476,10.48480952261476,10.449905080926545,10.418972054727544,10.396587326277436,10.38495747377135],"predValues":[9.586988949133712,9.574374615100918,9.567785712010462,9.577064928819418,9.597670467382974,9.619300355785604,9.635576727203643,9.645265790263728,9.649653962511548,9.650530002228615,9.649375947479976,9.647211895484716,9.644666170845737,9.642090146289354]}