{"timestamp":"2024-05-12 01:55:09","trueValues":[10.51623425799962,10.582529414112807,10.6067709427642,10.596343518559088,10.561273756268925,10.510469831608908,10.449668528939837,10.381892397916603,10.309196517147331,10.234285021365473,10.161521630253926,10.097170984629232,10.04855609610689,10.0222818151023],"predValues":[10.577798905956136,10.575866621750102,10.537483005336023,10.47538624830379,10.402476141802737,10.326800237578432,10.25351855840612,10.186108684279162,10.12644708376628,10.075055765970726,10.031554652981274,9.995087373448284,9.964624793335208,9.939144157535464]}