{"timestamp":"2024-05-12 01:55:14","trueValues":[10.697222043551566,10.668293064520856,10.616516353039094,10.535740494296856,10.4203892403378,10.26751871497678,10.078374404292124,9.85908433368333,9.620514478791542,9.377751540593785,9.149249231940814,8.955058124488044,8.813845891029263,8.739607903937651],"predValues":[10.452914872721475,10.386677126978096,10.310183656561527,10.241883921702549,10.18902066581442,10.148204550768485,10.114750784072914,10.08600573085659,10.06084032051329,10.038772943829622,10.019506448984083,10.00276122621261,9.988237997383704,9.975633763323374]}