{"timestamp":"2024-05-12 01:55:19","trueValues":[10.1132007040881,9.942120991525504,9.765468752049047,9.598122308256462,9.457041640228493,9.359351517070348,9.319499683606184,9.345346576302203,9.434254507612234,9.571330802346102,9.731553044507526,9.88537030939288,10.005229340536854,10.070570315040731],"predValues":[10.582916402531511,10.58520378050636,10.565297266352964,10.530812770888344,10.488319528835518,10.441432267182394,10.393154398793923,10.346353252695511,10.3031088916377,10.264488191659416,10.230755346777284,10.201670615539594,10.176743351915498,10.155389352234444]}