{"timestamp":"2024-05-12 01:55:24","trueValues":[9.310622870963384,9.24327147036123,9.240808671811973,9.303937752345751,9.422070751353,9.5752767021154,9.739526175403348,9.89267471579594,10.018713866934236,10.109581724480208,10.165105525746934,10.191657821783096,10.19969048935872,10.200146582852197],"predValues":[9.8726028810406,9.821781414323135,9.788775767458567,9.786574505038434,9.808365461423026,9.838730231276427,9.866713533937803,9.888199896415912,9.903061208533687,9.912614719331724,9.918369577327471,9.921583494881718,9.9231723800239,9.92376455735692]}