{"timestamp":"2024-05-12 01:55:34","trueValues":[10.14723654814422,10.047001231924591,9.897832080683685,9.719183767701413,9.53248896612856,9.35664047182942,9.204030951020025,9.078823718666444,8.978370987250042,8.896973182834884,8.829878002586874,8.77565922407828,8.73627916564379,8.715276272900311],"predValues":[10.521304444177655,10.51665207791322,10.479336932270572,10.424839607152911,10.365500142603947,10.306729997555584,10.251205133133862,10.200716433930287,10.156216486821677,10.117884965002428,10.085355079998768,10.057971396755388,10.034980138379812,10.015639222684523]}