{"timestamp":"2024-05-12 01:55:39","trueValues":[9.297148976115968,9.14271082871269,9.022879439598626,8.93710249975312,8.881386001643287,8.85192464774811,8.847062839949377,8.866932409466646,8.911256138634597,8.976615718350914,9.054790036816858,9.133139244279716,9.19691525462883,9.232803646266255],"predValues":[9.41328696477239,9.284859967512084,9.198526997603436,9.178769325149544,9.215570435351411,9.28090077830533,9.351126418440368,9.413957283997648,9.465478306702767,9.505959527924825,9.537192363832824,9.561217540442438,9.579832321275155,9.594463460336204]}