{"timestamp":"2024-05-12 01:55:44","trueValues":[8.803158259638774,8.784648996939453,8.793641693476864,8.832334687994905,8.90006776124078,8.991411114858913,9.09620523970329,9.201428347588733,9.294225299875748,9.365296679810456,9.411398269921207,9.435613751275188,9.445107193815923,9.447488129430456],"predValues":[9.411081981309769,9.462424925552982,9.51441586276653,9.570856103640187,9.623938901035086,9.66460564280402,9.690238841345757,9.703363489776844,9.707963229868954,9.70747364699309,9.704295345131223,9.699926309673344,9.69522291196908,9.690641245511909]}