{"timestamp":"2024-05-12 01:55:54","trueValues":[9.389084241278368,9.410517446006654,9.419390537606969,9.424227892840785,9.430740248771492,9.44037136988427,9.4511809983106,9.46025555778274,9.466067294570797,9.469426332782056,9.472618987236372,9.477349495393046,9.483029400961543,9.48705663208807],"predValues":[9.746208636133492,9.761422915710089,9.76317924776421,9.757692304827568,9.746133683706242,9.7280345330468,9.70488273826676,9.679515860051634,9.65449131774536,9.631413943815074,9.611017846785815,9.593447615737103,9.57852836167202,9.565934227584158]}