{"timestamp":"2024-05-12 01:02:04","trueValues":[7.81192118029653,7.986246439274518,8.143144461550815,8.262325731384554,8.329617329518157,8.339065853760296,8.292556543708407,8.197884717585163,8.067029474312982,7.915483108500029,7.761645643669743,7.624941984762129,7.522884155089847,7.468439721933258],"predValues":[7.351098241820862,7.368254108209712,7.3920964221599395,7.429409441492597,7.475905462107029,7.521828973755877,7.5601993007324975,7.589154592849367,7.609940867762321,7.624701445944185,7.635390672067169,7.64346320795516,7.649900877247371,7.655329346659208]}