{"timestamp":"2024-05-12 01:02:09","trueValues":[8.443058359737355,8.434139552472196,8.37334011032437,8.266830053315733,8.123271968357304,7.953703530622151,7.77039780138921,7.584930146471002,7.406782047914554,7.243180567596936,7.099939037038697,6.982799290586877,6.898426246914174,6.85383167901088],"predValues":[8.405988005532635,8.397324621255372,8.372448920648601,8.335785223230022,8.291408602100999,8.24351293793375,8.196377961166455,8.153347294262927,8.116209961293432,8.085406640003995,8.060539178848448,8.040820045763173,8.025353798452421,8.013293633961522]}