{"timestamp":"2024-05-12 01:02:19","trueValues":[7.332805596952067,7.20035588697397,7.066674511932495,6.9319751659819255,6.796771618774293,6.6600350020617896,6.519068623195938,6.3716749407990925,6.218904750690859,6.066475035970238,5.924273935470393,5.80429529938932,5.717742389290787,5.672558700625088],"predValues":[7.602229272995622,7.616329100347197,7.643885546277497,7.690508082336507,7.748242448629588,7.804026988659192,7.849602317046704,7.8832618042340865,7.90684231626644,7.923051974708455,7.934269057287175,7.942249364479224,7.948181769359375,7.9528344014125585]}