{"timestamp":"2024-05-12 01:02:24","trueValues":[6.608097754175563,6.483601373831481,6.363629648257885,6.24993452399454,6.147701938219717,6.06464800410885,6.008599668745754,5.984362392714347,5.991213762194549,6.022429986305729,6.067070269873871,6.1129208225110885,6.149360460014168,6.169238800560159],"predValues":[6.920261324231118,6.950362963222903,7.003057177466598,7.08518271147682,7.186549224612665,7.289055439904697,7.379207262560564,7.451993777293284,7.50813633476794,7.550632234708257,7.582767689208238,7.607340390641021,7.626500304198165,7.641816646654419]}