{"timestamp":"2024-05-12 01:02:29","trueValues":[6.110564073672723,6.049444621870968,6.012902921488231,5.9990042962197325,6.000432910746203,6.0065932294787165,6.006871908982159,5.993782610454704,5.965034101984641,5.923727473802221,5.8766698415609175,5.831968426580481,5.79717588195564,5.778148862773052],"predValues":[6.455497004394888,6.422488566748454,6.426665835623853,6.481464432288631,6.579476026938826,6.698816238444534,6.8174667281463,6.922110416558681,7.0081831792819465,7.076345501357638,7.129392417271402,7.170524023562533,7.202608712411433,7.227968148541585]}