{"timestamp":"2024-05-12 01:02:34","trueValues":[5.790195604932121,5.772485834790125,5.764688257363089,5.772840396981438,5.807517722183539,5.880852027528175,6.002606132453307,6.176685935521491,6.398415813952747,6.652575906606747,6.913465105916357,7.148735459276683,7.326398493366003,7.421781835970618],"predValues":[6.089783646112251,6.102651143928574,6.15138457423302,6.242015348214785,6.362653273288027,6.491739825329251,6.611135852472273,6.71186061867339,6.7923887623014565,6.855001149506967,6.903171107663299,6.940277874926646,6.969147051488805,6.991976444516172]}