{"timestamp":"2024-05-12 01:02:44","trueValues":[6.4883406530168735,6.685103665300414,6.869176726652038,7.032447565765763,7.176742417136727,7.312152216413669,7.452331860582152,7.60806705708109,7.781618870799166,7.964868518606044,8.142031869847036,8.294675677405067,8.406281436311653,8.465062212909984],"predValues":[6.436281142306056,6.6010381392104325,6.7411364520216885,6.8519424525822,6.930569143499129,6.978941898471033,7.00403102744334,7.014205686548046,7.016271396706134,7.014692877325166,7.0120108030578905,7.009498302012546,7.007692267462339,7.006736491120537]}