{"timestamp":"2024-05-12 01:02:49","trueValues":[7.311725891260096,7.425911395765551,7.549000025999968,7.684889042391557,7.828378288063966,7.968001370591812,8.091028869413934,8.187830726572551,8.254264890201524,8.291981908432831,8.307094922496015,8.307989301636772,8.303056794030775,8.298835537117398],"predValues":[7.615132253609951,7.590267450341894,7.548314291027262,7.499478266265659,7.450854340925846,7.406348280676005,7.367922403850821,7.336326234722787,7.311447610439776,7.292628703847741,7.27896450425596,7.269501361632622,7.263358186274425,7.259774024992668]}