{"timestamp":"2024-05-12 01:02:54","trueValues":[8.049188670317674,8.184359525509166,8.28596232484297,8.346393649573278,8.363896901857215,8.34169184660151,8.286358350079146,8.206223308011014,8.110183998773595,8.007216640001856,7.906570148587351,7.818059305668493,7.751627268349512,7.715856886916693],"predValues":[7.780379497862063,7.822113381458678,7.838735809828062,7.832270498505944,7.806024656897508,7.765958863490312,7.719541782134365,7.673206829501893,7.630957049943253,7.594546117625079,7.564246200226456,7.539559741209054,7.519679008564321,7.503743644111388]}