{"timestamp":"2024-05-12 01:02:59","trueValues":[8.478084798461413,8.449578423541789,8.385594566390868,8.288813440754682,8.161768279201002,8.007781441093716,7.832222656531105,7.643219479672226,7.451419407806456,7.268904400102119,7.107528900558304,6.977339192313895,6.885953312495906,6.838757204316316],"predValues":[8.415101901739643,8.372057945398659,8.30666593945495,8.229861496201924,8.151105366164177,8.076678669060698,8.010318660492725,7.953744727878263,7.907091626113106,7.869502718058872,7.839678562521158,7.816233071173352,7.797881952779752,7.783524841919039]}