{"timestamp":"2024-05-12 01:28:04","trueValues":[8.594485652190706,8.67474853864716,8.73185245402735,8.76326762101724,8.77079927680079,8.758491397195721,8.731551581163357,8.69607383314331,8.658353359658264,8.623598291247049,8.595035569112614,8.573985897549294,8.560491536968193,8.553999646771164],"predValues":[8.596657146270939,8.660890579057277,8.709600354163051,8.739010942407148,8.746436282691054,8.734225947556908,8.709041666212421,8.678114221577149,8.64672244399718,8.617820043841384,8.592640812483129,8.571397115132957,8.553794457856851,8.539329968341496]}