{"timestamp":"2024-05-12 01:28:09","trueValues":[8.792866919273205,8.773733584590973,8.743641513994156,8.707253705297152,8.668037372732115,8.62755269625632,8.585770173318615,8.541996626861325,8.495891049919337,8.44841878722942,8.402433612590778,8.36233512716744,8.332753105180167,8.317128181986195],"predValues":[8.93030229460712,8.92609406134245,8.910724561136375,8.887433758840551,8.85746846947706,8.822527880518965,8.78572597295085,8.750303774779365,8.718430122197258,8.69104324948889,8.668208274897793,8.649519604792822,8.634380277643475,8.622163829368098]}