{"timestamp":"2024-05-12 01:28:14","trueValues":[8.596084371516607,8.558414397893895,8.523875681524455,8.492917405394284,8.466839808064035,8.448154327424055,8.440023849588759,8.444759939309161,8.462285252059274,8.489613917031587,8.521529032658556,8.551907357738166,8.57521570209143,8.58770830487713],"predValues":[8.668080696298219,8.64021008806647,8.61791014622733,8.60629597525744,8.602101563007725,8.59926373653347,8.594417876059683,8.58732025330343,8.57902286013369,8.570622340929297,8.56284456476407,8.556045156984322,8.550322725215967,8.54562358013169]}