{"timestamp":"2024-05-12 01:28:19","trueValues":[8.470241106686405,8.45631802885299,8.450916935682312,8.45358625208963,8.461431007019634,8.46995644693611,8.474545289689505,8.472063620139059,8.46209282100492,8.446973959589254,8.430395652152221,8.41564038974534,8.40482677448777,8.399135971580561],"predValues":[8.625338941764976,8.59994468730869,8.579926541880667,8.570254223511778,8.567704246252811,8.56642580236959,8.563195140124147,8.557779694361017,8.551194778101799,8.544491851637975,8.538367015703468,8.533157822009649,8.528951449266222,8.525691816047129]}