{"timestamp":"2024-05-12 01:28:24","trueValues":[8.38991017831018,8.389291953679749,8.390588205409161,8.396370705434814,8.411583390278913,8.441644363592086,8.490131141937358,8.557428321634692,8.640394279669604,8.732370210510616,8.82372525883371,8.903574312207798,8.962250899616478,8.993153094320583],"predValues":[8.449085651200939,8.445744420835867,8.446425903188587,8.454944166808836,8.467162741394205,8.47685658865177,8.48114269801993,8.480583478491802,8.477032275014935,8.472199438189854,8.467225999116494,8.462730182425286,8.458968740047872,8.455990577114086]}