{"timestamp":"2024-05-12 01:28:29","trueValues":[8.438618624472209,8.471023588763789,8.518479638340008,8.578949502438936,8.647649515154079,8.717650298007367,8.781565847449768,8.833884502190969,8.872530983677915,8.898754499031426,8.915679394997298,8.926514273354796,8.933308631148313,8.93672880077187],"predValues":[8.498310790691239,8.461633538046456,8.433422720215844,8.420665391836028,8.420190693130117,8.424506836626925,8.428391604983927,8.43017478170171,8.430130660769358,8.429059532110443,8.427656433303888,8.426365497349456,8.425408126275158,8.42486113302949]}