{"timestamp":"2024-05-12 01:28:39","trueValues":[8.946323243037268,8.958823287907945,8.963757921823934,8.960669988136766,8.94860583681463,8.927357355266974,8.898321263370374,8.864575129050783,8.830194556987063,8.799098070707359,8.773941962970277,8.755700881118807,8.744122857418795,8.738556709434919],"predValues":[8.90753988034453,8.864284887736755,8.81960659637749,8.780185074898139,8.746856760492149,8.717629566484938,8.691260664685663,8.667728791994396,8.64735608437506,8.630270652004725,8.616320995296398,8.605167170439966,8.596383915436853,8.589542247245994]}