{"timestamp":"2024-05-12 01:28:54","trueValues":[8.195445574234574,8.109613350329253,8.064313910663317,8.06688966943095,8.116362258246673,8.204390163008396,8.318174326502696,8.443635918689171,8.56804551900667,8.681714861761352,8.77839419030663,8.8543930278611,8.907141463009614,8.934330057311145],"predValues":[8.704971643097288,8.66065641916931,8.628005068707306,8.613763841741203,8.613754007557487,8.619340355486296,8.624550612335113,8.627380199358146,8.628017294989764,8.62728929960595,8.625960355860396,8.624546625503877,8.623332502497938,8.622440515455924]}