{"timestamp":"2024-05-12 01:28:59","trueValues":[8.178981821748408,8.281399263598239,8.39583939372534,8.511128718905853,8.61949132349579,8.716838047590086,8.801705989913632,8.873554801939488,8.931571170095376,8.974807823279463,9.003332803411524,9.019162118153565,9.026052425685508,9.028142588408514],"predValues":[8.141253108812142,8.147061921923957,8.166665436903367,8.205066861163633,8.25450569480822,8.302563490112426,8.341484265588454,8.369701993926542,8.388955730912123,8.40176090126678,8.410301225353205,8.416158943594855,8.420384187339469,8.423638238994831]}