{"timestamp":"2024-05-12 03:59:04","trueValues":[6.464977954864416,6.257164509547849,6.052202977509239,5.862492271000228,5.699036310022748,5.5703571456867245,5.482102656016384,5.436665604225595,5.4325600983124565,5.463722898885067,5.51912304193627,5.583413685750852,5.639347466163082,5.671762264638378],"predValues":[6.819963016077948,6.7824333789147655,6.745276377577837,6.71746185077215,6.699543835145225,6.687638625495058,6.678369109975447,6.670357306816628,6.663443078297262,6.657810084442984,6.653586435430865,6.650759107612201,6.649203313169281,6.648734727604598]}