{"timestamp":"2024-05-12 03:59:09","trueValues":[5.431520399173123,5.315137021054084,5.2522266182136335,5.2476822950757125,5.3020917770117935,5.410592791092831,5.562543488040367,5.742763210554571,5.934230514906455,6.120934087508028,6.289277637792904,6.427793045708831,6.526638818348109,6.578175256800678],"predValues":[5.728038115170714,5.645691843604355,5.603683798913032,5.617001409975973,5.679941780497885,5.771594645114356,5.869655676471886,5.959663707414485,6.035686067273252,6.097165529935678,6.145948131158709,6.18453786674772,6.21530769865477,6.24022831756014]}