{"timestamp":"2024-05-12 03:59:14","trueValues":[5.335728339919564,5.456893456976666,5.608042734398447,5.776569944708959,5.951796759123932,6.126044939364677,6.293812924113355,6.450522767955281,6.592143385827068,6.715317732933073,6.8172057235946735,6.895332200085776,6.94791903567483,6.974229729738049],"predValues":[5.22591506033698,5.23077720037165,5.267931211585151,5.343268899626209,5.4474894523500055,5.561962473834811,5.669986530005569,5.762630653761848,5.837799034369723,5.8970995608669385,5.943430526668173,5.97973793426857,6.008536411023465,6.031809804156222]}