{"timestamp":"2024-05-12 03:59:19","trueValues":[6.276693337888759,6.448866771153947,6.591680647614867,6.695812294002085,6.753608854862458,6.759871103580256,6.712753403081653,6.615172784888141,6.476121812642756,6.310852773713218,6.139497571112167,5.9843852505467705,5.866721501576079,5.803235599646616],"predValues":[5.888857053073892,5.892249979350664,5.897816260228916,5.91210572785298,5.935132734815311,5.962092617898233,5.987966753941038,6.010154267139303,6.028240659938788,6.042871533211086,6.054946050294436,6.0652609129643,6.074414411694924,6.08281878483618]}