{"timestamp":"2024-05-12 03:59:24","trueValues":[6.918568781476781,6.916464266161322,6.855036499410598,6.7351827840416085,6.5631148689098175,6.349779130752976,6.109302640269444,5.857112175140729,5.60826453510958,5.37627766950858,5.172796780144079,5.008129553389715,4.891682219852921,4.831212455424773],"predValues":[6.580358312691499,6.579676165866907,6.563009882353919,6.536834076080874,6.505713270130624,6.473132885264631,6.442089025157249,6.414776839087381,6.39229682537072,6.3748131085598425,6.361915975297994,6.352932980049925,6.3471337353330775,6.343837423266606]}