{"timestamp":"2024-05-12 03:59:29","trueValues":[6.5630411125319394,6.378521658976184,6.169210892741502,5.939570742453587,5.691477410892414,5.424984388043741,5.140372878404127,4.840487552508115,4.5321772797604885,4.226938860480708,3.941363451330647,3.696699027198157,3.516153447677544,3.4199528711166014],"predValues":[6.383804609047884,6.300470134912331,6.229126587298534,6.184397796076938,6.168254983505324,6.172809273721337,6.1878906589233775,6.206156990706012,6.223844434593082,6.239590557456649,6.253227779490396,6.265046607797101,6.275440808408574,6.284767202720495]}