{"timestamp":"2024-05-12 03:59:34","trueValues":[5.512728098185479,5.271640758709302,5.0151899989446855,4.7445853736534405,4.464240842821473,4.182576043754842,3.9122117745517766,3.668209994994414,3.4643692941108046,3.3092891339840507,3.204110147030961,3.1426059660148686,3.113221956645682,3.102957062260652],"predValues":[5.525873278797434,5.513020266467938,5.52551459688051,5.57155153387804,5.644628688607912,5.729013426985576,5.810227704269471,5.880414140564016,5.937537325628516,5.982689651221819,6.018058027171607,6.045888634196617,6.068096878917311,6.086184467766168]}