{"timestamp":"2024-05-12 03:59:39","trueValues":[3.781140710815317,3.481549280828636,3.252575928065053,3.12321136099226,3.115457107131329,3.2396439764770717,3.491707527478085,3.852226908472788,4.287440353440781,4.752990361431178,5.200079530109983,5.582145806970407,5.860218714040336,6.006485319246578],"predValues":[4.7135418125584,4.694226877713337,4.721188421975941,4.797907696546674,4.912344338196445,5.04318217230556,5.17067837736648,5.282999706032859,5.376028891239413,5.450406550318683,5.50884299759254,5.554525970423443,5.590388846340952,5.618864190424116]}