{"timestamp":"2024-05-12 03:59:44","trueValues":[3.061921671496699,3.235064436329893,3.5192283577160057,3.891496930365148,4.320825696145251,4.773435695826209,5.218210841208069,5.630226260765475,5.991960495685175,6.292857014877178,6.528236740307763,6.698281338586949,6.806837570280614,6.859224798519085],"predValues":[3.28661017738868,3.37333113242384,3.539841471258913,3.748513746471044,3.9673553982364944,4.174038610121063,4.355719315247839,4.507482060096737,4.629902362445041,4.726494445833422,4.801796252393351,4.860259045976964,4.905755202540835,4.941439069735818]}