{"timestamp":"2024-05-12 03:59:49","trueValues":[4.833767316552007,5.254663834595792,5.628853727665067,5.938297348556598,6.173585908446238,6.333351126853567,6.423657372772668,6.45704442649221,6.4502991067229045,6.421001744485928,6.384180168550377,6.3504021395808925,6.32571541477474,6.312892037890769],"predValues":[4.535342591197241,4.766829117783939,4.9772127735280005,5.137071715692984,5.239573080340345,5.29547230821519,5.3211277001174775,5.330303392208652,5.33198517051865,5.331211127234052,5.33048014172681,5.33085776109211,5.332669709441985,5.3358931953912]}