{"timestamp":"2024-05-12 03:59:54","trueValues":[6.317547992303316,6.411162377888224,6.450750150230145,6.453418137693719,6.436775376485027,6.41547174377193,6.399180886867062,6.3924566973033095,6.395937200972915,6.407802542310716,6.424693417316702,6.442335677116423,6.456535706826413,6.464314546146636],"predValues":[6.602347414588552,6.676543938635303,6.6885062928665295,6.64361430735298,6.558263559766674,6.454456707230869,6.351288943742301,6.260232509078834,6.185662817628331,6.127544120804036,6.083808715032243,6.0517996430824645,6.028965864540737,6.013129506396847]}