{"timestamp":"2024-05-12 00:28:04","trueValues":[7.650428733703105,7.669988393538912,7.70346368912316,7.7438003212657,7.784370847507458,7.818405628408584,7.839509255087975,7.843771177679965,7.830780220989681,7.802582692596524,7.762951198005375,7.718393840526955,7.678824806291846,7.655302767784297],"predValues":[7.445637970935799,7.387840081131681,7.349447959477635,7.34070404120939,7.357370856299875,7.387015604431939,7.41863994716738,7.446529160611567,7.469084259649852,7.486709243180882,7.500430321564973,7.511281678824917,7.520095233745428,7.527482300449462]}