{"timestamp":"2024-05-12 00:28:09","trueValues":[8.05490419157855,8.106627479521745,8.1188946934482,8.081508050632038,7.987119555315346,7.831863575931056,7.618031743074,7.356612826787412,7.066938705949111,6.773430848193637,6.501512478950929,6.274397853357065,6.111208478494943,6.025857996697385],"predValues":[7.891044896174295,7.95326418181987,7.995259335756862,8.014614604044603,8.010647972752874,7.987578040907563,7.953313618527205,7.915619723917072,7.879745419083351,7.848299952176062,7.8220711210475695,7.800851078896068,7.783998211681203,7.770751566214276]}