{"timestamp":"2024-05-12 00:28:14","trueValues":[8.035493373442247,7.882853818504201,7.672144206082949,7.412095165009278,7.115143748220325,6.794356662199872,6.4616702138817335,6.127878217261668,5.803734618023071,5.501000767655653,5.232712474701112,5.012829994194144,4.855442322594798,4.772950930371425],"predValues":[8.07795392347893,8.100984252800625,8.111609158046326,8.10916018051202,8.09285935652906,8.065011074552235,8.030792367836725,7.995554095479626,7.962945005428731,7.934722758681907,7.911309959350242,7.892402013527255,7.877382822892507,7.865562399853305]}