{"timestamp":"2024-05-12 00:28:19","trueValues":[7.002277619065456,6.727247926725656,6.439163222607038,6.138254344238201,5.824585346707684,5.499376133926714,5.166130598974821,4.831716656681836,4.50673410356257,4.204482967093029,3.939081322683595,3.72407626506437,3.571852669518684,3.492683237976071],"predValues":[7.055516966033576,6.96138070423979,6.9092863752028375,6.91361049236212,6.966375937990577,7.045592148353032,7.12994259998206,7.206579330534398,7.270633887492583,7.321907726661029,7.362168343221324,7.3936571336947186,7.418444592436783,7.438229641131836]}