{"timestamp":"2024-05-12 00:28:24","trueValues":[5.360300310433288,5.0442760259025246,4.749472913125447,4.49004645831711,4.280881235302023,4.134740912975202,4.059916463008676,4.058802708479122,4.126404980436842,4.248363410462853,4.400413122025332,4.551810803950852,4.672235018258013,4.738533579789548],"predValues":[6.199005014150566,6.189480607220558,6.22378981500514,6.308611377191967,6.430987427790018,6.5669499347707365,6.695529096089908,6.805550355368671,6.894290042400513,6.9636125323660725,7.017007365752423,7.058051527545096,7.089814346218823,7.114722473052985]}