{"timestamp":"2024-05-12 00:28:29","trueValues":[3.6762465165069,3.5233901443967683,3.4832678044331984,3.5710239401989567,3.792599794050103,4.141636802070879,4.599665362226872,5.13924148214635,5.726685383332114,6.322432525040099,6.881151041376974,7.354903273553132,7.699418384361694,7.880834355588458],"predValues":[4.877466575053921,4.923655011638445,5.041816483265442,5.215565312893796,5.418853970545502,5.625002182901704,5.814173072461271,5.9760404140853165,6.108202407742501,6.212988558924404,6.2947252439946775,6.358062570013387,6.407184317680284,6.445546538100055]}