{"timestamp":"2024-05-12 00:28:34","trueValues":[4.00117442512053,4.368907395825081,4.813010012612707,5.310117334738378,5.834309493882648,6.3567579459383765,6.847863924227097,7.281874625269973,7.641306332256127,7.919222490411268,8.118979745847916,8.251424405839778,8.33009202822407,8.366335513630306],"predValues":[4.367473507053121,4.578383765062257,4.887210988621006,5.205875518914653,5.479540053791832,5.694269654596197,5.855919182340346,5.975708975515175,6.064342214152999,6.1303790236020514,6.180208035130332,6.218457428226106,6.248438664914544,6.272510620344003]}