{"timestamp":"2024-05-12 00:28:39","trueValues":[6.482226182843582,6.969498690003878,7.382496929908308,7.699799259639169,7.911730171362587,8.020926289469735,8.04040594689206,7.98960813537327,7.890204206360858,7.763548425324626,7.629920208032972,7.508346839457236,7.415874149444134,7.365884069933892],"predValues":[6.367914827365423,6.661218027784082,6.876414685867822,6.9989377176441305,7.039097866057261,7.02283611302042,6.977783591102408,6.924153003095597,6.873289807544526,6.830065912220396,6.795642016590572,6.769418235448312,6.750131009080344,6.736409133330005]}