{"timestamp":"2024-05-12 00:28:44","trueValues":[8.100471280514842,8.146825635725998,8.119573783702178,8.036060832421597,7.912626942602086,7.76423176819859,7.604844900075621,7.4474700527834194,7.303377200861779,7.180871711142912,7.084433187204327,7.014891687309501,6.970632013230086,6.949297947705216],"predValues":[8.447035356790298,8.386214651542543,8.258836456686229,8.100332804576555,7.940544329653679,7.796472740831968,7.675014724573344,7.576957015575179,7.499987783297705,7.440644597706257,7.3953916710714145,7.361094822463666,7.335169522086657,7.315567601839742]}