{"timestamp":"2024-05-12 00:28:49","trueValues":[7.714259230745789,7.557242932476138,7.409298535791135,7.283212074255498,7.188285090933107,7.129144170579732,7.105568442744863,7.113368013587516,7.145827464572663,7.195010343651855,7.252302969043914,7.308336287342687,7.353284620071047,7.37840192265076],"predValues":[8.057936309628406,7.959566830427533,7.847105763326308,7.742218612419743,7.655803513787622,7.588550986600137,7.537067440108642,7.49771183423907,7.467604613683552,7.444596610616784,7.42706837419043,7.413771760438668,7.403736640427244,7.3962004662349585]}