{"timestamp":"2024-05-12 00:28:54","trueValues":[7.046184059897303,7.007493989055503,7.006982877290962,7.041641995963749,7.107318927446506,7.1988058069891565,7.309172458747389,7.429378875786449,7.549067270553493,7.658334885834153,7.749507071497856,7.818115652883304,7.862860391429846,7.884611213713321],"predValues":[7.227226332142816,7.199577657516574,7.183412120006912,7.186972360301249,7.206436601976126,7.231828730122418,7.2553000029788866,7.273744413223425,7.2871728581947455,7.296743113683975,7.303703323656938,7.309034248597852,7.313405144576977,7.317235160451663]}