{"timestamp":"2024-05-12 00:28:59","trueValues":[7.258069521744621,7.359317227309614,7.460404130681394,7.5495685481343155,7.616431960593102,7.654192302390513,7.661011910115196,7.640321053363174,7.600021100068011,7.55046080096508,7.501507031787622,7.460214889092027,7.430637119724739,7.415152532990298],"predValues":[7.09015907422642,7.085685052212639,7.096034600314261,7.123051229295118,7.15891304205763,7.1935963475065865,7.221439313708428,7.241560585171106,7.255432099987194,7.264992787081456,7.271856781527241,7.277151293409526,7.28159156025217,7.285597262490017]}