{"timestamp":"2024-05-12 04:27:04","trueValues":[6.738309257097398,6.78600106129408,6.824282349039747,6.848872060952473,6.85985710995322,6.862623970831463,6.866091185063612,6.879333577910555,6.907862279085103,6.951215081952552,7.0031587087687575,7.054139914524433,7.094403454760968,7.116479336684606],"predValues":[6.439656925208511,6.366615651959769,6.318251668016587,6.305878404379236,6.325698005611673,6.364436051322687,6.408833403974142,6.450683835937242,6.4866340234588336,6.516210330988002,6.540187532728403,6.559683403264424,6.575761762064378,6.589297984373463]}