{"timestamp":"2024-05-12 04:27:09","trueValues":[6.784041135058137,6.765381967504317,6.760927613857971,6.780187463984781,6.827157651727626,6.900126231753486,6.993565595447104,7.10053892224544,7.214355511967129,7.32887112609898,7.437471611619372,7.531894127895951,7.6025030354072065,7.640455276681474],"predValues":[7.150745088008709,7.142551884028622,7.123772845748954,7.096648306535958,7.062726485853204,7.024919099447201,6.987187728623444,6.952869616915766,6.92378461988933,6.900399462587572,6.88235081179046,6.868894193211734,6.859188651249206,6.852442401219278]}