{"timestamp":"2024-05-12 04:27:14","trueValues":[6.849343304404647,6.923818109271718,7.013485664826705,7.114530041998629,7.224209629840409,7.339607131041809,7.456085329297094,7.567069408319511,7.665598094981101,7.746417011500695,7.807212466817284,7.848630593379957,7.873364097005952,7.884648955715695],"predValues":[6.874698222126064,6.904649158897104,6.927723077573653,6.944125167070023,6.9514439260655365,6.9487950753918994,6.938561676973638,6.924576670361679,6.910060883617747,6.896943943060384,6.88607158848926,6.877606482618834,6.871358320704738,6.866995132599337]}