{"timestamp":"2024-05-12 04:27:19","trueValues":[7.380172607297335,7.493804739627142,7.59597420057405,7.678546259682779,7.735561135832016,7.764738893131893,7.767780579576716,7.749714386722163,7.717586905884655,7.678892316634121,7.640254606175896,7.606780639535394,7.582166740846498,7.569079568629036],"predValues":[7.046304462200649,7.043526172406195,7.034746106868072,7.022163401696421,7.005496320817187,6.985165076242711,6.963297572698377,6.94242863748445,6.9243050342600885,6.9096715031003,6.898554091302497,6.890593452477882,6.8852782090731655,6.882083694097604]}