{"timestamp":"2024-05-12 04:27:24","trueValues":[7.739879405638819,7.743143025689149,7.728563981222928,7.704002442917607,7.677555133437345,7.656078605142952,7.644366623913388,7.64508903773347,7.659026733948087,7.684855818797918,7.718523279647773,7.75338546092488,7.781870572744573,7.797775371491359],"predValues":[7.747132249024552,7.752593942030028,7.732073455866185,7.686991165608274,7.622482375677858,7.547565298332268,7.471885673065479,7.402479991221448,7.342834869611011,7.293698769351661,7.254287613633524,7.223183153691345,7.198845675301524,7.179863840206282]}