{"timestamp":"2024-05-12 04:27:29","trueValues":[7.633864247281027,7.61527896899946,7.610220211737635,7.620638067547779,7.64653864957112,7.685248920357853,7.73139968138719,7.778379703313753,7.820389475631947,7.853678453303067,7.876707719469765,7.889966325430404,7.895756001752282,7.89738581836183],"predValues":[7.550858155145001,7.498579368716166,7.446261777129962,7.399591930673611,7.359166525088868,7.323778613666019,7.292846650622012,7.2664416015528595,7.2446240662933565,7.227160416533037,7.213575687777239,7.203279563214188,7.195666310284661,7.190183354179256]}