{"timestamp":"2024-05-12 04:27:39","trueValues":[7.8575238849252,7.768198133701569,7.647405386681971,7.505498381433017,7.356648442479793,7.215734955575014,7.0944489046370665,6.9985579055216505,6.927908066543033,6.878757879479981,6.84640128874074,6.826562816507117,6.815695777710976,6.811058295616492],"predValues":[7.888056367479294,7.899638378010543,7.892841628118283,7.867442589464515,7.8251252995636,7.771588534985225,7.714536182622362,7.660391027597273,7.612797831026512,7.572986131663464,7.540712998591445,7.515053752752296,7.494877728807301,7.479093066575114]}