{"timestamp":"2024-05-12 04:27:44","trueValues":[7.240060207682376,7.1275576775362905,7.039578677904403,6.9746100734380265,6.92731429447752,6.891264569069386,6.860514671318519,6.830132093618925,6.796561114084997,6.758336705131639,6.716961104768824,6.677103025269059,6.645324259270384,6.627687846823143],"predValues":[7.232538120293794,7.12430017062719,7.044982960540072,7.007921111575323,7.008905858890779,7.033191774263273,7.0663141023887,7.099306991393313,7.1282877992300975,7.152366930955783,7.171980545907659,7.187973586519149,7.201193653111167,7.212346414812602]}