{"timestamp":"2024-05-12 04:27:49","trueValues":[6.866818117292429,6.844586483161812,6.828074622912059,6.8140096138866175,6.800590471521516,6.788169897486823,6.779286971702794,6.77728877188698,6.783933224825998,6.797646861125115,6.81398197185671,6.828075951855804,6.837189582274061,6.841271565882904],"predValues":[6.901262212867186,6.8860447438256,6.886655526371057,6.907013881397941,6.940816894509842,6.977684983476488,7.010251015750028,7.035958103564017,7.05524373519949,7.06958410136901,7.080472403265079,7.089078377172536,7.09622038664989,7.102433996026599]}