{"timestamp":"2024-05-12 04:27:54","trueValues":[6.872742282721358,6.871048942600774,6.8671827794562095,6.859637036868956,6.8438994192453615,6.813414247088609,6.762637698669749,6.690213188213319,6.600158511345251,6.500580092019048,6.401371384842858,6.312765256657444,6.245090258253248,6.208059772360895],"predValues":[6.933113007616868,6.921411126359771,6.916869062426217,6.924218918705376,6.940454890233553,6.959122297238595,6.97550259205754,6.988054731523043,6.99718935925248,7.0039223198449525,7.009197960726052,7.013694308994758,7.017831310874666,7.021843392042491]}