{"timestamp":"2024-05-12 04:20:04","trueValues":[7.963836992470746,7.993403067133073,8.01573330888961,8.02193203409637,8.00494388040821,7.961698987772899,7.89502747479097,7.813359097429219,7.727296966255917,7.64534339756637,7.572321659790687,7.511255365738755,7.465984365468974,7.441475187547227],"predValues":[7.942972841454304,7.93998511012555,7.943038491275334,7.959324431088344,7.985435252012232,8.012830098383073,8.035421344691237,8.051584490102158,8.062288334606345,8.069189805265754,8.073739311284282,8.076962797233497,8.079500016632508,8.081724668462565]}