{"timestamp":"2024-05-12 04:20:09","trueValues":[8.022297493626397,7.967789005381273,7.893603644461985,7.807566763219849,7.715290756881088,7.618925590637259,7.519466111776284,7.419880649048228,7.32598093924115,7.244501803468766,7.180291760092351,7.134806268302038,7.1066563160949725,7.093424023220496],"predValues":[8.32308371048752,8.367767849199264,8.3950896036641,8.405967539798954,8.400659472690464,8.381576106293064,8.353845037154597,8.32308636837501,8.293428065016741,8.26708813419112,8.244849057975529,8.226653691788908,8.212047802659026,8.200447984281586]}