{"timestamp":"2024-05-12 04:20:14","trueValues":[7.770217330828563,7.691254682932758,7.597934392598741,7.489750398048207,7.367325973897818,7.230472675924455,7.077748865952942,6.908211259712685,6.724466447466213,6.5353108407597205,6.356004966412146,6.204861802131595,6.097402746394259,6.042303808442986],"predValues":[7.863997701487291,7.875303823296962,7.889422255860975,7.912778707977828,7.941812673564435,7.968749565920559,7.988835753268354,8.001628165763053,8.008827054032716,8.012440186288128,8.014041031924021,8.01466324338569,8.014915742697346,8.015119336879163]}