{"timestamp":"2024-05-12 04:20:19","trueValues":[7.096596211941132,6.968250811826803,6.846657509094883,6.737358264953079,6.64980253390415,6.596652226166983,6.589448022122337,6.632021931060517,6.716050246725622,6.822659177148928,6.929470638599055,7.018369533091615,7.079436092932297,7.109841528464315],"predValues":[7.387912375671439,7.358756944626488,7.350960829037572,7.377000152787949,7.4319546345540815,7.499770368100932,7.56563521222931,7.62186335368118,7.666697928824921,7.701330202834048,7.727846883177827,7.748277001166972,7.764276420708441,7.777094614711803]}