{"timestamp":"2024-05-12 04:20:24","trueValues":[6.58958756121562,6.561248367419188,6.5781448239889055,6.63350782306242,6.711005842056251,6.791844692732028,6.862474863343211,6.918316813742624,6.962264451830583,6.999999277908079,7.0353457262860655,7.0680037214667975,7.0941413870543455,7.108850136430132],"predValues":[6.938941754884866,6.86248443173818,6.823384780434,6.840201234590235,6.908380035568371,7.006348173758086,7.110588129060568,7.205767611694613,7.285612146659968,7.349582980162182,7.399707017201976,7.438711516133974,7.469173564669553,7.493235420126546]}