{"timestamp":"2024-05-12 04:20:29","trueValues":[6.820543232917258,6.889234208814929,6.938932718067397,6.971699420846515,6.992707097787477,7.005792675272445,7.01138619949748,7.007288002774942,6.991263599091057,6.963722303119456,6.928873411279803,6.893726038674901,6.865682933544978,6.850291638661474],"predValues":[7.1866252401949104,7.308810188682351,7.420138198346117,7.514622111823741,7.585697744378434,7.631655808564666,7.656796234765551,7.667842680967341,7.670761041432577,7.669688318041166,7.667102459301068,7.664324169506614,7.6619684838232445,7.660258399011466]}