{"timestamp":"2024-05-12 04:20:34","trueValues":[6.803612755387654,6.791872334761935,6.792055197421323,6.80974078078715,6.852380738229485,6.929246844472304,7.049010723244095,7.215807781692271,7.425501549514422,7.663786213078414,7.907134152312963,8.126522564758929,8.292842266613702,8.38257547198972],"predValues":[7.002848267509796,6.954074968892983,6.930559840892911,6.947111835243781,6.999260916763049,7.0700492316799535,7.142802522819034,7.207763950989184,7.261584577951609,7.304535774019152,7.338323371383606,7.364918193619624,7.386078167513826,7.40321755500023]}