{"timestamp":"2024-05-12 04:20:39","trueValues":[6.84929147559857,6.92855446478087,7.054715612955008,7.228829038299954,7.443138227750413,7.6816998431909775,7.923538368119328,8.147189234734782,8.335240622083095,8.477745652017546,8.573631866935479,8.629639137936838,8.657061094760088,8.667250372245999],"predValues":[7.145721680650517,7.100269944031341,7.071376580693013,7.073280159714144,7.104407743277497,7.151772095735273,7.201807890910362,7.246538808441951,7.283306429261432,7.312385313146639,7.335130982718036,7.353039828633117,7.367393484240091,7.379180152108155]}