{"timestamp":"2024-05-12 04:20:44","trueValues":[7.766537751385874,8.007162153308288,8.218339022350477,8.379907218737397,8.479913956632792,8.516571275121393,8.49778479475675,8.438474035392693,8.356561663959258,8.268876626683886,8.188312335785941,8.123078208359203,8.077707005731007,8.0545164057936],"predValues":[7.324898115877273,7.39267610742175,7.448211603393439,7.493968465496594,7.528437279425017,7.549646158449056,7.558750220472346,7.559386518737716,7.555417229558497,7.5496900135926595,7.543899805693282,7.538876664123839,7.534919601227078,7.532043235384203]}