{"timestamp":"2024-05-12 04:20:49","trueValues":[8.523281643670192,8.515862416527515,8.469986746853507,8.402643851491325,8.32922210164823,8.260655780673892,8.202729249115205,8.15721691266123,8.123571246488803,8.100153397170905,8.084908020310664,8.075751066326301,8.070829456059018,8.068743280167247],"predValues":[8.720423006238091,8.704744659505547,8.65289724821652,8.575979844745124,8.486936892750546,8.396638354705168,8.312668246776116,8.2391933391832,8.1775497519682,8.127254015396481,8.086925091127664,8.054899938958565,8.029567347492073,8.009512789005422]}