{"timestamp":"2024-05-12 04:20:54","trueValues":[8.221429082347637,8.159598645642012,8.114236479831286,8.086345140077105,8.075712261168931,8.081354690523803,8.101629587883465,8.134193493847013,8.175927909021127,8.222840420605415,8.269914531749164,8.311335050410579,8.34169742816524,8.357530198161017],"predValues":[8.116556815611021,8.04371421945224,7.983780717049017,7.9479088043140385,7.933932037153303,7.93241145971964,7.935229086248963,7.938297351568696,7.940355885430559,7.941399637848317,7.941786094689524,7.941863439215515,7.9418767286529715,7.941962312630185]}