{"timestamp":"2024-05-12 01:40:04","trueValues":[8.746925068200671,8.78626073991406,8.835160819764198,8.889773497198973,8.94649015837171,9.001622187022248,9.05154635092271,9.093180563738407,9.124382568151514,9.14428270337493,9.153749567040755,9.155576067324644,9.15371235661588,9.1517641250849],"predValues":[8.876612435709259,8.870337429131503,8.87243370499574,8.890561295051338,8.919455189967163,8.94864198408451,8.9714796165631,8.986648712052347,8.99556911405,9.000237959216879,9.00233609560236,9.003025551617553,9.003033525280024,9.002781025968371]}