{"timestamp":"2024-05-12 01:40:09","trueValues":[9.232513936529724,9.311652004999942,9.36024722515485,9.366643697190948,9.320877532481576,9.216471990788396,9.052252817417846,8.833400500878838,8.571798190355363,8.286347984317931,8.002901028082544,7.752138911691551,7.564565944091637,7.464269762248461],"predValues":[9.0621295273348,9.068013558662614,9.070746930158467,9.075439164735268,9.079937905102716,9.080105352014655,9.07471887722518,9.065294008181713,9.054035728346882,9.042669006702411,9.032201714184934,9.02307771800546,9.015390575803682,9.00904566678491]}