{"timestamp":"2024-05-12 01:40:19","trueValues":[8.06675199085891,7.83716127727833,7.667984346370617,7.579860757659214,7.582063880600591,7.672036030062061,7.83798628555557,8.062310129283771,8.324038689463073,8.600022031834682,8.865554560591256,9.09528454747637,9.265145884413045,9.355628879850304],"predValues":[8.87504614261075,8.779306111504829,8.710776203589116,8.685707806139241,8.698816773034132,8.732394131498037,8.770715021767323,8.805393011441296,8.833715460546534,8.85580064507639,8.872755575170913,8.885819889555952,8.89604850377673,8.904250478785535]}