{"timestamp":"2024-05-12 01:40:24","trueValues":[7.6110529278886,7.735565122663253,7.915625837058302,8.134884013017203,8.376363723134254,8.622895811583149,8.857581163906683,9.064987287965238,9.233375092076844,9.357210854485013,9.438327454403607,9.48464380182364,9.50694985680401,9.515161134419037],"predValues":[7.938640484843798,7.964417740887553,8.017925002914776,8.106772600178758,8.216830671199272,8.325766582121043,8.418765268068634,8.491528127602685,8.54592498457318,8.585832899463405,8.615073117119323,8.636724534410632,8.653065226705959,8.665708265923657]}