{"timestamp":"2024-05-12 01:40:29","trueValues":[8.870616773106818,9.129453817484546,9.335280093218389,9.466599935224014,9.5089257303649,9.457403644504785,9.317276094931124,9.102561843427022,8.83418271716747,8.538326881602352,8.24505212057985,7.986438338751375,7.793219486542853,7.689855305168691],"predValues":[8.42110394327206,8.46141718600468,8.500084664802806,8.54033332086939,8.577587069310995,8.60593742623489,8.623647993743134,8.63267816649417,8.636087172990264,8.636471769310226,8.635566758619504,8.634373101347249,8.633391011919285,8.632819566108697]}