{"timestamp":"2024-05-12 01:40:34","trueValues":[9.467176696809585,9.373423968180765,9.215791571590676,9.01198050615259,8.782744620552073,8.550340267273409,8.336767578446736,8.16082153967667,8.033983959136046,7.957280515607683,7.921742965119085,7.912742560707949,7.915627431790797,7.919720046949603],"predValues":[9.627032150497236,9.573977526709749,9.49716670452674,9.412568803572292,9.331487287768576,9.25828162417851,9.194243014545272,9.139631400265491,9.094046503483012,9.056610689748265,9.026196483187526,9.00162750279723,8.98180550946605,8.965767816344709]}