{"timestamp":"2024-05-12 01:40:39","trueValues":[8.583036004456513,8.373676598880744,8.19881232031956,8.068573175367817,7.982688591078921,7.931137268456403,7.898712104219893,7.870914853682897,7.838217787556045,7.7975090511647505,7.751235761522072,7.705497770420104,7.668165614297511,7.646979593105895],"predValues":[9.107957886611466,9.021832231927128,8.94969397595349,8.905758564147991,8.888149793730657,8.885676895208931,8.888582497814209,8.891884923021909,8.893965251561198,8.894730457369889,8.894560884147957,8.893865314991533,8.892952596427087,8.892014893720225]}