{"timestamp":"2024-05-12 01:40:44","trueValues":[8.19681279156,8.18742194347642,8.154322473183415,8.077702487322272,7.945166661789464,7.752467426585452,7.503464300136073,7.210252265258359,6.893221571629088,6.579486126911292,6.298207209502403,6.073777847640804,5.920770042390866,5.844169990685907],"predValues":[8.1098235892298,8.161492390479426,8.228215200689933,8.31455933372604,8.408457714589373,8.493308380644226,8.560185879906715,8.608614716304682,8.642111540777607,8.664829834107845,8.680222192146346,8.690791547543483,8.698239745659812,8.703681504509106]}