{"timestamp":"2024-05-12 01:40:49","trueValues":[7.665778299752998,7.442442127016491,7.192706486774564,6.938245654150945,6.705491655772825,6.520282613307502,6.400456672862793,6.350391906714052,6.361148643179311,6.41563919068387,6.494412862779058,6.57834483002261,6.648863768042292,6.689337414284999],"predValues":[8.1081945699865,8.09331013424755,8.098749500998101,8.134531577135881,8.193230225010737,8.25891114332473,8.319084918757149,8.368494515639332,8.406876271532163,8.436052699888295,8.458234631522828,8.475353021698051,8.488884858492778,8.499902067932165]}