{"timestamp":"2024-05-12 01:40:54","trueValues":[6.257591100490171,6.096949443682651,6.029431659323554,6.057393565990623,6.174943424482321,6.372243994510939,6.636348174529791,6.949299010860212,7.287283160525627,7.623074818799626,7.930091123939904,8.184963131758396,8.368031777427131,8.463968492207393],"predValues":[7.031406737024245,6.908394122372073,6.851103889078757,6.881095491528409,6.987807813775119,7.139312450754461,7.30177502628214,7.452243352928699,7.580305688025224,7.684115862920393,7.766083252624895,7.830060465057089,7.8799343948839695,7.919060890851808]}