{"timestamp":"2024-05-12 01:40:59","trueValues":[6.26246792535323,6.478795913247559,6.745805828766065,7.046322801624338,7.361235424711945,7.673076061437332,7.967803357973725,8.23417551338874,8.462934308184604,8.647493231369602,8.785458323680494,8.879316038865213,8.935354672938967,8.96091398220845],"predValues":[6.800339566942355,6.845981874094644,6.934117157511009,7.063547773087956,7.213777687226563,7.359953791363734,7.486243847081189,7.587743520380339,7.66619319599036,7.725815991345872,7.771038618063315,7.805625176407595,7.832498279463932,7.8538267634250705]}