{"timestamp":"2024-05-12 02:08:04","trueValues":[9.14031979312569,9.298612940546068,9.47674828124256,9.676571983866484,9.89262155804612,10.112129043851684,10.317856977748356,10.492293070634725,10.62204954321808,10.701482637199812,10.7345414418142,10.734068869418284,10.718262412508668,10.70486612797599],"predValues":[9.589692552289666,9.63602431545715,9.656189707852178,9.654103797749158,9.633869831856856,9.600396396793856,9.559628655300257,9.51701899777532,9.47629378248158,9.43941825142996,9.407091429030618,9.379262815421228,9.355517780153177,9.335296572120832]}