{"timestamp":"2024-05-12 02:08:09","trueValues":[10.249211185938034,10.469108318049797,10.643681557930703,10.75409498850878,10.789659117872288,10.750489829915844,10.64777204677952,10.501276198777166,10.334600074209837,10.169719086853998,10.023147223269405,9.905349649663531,9.822800979964724,9.780104143730082],"predValues":[9.710410081093269,9.734587820444872,9.734898261703831,9.71721214676051,9.686164831399388,9.645717099559718,9.60037619684892,9.554501058752413,9.511194503127308,9.472107078105587,9.437793219017896,9.408144484054596,9.382715942849677,9.360939339057534]}