{"timestamp":"2024-05-12 02:08:14","trueValues":[10.85632690981173,10.779167904367393,10.651169890148148,10.490810500992184,10.31453514996197,10.13347347513777,9.9535982812896,9.778717258037222,9.613633739654563,9.465096102481546,9.340360379368889,9.245007070892925,9.181670675134836,9.150404349844449],"predValues":[11.077522154174147,11.03900192234303,10.932694396361216,10.786201737823855,10.626868824816956,10.47083116072153,10.326227197035353,10.197288822221756,10.085699010640116,9.99121270506375,9.912350525315109,9.847034003376148,9.793045929501782,9.748303583053982]}