{"timestamp":"2024-05-12 02:08:19","trueValues":[10.054232812210396,9.886363827737055,9.736811940697432,9.612269180216629,9.52014201557737,9.46654943536168,9.453597018040018,9.477643989327062,9.529396248243907,9.595843967099086,9.663382482980612,9.720903420908158,9.761512220729788,9.782207064313049],"predValues":[10.07332707594651,10.024539424737243,9.96169261185502,9.902932035201625,9.856288767620182,9.81921921078171,9.78747499732042,9.75881233861632,9.732522110286784,9.708497465254666,9.686742124562455,9.667203462037827,9.64974539384124,9.634172299453343]}