{"timestamp":"2024-05-12 02:08:24","trueValues":[9.445699371148944,9.41884832855878,9.428099371760329,9.465722300774448,9.520786819082712,9.582220167397168,9.641745684070507,9.695348895836158,9.742605603850546,9.784526336937788,9.821393362749436,9.851855411285015,9.873634141387146,9.884908900124424],"predValues":[9.621527665503152,9.599359289094824,9.579332106849332,9.572904271740835,9.57792183174655,9.585694026348044,9.590360213627433,9.590479286987032,9.586865091576628,9.580870492129185,9.573666553873288,9.566072437733697,9.558591547601225,9.55149498799997]}