{"timestamp":"2024-05-12 02:08:29","trueValues":[9.576441388414004,9.624422104980969,9.66424735957022,9.696405671902625,9.723345487934989,9.747325480457254,9.769469935878163,9.790341263190832,9.811105743426356,9.833630808335991,9.85891688677139,9.885220404538382,9.90784646917268,9.921090722540868],"predValues":[9.916058278365204,10.005070930442384,10.059104719981596,10.07918187051192,10.068962293108614,10.035721157412333,9.988779143276894,9.93660428024896,9.885069968106386,9.83742999271578,9.795048381937582,9.758156371983516,9.726386111224814,9.699120969763538]}