{"timestamp":"2024-05-12 02:08:34","trueValues":[9.660489106657794,9.670073448950728,9.686348757213771,9.714155576145735,9.758959585583328,9.824782700878096,9.911720074402218,10.015031629604056,10.126364157676557,10.235994574599754,10.334758484304306,10.415130875725394,10.471615237531408,10.500704221389082],"predValues":[9.8307586951131,9.808438287540282,9.778018233627062,9.751213969856744,9.73044364226874,9.712191397289809,9.693748847566512,9.674749204625082,9.65589627707316,9.637968825945642,9.621473976175832,9.606630737692996,9.59345186835709,9.58182520531599]}