{"timestamp":"2024-05-12 02:08:39","trueValues":[9.785397060879871,9.85422412061709,9.939833081973156,10.036313334745351,10.1369622182586,10.236045606039582,10.329599524684069,10.415403574981982,10.492414801881814,10.55998468083574,10.617238766859176,10.662785390061783,10.694774660749754,10.711352968186787],"predValues":[9.934298297061677,9.909860084735945,9.87621548171851,9.845272355547042,9.820176050278508,9.79789391628556,9.775927007749058,9.753945746620104,9.732612478461482,9.712633138190828,9.694439366736702,9.678183195263593,9.663821565994144,9.6511923477914]}