{"timestamp":"2024-05-12 02:08:44","trueValues":[10.175710496836452,10.251083401886769,10.32180128278516,10.3899633390721,10.45847889439536,10.530141920085589,10.606912873956226,10.689422738497662,10.776769426695417,10.86642316123545,10.953825133493016,11.031908020629269,11.091634473596931,11.12422761632288],"predValues":[10.306765081670466,10.318630954585766,10.299477685747348,10.258292655917646,10.204659144234595,10.145188380043574,10.084760244778256,10.027143091323534,9.974700313236497,9.928452007736237,9.88846727989752,9.854276215211916,9.82516437352182,9.80035990429981]}