{"timestamp":"2024-05-12 02:08:54","trueValues":[10.862012662732706,10.952588684232154,11.039880088370094,11.117385682343272,11.180595562656784,11.228645915876015,11.264060671962524,11.29072513085081,11.311419442856568,11.32672462218536,11.33611281238145,11.339972596596034,11.340344169267292,11.339757839286754],"predValues":[10.733014219661811,10.70502134860547,10.640084904577735,10.55530679885139,10.467838910984042,10.3851514995582,10.309492074236342,10.241784516710382,10.182358936606708,10.1309846292911,10.08701253863822,10.049558651268535,10.017676759235206,9.990452549241294]}