{"timestamp":"2024-05-12 02:08:59","trueValues":[11.330196354826246,11.380628175237508,11.413082044658925,11.426018514655642,11.41577607941991,11.37823660807301,11.311567752978572,11.21777409288239,11.102387754808452,10.973874110415938,10.843914575228258,10.72719876183127,10.639037165328745,10.591679457589692],"predValues":[11.45602606443024,11.435574151763667,11.347975495831758,11.2178012033348,11.072866598444726,10.92960965213904,10.795939174436276,10.675908975337876,10.571231797543108,10.481870430627096,10.406632546261328,10.343748522954227,10.29128235545727,10.247386811964136]}