{"timestamp":"2024-05-12 04:42:04","trueValues":[6.535498088933469,6.539684660415086,6.54249883169067,6.542783225652219,6.540570401421498,6.536914344283105,6.534294198794372,6.536946637616122,6.549596188658174,6.574490361583007,6.6089942596263125,6.646002685052489,6.676810923433786,6.694190185266262],"predValues":[6.730426494376272,6.770598071705615,6.79034963101828,6.7913973702672745,6.775499482027966,6.7470922463117615,6.712638582342038,6.677953947949336,6.646684167405209,6.620409886400618,6.599367656922272,6.583099126272328,6.570876033278225,6.561928520828162]}