{"timestamp":"2024-05-12 04:42:09","trueValues":[6.548970256154018,6.5463004081692,6.547334725086365,6.556399450374786,6.575443214248569,6.601708990013188,6.628230454554452,6.6467854329186205,6.651042438418752,6.638434749104686,6.610910995190525,6.574995625995067,6.540924033352189,6.520012173255282],"predValues":[6.84374738808087,6.886235048569963,6.910356174918009,6.916269443008224,6.904384964880487,6.8786007983292565,6.845534020052392,6.81139956837035,6.780198095534745,6.753747065011996,6.7324167205296135,6.715818744725147,6.70326035922404,6.693987787133814]}