{"timestamp":"2024-05-12 04:42:14","trueValues":[6.8119457642497725,6.856365443156152,6.870309784089497,6.8393297132819,6.753549583971406,6.609675210401535,6.41252959521365,6.175779330098274,5.920848184283105,5.6730623703046525,5.455722591089646,5.285105284503315,5.169384052605498,5.1112603057949695],"predValues":[6.521027884960008,6.5481237189881,6.57045901073087,6.59186191554176,6.610176620876732,6.622183228934685,6.627435214617113,6.627812767535225,6.625653499737449,6.622738062948454,6.620127087171564,6.618324640769471,6.617485412794153,6.6175759138632255]}