{"timestamp":"2024-05-12 04:42:29","trueValues":[4.454869837529194,4.312084485599888,4.222149662845872,4.187091429142702,4.202452772956541,4.260863123097594,4.355368872782137,4.479714210363637,4.625930216036768,4.782098681420349,4.932665084115331,5.06128065849313,5.154288979282878,5.202815227257393],"predValues":[4.86083577433894,4.785890623056725,4.768385045121233,4.818560545507573,4.925757832550628,5.065151871623928,5.210778457522312,5.344848415714987,5.459239906501003,5.55260265658769,5.627028290536175,5.685810794761374,5.732288608846492,5.769367999868681]}