{"timestamp":"2024-05-12 04:42:34","trueValues":[4.177890021990051,4.233739132073893,4.320158101254672,4.434354453263451,4.570828022173318,4.721336416473806,4.877139754563296,5.031620228824869,5.181242549883009,5.324136428757411,5.457200775217825,5.573530862692667,5.662049679273999,5.71044861443769],"predValues":[4.465475605984959,4.574527427795511,4.72335895257196,4.891342143148433,5.055046251146802,5.198191034600365,5.314756610906919,5.405928464334687,5.475985594402787,5.529707480844918,5.571269598462421,5.603968857346453,5.630282475085912,5.65202492502379]}