{"timestamp":"2024-05-12 04:42:39","trueValues":[4.426011140934354,4.526748602701191,4.650059133317521,4.805679426017859,5.005352791880568,5.258309193737032,5.566604673679592,5.922291682979525,6.307699057310645,6.698234426872731,7.065464641546543,7.379169254769442,7.609659397477012,7.732102426839839],"predValues":[4.642280094655736,4.7451372009319845,4.856675216931142,4.969498853109747,5.074398529311115,5.1640828960044844,5.236096098371666,5.291944228359495,5.334804125991719,5.367934161990871,5.394040597400399,5.415173925972503,5.432821966677518,5.44804096400441]}