{"timestamp":"2024-05-12 04:42:44","trueValues":[5.279289693778398,5.545459517508152,5.845442720111024,6.163499491206236,6.479219447619267,6.770933231318244,7.017893771230707,7.202419205033317,7.313652062324901,7.352030894541492,7.331413129695475,7.276701047268533,7.217529561209011,7.18020564453764],"predValues":[4.941252419586755,4.88373905663856,4.846153072260566,4.84223238919884,4.872362600481154,4.92538057864486,4.9870696821831455,5.047000028344973,5.099986277976753,5.144584168239411,5.181288132653481,5.211337344814504,5.236100151650089,5.2568099458504856]}