{"timestamp":"2024-05-12 04:42:49","trueValues":[6.855635055673596,7.117360426387909,7.309532070924936,7.417549947507277,7.438062991586143,7.381562682455184,7.270607308617672,7.134206914672793,7.000510655461367,6.890052306584692,6.811865496047542,6.764251036376852,6.739525772202077,6.729578628266609],"predValues":[6.1856386308521625,6.229250577749994,6.237430359398251,6.213375414448735,6.166090001249444,6.10769887095731,6.0490350414085885,5.996920911109829,5.954230852488287,5.921249525294262,5.89697503883798,5.879951269457439,5.868703754066946,5.861925210704001]}