{"timestamp":"2024-05-12 04:42:54","trueValues":[7.2559915853040735,7.138769444340028,7.010687972453566,6.904468688336458,6.844516049143298,6.842261363184592,6.896049563919626,6.994974010028642,7.12357961732835,7.265015113336382,7.402739135251831,7.521697939902566,7.609181243517362,7.655593806464573],"predValues":[7.861733712922366,7.805822125870685,7.681977326645049,7.521874157843227,7.354471632624576,7.198395163371781,7.0628609749602544,6.950586491560905,6.860442642567511,6.789495385978638,6.73431232588827,6.691640473796044,6.658686124160052,6.633172796344166]}