{"timestamp":"2024-05-12 04:42:59","trueValues":[6.775850588965541,6.806747733683414,6.885442466520116,7.000120743366422,7.13816796440079,7.287559580824702,7.4375641061040625,7.578966910095954,7.704069687471131,7.807087280316453,7.885024781006938,7.938289643694972,7.970120770077221,7.984658351498581],"predValues":[6.587539393114972,6.556707499535006,6.524290308960968,6.500166923408555,6.485042347534785,6.475247633446931,6.467757972285741,6.461358044995903,6.455863128396788,6.451386182706767,6.448018240572411,6.4457499993875,6.444489230456093,6.4440958631074094]}