{"timestamp":"2024-05-12 03:14:04","trueValues":[8.783389424057416,8.810520342200391,8.848600427862982,8.888482827033293,8.921795991480582,8.943001946828382,8.950703973200111,8.947433176853554,8.937763250583409,8.925905351330583,8.914367461731686,8.904256060349269,8.896404926489286,8.891980872760339],"predValues":[8.606515516764205,8.567658796376714,8.529968888597818,8.51199040603047,8.514038574131117,8.52614551744186,8.539624728064261,8.550455353801773,8.55778182067101,8.562096901012822,8.564227463625695,8.564930209078343,8.564772596350121,8.564145600690967]}