{"timestamp":"2024-05-12 03:14:09","trueValues":[8.85094441884139,8.84548990213214,8.837546273787467,8.835574121269065,8.847579001700149,8.879247465367943,8.933599404039839,9.011378760424604,9.110897510176631,9.226814362593794,9.348782693250708,9.46178331151263,9.549090662975512,9.596659406981356],"predValues":[9.1631808150142,9.20991710865783,9.219721524035023,9.200321603237434,9.16013540752689,9.107481061595562,9.0500547444627,8.993809592530887,8.942318869743165,8.897120164013142,8.858424777396362,8.825746050693198,8.798300970248775,8.775246454150912]}