{"timestamp":"2024-05-12 03:14:29","trueValues":[9.532533087060912,9.465640437839724,9.410476514539292,9.37704454252115,9.374349976182666,9.409711574519353,9.487377704896996,9.60634262268896,9.758553991952189,9.928993685206924,10.098049682233793,10.245312064988578,10.353370607249534,10.41029617837907],"predValues":[9.766495228198115,9.74221011019187,9.68397632683921,9.607691766379444,9.5275452953951,9.450424563530632,9.37916394200656,9.315204005843055,9.259108227188245,9.210725638032624,9.1694273821958,9.134352304130656,9.104572269525296,9.07920485973267]}