{"timestamp":"2024-05-12 03:14:34","trueValues":[9.495435888192532,9.559336819253732,9.649923472303144,9.75714796946939,9.865367579712306,9.956328463320467,10.013551717849008,10.026622145375278,9.993950860757089,9.923217032533753,9.829589756194512,9.732645967843869,9.652867348488297,9.607795955569095],"predValues":[9.596201718755388,9.588557634330964,9.555639166176103,9.509936259189018,9.46025608936024,9.410123015502975,9.36136194316862,9.31562448364415,9.274101902103078,9.23732418131113,9.205276437098355,9.177605702005938,9.153796877438095,9.133294464909197]}