{"timestamp":"2024-05-12 03:14:39","trueValues":[10.074490167512618,10.15076675430991,10.172559837004496,10.13315718652633,10.035124195881831,9.889191288450096,9.712003218855436,9.523581853568365,9.344494457572557,9.192344751299125,9.078060373379,9.00362410788055,8.96294035563167,8.946218522270119],"predValues":[9.775046183834505,9.845121919115044,9.868236503470207,9.850199015800555,9.801266775511776,9.733343929099036,9.657383099335686,9.581704005646394,9.51139969204162,9.448843652050922,9.394604673597396,9.34824154735752,9.30885165473931,9.275393635423756]}