{"timestamp":"2024-05-12 03:14:44","trueValues":[9.781535681932793,9.611457992954342,9.445873196990862,9.308488587308029,9.218830600148006,9.18781145839429,9.214710342959291,9.287351471246248,9.385962286631312,9.489357299500371,9.58075195034708,9.650662896603173,9.69622440397573,9.718294438546888],"predValues":[10.259226637582024,10.217525977579044,10.126274321079356,10.013760627805809,9.903974990253133,9.805595411079793,9.719827508051758,9.646065282821054,9.58326896980116,9.530198930266222,9.4855224994282,9.447928275598986,9.416203198927631,9.389280393375213]}