{"timestamp":"2024-05-12 03:14:54","trueValues":[9.446701926310588,9.398646788893872,9.313096832640108,9.20273762296685,9.085252616929935,8.979350153001766,8.899988821982294,8.854259336120297,8.840250940098418,8.849475138636304,8.870871398728468,8.894165656278028,8.912092841616797,8.921338037465866],"predValues":[9.8185940756438,9.909015939668766,9.949301540371478,9.945846818210535,9.90975004819381,9.853320438870114,9.787748759732004,9.721431277363893,9.659463162086226,9.60423226002102,9.55636317472868,9.515505596637883,9.480863754233788,9.451506855317012]}