{"timestamp":"2024-05-12 03:14:59","trueValues":[9.23143961840582,9.161224078243247,9.094473360214083,9.020310857127216,8.922862070153265,8.786823148907178,8.60258450116486,8.370267060807151,8.102311867602433,7.822748882357802,7.5616031969053,7.346455178162648,7.196078017057033,7.119516238931945],"predValues":[8.77367165581243,8.618633888991159,8.50186757573184,8.455842001203333,8.47675505734961,8.53722492144854,8.610229117166782,8.679650480547009,8.738978250391009,8.787131729644894,8.825350822823271,8.85554096946851,8.879550464541929,8.898925135408355]}