{"timestamp":"2024-05-12 03:45:09","trueValues":[8.987047926753512,9.052140122988224,9.079367522447123,9.077026986722457,9.05852224243187,9.038049598242868,9.026167778002623,9.02748396388822,9.041125837225074,9.062678646890465,9.086315771926378,9.106844231752692,9.12117609268224,9.128340162625772],"predValues":[9.094180461012565,9.1430361541416,9.153704382953409,9.127884069132296,9.07331072843239,9.00151374521261,8.924000974943205,8.849336928486768,8.782356568978372,8.724904204548098,8.676970266800975,8.637618116185141,8.60556106936615,8.579491977275872]}