{"timestamp":"2024-05-12 03:45:19","trueValues":[9.167794376121265,9.233591975696118,9.294361915292791,9.343593433713073,9.374361139310128,9.379537109410313,9.353879989881154,9.2966009197153,9.212613801306308,9.112050501770272,9.00855555233155,8.916713844808836,8.848973595266733,8.813364281815876],"predValues":[9.259990114257793,9.296440914888336,9.308997838551322,9.296536598838015,9.261379126260646,9.210025018889969,9.150893932720312,9.09131153725466,9.035988672282263,8.987168594845606,8.945406271852836,8.91032242275897,8.881109581344212,8.856843600127903]}