{"timestamp":"2024-05-12 03:45:24","trueValues":[9.3632511695973,9.356511830074847,9.325133341932336,9.273391182987956,9.209712982898512,9.144779196758268,9.088848738705405,9.0487098533922,9.025613342671978,9.015816369379756,9.013511980924967,9.013889400948704,9.014443836279348,9.014608625303795],"predValues":[9.447061272699386,9.464613961690658,9.457823590728378,9.428397586736832,9.380788442841125,9.321736030141205,9.258625554819858,9.197473411001964,9.141934193987789,9.093554794297155,9.05248777467206,9.018139363046984,8.989604814519955,8.9659203790867]}