{"timestamp":"2024-05-12 03:45:34","trueValues":[8.952057901088082,8.870534112805846,8.7759818916197,8.674994127451338,8.578192004503972,8.497523524416373,8.442228301473882,8.415315861682677,8.412757644972485,8.425931198533409,8.445565810796465,8.46463881143265,8.479014261717053,8.486629375167823],"predValues":[9.260982569446972,9.288996703603242,9.30352259031964,9.303867584115988,9.28922740823747,9.26159335199243,9.225842638927045,9.187336759688378,9.150029056130704,9.11611334858918,9.086447603145936,9.06107806704332,9.039636888652556,9.02159302205293]}