{"timestamp":"2024-05-12 03:45:39","trueValues":[8.503436792506589,8.443867420689648,8.410814463427737,8.4003197946691,8.404089210708989,8.413498132427508,8.422524584136056,8.428399047068902,8.430752872231027,8.430591272671567,8.429434028457939,8.428451673241227,8.427993985015258,8.427869330091925],"predValues":[8.608574847992315,8.520947486875501,8.462814437458754,8.448007612034544,8.469302872402045,8.508849580382229,8.551642100566553,8.589905314677281,8.621239947676191,8.6459096620024,8.665102267575683,8.680117737167945,8.69206281513048,8.701792543869175]}