{"timestamp":"2024-05-12 03:45:44","trueValues":[8.495253688498968,8.511472117969705,8.515844874470073,8.504832715016917,8.476572726267722,8.4305070176381,8.367093543142769,8.287955208883803,8.196762291697668,8.100105289407317,8.00717331643575,7.927961624482029,7.870895451104212,7.841259208212119],"predValues":[8.603304788674947,8.625767393228543,8.651107160991259,8.680692904021022,8.708511683446694,8.728156927259715,8.737926524310776,8.739859605883058,8.736980847941442,8.731784943685076,8.72589559658228,8.720215425225035,8.71516623635818,8.710884113821256]}