{"timestamp":"2024-05-12 03:45:49","trueValues":[8.384046346927299,8.329995546908144,8.268630506302209,8.204585251950244,8.144574670809778,8.096736948589836,8.06851868867425,8.064048919280454,8.0824462849164,8.118116995568302,8.162764721221418,8.207465073046858,8.243686497986918,8.264067710846227],"predValues":[8.488645914407327,8.439080299529415,8.405471843781863,8.398554425797506,8.414047783560669,8.439868894748026,8.466095599566525,8.488155534165218,8.50519418771571,8.517943276644303,8.527503166372316,8.534853554228974,8.54072748558432,8.545630490639166]}