{"timestamp":"2024-05-12 03:45:54","trueValues":[8.115917062091913,8.087877678004478,8.08115800684946,8.094227105431983,8.120986982481199,8.15290395862941,8.181217902494677,8.198096285429456,8.1975298896051,8.177117579462147,8.140050946299915,8.095357239193202,8.055459158486695,8.0320250960551],"predValues":[8.306565471307787,8.244046641741964,8.20343890507533,8.197404968893018,8.22100089667282,8.259214408287464,8.29889799747344,8.333371861388096,8.360899602133493,8.382099710128811,8.398301129119604,8.410813931850239,8.420693831232182,8.428721448821573]}