{"timestamp":"2024-05-12 03:45:59","trueValues":[8.267036571173794,8.316913158888164,8.346191915912703,8.343717156869733,8.301794563261248,8.21880388687267,8.10024748638809,7.95726350512774,7.803510029542172,7.65227729445317,7.515151828800718,7.402044363461655,7.321319004581749,7.27926325080996],"predValues":[8.162514082431006,8.159564890470875,8.167210303839044,8.191739947494472,8.227613720750695,8.264219210433218,8.294418128107178,8.316399123447384,8.331355056359845,8.341277481941646,8.347930174331887,8.352589451103798,8.356090154718334,8.3589399416863]}