{"timestamp":"2024-05-12 01:59:04","trueValues":[10.36335150635614,10.116723999746313,9.86314558576974,9.622121969146164,9.411199459936874,9.243368217465909,9.125758822294408,9.060171195831352,9.044088318622665,9.070493899269316,9.126917129663031,9.195760136725196,9.257044643340148,9.29299044534738],"predValues":[10.843402666097472,10.785177387984785,10.69148844865575,10.589389953304853,10.498508274743928,10.421866494205355,10.356858287215363,10.301180328474151,10.253399485046518,10.21249778602337,10.177588028560171,10.147822346547262,10.122407626357294,10.10061507524021]}