{"timestamp":"2024-05-12 01:59:09","trueValues":[9.054147359621506,8.907748258723833,8.830356422335273,8.8275536799759,8.900319728974939,9.04300762156878,9.242335362386864,9.478604549866349,9.728682526017131,9.969676374300809,10.18219148969477,10.352019337249054,10.46987166333724,10.530157335833035],"predValues":[9.432830943071998,9.362732881536534,9.32334511522832,9.335508139965125,9.389813034028428,9.46139738624892,9.530572097669976,9.588470987198754,9.6334987907631,9.667225788292754,9.69206427847465,9.710284628803688,9.723726097423716,9.73376653321012]}