{"timestamp":"2024-05-12 01:59:14","trueValues":[9.059305787664249,9.237311423451173,9.444653758209942,9.658987931802816,9.859394243364791,10.02984031554951,10.160973042275762,10.249802300116055,10.298226352316536,10.311789020606158,10.29917893919335,10.27189944513962,10.243101765750977,10.224946799454216],"predValues":[9.03453108678214,9.071016439950068,9.119828012146751,9.192636587345646,9.2793251826006,9.36172075797992,9.428773412028075,9.478498234366704,9.51353929147196,9.53762666264887,9.554054002076407,9.565306434558758,9.573128597445088,9.578696871738956]}