{"timestamp":"2024-05-12 01:59:19","trueValues":[10.314564918301867,10.480915185862791,10.577310917812769,10.593971619762025,10.525314664824238,10.371106158900194,10.138135409797172,9.841283398000389,9.50315970924169,9.15219736074595,8.81973204866707,8.536704507077781,8.330439945696657,8.221650484375647],"predValues":[10.160234681130731,10.214726158895914,10.231417692340068,10.217030547350705,10.180015742994549,10.128692998696266,10.070971656051892,10.013248187097524,9.959602449132014,9.912001278898778,9.87094648555614,9.836105301590212,9.80676222368839,9.782081080445968]}