{"timestamp":"2024-05-12 01:59:24","trueValues":[10.703383026755953,10.549666761595262,10.30964782644332,9.989922034898068,9.601672182789583,9.159488477711555,8.680431367891895,8.18370993780634,7.690960986364991,7.2265092340977155,6.816511217593248,6.486181385219099,6.255796760644925,6.137945763500484],"predValues":[10.557243867254908,10.506503731894677,10.428068940454605,10.34098591469597,10.259048559120115,10.185716380085475,10.120719336222944,10.06364067077392,10.014147084647016,9.971742616036394,9.93571973529192,9.905253434136355,9.87949425172754,9.857647479705635]}