{"timestamp":"2024-05-12 01:59:29","trueValues":[8.997928254987107,8.559112093360309,8.13386258685437,7.7466843949823,7.421479102585381,7.179472333378843,7.035328715806122,6.99234456193369,7.039397941555007,7.1521713104364375,7.298413595972136,7.444426240028603,7.560395452829341,7.624238176154484],"predValues":[9.51409000576012,9.397949359216206,9.314562391802705,9.288473099767494,9.312852838568425,9.36320970655244,9.418498018987451,9.467850205499827,9.50786735956594,9.538809422582414,9.562226474534064,9.579850926487596,9.59319086380546,9.60342213591373]}