{"timestamp":"2024-05-12 01:59:34","trueValues":[7.233092821413188,7.065381183879322,6.985828219171742,6.982997834782463,7.0338551829810525,7.109480321554274,7.1819191846031565,7.229705875383271,7.241642448105832,7.218668997576447,7.17244939726109,7.12004090592269,7.077078812516434,7.053512387287784],"predValues":[7.91230002244068,7.808593770946413,7.772186825459474,7.830127178033115,7.968529492836295,8.14787390655249,8.330101596619038,8.49257506948543,8.627172086767592,8.734312594689118,8.817984221852917,8.882970899954234,8.933651498634665,8.973613900218458]}