{"timestamp":"2024-05-12 01:59:39","trueValues":[6.911411887829477,6.96936366931933,7.024481876954914,7.073068591869852,7.122684175032596,7.189537221730168,7.291766750934375,7.441144546343334,7.637395516601712,7.867230490042724,8.106951741795658,8.326697108531679,8.49555775082795,8.58751693697777],"predValues":[7.544544343409876,7.689452369425039,7.875233655067197,8.08670236015591,8.290341460273318,8.461444296457088,8.59326169500105,8.69025465427028,8.760327200085829,8.810921949000297,8.847867382492934,8.875380239068381,8.896401737024297,8.91294655507894]}