{"timestamp":"2024-05-12 01:59:44","trueValues":[6.946488294838368,6.992373532907343,7.102228009746039,7.287387349715278,7.546999434085412,7.869344573753151,8.234356515526885,8.616630373400362,8.988992437242004,9.326393712180618,9.609329025073968,9.825697545752536,9.970295662086237,10.04231218681278],"predValues":[7.7119691948834515,7.628817450512912,7.591293660702211,7.623384196903592,7.715853165874206,7.839598028530178,7.966701397819913,8.080691547594771,8.175635009819606,8.251703484026345,8.311604294413428,8.358627905694844,8.395794209637993,8.42558115475083]}