{"timestamp":"2024-05-12 01:59:49","trueValues":[7.829611547859841,8.151544714966459,8.484750248711611,8.806066254342793,9.096264244805592,9.343419607871152,9.54446806505098,9.704103445654368,9.831325888303704,9.935129152691395,10.021025697474002,10.089752289064055,10.138588845403156,10.16406682331541],"predValues":[7.855851542115796,7.937049739180371,8.023802123735113,8.125784735191397,8.2322745922551,8.327244633354848,8.402540991245418,8.458201142140439,8.497958620598668,8.52607083080336,8.546085255188896,8.56060928138405,8.571454791291512,8.579839894748456]}