{"timestamp":"2024-05-12 01:59:54","trueValues":[9.393269882499364,9.587457268909644,9.732028274790936,9.834751373702243,9.904130742460111,9.9462768644066,9.963962979349922,9.958232042341598,9.931291163154238,9.888479506179978,9.838109880336006,9.789731012222871,9.752084162221331,9.731592912819892],"predValues":[9.806309851237405,9.878766522132477,9.888629942611974,9.84861438327836,9.775761687147112,9.68644763062844,9.593676194061338,9.506064248691972,9.4281084085778,9.361289648628862,9.305299653896196,9.258952474981266,9.220771921171512,9.18929137014934]}