{"timestamp":"2024-05-12 01:59:59","trueValues":[9.976990349098836,10.005039567369987,10.0083831898338,9.987559172918472,9.94597120734512,9.88988074446529,9.826886153038558,9.76417170295339,9.707349257858509,9.660039923671796,9.623837901310424,9.59847580729278,9.582566224348511,9.57485516115931],"predValues":[9.788601941616651,9.719822192276776,9.635878663222636,9.557670323796808,9.494257912456474,9.443870212977563,9.402611825453109,9.367936493666624,9.338478595025183,9.31342268964652,9.2921478950127,9.274105091568067,9.25878928068931,9.24574117941797]}