{"timestamp":"2024-05-12 03:43:04","trueValues":[7.955621462235733,7.993851718541572,8.06948057815728,8.175986382545931,8.305111075272652,8.44765969456196,8.593823040839172,8.73421691073944,8.861678563262974,8.972152593675847,9.06359987069488,9.134301804268324,9.182442525662251,9.206749969923424],"predValues":[8.1882049571313,8.158975636814096,8.151464180975477,8.17443550519487,8.220267585514023,8.273573113880673,8.322568877680492,8.362411408538435,8.392883557046481,8.415626834519136,8.432591598797375,8.445442484816878,8.4554337496847,8.463453127822866]}