{"timestamp":"2024-05-12 03:43:09","trueValues":[8.462808324317525,8.599357294173156,8.725701039217931,8.834772502401748,8.923209456048353,8.99040483865478,9.03691042766418,9.064055964188356,9.074516346198356,9.072361862598065,9.06233258993912,9.049211130973024,9.037457420909847,9.030612829042749],"predValues":[8.33055237433753,8.327051936511742,8.332182456735826,8.349460320160517,8.373211734358549,8.395278047887219,8.411295009486128,8.421051582888484,8.426198050437517,8.428556128219626,8.429501538800213,8.429898892980134,8.43022607893029,8.430707953932426]}