{"timestamp":"2024-05-12 03:43:14","trueValues":[9.007758717661716,9.061789849313438,9.096163776658427,9.112507658418744,9.11361174488255,9.102779790201293,9.08332671165388,9.058388284902318,9.030553823940448,9.001566371384936,8.972834076028567,8.946482716286734,8.925763420138559,8.914228454215902],"predValues":[8.873708162047725,8.841121929829253,8.804786481515826,8.771181746810761,8.741340315004354,8.713874503037502,8.688259643919455,8.665009773090993,8.644754809887512,8.6277674535656,8.613950425443079,8.602970958006065,8.594399270847244,8.58779229412185]}