{"timestamp":"2024-05-12 03:43:19","trueValues":[9.16480053165128,9.153725114475836,9.131323907123289,9.09759797274863,9.0517882186844,8.99324080460779,8.922899546366889,8.844205610896436,8.76277777235263,8.685256496843252,8.617872670013707,8.56518828995373,8.529581900179112,8.511764219804977],"predValues":[9.153286031462308,9.12649080450946,9.090059140668853,9.04910162600839,9.006169300942034,8.962694235249995,8.920611371025796,8.881953992200136,8.848029779418642,8.81925681838366,8.795411846545942,8.775931923334868,8.760137958496461,8.74735830386172]}