{"timestamp":"2024-05-12 03:43:29","trueValues":[8.670222687827302,8.642550623791138,8.631656474542588,8.63494667346783,8.648370334241665,8.667546195123759,8.688779260923965,8.709675838167799,8.72886100165611,8.745213388656396,8.757690841483399,8.765895474379697,8.770394746324644,8.772255533357168],"predValues":[8.723494992600312,8.672404547668751,8.638569374118209,8.629598206469474,8.639647944862102,8.657355588694102,8.674544147099095,8.688011131439035,8.697543379137143,8.704011348346752,8.708409354778286,8.711532106791587,8.713921813434844,8.715917621151915]}