{"timestamp":"2024-05-12 03:43:34","trueValues":[8.668138638245527,8.685604680104587,8.701685165214535,8.715221520417995,8.72549797661361,8.7320913981128,8.735437678464105,8.73712809490845,8.739384907177147,8.744113820601326,8.7519973806887,8.761921401002994,8.771213375671906,8.776835073504346],"predValues":[8.843983943079678,8.862400977083057,8.87744594922647,8.889220922389573,8.893995817267346,8.889381458794036,8.876838621934752,8.859868010304032,8.841710917697283,8.824467341021226,8.809177843228632,8.796170407635904,8.78537885284451,8.776550679542797]}