{"timestamp":"2024-05-12 03:43:39","trueValues":[8.831212793684909,8.843770248925392,8.844259034435007,8.831025944194284,8.802444085269912,8.756595791837064,8.69139568537021,8.605582598254827,8.50065664219089,8.382773750396556,8.263084558263266,8.155843316405825,8.075152244274555,8.03190256744176],"predValues":[8.914926681259816,8.908172457567414,8.901061811162455,8.895827101748718,8.889582660877112,8.879213975985554,8.864621642081877,8.847773824853247,8.830809326363758,8.815164734802352,8.801533493015459,8.79008304791502,8.780687415633956,8.773083996888147]}