{"timestamp":"2024-05-12 03:43:44","trueValues":[8.764892387640554,8.71651112742868,8.65078715133733,8.567893753630926,8.471896439015868,8.371064958631981,8.276048138712392,8.19680322316503,8.139862767865544,8.106926757653243,8.094830711681213,8.096695485544974,8.104138102097572,8.109904920587027],"predValues":[8.681967361073006,8.631680129741259,8.597525478114285,8.587146693250261,8.595242352759424,8.61099432297547,8.626505754373571,8.638649642320441,8.647193421660605,8.652956784896322,8.656876105790708,8.65968788496755,8.661889147387685,8.663783955380095]}