{"timestamp":"2024-05-12 03:43:49","trueValues":[8.3486435513345,8.251234366884164,8.171873035864694,8.117987290658736,8.092111692777811,8.09172018595037,8.110222272353466,8.138996562332192,8.169854901892695,8.19688136505727,8.217060312678505,8.229959040672847,8.236886027052172,8.23971375355396],"predValues":[8.683704556337194,8.62456682544881,8.582653002869044,8.566788072434626,8.57203553970832,8.587211279916295,8.603667856106235,8.617542028809812,8.628086134275783,8.635828294748631,8.641573318560658,8.646018369600785,8.649664193872336,8.652833458916735]}