{"timestamp":"2024-05-12 03:43:54","trueValues":[8.06187396994648,8.076902994764946,8.105158996682906,8.139665021036206,8.175646172947069,8.210986773972575,8.245699050395185,8.280853067718816,8.317161671368583,8.353729153259984,8.38784446815209,8.416086383266348,8.435814287380342,8.445808741713153],"predValues":[8.095839645772838,8.065752890951003,8.060536520960955,8.089537528742675,8.144417589659055,8.208007813672543,8.26680161391958,8.31500745355704,8.352170568035199,8.380076260381832,8.400950245581992,8.41674022358916,8.428942850849582,8.438635103374654]}