{"timestamp":"2024-05-12 03:43:59","trueValues":[8.186988176237872,8.21469452702267,8.244130896775431,8.27724684597088,8.314536475893616,8.35471071111045,8.395631812712285,8.435586506422354,8.473666857873694,8.509045466690324,8.540133181941309,8.564738575390233,8.581207112073884,8.589227819155798],"predValues":[8.440829721076062,8.452922046005602,8.465096765447369,8.480181871691896,8.49460755604988,8.503757599526764,8.50634212932312,8.503939664819907,8.49887851545934,8.493016544597705,8.487477507066236,8.482799890870638,8.479147953457854,8.476485281769264]}