{"timestamp":"2024-05-12 02:05:04","trueValues":[11.024980502672443,11.108061813024468,11.15436699731704,11.15004208279151,11.086693460750965,10.962236284247377,10.781749244698752,10.557887607605256,10.310050230609477,10.061830649392476,9.837092972581909,9.655708630216289,9.530541266175078,9.467293112281697],"predValues":[10.944592695503909,11.01948186503084,11.04374199889467,11.022489530515776,10.967186865488312,10.891225504147464,10.806476103606022,10.721879797384066,10.642984128253037,10.57246877838147,10.511049782659466,10.458319952723391,10.4133362700914,10.374978700974737]}