{"timestamp":"2024-05-12 02:05:09","trueValues":[10.8844601173276,10.729266066721852,10.547259778683314,10.358851171256196,10.186768371954456,10.05151804592698,9.96659428796612,9.935112142211452,9.949613044785435,9.995410572567206,10.055580361168388,10.114837962782625,10.161227136319912,10.186535009432736],"predValues":[11.323023779642742,11.310424861357395,11.239675617386611,11.13718694415202,11.029368143342763,10.9275295893885,10.83494739441076,10.75270225546344,10.680993514108364,10.619339029554649,10.566800035940435,10.52220281014965,10.484333229176356,10.452047338244377]}