{"timestamp":"2024-05-12 02:05:14","trueValues":[10.073293054986625,9.982842485776755,9.941597919267252,9.941720182091844,9.968592487781931,10.005970891146871,10.040016303597962,10.06108750404996,10.064198827147052,10.049155183947384,10.020387804476137,9.985983577213746,9.95564910727774,9.937981597546852],"predValues":[10.051005073641196,9.922991112097009,9.820990427005786,9.777914576014908,9.79007228497673,9.831920191946717,9.881051242219833,9.925740962495308,9.962039731961358,9.989844956160828,10.010476010444298,10.025537195701409,10.03646005013486,10.044391186408324]}