{"timestamp":"2024-05-12 02:05:19","trueValues":[9.949864480942091,9.98454459692606,10.013653780728667,10.034034993587976,10.046838037632638,10.056995952046153,10.071861516783914,10.09878804337882,10.142077588523982,10.200504334508498,10.2669446112787,10.330560085223354,10.380219523529702,10.407326254896509],"predValues":[10.244694371935644,10.32574611939946,10.37976289845873,10.412383683214586,10.42548228434826,10.4207783550665,10.402747777904326,10.377021553300402,10.348261615914126,10.319516031120305,10.292457141728338,10.267823840460755,10.245802179441938,10.226277869509763]}