{"timestamp":"2024-05-12 02:05:24","trueValues":[9.985373857823287,9.981424768589,9.993922687149684,10.030729113126537,10.094531170773063,10.18210112152007,10.285973490982531,10.3972257508528,10.507573797398596,10.610112970495518,10.69920535919743,10.770227834002302,10.81956726265472,10.844809220157764],"predValues":[10.346136369076238,10.3380776542032,10.316732691339617,10.296888903331013,10.282298695737328,10.269185210433704,10.25456736081011,10.238166068679988,10.220936047230136,10.20391971993457,10.187837905880876,10.173074404022774,10.159753071917343,10.147842014914696]}