{"timestamp":"2024-05-12 02:05:29","trueValues":[10.2404343098649,10.33540594569714,10.427934451347555,10.508348305813506,10.569266023954686,10.605895434624628,10.616187306567696,10.601163331735462,10.565307897902928,10.516461773168858,10.4645043253377,10.418848728747957,10.386058902347663,10.369234474528955],"predValues":[10.274222438806849,10.332204254425353,10.364591145081992,10.379501893907102,10.379766619501217,10.366310266711238,10.342207479786882,10.312062251440244,10.27995178108268,10.248601998125071,10.219487498547483,10.193215343852884,10.169876433793473,10.149287905709858]}