{"timestamp":"2024-05-12 02:05:34","trueValues":[10.731843686010729,10.763297658157988,10.758645291893554,10.716856921603371,10.640226304192264,10.533758773383486,10.40355683885662,10.255465726782106,10.095558710077126,9.932221955353622,9.777470177226396,9.64557038417021,9.549777461103217,9.49955189276126],"predValues":[10.732498589488536,10.733608523304824,10.704323387350309,10.65927751015102,10.609405440845386,10.558620121397803,10.508763999417114,10.461618391099854,10.418552640081446,10.380241849784626,10.346759909481651,10.31779637791356,10.29284253541455,10.271334378259011]}