{"timestamp":"2024-05-12 02:05:39","trueValues":[10.608064270817373,10.51227719510286,10.39789500692306,10.26636731811563,10.12035573721416,9.96535996501525,9.80887790213131,9.657915739988905,9.517210897252175,9.389500466459474,9.277261067175008,9.184417336068147,9.116796957251893,9.080812350087292],"predValues":[10.544441886365242,10.48833069196298,10.425026722432284,10.374776169947914,10.34280337816239,10.322484891447871,10.307002165234676,10.293011577058984,10.279528113816596,10.26653795449256,10.254264361636125,10.24289710841416,10.232521778803871,10.223136778072773]}