{"timestamp":"2024-05-12 02:05:44","trueValues":[9.981910098844876,9.835533324202126,9.695147959541831,9.564310789904589,9.444210422576424,9.33546774007526,9.2399634635898,9.161485614372372,9.104674332404954,9.072564393624887,9.063926790856287,9.072161457881236,9.0868462862696,9.097458699444095],"predValues":[10.14666031813615,10.09186371488699,10.047705572109734,10.031515316246406,10.03974200960888,10.058236122349502,10.07638417813878,10.08995056747089,10.098490359979818,10.102977405642308,10.104617853801816,10.104433396409934,10.103167710386668,10.101318352270356]}