{"timestamp":"2024-05-12 02:05:49","trueValues":[9.26813547626304,9.16372515037238,9.082730813278372,9.032590297336132,9.019035071131489,9.043042174106164,9.099252241923097,9.176988540530502,9.263427825938791,9.347179455516072,9.420429240038493,9.47881292824565,9.519733764058737,9.540991016635116],"predValues":[9.723458713942108,9.725422361220538,9.738938250690316,9.775232235958883,9.825939413514227,9.875607888638044,9.915003628608734,9.942421864389496,9.95983315376624,9.970020304942157,9.975392427139182,9.977724989201375,9.978223608894709,9.977662794634083]}