{"timestamp":"2024-05-12 02:05:54","trueValues":[9.087698404999252,9.143827141458956,9.215699608683485,9.2890094614632,9.351249212842458,9.394134227511472,9.4137919633957,9.40938678066794,9.382010007932037,9.33513284625138,9.27589438142708,9.215183978510208,9.16549105082147,9.13757260061488],"predValues":[9.035742551900588,9.003371076991396,9.002375963914726,9.052175738680605,9.141325537752325,9.2431316654792,9.336960941267762,9.414159815024467,9.474044146509106,9.519233549632911,9.553045067984783,9.578444372427304,9.597768809220144,9.612754510472506]}