{"timestamp":"2024-05-12 00:25:04","trueValues":[7.307835009761864,7.336195200869476,7.385299406478932,7.441780313031206,7.494229204259471,7.533441549993274,7.552079986024663,7.546052162983581,7.516587353834665,7.470321772065711,7.416947138624294,7.36645843942072,7.3274677615036765,7.306295295538265],"predValues":[7.104751142341347,7.048242062181666,7.020291717325184,7.034339715870681,7.082273387829053,7.144978269519254,7.206592619971853,7.259387302362711,7.301619805652659,7.334373484783071,7.359571852931261,7.379098289173429,7.394493836676919,7.4069269027828195]}