{"timestamp":"2024-05-12 00:25:09","trueValues":[7.499606642231479,7.523573876893789,7.52861588946442,7.5167555981128515,7.494887828779768,7.472185216985727,7.457113931756153,7.455553486010124,7.469772918298798,7.497871573277285,7.534098048203577,7.570469909575634,7.599231707483151,7.614904206863214],"predValues":[7.573631200957556,7.623409446834756,7.659423822339259,7.682693095746404,7.691716092201215,7.687179609831393,7.673149950709584,7.654657964278955,7.635572205782813,7.61810935338874,7.603219601874809,7.591085016534159,7.581498547931234,7.574096862845998]}