{"timestamp":"2024-05-12 00:25:14","trueValues":[7.496869018115639,7.478257160959162,7.469056883408694,7.470936807231154,7.481769559278659,7.496123746463132,7.507056700869053,7.508714691086006,7.498471192695279,7.477468034163051,7.449633573201181,7.420359600374127,7.395678191342956,7.381413043389434],"predValues":[7.700889259299273,7.697161837881744,7.684544580172709,7.670765825630061,7.657192791579224,7.64278783874367,7.627517211952263,7.612439813581459,7.598667969546287,7.586866151719525,7.577244333212967,7.56971161427442,7.564022406099705,7.559878227923571]}