{"timestamp":"2024-05-12 00:25:19","trueValues":[7.620326563133822,7.645825538357256,7.649782335465268,7.624525228003524,7.566431515321645,7.475669973275318,7.355750342296547,7.213671371726919,7.060049195783412,6.9079818840222025,6.770600995381855,6.65879895148405,6.580327481196602,6.539970117531631],"predValues":[7.436437427596583,7.460707129855381,7.475689110065254,7.486652364388572,7.49308790737079,7.493092957357023,7.487039884384776,7.477217129583891,7.466076062587417,7.455328097150877,7.445878775542493,7.43805820738866,7.431863734801885,7.427123392461496]}