{"timestamp":"2024-05-12 00:25:24","trueValues":[7.409115673131747,7.303384642946754,7.187743679251168,7.0741391889512695,6.975762001876673,6.904108810370161,6.866250392524329,6.86357815244077,6.8918134228363,6.941779049781623,7.001248485028899,7.057786536162233,7.101216949344422,7.124662706480977],"predValues":[7.686343970004189,7.7048099091374045,7.7066414594075265,7.696401416270538,7.676168247744485,7.64843664702852,7.617142945496973,7.586241813947863,7.558384495153569,7.534761722710106,7.515540677740667,7.500343674432763,7.488569498635908,7.479582383662227]}