{"timestamp":"2024-05-12 00:25:29","trueValues":[6.848382478076612,6.795985415654423,6.782213305830503,6.80555062115742,6.859853123121983,6.9359091052575135,7.023885447001909,7.11529790569481,7.203482625818509,7.283240513651653,7.35080321630935,7.403897442620456,7.440993312545089,7.4603281150991485],"predValues":[6.901292778573334,6.832185577494554,6.785581115070484,6.77757263427103,6.805466366123952,6.853968560216671,6.9075162221337605,6.956757840526507,6.998181282864161,7.031605015431081,7.058192395582124,7.079407919324892,7.096578404094942,7.110769131198712]}