{"timestamp":"2024-05-12 00:25:34","trueValues":[6.893765375409769,6.981671814713149,7.078434866714397,7.178797495744851,7.278632799897069,7.374639417118348,7.464112149520238,7.543899274115784,7.609172206699892,7.6541598761631215,7.675699130602305,7.67701558227665,7.667742744397676,7.659357640940731],"predValues":[7.134771981553403,7.237876487319683,7.316346628663386,7.368471257617736,7.393705241458306,7.395705301795365,7.382015320694919,7.3606182632365105,7.3373854028879935,7.3156624884231745,7.296920660568381,7.28151368414868,7.269235041306013,7.259650964801829]}