{"timestamp":"2024-05-12 00:25:39","trueValues":[7.517902742354014,7.628566811722502,7.7165280035081985,7.770865058010147,7.779819480967687,7.735163250074598,7.636986999294329,7.494873741976065,7.324531327403501,7.143200940153951,6.96743590352203,6.813495312657088,6.697842255573418,6.635380039011156],"predValues":[7.362930625353774,7.372387654835882,7.369480723286858,7.359213038119962,7.343422262746545,7.323263515070243,7.30091413652377,7.278965833199705,7.259343181430359,7.242990794430071,7.230087813815743,7.22036898241576,7.213373156750417,7.208595072407654]}