{"timestamp":"2024-05-12 00:25:44","trueValues":[7.971947801938608,7.924453478782516,7.815548399355643,7.649891574641153,7.433078920962819,7.170692267840719,6.870372776023036,6.544339285883887,6.209865674016728,5.887251689029263,5.596932366002496,5.35775398776962,5.186501711861663,5.096856283220038],"predValues":[8.034268618886344,8.114110230175458,8.147289437093196,8.134431374777467,8.082128401572463,8.003605899845185,7.914038280859863,7.825521590588525,7.745203420072256,7.676037745468672,7.618332615937993,7.571059429021161,7.532679267860824,7.501590223666093]}