{"timestamp":"2024-05-12 00:25:49","trueValues":[7.198423336979186,6.935504574781366,6.652945485862385,6.364761509645973,6.086368925158052,5.831696524690141,5.611671813978805,5.434223869434702,5.304020273728153,5.221021955913039,5.179277640108021,5.167568383213135,5.171753227067883,5.178196145687889],"predValues":[7.280605749781718,7.2043520208168506,7.141487931665932,7.1058132341827935,7.096666114382148,7.10427219101545,7.118690964865957,7.133928633852474,7.147500870537064,7.158865731660289,7.168273324435063,7.176179210777361,7.183009184263259,7.189089633476666]}