{"timestamp":"2024-05-12 00:25:59","trueValues":[5.226577073663828,5.410370392357012,5.654407056687695,5.9312696282413615,6.20981557283752,6.46152482743597,6.667307646709332,6.820651143149396,6.925273834250596,6.989985420996583,7.024864612753634,7.039923405911999,7.044318222878545,7.044838105671806],"predValues":[5.268865392591088,5.327782452370524,5.432330722621974,5.576635408176656,5.739164829574736,5.896195214648089,6.032767839702391,6.144028737707007,6.231438284943924,6.299002183650993,6.351095981110445,6.391557666859443,6.423446735188998,6.449089369231327]}