{"timestamp":"2024-05-12 02:58:04","trueValues":[6.562491594293153,6.751417160837291,6.991476495879095,7.260036092699291,7.532886848873879,7.788541072981005,8.011125063557529,8.19161795045863,8.328078678449558,8.424918277610548,8.490682653591762,8.534461781612784,8.562412126469269,8.576540127428249],"predValues":[6.723462297572073,6.714638908467844,6.767419238266251,6.889070482945477,7.059283724185973,7.245428343048166,7.420625123334488,7.570884274235497,7.692815394467537,7.78879676175765,7.863319674388309,7.921053243315143,7.966057923258315,8.001586436929443]}