{"timestamp":"2024-05-12 02:58:09","trueValues":[7.622023092719395,7.825338196351638,8.003075917079459,8.160043044430525,8.307009072730052,8.457517533477727,8.623124389907385,8.808621281587996,9.009512391828348,9.213094878942195,9.402385373438864,9.56058655795205,9.674010843480051,9.733177013764593],"predValues":[7.816831361647601,7.912317564498121,7.994169867674257,8.066509857308471,8.1266203750186,8.170868354393054,8.199683044261647,8.216673855837298,8.226004369874829,8.230973822116953,8.233764603982614,8.235658880397526,8.23734398106689,8.239142307743371]}