{"timestamp":"2024-05-12 02:58:14","trueValues":[8.441521834978746,8.581733373797121,8.737345244316472,8.905979966176,9.078177852006108,9.24134450193018,9.384088475950085,9.498846489421124,9.58246469304635,9.63590417894255,9.663917781521322,9.674204337689403,9.675338192493111,9.6741463957421],"predValues":[8.56560690723358,8.46687117113643,8.374375091713407,8.311809217538991,8.282481821173366,8.275845076108071,8.280229261524653,8.288315884216345,8.296736071788173,8.30434374315397,8.310967730359307,8.316765380343659,8.321953310937552,8.326714384800372]}