{"timestamp":"2024-05-12 02:58:19","trueValues":[9.267739451026866,9.417331737956356,9.537299742487464,9.623182997832616,9.67451052632838,9.694613192578622,9.68996561051167,9.668350606278992,9.63650539309304,9.599050974145854,9.55950479774317,9.52205728930346,9.492175191818443,9.475434753244452],"predValues":[9.272400322531272,9.309577789601882,9.30834080876352,9.275317088264012,9.21937280919619,9.15022467665005,9.076913229137835,9.006315484754044,8.942487379810103,8.887091157142947,8.840219311237274,8.801131088849306,8.768747121868907,8.741936213379862]}