{"timestamp":"2024-05-12 02:58:24","trueValues":[9.716032576291957,9.71287500595252,9.690370672565315,9.654450386278,9.609028152209971,9.557142467341071,9.502883820520116,9.452156974597337,9.41166671655781,9.386762842343634,9.379004468757092,9.38468650063558,9.395892685875587,9.404118847660564],"predValues":[9.82517341033929,9.781120519906684,9.706095266540204,9.6141610645328,9.51858555666258,9.427095753443687,9.34366572825283,9.270281454623362,9.207480357405982,9.154767006372351,9.11105060449612,9.075014434314191,9.045336462588487,9.020816387328027]}