{"timestamp":"2024-05-12 02:58:29","trueValues":[9.683334181221358,9.6354417065191,9.576441388414004,9.508437210644033,9.43288356924432,9.348917713935258,9.252773949719437,9.139759510442564,9.008729909750969,8.866103680146919,8.725750741714016,8.604382030475094,8.51613883682659,8.469993125783486],"predValues":[9.805951036426103,9.789195713682163,9.751969873059217,9.700059735625398,9.639679973912418,9.575545148752004,9.511689401778153,9.451511107936998,9.39719770863372,9.349669364517744,9.308910659841615,9.274362906654703,9.24522714397719,9.22065231623441]}