{"timestamp":"2024-05-12 02:58:34","trueValues":[9.32532630456419,9.246059594339403,9.157321236251306,9.057698828887125,8.952318905639707,8.852505661953664,8.771014299898821,8.716583421968437,8.691474890417446,8.692042349396797,8.710316389053155,8.73592061662124,8.758798117412194,8.77186641862847],"predValues":[9.201113653709784,9.13334390161653,9.08210089394298,9.059028835787675,9.059032025252664,9.069462107345268,9.080958533899302,9.089602515597882,9.09476147521812,9.097081810997857,9.097461357331586,9.096666117394246,9.095246273896498,9.09355426271966]}