{"timestamp":"2024-05-12 02:58:49","trueValues":[8.294335999383703,8.305428958616588,8.360201640878328,8.459611948820719,8.59849241758355,8.766947466248677,8.95194467508096,9.139114175359722,9.314921206614004,9.468683187439543,9.593590610084124,9.686541188268128,9.747251059607503,9.776980062773037],"predValues":[8.594159263606798,8.52512940705401,8.483656528009021,8.48569805139094,8.52393335768301,8.57895747610141,8.634570316599088,8.68276446153159,8.721519384828174,8.751644944807378,8.774841923674764,8.792812432579638,8.806966215047282,8.818374399736612]}