{"timestamp":"2024-05-12 02:58:59","trueValues":[9.554183706985974,9.563352887252794,9.523745579437817,9.443163214904928,9.333074046600768,9.206759538318394,9.077342212178902,8.95625417385904,8.852185120722238,8.770234209920181,8.711436422841908,8.673262513750881,8.651320323568047,8.641509529260873],"predValues":[9.591297384756796,9.590555834146778,9.564383616021846,9.52079372959019,9.467427069811244,9.41003796310326,9.353287812548135,9.300672803351675,9.25414860912984,9.214318038765605,9.1809046719599,9.15319300540012,9.13031550460916,9.111416329814896]}