{"timestamp":"2024-05-11 23:42:04","trueValues":[7.9619756738607235,7.901047589958328,7.838569426071119,7.780133377480386,7.731055219168343,7.694716315601177,7.671603325978509,7.659820644941681,7.656911587082664,7.661433185282537,7.672601628520169,7.688364230286179,7.704174674027031,7.714171786247332],"predValues":[8.185245930987449,8.175072866615238,8.170296111216219,8.173809041113216,8.18134229162926,8.187066849707607,8.188397919763155,8.185899239732764,8.181245810313333,8.175935085317352,8.170923106875371,8.166680586862066,8.16335929065318,8.160929981486307]}