{"timestamp":"2024-05-11 23:42:09","trueValues":[7.616657083663599,7.584388734789064,7.571159631379576,7.577684745170243,7.605515485089628,7.656230902096192,7.728961601191598,7.8185534069530895,7.91613429093535,8.011648401604527,8.096484449278181,8.164627900352684,8.212226678487177,8.236739045873913],"predValues":[7.762458159875774,7.714690605885596,7.692044075517618,7.703291989591234,7.741377922606305,7.790934500666747,7.839196687519021,7.880040178806116,7.912267596213288,7.936943689469476,7.955741598750332,7.970223896111876,7.981624107138733,7.990849900409115]}