{"timestamp":"2024-05-11 23:42:19","trueValues":[8.066894719417183,8.146794538442352,8.213002250057082,8.263226489455292,8.29554161714967,8.308825207252726,8.303305040722446,8.280688544483116,8.243964247229739,8.197292806040894,8.14618508484064,8.097601825179442,8.059285187530143,8.038100495282272],"predValues":[8.116702999423033,8.123175752830125,8.127659077450126,8.131469690746126,8.132053097050424,8.127044839650932,8.116911643591084,8.1039807551581,8.090617694219059,8.078386893351231,8.068033358418372,8.059735965248635,8.05336235104496,8.0486432718045]}