{"timestamp":"2024-05-11 23:42:24","trueValues":[8.297571977404127,8.299832776504061,8.288457815408371,8.266324257326175,8.23700616356677,8.204844661769377,8.17497319583432,8.152627538330336,8.14155265273239,8.142332476922281,8.151994163741204,8.16536466676522,8.177249676470455,8.184027555361526],"predValues":[8.277977499242187,8.250746378740796,8.224466516172475,8.203524489052544,8.186702453332577,8.170999122457618,8.155130470980712,8.139582626523982,8.125323857500439,8.113037772572795,8.102973415798969,8.095060884737943,8.089050869543051,8.08463106843409]}