{"timestamp":"2024-05-11 23:42:29","trueValues":[8.228719401946996,8.195075862084561,8.16490432065176,8.141389724229185,8.124936071715487,8.112937570214381,8.10130266772206,8.086769073131936,8.068576630621555,8.048697226920568,8.030643791925971,8.017470238365048,8.010086361126003,8.007212653170619],"predValues":[8.29943914336663,8.267511535668454,8.240079213083987,8.221115185834938,8.2081547948508,8.196846015153639,8.185017618451964,8.172786551795387,8.161069786368339,8.150641564796981,8.141885686035026,8.13486381307227,8.129437204181677,8.125379938926502]}