{"timestamp":"2024-05-11 23:42:34","trueValues":[8.034364037047276,8.019198131023018,8.010360389326337,8.009927951031534,8.022250714806553,8.052277667159839,8.103004513082615,8.173220053245187,8.256934738186342,8.344950150876858,8.427453902277065,8.496068331014992,8.544758969330832,8.569903116574205],"predValues":[8.145750254447096,8.151214073762565,8.159264283395629,8.171208829780666,8.182543390986492,8.188463303795436,8.187857571236211,8.182515217379088,8.174871398743411,8.166790889192947,8.1593626252328,8.15307140554135,8.148031519280714,8.14416163509366]}