{"timestamp":"2024-05-11 23:42:39","trueValues":[8.03417426388041,8.071404357123344,8.12697600036491,8.196345269150314,8.27228005161625,8.347403646819899,8.41611003846502,8.475245643043412,8.523847507917047,8.562311658322104,8.591405957954759,8.611793283955297,8.624277647289777,8.630025063200547],"predValues":[8.108011441538363,8.06605004277251,8.038804835467417,8.031752131009764,8.039787988050378,8.053736847392457,8.06710469252898,8.077465137969316,8.084799844289776,8.089911759301422,8.093640509662695,8.09661309103275,8.099228718112748,8.101711185029442]}