{"timestamp":"2024-05-11 23:42:44","trueValues":[8.431693232825381,8.506292692615784,8.56196613294826,8.594575754576653,8.601731053491463,8.58231066696019,8.536576662689459,8.467049781175835,8.379327533475587,8.281934562138947,8.185250183607437,8.100155257692148,8.036718925364395,8.002821291457812],"predValues":[8.323438538467581,8.329880726168527,8.33344521908285,8.333666089533363,8.327640392802273,8.314097392880086,8.294968576606587,8.273600490121831,8.252811823110136,8.23425020002724,8.218567334885963,8.205790603927461,8.195635613190188,8.18769357957801]}