{"timestamp":"2024-05-11 23:42:49","trueValues":[8.624753940728183,8.601356291355216,8.554453613954646,8.486835095659636,8.403456367697355,8.31053050786702,8.214484022333375,8.121104726897055,8.034784514848369,7.958037747753899,7.891938212160056,7.837651391731691,7.79787078965229,7.776498184758799],"predValues":[8.5824573823497,8.5633144792725,8.539685062110308,8.514523638598245,8.487624222455745,8.458735377526152,8.429259671038523,8.401300820942069,8.376432296631524,8.355358172503283,8.338102901122268,8.324307401888424,8.313455778839732,8.305007417660498]}