{"timestamp":"2024-05-11 23:42:54","trueValues":[8.294712887829942,8.206453481067744,8.124911619150568,8.054520392624834,7.997321590661212,7.953268168651107,7.921648078535652,7.902470091343568,7.896178605863369,7.901751664354722,7.91536642723917,7.931335281074491,7.944458068984334,7.951606723180416],"predValues":[8.452225413694183,8.409849916057215,8.376422994025305,8.356932439264266,8.347938679571858,8.34312311901547,8.3385414525583,8.333180493488737,8.327417661830518,8.321886066384026,8.317037282233999,8.313080750914736,8.310044911822395,8.307852952008478]}