{"timestamp":"2024-05-11 23:42:59","trueValues":[7.990523511825208,7.95792080070429,7.932699308934927,7.914124396414575,7.900343781350683,7.887294616924343,7.869899806450043,7.844671404173203,7.81149937355169,7.773537298093705,7.735745327435151,7.703145805779223,7.679578051606827,7.667311635046618],"predValues":[8.174984624750532,8.19045539047002,8.209626998732125,8.233511307304713,8.256511868286507,8.27264391641378,8.280223414172172,8.281076064479318,8.27797058873471,8.273163799207042,8.268082981479042,8.263475799301958,8.25964923868101,8.256660975774757]}