{"timestamp":"2024-05-12 02:16:04","trueValues":[10.532043372796725,10.650148198196568,10.753184927831825,10.8274037781335,10.858166699533074,10.834718816086523,10.753023859849865,10.616446716386823,10.435266499780523,10.226070554285457,10.0110735035523,9.816374739588728,9.668280438049226,9.588238156254532],"predValues":[10.061986401599455,9.940004781505085,9.80646613502188,9.69425490934482,9.61473144718839,9.561060193502966,9.523687105913009,9.49609717060032,9.474638981729615,9.457354207797447,9.443143014959997,9.431321794554549,9.421406279480223,9.413031275995746]}