{"timestamp":"2024-05-12 02:16:14","trueValues":[10.178223795248044,9.98756395711596,9.822983842624115,9.70011236179772,9.626316647184629,9.599471451946949,9.609627240050468,9.642868375746753,9.685726811540851,9.728161048491376,9.76416266613592,9.790911645846425,9.80785302071474,9.815828809498054],"predValues":[10.659913276838896,10.60862083245801,10.530280130235123,10.444984268025513,10.367497279264768,10.30054190389879,10.242512246305443,10.191978363014524,10.148090261606368,10.110202075420633,10.077668469374483,10.049808492692698,10.02594597879754,10.005440908381146]}