{"timestamp":"2024-05-12 02:16:19","trueValues":[9.539831114533994,9.536199377066144,9.559790786437212,9.599983892655237,9.64978419899861,9.706116529640132,9.76855615415872,9.837888212519246,9.914659697967384,9.997358272520689,10.080920660508603,10.156847469312066,10.215123778864584,10.246885534383312],"predValues":[9.502482479508956,9.485123816304537,9.48386716709874,9.511431586691517,9.559491508305715,9.610722289696806,9.653552551883502,9.684683856489343,9.705339363337732,9.718068518110144,9.725299035240951,9.728911104341366,9.730234732311937,9.730161374617182]}