{"timestamp":"2024-05-12 02:16:24","trueValues":[9.629454017579132,9.67899704041337,9.741996947615082,9.822358175908708,9.921945499158006,10.038665033597482,10.166036317946322,10.29448617303905,10.413343712176374,10.512907114438253,10.586717181643795,10.633607632761908,10.658023518832715,10.667400545901344],"predValues":[9.9486376000762,9.96181221679212,9.96584423211613,9.967189123186628,9.965307870420425,9.957672291235973,9.944391359020408,9.92756055227172,9.909449175329817,9.891698739509206,9.875242694896766,9.860486635123635,9.847504449462072,9.836185569792445]}