{"timestamp":"2024-05-12 02:16:29","trueValues":[10.12025101644701,10.244043189500324,10.35746322240834,10.447347661582604,10.502334569576126,10.515676633203984,10.48785865114456,10.427453373711664,10.348925556209403,10.26794822959534,10.19668069756379,10.141659237032885,10.10493361083576,10.086630865994495],"predValues":[9.907043255572866,9.908859655884289,9.906406957307496,9.907570048873604,9.910491067226332,9.909751111348807,9.9031175557485,9.891660465929334,9.877494457179232,9.862447624514576,9.847727180433829,9.833989623147293,9.821513499264034,9.810346119181398]}