{"timestamp":"2024-05-12 02:16:34","trueValues":[10.452134516954086,10.421570937116346,10.36590945727758,10.30190433702673,10.247137502117472,10.214911679442793,10.211692977691062,10.23778652234626,10.289476586695812,10.36026729371146,10.440649785105013,10.518093716088398,10.5790645919794,10.612514106054984],"predValues":[10.849023566563666,10.871560326178262,10.846471994572202,10.784921699208136,10.70227202978467,10.610764684508338,10.51907660288261,10.433066832092884,10.3560104211057,10.2890911930096,10.232110337820249,10.184124305478305,10.143882294130446,10.110102138850966]}