{"timestamp":"2024-05-12 02:16:39","trueValues":[10.332896899905537,10.3286331167923,10.338188222322833,10.353982452949984,10.366658981550072,10.365606989681092,10.339776044310018,10.280503026948336,10.18568767490057,10.062542431662592,9.92684026476163,9.79913461816641,9.700002856833088,9.645870193879206],"predValues":[10.104430206944944,10.033851599351088,9.9700968521019,9.93112584255229,9.91659198217342,9.915299717275245,9.917782715769434,9.919534263626074,9.919306748456837,9.917260175088682,9.913953231472249,9.909937163473185,9.905628196272602,9.901294244929602]}