{"timestamp":"2024-05-12 02:16:44","trueValues":[10.538259640060929,10.552444785600963,10.521236933835382,10.434288397183796,10.289977332699136,10.095569873204589,9.864662707949664,9.613925575701089,9.360607634698646,9.121004393150317,8.909543927512825,8.738446407104039,8.617797983375207,8.555303340585553],"predValues":[10.142814886514016,10.143941830810244,10.1363333620782,10.1284436888496,10.120813957017628,10.110194633335658,10.095356710627804,10.077486669870094,10.058438653376324,10.039705862339002,10.022196231125085,10.006332363845662,9.992215791802897,9.979767841527044]}