{"timestamp":"2024-05-12 02:16:49","trueValues":[10.125761348793574,9.928782117362632,9.71683260042678,9.504039470001247,9.302139957246768,9.119605281174998,8.9615268910639,8.830152562364706,8.725379169042759,8.644834014934748,8.584348203510874,8.539668051630365,8.508712433387688,8.49233639118873],"predValues":[10.555391319673609,10.518587551584249,10.459843985410792,10.398202258717037,10.344398642234552,10.298660119555084,10.258825296570866,10.223661445063517,10.192686955819651,10.165632319047674,10.142197725038582,10.122010006388624,10.104651874761704,10.089701789201722]}