{"timestamp":"2024-05-12 02:16:54","trueValues":[9.22526747207397,9.076937150125255,8.944193743579394,8.822806161339285,8.706643985906693,8.588778636169799,8.463935534402504,8.331558650541663,8.19735978480567,8.071576588232768,7.964507045907254,7.882580853458864,7.827922460359241,7.800636055798037],"predValues":[9.39751506040016,9.337582355363184,9.30566910025746,9.321425588882242,9.376263123598765,9.446582852950986,9.513565870346874,9.568932324674126,9.611467029771813,9.64295183341397,9.665876644602267,9.682517146606592,9.694676450300909,9.703682967853275]}