{"timestamp":"2024-05-12 02:16:59","trueValues":[8.589397923955229,8.473166643447868,8.351544103953545,8.22968368352877,8.11684439903756,8.021888444741515,7.949360542461681,7.89912221625977,7.868779241083793,7.85557246392923,7.856129025569867,7.865482663228573,7.8772047444306015,7.885019465231956],"predValues":[9.035923288249982,9.067727038391071,9.113356587683404,9.182953371638046,9.26621063414198,9.345347639457202,9.409578680144795,9.456982635126192,9.490186560397596,9.51285887227424,9.528225183015326,9.538699386040282,9.54596286097598,9.551137767921166]}