{"timestamp":"2024-05-12 01:33:09","trueValues":[7.9964856850452595,7.662789505269249,7.371405831196666,7.155576330101295,7.040309596964457,7.036877998424689,7.1404665055031,7.331439974359135,7.57935070904967,7.8484400228468445,8.10369051384407,8.31624842122664,8.466488169548963,8.543729569505526],"predValues":[9.048877831881638,8.999310356482482,8.957196129185888,8.932374915272687,8.923045198601402,8.92117510896266,8.920468642467522,8.918487187342903,8.91510157025673,8.91093267372693,8.906604835525158,8.902537204508768,8.898944803775787,8.89589833313348]}