{"timestamp":"2024-05-12 01:33:24","trueValues":[8.145968467010116,8.077533445677837,8.002485600267685,7.937481114320178,7.898561933576644,7.896975174744454,7.934675714073315,8.00326090604884,8.087449226540912,8.170880049098017,8.241273136144994,8.292828977176246,8.325240851975302,8.340605833772642],"predValues":[8.41352152183743,8.326875452782332,8.255581076087122,8.218298622460612,8.214390464693688,8.230849964559866,8.254688823256355,8.278288472078646,8.298658521810491,8.315301681702307,8.328705939897457,8.33959317863853,8.348627604009554,8.356326175127545]}