{"timestamp":"2024-05-12 01:33:29","trueValues":[7.878201718028516,7.906203360113578,7.965009120854324,8.040567812240267,8.118078190410932,8.18707189969384,8.243680650634438,8.289442828512575,8.327945252497504,8.361801954936725,8.391614149980729,8.416452108585124,8.434611593290615,8.444282848504507],"predValues":[7.59992541611833,7.458037547659313,7.365389171283048,7.348774716576137,7.402635211850929,7.498840639056542,7.607513684905442,7.709319015266068,7.795962160644926,7.866052248517916,7.921363950362853,7.96463994028181,7.998579834599502,8.025471277079529]}