{"timestamp":"2024-05-12 01:33:34","trueValues":[8.16608495427531,8.211910655664484,8.24681536314145,8.275757365820866,8.303086562370677,8.331420971969624,8.361976046567392,8.395094653650332,8.430614662081489,8.468121175623498,8.506579744464823,8.543200915683546,8.572892176846704,8.589728299370373],"predValues":[8.518278170468182,8.576289222849088,8.616695225855146,8.639883433693813,8.645661149521981,8.636221662097313,8.616659078585267,8.592588717888301,8.568206055411132,8.545897342543274,8.526667260756364,8.510682991173596,8.497684326609587,8.48724600506576]}