{"timestamp":"2024-05-12 01:33:39","trueValues":[8.19745812664284,8.203096569166474,8.222153888266462,8.260484346930715,8.323841474211234,8.416774244549046,8.540544091347435,8.69146213255749,8.861151504173488,9.038056508750344,9.208338855065607,9.356261457073186,9.465873268783945,9.524226657073704],"predValues":[8.314851169772563,8.272461585331891,8.243591877192234,8.239600793335589,8.257040256319739,8.284174629716452,8.31114022725748,8.333444155927854,8.35037463345746,8.362806370619614,8.371943656236542,8.37882997693725,8.384232399051676,8.388674260626814]}