{"timestamp":"2024-05-12 01:33:44","trueValues":[8.325681795510077,8.414820431454334,8.533923825184583,8.679811016951472,8.847098455641756,9.028680544836714,9.21545827249929,9.397134450911434,9.564317168834569,9.710074124114392,9.82982949764621,9.920636223779889,9.981002164477914,10.01089064089291],"predValues":[8.349474938541718,8.286685004451803,8.243627758673364,8.231317221180804,8.244512835207903,8.269630669365114,8.295666537861752,8.317556101872263,8.334305045686225,8.346649072561174,8.355727884653298,8.36255652919545,8.367893833066342,8.372259413270486]}