{"timestamp":"2024-05-12 01:33:54","trueValues":[9.725915665138888,9.723420971939737,9.679816201338127,9.604349738648128,9.51036311592009,9.412320025303124,9.322153850054804,9.247197170185595,9.19049273529532,9.152061276906403,9.12966432217384,9.11925709791366,9.115968759509665,9.115541371201092],"predValues":[9.741848637493078,9.733161066439646,9.691781479245597,9.62598175336075,9.546682085331073,9.46307398167831,9.381986086944616,9.307899599439995,9.243025349979554,9.187827937296737,9.141707210396048,9.10355164072871,9.072099794891445,9.046140739343295]}