{"timestamp":"2024-05-12 01:33:59","trueValues":[9.393074261980018,9.303610832184347,9.232022227343869,9.181947095433912,9.15381388791804,9.145476094858438,9.15252906510484,9.169167440799171,9.18951569585359,9.208830032673966,9.22426598006732,9.235039461223774,9.241700127276488,9.24491882902822],"predValues":[9.44961497100084,9.362829097063711,9.27899082035422,9.213628051172911,9.169739418187255,9.14104327010077,9.120830567308396,9.105108631221,9.092020130059792,9.080799060649834,9.071120097562218,9.062799846560058,9.055680960703876,9.049608219364195]}