{"timestamp":"2024-05-12 02:14:04","trueValues":[7.895184555941695,7.743275920063704,7.643377623977947,7.599244731131858,7.6101654592553185,7.671399466007941,7.774036183575786,7.90526698635046,8.049679582137282,8.191426050981772,8.316649230660298,8.415397990406152,8.482309776417276,8.515737230026684],"predValues":[8.20656803601861,8.106393319633778,8.041092479231013,8.026006044042738,8.052795157854357,8.100944916065757,8.153003895199076,8.19973859411021,8.238172444597867,8.268497611927653,8.292063771367555,8.310396550337469,8.32482941099168,8.336410889945428]}