{"timestamp":"2024-05-12 02:14:09","trueValues":[7.670173116719544,7.75190608074733,7.856996825835714,7.97137927980426,8.081573966241818,8.177206618693099,8.252902722862332,8.30880580467404,8.349350283618385,8.380628835191233,8.40746579097769,8.43152020434971,8.451056740564344,8.462353293979048],"predValues":[7.694450261063316,7.688343498763748,7.708055189764047,7.76044507589001,7.835122411783902,7.914094628074675,7.984181526482675,8.040461762529372,8.08339036655324,8.115479042233378,8.13947524786934,8.157680714028428,8.171827585988595,8.183151515644457]}