{"timestamp":"2024-05-12 02:14:14","trueValues":[7.958179147368426,8.007278568780398,8.0579828226595,8.123680485664687,8.218967612742123,8.355450135410477,8.538305086924925,8.76433476284492,9.02163448509779,9.29098533502409,9.548770121744086,9.770394349147567,9.933302652407509,10.019748848323276],"predValues":[8.361442076970429,8.426281508104736,8.477514415805821,8.512745511866694,8.528968991323662,8.527025278201416,8.512138184574976,8.49071906665039,8.467751729262234,8.44617127756694,8.427308250042552,8.411506311541672,8.39860492565984,8.38822481185207]}