{"timestamp":"2024-05-12 02:14:19","trueValues":[8.259426507709255,8.396162061266761,8.576560593161929,8.794794419281757,9.039227042401428,9.294932297948383,9.546425864976928,9.779663997561556,9.98348994716959,10.151016595734074,10.28030155907651,10.373242568865546,10.433108826715245,10.462454562504558],"predValues":[8.405539088335388,8.373718327714354,8.349025755555722,8.338376131956354,8.338590357688137,8.3425312074712,8.345507244094993,8.346233378957564,8.34516171872115,8.343141724227909,8.340867901479266,8.338773486136274,8.337067388155731,8.335816586302418]}