{"timestamp":"2024-05-12 02:14:24","trueValues":[9.337800833714953,9.580799260744422,9.797818963858312,9.976805891706952,10.110740031848833,10.19862680278478,10.244683208808183,10.25610361977997,10.241089744920206,10.20815213997541,10.16618622280082,10.1242888791235,10.09088082809278,10.072437746791984],"predValues":[8.994704237460393,9.018066005352228,9.019968521218363,9.000466537541115,8.96240558866846,8.911797284527786,8.856015668174422,8.80129109367627,8.751468992655466,8.708210013216455,8.671735291598491,8.641502352964647,8.61665190228904,8.59626856311974]}