{"timestamp":"2024-05-12 02:14:34","trueValues":[10.213221262998449,10.218018749919896,10.237286307920431,10.27301841577338,10.322471070432918,10.378703996082272,10.432910016730908,10.4774753478718,10.50814896425167,10.52446520398208,10.52885603411739,10.525476264383698,10.51921693934214,10.514651751787415],"predValues":[10.220520885204024,10.159920518829283,10.058985646621997,9.938842753093972,9.81965882537274,9.710473338815556,9.61383467594889,9.530162782996342,9.458966482349553,9.399169861152124,9.349361581146272,9.308027709617068,9.273709066331891,9.245098502222618]}