{"timestamp":"2024-05-12 02:14:39","trueValues":[10.491817840351311,10.560221764399945,10.608054170844904,10.626411136590988,10.610382480287116,10.55882158926963,10.473964810073548,10.36133629606038,10.229598634141151,10.08989368867858,9.954778383335654,9.837234903773933,9.749767015906585,9.702909522593362],"predValues":[10.322081424126722,10.333297177761697,10.303031812900455,10.237762601358838,10.149324052979736,10.049659650993195,9.948513210941616,9.852889329519057,9.766863079826884,9.69203663644474,9.628340362720358,9.574781803464557,9.52998417295694,9.492506364599834]}