{"timestamp":"2024-05-12 02:14:44","trueValues":[10.607310493924896,10.542404881392056,10.448620258113344,10.331757197749347,10.199503905656844,10.060581442271657,9.924104766955782,9.799165981238804,9.69395882067831,9.614078138443077,9.560768357456444,9.530475882142795,9.516415657314838,9.511559165291088],"predValues":[10.686891366451132,10.666288485775064,10.588034962261888,10.47518903305195,10.352308515408088,10.232757267635584,10.122464505149605,10.024225262435795,9.939016578935888,9.866511534488478,9.805565111162394,9.754651149960244,9.712159502639912,9.676587399613933]}