{"timestamp":"2024-05-12 02:14:49","trueValues":[10.047027279222004,9.913245701822111,9.793446207357942,9.696106393771124,9.626860982542809,9.586654055309833,9.571196313239051,9.572458809797329,9.58162480059916,9.591952288234603,9.600122102804772,9.60567868239368,9.609282246254123,9.611204962065193],"predValues":[10.403045992880829,10.37659682287932,10.318933422182257,10.244141531337494,10.16644882208494,10.09225548750318,10.02373408482744,9.96195574271664,9.907417486131614,9.8600496784201,9.819357420931247,9.784599163055043,9.754946707049257,9.729583018299117]}