{"timestamp":"2024-05-12 02:14:54","trueValues":[9.568589988765272,9.55560142417373,9.562300363806315,9.58031871468603,9.603093089442332,9.627090624022038,9.651121647984136,9.674488200073457,9.695409495670956,9.71109368975598,9.719499524735356,9.721123493992422,9.718965289349644,9.716705553404704],"predValues":[9.617542428998986,9.593386484324808,9.573666553873288,9.56795687996489,9.573037697692891,9.580095452136778,9.583518811225323,9.582153720209892,9.577020807887063,9.569590417616926,9.561083582912888,9.552333285714663,9.5438344246731,9.535844814874832]}