{"timestamp":"2024-05-12 02:14:59","trueValues":[9.5815535692144,9.60016728689212,9.622594541542082,9.64890869085904,9.67807315872146,9.709438889004016,9.744207778430184,9.785046751308546,9.833901381282589,9.889795160488076,9.948151206665326,10.00181448668828,10.043014932265429,10.0653799923481],"predValues":[9.823086437081272,9.827739866500702,9.818782254078172,9.80281100814411,9.78220334327056,9.757104911692034,9.72873993638694,9.699378784850175,9.67107919357736,9.6451243906492,9.622074658748822,9.602001229260985,9.584699444848871,9.569839727463592]}