{"timestamp":"2024-05-12 01:44:04","trueValues":[7.373946505849416,7.363550976294197,7.453210026609215,7.646568949488519,7.934678106172056,8.296092065649079,8.699230606116497,9.107191351859033,9.48460499666627,9.804507803518431,10.0524387381539,10.226384716586908,10.333216909559464,10.383040605312765],"predValues":[7.967008118036386,7.883733845052507,7.836532421097935,7.84775402208539,7.910602695488858,8.000000741252247,8.092284455464732,8.174194700588176,8.241417991013257,8.294461717462033,8.335637444685517,8.367548307692498,8.392485937077812,8.412276035759097]}