{"timestamp":"2024-05-12 01:44:09","trueValues":[8.546073028906434,8.935288757329188,9.29347790191325,9.577816047824404,9.756587686786265,9.81493894876603,9.756564828953842,9.601768398316764,9.383068378730997,9.139211985619395,8.90809617619642,8.719573279607184,8.590705870389602,8.526580613624155],"predValues":[7.8446102727609075,7.936455435537359,8.028259932635198,8.123955842808765,8.215094007512583,8.29077124068063,8.346737846003377,8.385080796738837,8.410278101732032,8.426599923026172,8.437267088682981,8.444457737501423,8.4495606156956,8.453426778840164]}