{"timestamp":"2024-05-12 01:44:14","trueValues":[9.744099336620549,9.72514700407646,9.62908722910536,9.48833507597129,9.33901761460838,9.213254352191663,9.13149082245773,9.097558104436263,9.099716309079042,9.11815513775985,9.13513425463054,9.142096325124744,9.140431424400315,9.13682626580738],"predValues":[10.106609143110154,10.104516322499656,10.03831047140617,9.930565028291667,9.80390818410044,9.674541889400777,9.552659674298573,9.443931875967357,9.3505788936172,9.27247899600101,9.2081921396761,9.155731819531624,9.11303551487448,9.078208151923503]}