{"timestamp":"2024-05-12 01:44:19","trueValues":[9.490192939327574,9.430276713193043,9.388096038709174,9.341323597795666,9.260716780697862,9.12191445382727,8.914498229796248,8.644838001765986,8.333444421716603,8.009814459235663,7.706750432794662,7.454509202014868,7.275781949774108,7.183748076985787],"predValues":[8.931078131965776,8.717133338890347,8.546294430934445,8.453815893568862,8.434136363007205,8.458731124906166,8.501220114339006,8.545924187206934,8.585923267638105,8.61922872421167,8.646087740464303,8.667528653066316,8.684701529935108,8.698621949881034]}