{"timestamp":"2024-05-12 01:44:24","trueValues":[9.153878740372823,8.992549222282605,8.776744705329648,8.523033928556021,8.254952485695474,7.997308832801255,7.770578271949855,7.586454179158403,7.446847575533003,7.346939711052276,7.279565718406448,7.237731100873919,7.214942373525167,7.205401886375837],"predValues":[9.761214537330783,9.863363000966512,9.910694129830652,9.906168279010794,9.86040211430142,9.788328710782563,9.7044824604106,9.619880306836164,9.541212684451873,9.471611647877245,9.411869247584631,9.36146932182326,9.319304594664338,9.284088648562165]}