{"timestamp":"2024-05-12 01:44:29","trueValues":[7.899072513763686,7.670037032879999,7.495688384492089,7.381353240920885,7.3249502104721,7.320758721898623,7.361249777304398,7.436716505783149,7.534849698786062,7.64181957033066,7.744368577611299,7.831397116676366,7.8944055291180515,7.927470446873672],"predValues":[8.213803868924401,8.058133524880246,7.962635893113514,7.954021413966087,8.020662892819367,8.128399564905148,8.245178104446929,8.352136547075313,8.442078396619383,8.514468620327179,8.571589280398562,8.616452826515957,8.651885922026153,8.680234418428805]}