{"timestamp":"2024-05-12 01:44:34","trueValues":[7.359533047773891,7.386368940405353,7.439653471460822,7.506638880955451,7.574044236673674,7.630458430249922,7.668191661594923,7.683881171454929,7.678475028298017,7.657118370729472,7.628252383632303,7.600991229002265,7.581653502771966,7.572214281136047],"predValues":[7.73297501130317,7.737373815100952,7.780067993448105,7.870200413525287,7.991441811953384,8.1172505242462,8.228755017639376,8.318994019004952,8.388611002904526,8.441217241072264,8.480838635690947,8.510935490485249,8.53418190605997,8.55254578231353]}