{"timestamp":"2024-05-12 01:44:44","trueValues":[7.541820806097738,7.593717122516602,7.685116823349545,7.815931400943112,7.9793742053775105,8.165778499847585,8.365880483291829,8.571571472552371,8.774798068531162,8.9665476405346,9.137000623226797,9.27641160633285,9.375825635317728,9.427787867346373],"predValues":[7.737794824479543,7.668619581480992,7.631014460313062,7.645555496988161,7.706824056278166,7.792575214615008,7.881150909988649,7.960090434263281,8.025203362020424,8.07686950538256,8.117234311132504,8.1487523383683,8.173599068001419,8.19351594791603]}