{"timestamp":"2024-05-12 01:44:49","trueValues":[8.095245607918574,8.270837084497327,8.454793198799342,8.642939472731086,8.830785405376337,9.01334081297054,9.18549537523454,9.342059301053204,9.477650899834538,9.587456737332149,9.66900232029181,9.723510808536934,9.755335821777953,9.76959910921023],"predValues":[8.316574544021798,8.396319408206235,8.458252970946516,8.504310440124916,8.53312991419099,8.544697837918537,8.542701498623966,8.532482718586905,8.518627151095764,8.504138474804241,8.490634280039423,8.47880295966151,8.468800000088727,8.460514035835201]}