{"timestamp":"2024-05-12 01:44:54","trueValues":[9.117523092114464,9.295858837527785,9.446756678792903,9.560978862145738,9.630391188708495,9.650367871091657,9.62187797507448,9.551691140096814,9.45073022059211,9.332125180766443,9.21023020780428,9.100196855137431,9.016737061606676,8.97171244750732],"predValues":[8.90216270816127,8.90871200872811,8.898614428360643,8.878104839535515,8.850392109820737,8.81763391228159,8.782744886340822,8.748801270980643,8.717964194520068,8.691248704191953,8.668814007457016,8.65033557625259,8.635274922572982,8.623051563790128]}