{"timestamp":"2024-05-12 04:06:04","trueValues":[4.08796578095061,3.9077092466946537,3.7560328437362,3.637789608845258,3.5503155413894936,3.4836777171315143,3.423795910639994,3.3575693944712635,3.277901210340944,3.1862265510470467,3.0914275450073525,3.006090485541625,2.942213209679098,2.908248464113363],"predValues":[4.420040948369388,4.3471238566077695,4.310783898191505,4.318865072213842,4.364649700935381,4.432226747879632,4.50565607477855,4.574456129963561,4.633890888084977,4.683003432816436,4.722704846460399,4.754574113528145,4.780251117378094,4.801184041233368]}