{"timestamp":"2024-05-12 04:06:09","trueValues":[3.346476833921502,3.285300902010561,3.2351498874127325,3.1935757428543328,3.1656220756384856,3.1618688727122928,3.1937320266388096,3.268210818337117,3.3840952445268875,3.5308153517863,3.690057099252255,3.8391742223455223,3.9551505117717047,4.018733725606936],"predValues":[3.345100579778607,3.4563854652178296,3.614234546085632,3.785087407950863,3.943211746291962,4.076551715685206,4.183173237850499,4.266083031400363,4.329783740474498,4.378645513521171,4.416342622513988,4.445767856133457,4.469125871835685,4.488065413296224]}