{"timestamp":"2024-05-12 04:06:19","trueValues":[3.3961057729688897,3.6041683287905615,3.832231022852503,4.067149471909008,4.298815231477488,4.522568086219514,4.740308982186421,4.958941890113038,5.185654975354183,5.4214470720290135,5.656244321415923,5.868825751102788,6.032063632411623,6.12108704893314],"predValues":[3.478080538311179,3.5900648468436867,3.713620667251853,3.829941651462038,3.926967734654125,4.001432439548728,4.056080367216355,4.09569428652647,4.124722736996533,4.146545621254612,4.163522844380465,4.17725043458891,4.188800783035421,4.1988977155428096]}