{"timestamp":"2024-05-12 04:06:24","trueValues":[4.352329744554024,4.523644376994292,4.705836281097541,4.914660952933694,5.160607110085176,5.443145733270477,5.749445671284713,6.058084085160813,6.345434680754387,6.591792145995118,6.785392405058616,6.923442815557973,7.009889543051237,7.0509772941987645],"predValues":[4.948585830187063,5.058749685129723,5.122336719678223,5.129737341608461,5.087716605504368,5.01530216179681,4.933268391352218,4.856151280859457,4.790947087890588,4.73941169598122,4.700603183028098,4.672550941409924,4.653122597827974,4.640396117554852]}