{"timestamp":"2024-05-12 04:06:29","trueValues":[5.536374127144488,5.832554623666645,6.116432556358713,6.361909197684891,6.54805780337832,6.663785414206116,6.709510248765004,6.695496935651265,6.637803235036799,6.554197922165902,6.461869422549192,6.376547645936538,6.311573061223307,6.276589547382232],"predValues":[4.808519611367262,4.799463490989593,4.77677509889363,4.747624950400067,4.718437691152411,4.693317631014427,4.673877426609549,4.660075199597994,4.6511446145688895,4.646156457443547,4.644256067887406,4.644733075633075,4.647022546694322,4.65068646121261]}