{"timestamp":"2024-05-12 04:06:39","trueValues":[6.442931708386304,6.258070450499193,6.070312626824273,5.8961471068845,5.752086016718378,5.654043723467661,5.615200558306373,5.642057049565891,5.730522309714277,5.864825497534297,6.020421154939951,6.169347773947294,6.285559651875969,6.349092465519649],"predValues":[6.6717351556920175,6.587831760738994,6.476900839466399,6.356248827589456,6.239550290461159,6.135471270246264,6.047973215355892,5.97749334828233,5.922408762923508,5.880265963336386,5.848526932755704,5.824917981327196,5.807543769480952,5.79488810529767]}