{"timestamp":"2024-05-12 04:06:44","trueValues":[5.5038766683682185,5.424334800340914,5.419366012570664,5.492421040387172,5.636071221147169,5.8341489574781855,6.066037281900453,6.310655691355752,6.549062351955585,6.765882979296391,6.949797896342293,7.093183750191299,7.191218867145791,7.240974255190569],"predValues":[5.977752226523964,5.905926272330531,5.844215041878881,5.799652767308603,5.770906252254159,5.7530125562977785,5.741596796629098,5.734105009157915,5.7293055288208485,5.726610032221742,5.725675917662992,5.7262351371911215,5.728038248065088,5.730849894347556]}