{"timestamp":"2024-05-12 04:06:54","trueValues":[6.799466982479025,6.920177600775148,7.009083671563934,7.069677393219948,7.10692024432284,7.126902242480983,7.136543995143724,7.142427229105289,7.148941179768495,7.157196312527125,7.1657831496446445,7.172743891195106,7.177107345089256,7.179046805591517],"predValues":[6.845955295219733,6.8827917553252345,6.878197596796856,6.8338967254613285,6.758718643564111,6.667201729892812,6.573877186938809,6.488715680941869,6.416353896630229,6.357615513337382,6.311308734312317,6.275473500424715,6.248057390953945,6.227219818812413]}