{"timestamp":"2024-05-12 04:06:59","trueValues":[7.181574190806811,7.195073335585395,7.198755041338076,7.194947351718316,7.182948584428463,7.160119191401096,7.124232926073665,7.075422948609474,7.016726161255863,6.953499802039907,6.892385666013135,6.840118574289262,6.80229869581205,6.782567602233067],"predValues":[7.225500565794841,7.181620438049156,7.106361822160958,7.010813158954397,6.906698124363998,6.804593781660621,6.712078033870163,6.632990465262276,6.568060134375772,6.516154914033812,6.475351291059084,6.443583821082248,6.418962613202751,6.399887353362198]}