{"timestamp":"2024-05-12 03:22:04","trueValues":[5.933955689339874,5.477659133261563,5.063440590762778,4.712614508836347,4.443593724930476,4.268699705023561,4.191146003286793,4.203447753138836,4.28815479359839,4.420869636159623,4.574183580213146,4.720836185436182,4.835883061442115,4.899215470368966],"predValues":[6.480784810457155,6.348268121714282,6.284301806620802,6.313777778897181,6.424946713994604,6.581842477066534,6.747909015137779,6.899857519328135,7.028106703915286,7.131707171487407,7.213646387584502,7.278049925170269,7.328879897127701,7.369466104905657]}