{"timestamp":"2024-05-12 03:22:09","trueValues":[4.135241492860558,4.031185629490429,4.027366378060084,4.112432200107343,4.26831859718093,4.473457740215099,4.704993797210047,4.939826396500589,5.155901120940609,5.334966257128676,5.466373012055262,5.549801974091123,5.594196602407899,5.612064251066867],"predValues":[4.527486673139776,4.510443723363331,4.599062295861039,4.773389448583864,5.0002247302024125,5.244432030910025,5.478102402447893,5.684582584951733,5.857561623915475,5.997651830169883,6.108939572838159,6.196612250936696,6.265687158682459,6.320480971149753]}