{"timestamp":"2024-05-12 03:22:14","trueValues":[4.271521268548731,4.470235056563759,4.689831462722107,4.917029529371394,5.142345894735962,5.36276184648599,5.583024438127779,5.812933699524168,6.059904073620348,6.320460505416071,6.576904387896805,6.80202971759795,6.968470087544819,7.0564589213604245],"predValues":[4.078383731085638,4.262496095948537,4.539643568123554,4.840641776429787,5.120587298131576,5.360083360366826,5.5550831965359535,5.7092634624054055,5.829307881201883,5.922298992170125,5.994535855769684,6.051167464542704,6.096211481220745,6.13272128695359]}