{"timestamp":"2024-05-12 03:22:19","trueValues":[5.436214228482418,5.615601101951283,5.784608459637064,5.950756860643036,6.113288807034232,6.260495108362956,6.374924208256971,6.442928917604439,6.462189432203122,6.443004667397935,6.403328653191309,6.361123393248146,6.328716568435324,6.311765226488914],"predValues":[6.084934330384726,6.269834792112332,6.419044741926226,6.526402133467027,6.594240060374428,6.631458857595526,6.649026829439871,6.6560590681638425,6.658566519222953,6.65993320497088,6.661817647202075,6.664883786211817,6.669279400544609,6.674911331243891]}