{"timestamp":"2024-05-12 03:22:34","trueValues":[6.596371420353547,6.748456805749695,6.913173801447332,7.068778495670456,7.185521951097352,7.231006645521418,7.179193786769774,7.019815158098028,6.764461009488649,6.446356396418596,6.113098502289869,5.814952099284914,5.593729744470086,5.47677757842795],"predValues":[6.71633198279968,6.741499785241723,6.754775135893556,6.763998802853945,6.7712144358148025,6.775466258434327,6.776443563664807,6.775135085652935,6.7729186732741,6.77088352882216,6.769662761097495,6.769518172017978,6.77047102468354,6.772415535172033]}