{"timestamp":"2024-05-12 03:22:39","trueValues":[7.325542122016369,7.331025078121774,7.231529983568417,7.031921835620022,6.756631404517345,6.442725589211369,6.128889676346409,5.845396472868679,5.609595472270752,5.427662940610092,5.298963310540385,5.218459818818799,5.17655051464777,5.160478202541857],"predValues":[7.243174720244456,7.4093304304410275,7.51814009170697,7.565965056066956,7.5593012005492515,7.513941426837268,7.448553141936046,7.378147031240362,7.3118058936735775,7.253681349496802,7.204839743171468,7.164766507679296,7.1322927041016975,7.106094704468102]}