{"timestamp":"2024-05-12 03:22:44","trueValues":[6.032044362727312,5.701103083335834,5.449081327615617,5.308071691630848,5.296530280331026,5.421099885475488,5.676145918477461,6.040619903822995,6.476747745146912,6.93489671591215,7.363621676101461,7.719396395688602,7.971459548006492,8.101578822232385],"predValues":[6.826768536998928,6.619469924489389,6.4659264220156185,6.391612950919258,6.3854851913085104,6.419958922328792,6.470822516562986,6.52353507023037,6.571457180378156,6.612553038082531,6.646973212669867,6.675688231757542,6.699837531712992,6.7204588847071225]}