{"timestamp":"2024-05-12 03:22:54","trueValues":[6.877269462484961,7.142282108448275,7.342916200968238,7.48280055383646,7.576150346721628,7.64277295457372,7.702965069429828,7.7720435653237026,7.855713863543757,7.949027774947795,8.04022016055643,8.116971711848384,8.17090875428292,8.198327255852432],"predValues":[7.34271871992765,7.59528075772762,7.7565281470943646,7.823704924488354,7.8131105849488,7.751835912517564,7.66655466868915,7.576516337829153,7.492610816566136,7.419529542110654,7.358291548526795,7.308080066988544,7.267351130652315,7.23441910727125]}