{"timestamp":"2024-05-12 03:22:59","trueValues":[7.683583222267176,7.733071226830347,7.7834169316869,7.8396360363213,7.896946735348299,7.944919478252791,7.974018030505432,7.980301276534409,7.966214207042793,7.9384847326368195,7.905253962701755,7.873888498207948,7.849951829251786,7.83707170646988],"predValues":[7.888297437874738,7.812051948361092,7.711229770583426,7.607367766882179,7.5144573227992915,7.437662447941234,7.377001747520444,7.330407650857589,7.295304133396289,7.269266404378408,7.250243903604554,7.236578640857775,7.226967188112433,7.220396890234417]}