{"timestamp":"2024-05-12 04:47:04","trueValues":[7.63244945376951,7.590211368915831,7.570283857451256,7.569071594966562,7.577397959109954,7.583086901495919,7.575087723302683,7.548021126036993,7.504518152526296,7.453478207457067,7.405348914979349,7.367643591453005,7.343237007988415,7.331643568540954],"predValues":[7.465655053208826,7.365472628950268,7.2801180274271005,7.223711010147078,7.196591255131566,7.189997833632376,7.194170716993415,7.202510104785512,7.2116628061498895,7.220307053637217,7.228111674466104,7.2351364711051005,7.241547029944902,7.247503090023724]}