{"timestamp":"2024-05-12 04:47:09","trueValues":[7.624824506135022,7.624659451321825,7.602063155027428,7.557787799411816,7.498802897054169,7.433804790036641,7.369029413990868,7.30689491495626,7.247658310653204,7.192302753664665,7.144154058608262,7.107588437238104,7.084869080752869,7.074711166339355],"predValues":[7.62179478018391,7.706058053103229,7.763528491168444,7.790974103190365,7.787993813946587,7.760363478744033,7.718177754273928,7.671171685049953,7.625927263655082,7.58575861000198,7.551737650115808,7.523703581803355,7.500949938569485,7.482604667528365]}