{"timestamp":"2024-05-12 04:47:14","trueValues":[7.269209525586098,7.1937996758996565,7.139524550176251,7.112786202015713,7.1199112010131245,7.167770186332996,7.261329154963715,7.399267668399696,7.571390336013804,7.76036454189903,7.945994327954194,8.108397366802071,8.229392113270995,8.294179981387975],"predValues":[7.391905585838078,7.331714002559469,7.281393281845333,7.251861493931642,7.242334030431019,7.245243354078784,7.253264061160699,7.262171705298395,7.270307498908674,7.277348242872618,7.283471749863379,7.288959755955017,7.294047484190495,7.298897331495517]}