{"timestamp":"2024-05-12 04:47:19","trueValues":[7.16109809136407,7.2313258578091,7.340773412072908,7.480923553690239,7.637222222337291,7.793416701794692,7.934678106172056,8.0487623451641,8.12727182324267,8.167827731103229,8.175501583867554,8.161792731765921,8.1412512482909,8.127073279047085],"predValues":[7.191034143965159,7.123045913520135,7.071390135919217,7.047468085344256,7.04946043780759,7.067008608390127,7.0897181306916455,7.111453005650174,7.129924260558372,7.144931224910661,7.157058633955085,7.16703368570921,7.1754793890009525,7.182862203085001]}