{"timestamp":"2024-05-12 04:47:24","trueValues":[7.96987624442804,8.13309179948195,8.252026948934013,8.311037367011574,8.300834534299462,8.220938967894277,8.07990002869992,7.89330596106298,7.680789782514022,7.463172320503382,7.260366999691934,7.090143126901473,6.967343409037339,6.902963792438992],"predValues":[7.473155345919981,7.481642246467835,7.481274394839065,7.47416295106786,7.460484664672375,7.441044609773668,7.418360603192065,7.395478052414876,7.374668388092001,7.357085133394582,7.343014808594159,7.332234151141479,7.324288396486814,7.318663243400635]}