{"timestamp":"2024-05-12 04:47:34","trueValues":[7.431623993350188,7.295299880776304,7.193050948993411,7.1280533735533815,7.098239849565633,7.096748774683121,7.113906501593215,7.140049748744494,7.167770717910495,7.192773465539339,7.213439603937694,7.229593978319895,7.241118578481336,7.247289395869439],"predValues":[7.5264723032028416,7.43513825219093,7.362538852737584,7.322659908821013,7.314053137547309,7.325148754667685,7.344135373960409,7.363792844055888,7.38109755214424,7.395388481606425,7.406984844730125,7.416471908340884,7.424404373558094,7.431222120761532]}