{"timestamp":"2024-05-12 04:47:39","trueValues":[7.007873003811735,7.013846871736747,7.037388312822982,7.074747313609235,7.125121457861942,7.1897097186283405,7.269849810682706,7.364934938310817,7.471035946434572,7.580921254768165,7.685287459726474,7.774383569470874,7.839426594787001,7.873752680157152],"predValues":[7.11794276953721,7.155050068378056,7.193391158592274,7.234881845483452,7.274765573597508,7.306776638962905,7.328422740479231,7.341087840163105,7.347613751320021,7.3505951037187955,7.351847766093355,7.352466788090034,7.353034778646883,7.353818323879262]}