{"timestamp":"2024-05-12 04:47:49","trueValues":[7.524217085666637,7.603069431231561,7.67600824291752,7.742372769894226,7.803742594697644,7.863431305662935,7.925272373918526,7.992053126076339,8.064176232091278,8.139014104389634,8.211193291830634,8.273779897527481,8.319938100641794,8.344412726026157],"predValues":[7.3785050486854145,7.382297854135224,7.380390022494108,7.376217936499316,7.369540525755408,7.359206924978732,7.34569528812894,7.330860289097325,7.316590888523818,7.304104133090597,7.293910337195953,7.286037940236043,7.280253579689146,7.276221298576388]}