{"timestamp":"2024-05-12 04:47:54","trueValues":[7.854321662075915,7.90614276027878,7.961493267281087,8.02170478471588,8.085500197643682,8.149267436964077,8.20817632373948,8.257698349262537,8.294869437403168,8.318879464054085,8.331049930875865,8.334465316301937,8.33325438276099,8.331410606208408],"predValues":[7.731039271843397,7.688762381832348,7.643054159070279,7.600440514714107,7.562717914919069,7.529340695383245,7.499940207111614,7.474704096961049,7.4538152275909395,7.437149741444199,7.424302842255933,7.414715044709261,7.407793108316172,7.402982597746017]}