{"timestamp":"2024-05-12 04:47:59","trueValues":[8.170922841086622,8.229232640021529,8.275206385743958,8.305197190827364,8.317914385106064,8.314544981133588,8.298535195830905,8.275015283633348,8.249741963057907,8.227742628294013,8.212134449791236,8.203532196926268,8.200298079427089,8.199709888925305],"predValues":[7.871012132365072,7.876038463399505,7.868197961089487,7.849271675842811,7.820205549817562,7.78366783626606,7.744166046584477,7.706069482019441,7.672178227042835,7.643630920655849,7.620447762803415,7.602071128689901,7.587731825675378,7.57665162430245]}