{"timestamp":"2024-05-12 04:53:04","trueValues":[7.587974490803316,7.6180290851865085,7.628377570133134,7.626701240492493,7.6209017299868975,7.617566346974307,7.621312639393023,7.63440751948421,7.65641668843182,7.684229886293762,7.713001784173747,7.737896887359202,7.755600278571219,7.764634703942242],"predValues":[7.684002371124524,7.690745431689463,7.687791721320595,7.674943493188583,7.65207715552509,7.62148699681244,7.587541520931015,7.554505308360298,7.525122096357359,7.500546737037084,7.480852588094227,7.4655505982304255,7.453937224626781,7.445291913984457]}