{"timestamp":"2024-05-12 04:53:09","trueValues":[7.616820012166804,7.615050922252723,7.621303868364302,7.63551320068051,7.655204425947126,7.676455565382273,7.695634349940605,7.710861918954656,7.722235019529103,7.730939069484981,7.738156297178333,7.744392498598719,7.749328461458454,7.752138645902802],"predValues":[7.571616256450548,7.5205313930827185,7.479417328849029,7.4545594360884495,7.443628873781272,7.440336282757288,7.439689352941952,7.439416653685365,7.438995644306773,7.438570648096945,7.438391240691295,7.438622211114273,7.43932229867943,7.440473429751829]}