{"timestamp":"2024-05-12 04:53:19","trueValues":[7.713066636628529,7.716137559835754,7.720328251042984,7.725847354418267,7.732937800878294,7.741977542024299,7.752731354813319,7.763316125957903,7.770196333517383,7.769900776428372,7.761517533492672,7.747929881060633,7.734530938640464,7.726428368623823],"predValues":[7.703198697740296,7.677486825728824,7.65618970484008,7.642349021518888,7.633236985833125,7.624925505859684,7.615713799393005,7.605960415455638,7.596648240841795,7.588546733980151,7.582021885978232,7.577121273022129,7.573704558652311,7.57154688558703]}