{"timestamp":"2024-05-12 04:53:24","trueValues":[7.758231587187415,7.777633368506251,7.797000597287701,7.811717054537212,7.816933158738511,7.810126574662534,7.792454014945413,7.767643432582175,7.739439259470291,7.7100581737773455,7.680895566436169,7.654144726204421,7.633236720044376,7.621706006741706],"predValues":[7.623267249853983,7.576432880161932,7.542302946888626,7.525514134762298,7.522046123163901,7.524599555676607,7.528002980608971,7.530300990133782,7.531406671330082,7.53183459121615,7.532094266824032,7.532520857766354,7.533275432025079,7.534401047377564]}