{"timestamp":"2024-05-12 04:53:29","trueValues":[7.820913345256443,7.81320626889848,7.799541006151701,7.782680962640612,7.763455399262438,7.741489819669681,7.716903297221943,7.690899323375198,7.664859468047322,7.639313448215295,7.614197740368078,7.590328581754189,7.570550975144112,7.559068901182529],"predValues":[7.925924619508844,7.919488810737877,7.909283320138273,7.895026943213472,7.874930390104462,7.849085623718434,7.820148139447753,7.7914628886999795,7.765455725388245,7.743295056853641,7.725198829870438,7.710856868968423,7.6997306861418995,7.69123341983283]}