{"timestamp":"2024-05-12 04:53:34","trueValues":[7.835079088217798,7.821379007144886,7.796995281512719,7.759513220535627,7.705882100951317,7.633220241141932,7.540945297958167,7.432654456330489,7.316188750146414,7.201780248880455,7.099536632872544,7.017528577489429,6.960938963338768,6.932257433633481],"predValues":[7.762363539081091,7.735409636245023,7.715620069141236,7.705782164381652,7.702158134787528,7.699551544524999,7.695366966459,7.689614234773247,7.683287133600666,7.67731725250689,7.672265139963795,7.668348476956899,7.665564871387462,7.663792326219642]}