{"timestamp":"2024-05-12 04:53:39","trueValues":[7.703642299162562,7.634871055062659,7.54706242601895,7.444245503679208,7.332245314268942,7.216508135046178,7.100690156043685,6.986472491099587,6.874560809342774,6.76654984326791,6.666653673492145,6.581856829658985,6.5200481876307865,6.487513651324016],"predValues":[7.785722649085436,7.8001541807959,7.811175377066524,7.818402970521093,7.81867566977768,7.810448444837707,7.795626469454799,7.777749783978361,7.759870440614432,7.743811750181912,7.730337589545744,7.719544174233107,7.711187510172317,7.704891240494633]}