{"timestamp":"2024-05-12 04:53:44","trueValues":[7.139032309412898,7.028082517139117,6.929986002983581,6.847724385133814,6.784304000131007,6.743968165354714,6.731811519547888,6.751412642428556,6.801947854663224,6.8767102429568325,6.963683763750834,7.047717660979672,7.113697591636414,7.149828914190525],"predValues":[7.3313360509582335,7.282844488415478,7.255937098610506,7.259119387303608,7.287091526837518,7.326914123539279,7.367275739824235,7.40233912318442,7.430596188257376,7.452661172842301,7.469809331357426,7.48329970510729,7.4941561123534655,7.503143493115896]}