{"timestamp":"2024-05-12 04:53:49","trueValues":[6.754296716145157,6.731075018924102,6.735422791282055,6.766863739780609,6.819666927411439,6.883542076963974,6.945876449137915,6.9948982602351455,7.022835581442923,7.027757191710205,7.013463870149279,6.988096194567904,6.962192157290825,6.945998180385007],"predValues":[7.053005793931979,7.0340906718127645,7.033408392093797,7.056599257819955,7.09776222718348,7.145035945677812,7.188808960557605,7.224832372879576,7.252763049368625,7.273945881095251,7.290055868756349,7.302547142598306,7.312522991718678,7.320767492927343]}