{"timestamp":"2024-05-12 04:53:54","trueValues":[6.9335560774616365,7.002770657195056,7.053994262289921,7.07736081437924,7.068906340058778,7.030749707236443,6.97005099902453,6.897467812684881,6.824876652682758,6.762229978728613,6.714893268300743,6.683272513713416,6.664791025938377,6.656449378941911],"predValues":[6.80249006371141,6.824906421022659,6.858012004456893,6.905518288106696,6.961742708516079,7.016654664082353,7.063141116301817,7.099152036552581,7.125834037498308,7.14537110529044,7.159845163200762,7.170876725232603,7.179612138260875,7.186822987024248]}