{"timestamp":"2024-05-12 01:14:04","trueValues":[7.254122824609075,7.402073334435309,7.5283801348439585,7.617384813258664,7.6599490209075025,7.655251204766969,7.610141006690401,7.536495994298054,7.447673646965239,7.3555884769483395,7.269621232358471,7.197184495619581,7.144545565435702,7.116755756983682],"predValues":[7.050255943533679,7.090845606565372,7.135946236246974,7.187595900706663,7.2405620168406974,7.287302563104312,7.323694358632551,7.3498498320662895,7.36798566157311,7.380594679830922,7.389675884021789,7.396611109852334,7.402285699645848,7.407230699323053]}