{"timestamp":"2024-05-12 01:14:09","trueValues":[7.662620197836064,7.628727348126964,7.568243663013082,7.4935809455003906,7.415212601247598,7.340579120497308,7.274707365861453,7.221171664438074,7.182250888962047,7.158328838387085,7.147363989331272,7.145234224084648,7.147106705822132,7.1490687583680685],"predValues":[7.85919808825585,7.858380522063585,7.843836030134748,7.818867569254538,7.786203992510075,7.749204338112619,7.7118456031151155,7.6774791178551,7.648019358692416,7.624045745100128,7.605281325201661,7.59103690877057,7.580500776967072,7.5728992187425055]}