{"timestamp":"2024-05-12 01:14:14","trueValues":[7.253479084258729,7.178363462717553,7.124437051832981,7.097456038544506,7.101037010361274,7.135614266099335,7.1981713692450295,7.282940172365158,7.382360846068764,7.487527872528143,7.588414902760593,7.674757972641704,7.737601861847689,7.770614685008484],"predValues":[7.474621968237574,7.44348587943425,7.421314313560932,7.415589755482586,7.423714651754151,7.437796139682037,7.4514964865436975,7.462217873105326,7.469833518133595,7.475122980029647,7.478941035410623,7.481935943035602,7.484526320184436,7.4869497819988275]}