{"timestamp":"2024-05-12 01:14:19","trueValues":[7.090158011071424,7.130431119702926,7.193030749048479,7.273301343378657,7.365977627573579,7.465222880702772,7.565184168722069,7.661056562625046,7.749760102387009,7.829646366185974,7.899432657518732,7.956998247956127,7.998897186365941,8.021186496655115],"predValues":[7.152068184401783,7.140244306108843,7.142138582523755,7.164015920251808,7.201198171519902,7.243147078214548,7.28135235037797,7.312261987167052,7.335841701833159,7.353484493210379,7.366785359582126,7.377072447327707,7.385319606423864,7.392196624518355]}