{"timestamp":"2024-05-12 01:14:24","trueValues":[7.479139579606208,7.5737648926983585,7.661128857164805,7.738020479127538,7.803037988723751,7.855633063764027,7.895003819592299,7.919664497101039,7.928266484177259,7.921263482215689,7.902138918562176,7.877252586405442,7.854421067068083,7.840827035706066],"predValues":[7.484082984550919,7.546540416915697,7.593799251240077,7.624262362930653,7.636560939929504,7.632461945840719,7.617195305880548,7.596803727260025,7.575864623816333,7.556969701642052,7.541176799958643,7.528629976268123,7.519023573509013,7.511885550862896]}