{"timestamp":"2024-05-12 01:14:29","trueValues":[7.859948144105839,7.902896416497143,7.931500601676438,7.944045299056965,7.940475756156408,7.923634317857757,7.899141618838455,7.87403149255497,7.854746658285743,7.845087363565561,7.845005500630835,7.851123957635364,7.858696810675026,7.863622141984797],"predValues":[7.631611421843564,7.575945157807315,7.53053461844425,7.502671718086225,7.490474938178282,7.487285473188954,7.48741198863353,7.488056792138874,7.48845228579755,7.488674219403057,7.488983863295772,7.489578698516281,7.49054749850679,7.49189531325353]}