{"timestamp":"2024-05-12 01:14:39","trueValues":[7.906422370042845,7.932337836236137,7.956892198245232,7.972701844619836,7.973825333662326,7.956956253333768,7.922424181683056,7.874176613211984,7.818384631097404,7.761630493711044,7.709770590350807,7.667473500394826,7.637946230889869,7.622885045632762],"predValues":[7.77814448027079,7.781631097081625,7.7862319003287315,7.793386933454792,7.799339272491126,7.800236841096874,7.795569590662489,7.787257844900299,7.777594829137629,7.768226573097724,7.760034963850131,7.75334027683753,7.748140651538678,7.744270767351626]}