{"timestamp":"2024-05-12 01:14:44","trueValues":[7.934887016128857,7.9041092105593345,7.863432634606681,7.819528851662326,7.779117001303787,7.747669142297756,7.728795483223404,7.723845965137464,7.731792782947125,7.749647407957386,7.773132767617559,7.797249641345617,7.816921198244801,7.827943191881673],"predValues":[8.061218534891175,8.072554425040746,8.076268025443321,8.071108800034333,8.05543364276678,8.030466510830315,8.000308790412468,7.969477827093122,7.941126141225482,7.916775639186955,7.896780617380104,7.880849239758408,7.868413515765016,7.858839805022048]}