{"timestamp":"2024-05-12 01:14:49","trueValues":[7.71816845166771,7.690257709334844,7.677745969759206,7.6811512552128125,7.69924057168854,7.729555904834609,7.768769313723408,7.813056098255233,7.858720731662446,7.902761395812594,7.942882473279606,7.97691459629324,8.002227785181047,8.015910324196518],"predValues":[7.770238328139743,7.719364766827457,7.684883992405323,7.672612791647631,7.677596064904709,7.690321764423381,7.703650272825035,7.714555053623549,7.722632373709024,7.728485307753191,7.732869758958522,7.736390396729242,7.7394522831189985,7.742295956945734]}