{"timestamp":"2024-05-12 01:14:54","trueValues":[7.663321614344968,7.694001609654817,7.736098826471467,7.788656691086869,7.851299378209777,7.923863427759491,8.005351068771848,8.092820817160439,8.181030787215303,8.263266623556406,8.333078696397827,8.386088136097968,8.420768783659431,8.437657000777927],"predValues":[7.66234962488947,7.639203411673163,7.628493985605244,7.633062894202458,7.647226776642569,7.662904060220114,7.67527014756124,7.683333115054262,7.688010465461113,7.690596324201211,7.692132583171071,7.69328956159595,7.6944404268796,7.695755815398948]}