{"timestamp":"2024-05-12 01:14:59","trueValues":[8.046716303373445,8.135679518743292,8.216702029444704,8.27998447008672,8.314875090759983,8.312355679207164,8.267708219342795,8.182203978753877,8.063167032210904,7.922968517041235,7.777917230890301,7.646737991132953,7.547609950842119,7.494434127385036],"predValues":[7.855177236059302,7.833791607517105,7.817202402741359,7.80808345654812,7.803284906471675,7.798569282484953,7.792153142081419,7.784474770908361,7.776666960614484,7.769648808694216,7.763907771713423,7.759581528244149,7.756590607450406,7.754755601926545]}