{"timestamp":"2024-05-12 03:23:04","trueValues":[7.9381761518991025,7.9697499947722115,7.980017945727857,7.971494100543876,7.950800320115614,7.925739896328212,7.903064129197832,7.887415816593938,7.881198751963488,7.884718060790464,7.896182061117107,7.911810971142316,7.926535136265551,7.93542709886705],"predValues":[8.160502327388988,8.264670785517959,8.314949777398484,8.311584094468495,8.261697140992908,8.180152621188242,8.084002478042443,7.986917024288524,7.897208537266173,7.818621183084113,7.75194169643971,7.6963828110581,7.650491194059146,7.612654039313242]}