{"timestamp":"2024-05-12 03:23:14","trueValues":[8.222950988725046,8.259111813830309,8.25750299453194,8.201033516895878,8.076068949670237,7.875467814955163,7.6004639041240285,7.261239318366515,6.876744263916718,6.474047730139071,6.08665159149273,5.751256888715528,5.503203026783598,5.371062429120717],"predValues":[7.8278020580558945,7.8470709450001745,7.853843242327516,7.851539917027722,7.839942490749025,7.819558088424728,7.793410854442212,7.765447485937022,7.738717908805205,7.714894731644913,7.694571194944162,7.677700254094359,7.663919107452969,7.652756245779067]}