{"timestamp":"2024-05-12 03:23:19","trueValues":[8.10027725472799,7.90027015786718,7.62638840713479,7.285414399830629,6.890353711026183,6.459832949153506,6.016467547296929,5.584427204698399,5.186598990543837,4.841664199300428,4.561877303646469,4.352702803981096,4.214660151190853,4.146249067457791],"predValues":[8.159994670878186,8.151529033430261,8.12898483173069,8.097274373440538,8.059343926843695,8.017918623984798,7.976277766450371,7.937365762003064,7.902973495234384,7.873738061775951,7.849521517266975,7.829784044758013,7.813842567163851,7.801010020568036]}