{"timestamp":"2024-05-12 03:23:24","trueValues":[6.438691181788617,6.020387266874439,5.622603971018478,5.267367540095474,4.971089931009112,4.742095198863022,4.580120403831251,4.4782040979726325,4.425898076892252,4.411964832639183,4.425291796143734,4.4541618469017,4.4853782620485445,4.505533037428932],"predValues":[6.911599534686349,6.769328398851114,6.676628060774397,6.656558485223421,6.702487179752877,6.787744901276994,6.884784107788569,6.97605250897945,7.054094464648335,7.11766794397063,7.168337645312348,7.208522246290397,7.240592050969347,7.266545524953761]}