{"timestamp":"2024-05-12 03:23:29","trueValues":[4.52365791145575,4.347405393340265,4.255712236810609,4.246295358041413,4.315028046160899,4.4555286177850855,4.656899256611276,4.901231012900659,5.163338953295724,5.41464945832332,5.630275564578435,5.794904717094489,5.903428389666388,5.956753719294846],"predValues":[4.964834725693165,4.946277355230255,5.020034331133164,5.176749457526479,5.384746031291184,5.607226231361179,5.816210476117579,5.996958918900951,6.145453764085364,6.263867701800422,6.356923000751575,6.429780879763429,6.487085598543573,6.532655345367354]}