{"timestamp":"2024-05-12 03:23:34","trueValues":[4.436807837076863,4.605399920606904,4.81090971669364,5.030822231329258,5.240702483182504,5.4213056059673,5.564318358859741,5.672611061008663,5.755398940581669,5.822290659542237,5.879348194785706,5.927720816863236,5.9643879695355535,5.984504058117624],"predValues":[4.421151754305007,4.457865625579405,4.571267329446106,4.743610394074516,4.947548290581315,5.155338379711554,5.346541490046822,5.5106393308534045,5.64521382253908,5.752604570567893,5.83712273489761,5.90339197660776,5.955567769896314,5.997082244880539]}