{"timestamp":"2024-05-12 03:23:39","trueValues":[5.10974723689347,5.215344110207348,5.316766239638945,5.435939469363024,5.594521794942436,5.808152558610789,6.082893870157803,6.413534010896539,6.783464905050065,7.166016777955113,7.527746494466078,7.833994670121426,8.055123201507818,8.170706223256097],"predValues":[6.0255635027633705,6.266534759003373,6.461423827711308,6.594591433100753,6.66909999313896,6.700391568360514,6.706069081830268,6.699601777092531,6.689224852749751,6.679202224809535,6.671366905380125,6.666242365402896,6.663727073575687,6.663463942714067]}