{"timestamp":"2024-05-12 03:23:44","trueValues":[5.824600762455132,6.051205738122576,6.319164918158531,6.6143279753490924,6.914993391223744,7.19552916329012,7.432020284375111,7.608256298670456,7.719229746142909,7.771038352274566,7.7783507323401,7.76055245454465,7.736827087644031,7.721429413830549],"predValues":[5.5894003115358215,5.50100940579,5.459103224636773,5.47593622414264,5.540350459725559,5.629734418685246,5.72378456492432,5.810337740811604,5.884483233418526,5.945675910020661,5.995375216639375,6.0356644054902,6.0685920433569045,6.095916057026108]}