{"timestamp":"2024-05-12 03:23:49","trueValues":[7.082120559298315,7.31692817444644,7.505680180937409,7.647249634474992,7.750785781169828,7.832462397982802,7.910832602756839,8.001111206646033,8.109746776281307,8.232194589841619,8.355520037851493,8.463981781644849,8.543951503111034,8.586195169528445],"predValues":[7.214841373800504,7.425826609154585,7.553922965210996,7.5985550093279155,7.573544288036597,7.502916243735406,7.411680002983166,7.318373799452853,7.233346649668588,7.16071269767786,7.100944250087834,7.0527968839751765,7.014424430688564,6.983948295349283]}