{"timestamp":"2024-05-12 03:23:54","trueValues":[7.826305667398401,7.884538919173563,7.950278311012361,8.031434779243325,8.125871382323608,8.22406145411883,8.314620465138336,8.389029620184376,8.443550334711958,8.478912464626143,8.498945228435367,8.508695688696495,8.512667635763204,8.513913387630286],"predValues":[8.236050653013717,8.188903715752712,8.090329313426274,7.9633091360150114,7.82948343768277,7.703649209670038,7.593625691186908,7.50201229619968,7.428153855441797,7.369815617110738,7.3242875991205665,7.288968526983737,7.261607169995284,7.2403621437013665]}