{"timestamp":"2024-05-12 03:23:59","trueValues":[8.27423173840097,8.36815164815298,8.440315419846533,8.485104279325427,8.501605242236467,8.492547959033022,8.462772974413893,8.417844841630465,8.363496624001055,8.30570325260567,8.25053613984025,8.203590404662322,8.169471900305227,8.151516807147802],"predValues":[8.172218295449788,8.228936019777521,8.238658306431242,8.204504983748013,8.134242398976848,8.041112944964695,7.939488350953463,7.840591546874354,7.751022864734034,7.673490957674693,7.608215632991843,7.554121775195331,7.50962182808672,7.473050359364082]}