{"timestamp":"2024-05-12 00:48:04","trueValues":[9.53075230244187,9.195457669128707,8.819056147878083,8.41194061035772,7.988346170392493,7.568007642603872,7.175575604528131,6.837235829516407,6.574948581386474,6.399854661346057,6.307641381152087,6.278721837621972,6.284168513563124,6.295630254685399],"predValues":[9.57185759564684,9.45631072116844,9.368307534760383,9.330278480537622,9.337280419344191,9.368859843781037,9.40711162897555,9.442479606242216,9.471649921457118,9.49444715404584,9.511861632887577,9.52511279676324,9.535282937459211,9.543228426325127]}