{"timestamp":"2024-05-12 00:48:09","trueValues":[7.154154094504803,6.72804529297299,6.400737877359353,6.210076311600398,6.181414317368171,6.320502101355308,6.61076002718103,7.016093318244231,7.487794192854752,7.972735334002223,8.420762404729453,8.790355747171608,9.05168137160726,9.186539925018543],"predValues":[8.5421529106458,8.453585720512132,8.409612832493007,8.434928413479556,8.520566080020528,8.636044646790406,8.752848436263351,8.855315049031766,8.938702548022766,9.004039801484158,9.05442750096307,9.093220963628273,9.123325792085048,9.14703574323822]}