{"timestamp":"2024-05-12 00:48:14","trueValues":[6.19770371243492,6.422159520277054,6.760554446454219,7.172378165876329,7.614962414599269,8.050401198591118,8.450321568884304,8.797588922189906,9.084443555977645,9.30884899685182,9.472382435249669,9.58057546661767,9.643001801698803,9.670542300304158],"predValues":[6.635001024254924,6.620745046013247,6.70775099303464,6.888100619799972,7.123738027422821,7.371551749219929,7.600695937702002,7.796259046677682,7.955204173899629,8.080860057661706,8.178906337743662,8.255199935020896,8.314860206590033,8.36203026747221]}