{"timestamp":"2024-05-12 00:48:19","trueValues":[8.446033864783649,8.873205289734408,9.20370668874611,9.414902960366982,9.491723350944955,9.42694531701169,9.224311164154669,8.901559367700791,8.490490222537407,8.034055190520808,7.5818749047999745,7.184950771075513,6.889792099399313,6.7323295418199045],"predValues":[8.587443313494267,8.87428040522456,9.083235811901684,9.209322805014818,9.263976413916955,9.268508643666792,9.244632308756678,9.20853925978244,9.170020622683817,9.134041862871694,9.102603306471885,9.076106294495537,9.054196796328842,9.036236387396436]}