{"timestamp":"2024-05-12 00:48:24","trueValues":[9.5911474799023,9.46378842183592,9.214550338132328,8.865065509292894,8.445721297214694,7.991871858149446,7.539729580219735,7.122199642142967,6.765008800100565,6.483596988317121,6.2815236497207225,6.151333542793191,6.078370677225437,6.046930791881879],"predValues":[10.04631709168438,10.063954833075368,10.03059675032948,9.962076942386233,9.874836569688124,9.781560134497711,9.690994212970727,9.608454048511897,9.536363634513096,9.475115275168022,9.423933398906769,9.38151829874618,9.346443752258534,9.317363273640831]}