{"timestamp":"2024-05-12 00:48:29","trueValues":[7.7975789536057665,7.34452688078785,6.950922714328531,6.6490191215661465,6.459262699392289,6.387464121440014,6.424308023630491,6.54781473956726,6.728323839582057,6.934444609249914,7.137762104980898,7.314680133206462,7.445878243964995,7.516044347420232],"predValues":[8.676207453091028,8.485583496440073,8.346283878819895,8.291885692905652,8.313908948656966,8.379851934677582,8.459601848848253,8.535567994386582,8.600649027493834,8.653604246289156,8.695713689388263,8.729000806538142,8.75545502652588,8.776752678992121]}