{"timestamp":"2024-05-12 00:48:34","trueValues":[6.181692465294115,6.17815973413531,6.277421200378199,6.459189341697535,6.701783504039606,6.985713930009625,7.294068747290423,7.610242272203812,7.915778931377789,8.191136607033991,8.419492200297453,8.59074813080071,8.702467647291916,8.756987298664503],"predValues":[6.666041429108568,6.62639013325561,6.67566045683326,6.81939157026736,7.027090859316185,7.25570559661003,7.471620150105117,7.657566224771724,7.809160964137014,7.929040461014669,8.022500290441968,8.095147266081405,8.151912566595229,8.196780896910106]}