{"timestamp":"2024-05-12 00:48:39","trueValues":[6.936043860153312,7.207640625009597,7.483979326938765,7.750552950225607,7.993184588781304,8.201688420373687,8.373511809856296,8.514048408314835,8.632852789702335,8.738130118492595,8.832798223573352,8.913820202697266,8.974322493023587,9.006925735722003],"predValues":[7.267202820530312,7.392171374587189,7.541060916064031,7.703516315295483,7.85807406763586,7.988151878816892,8.088921696210985,8.163594513696141,8.218069778347626,8.25798726163282,8.287781648830634,8.310650378592868,8.328807205410868,8.343751975195866]}