{"timestamp":"2024-05-12 00:48:44","trueValues":[8.05032571458637,8.193246438124431,8.316952761411782,8.437843318691053,8.571176776259943,8.726303848100915,8.904929569039513,9.101964881896516,9.307482842681392,9.508699278350656,9.691745331975715,9.843250766321304,9.951645797138635,10.008229563936816],"predValues":[8.715732897971282,8.817784082924838,8.883291441185662,8.916423337706057,8.92187439916157,8.906428883373248,8.878472159586785,8.845491231075885,8.812554689286085,8.782391918882004,8.756089464270008,8.73379218031836,8.715168362668173,8.699710089019892]}