{"timestamp":"2024-05-12 00:48:54","trueValues":[9.676708067706029,9.831330672501188,9.945586876813906,10.01108254036977,10.02317486529931,9.982188113876443,9.89417854853841,9.77039169126008,9.625302397318023,9.474247740690924,9.331846634157374,9.21133376269059,9.123966342970403,9.078064094421483],"predValues":[9.503770491787147,9.527939194321284,9.52210034708082,9.493038473675554,9.44836044810504,9.394903951728896,9.338801262566603,9.284815315002232,9.235804932821214,9.192962444352055,9.156368649374492,9.125514828222723,9.099638698764302,9.077932263201928]}