{"timestamp":"2024-05-12 00:48:59","trueValues":[10.134605735208982,10.082880055167047,9.985074048114289,9.848322015654338,9.680054879634833,9.487222484267514,9.276708758154356,9.05606529123509,8.834057796455388,8.621103066470397,8.42926312629226,8.271210517689827,8.15845389349959,8.099707137861149],"predValues":[10.277502803548373,10.26886307446978,10.217476009294211,10.135794342495004,10.03957190480945,9.940205186221911,9.844876861888364,9.757946930449217,9.681518312487434,9.615976933266724,9.560647157786848,9.514318052506855,9.47561761590384,9.443215309499754]}