{"timestamp":"2024-05-12 03:15:04","trueValues":[8.609639066143755,8.447195361617263,8.265159836816322,8.08051267176662,7.919318705938446,7.809901717380786,7.773177951704907,7.815231047589205,7.925698433283351,8.081461803389693,8.25293966749846,8.410554787819855,8.529722502427392,8.593534128468889],"predValues":[8.696159151331774,8.684585911829245,8.685065128943892,8.711048637056955,8.756688552110504,8.806862025857631,8.850562746197667,8.884081365348019,8.90808102623772,8.924685115183415,8.936043065799165,8.943863633952997,8.949370245257073,8.953389502721127]}