{"timestamp":"2024-05-12 03:15:09","trueValues":[7.662323046014558,7.586534978938133,7.598485372675649,7.695163903854679,7.861547926586737,8.076133270547523,8.316356331458778,8.562264082136014,8.797677164054612,9.009482623488449,9.186848771545012,9.321858824543291,9.410924102792794,9.454566615396775],"predValues":[7.901238692068938,7.75559416542999,7.669418542460818,7.670152385197113,7.746473890293005,7.864391866202222,7.991453506658345,8.108115630728015,8.206679401504488,8.286424265688925,8.349676672202293,8.399607746610233,8.439240304356378,8.471105451698513]}