{"timestamp":"2024-05-12 03:15:19","trueValues":[9.026346919619524,9.061961017267866,9.046690390476456,8.992605569497416,8.91659610039298,8.836383182221358,8.768197204946997,8.72589293869479,8.71913233607241,8.750036922875257,8.810717025874734,8.884322435743462,8.949767865225743,8.988077592367565],"predValues":[9.084603029227107,9.127173350017175,9.14169445253609,9.13553134302171,9.113968433383857,9.081792047416512,9.044391849374149,9.006635494407973,8.971744342157214,8.941252525281733,8.915516466494093,8.894237419240287,8.876836761413507,8.862662513212182]}