{"timestamp":"2024-05-12 03:15:29","trueValues":[8.598539993769641,8.771333512186503,8.988941937379673,9.233261334492225,9.487459036254222,9.738059021508258,9.975099527937662,10.19116611259724,10.38064744341577,10.539610910061404,10.665727139936942,10.758091388140407,10.817401615926968,10.845931380256513],"predValues":[8.412506474604577,8.42477129643229,8.444412287625324,8.482359744702109,8.533062403848717,8.583389769281581,8.624471938865376,8.654219281454598,8.674277295194987,8.687256025602812,8.695476605824057,8.700654702234232,8.703954469554443,8.706121445225943]}