{"timestamp":"2024-05-12 03:15:34","trueValues":[9.944803331581529,10.17872082020888,10.36418183040836,10.488885658871125,10.54403044538162,10.525569822023384,10.435476472892322,10.283328361351384,10.087457469004232,9.873543241634952,9.66964765537465,9.499863397175218,9.380273875822844,9.319027642787765],"predValues":[9.577891000251654,9.611396861542048,9.60995575494437,9.579477227506343,9.52884872342074,9.46722825982691,9.402723456727731,9.341233761198469,9.286076216828016,9.238488336032235,9.198404203201347,9.165092367697806,9.137568879572392,9.114829588930975]}