{"timestamp":"2024-05-12 03:15:39","trueValues":[10.609471888032662,10.560784173393063,10.449901891461558,10.289776927982306,10.099339289244478,9.8988739725802,9.704269829411311,9.523877942234872,9.35976295805397,9.21183238238392,9.081788326374026,8.974708949864795,8.89777878853344,8.857497972028213],"predValues":[10.387910918351468,10.342072459102337,10.251995057296218,10.137395985497148,10.017597554187972,9.903050576983723,9.79853393559342,9.706297797567023,9.62698856114238,9.56006933304628,9.504290906157904,9.458087253167497,9.419860983692892,9.388136438599036]}