{"timestamp":"2024-05-12 03:15:44","trueValues":[9.907282997024565,9.73523156079522,9.58212660975748,9.448346627090086,9.331062557347495,9.228143837916846,9.139805226107413,9.067568096719103,9.011888543245398,8.970776339532954,8.94070978465605,8.918794439136875,8.903963958513994,8.896392965995577],"predValues":[9.778086275546832,9.649722004431318,9.522858376593282,9.429796167134652,9.376881879806694,9.351584106666335,9.34059055242562,9.335677181609558,9.332847594586523,9.330482606296938,9.328072433920005,9.325553819733427,9.32299799512198,9.320490012485372]}