{"timestamp":"2024-05-12 03:15:49","trueValues":[9.287171798051848,9.214708748226798,9.154826543052152,9.105025705131276,9.060050527739255,9.013105855716326,8.958437894221735,8.893060772447974,8.816783654073184,8.731883285522247,8.643765809952072,8.561676423211729,8.49744378779164,8.462063584242516],"predValues":[9.62929560748466,9.660372691185684,9.680088369017218,9.69042064085015,9.68996242104668,9.678123127006296,9.657451141255455,9.631982200160673,9.605211957350242,9.57941024874157,9.555757707958207,9.534698733788666,9.516245552515407,9.500187659449136]}