{"timestamp":"2024-05-12 03:15:54","trueValues":[9.04346158875226,9.004240737778487,8.95438036317781,8.891713755067482,8.816024295616977,8.729826612181629,8.63929524319203,8.553337832785878,8.48061112052171,8.426454802369157,8.391588900049562,8.372785940782475,8.364737060093153,8.36227532469889],"predValues":[9.15136597353873,9.175359255498453,9.202952911853629,9.239010876712983,9.27679434213157,9.307197917142345,9.326484080355316,9.335872802128904,9.338334537523169,9.33663933688134,9.332788057906724,9.328046918200087,9.323145242088987,9.31846098117466]}