{"timestamp":"2024-05-12 03:15:59","trueValues":[8.722827331262547,8.639222682863522,8.562882572555193,8.502264398334262,8.46211009727361,8.442065372970678,8.437307488572847,8.440415622204947,8.443664623874076,8.441151059673736,8.43046236512825,8.413568566446022,8.396181729634195,8.385177809632262],"predValues":[9.118158327224837,9.103290636177082,9.098630296250176,9.112009038725413,9.137338174938163,9.163526340388046,9.183820374537644,9.19687060211898,9.203997461637634,9.207092837409778,9.207751461930076,9.20709230583228,9.205823430344026,9.204356276448934]}