{"timestamp":"2024-05-12 00:20:04","trueValues":[5.253643670929517,5.306802284565095,5.450487350098412,5.681647479795304,5.989131041556517,6.356019319004599,6.761185428944608,7.180166307802772,7.587027485490235,7.957757074834838,8.27330519882157,8.520286470256462,8.68975231353446,8.775947604871066],"predValues":[5.588971195600382,5.532072070451382,5.512600453138719,5.5412733447096585,5.609075456583117,5.696329916084929,5.78509671356918,5.86487254214289,5.931825126727003,5.98602623028378,6.0292238125217485,6.063584583323658,6.091131460858992,6.113547951064615]}