{"timestamp":"2024-05-12 00:20:09","trueValues":[6.337479889282253,6.699629684911187,7.06688528241054,7.416615434265403,7.7300872165440815,7.995590508538254,8.208988308368012,8.372038808608725,8.490329951921693,8.571716858998137,8.62488045617276,8.657809024300086,8.67662819668087,8.685168786556044],"predValues":[6.049585489907997,6.117067525680339,6.173061507244243,6.2157918328612745,6.24420465014121,6.259234871009047,6.264191964074336,6.2632072167588815,6.259701596052485,6.255884338037758,6.252919198752679,6.251273833501308,6.251018942090911,6.252029869598154]}