{"timestamp":"2024-05-12 00:20:19","trueValues":[8.614752310099146,8.620476602388745,8.606377838192167,8.578322240991035,8.541416410022016,8.500735847238126,8.46182942435455,8.430423028393381,8.41115998880158,8.405991460786375,8.413215067409705,8.4278015539609,8.442972775760142,8.452434323650984],"predValues":[8.563955030157857,8.468640261050512,8.324220754756215,8.161488403648189,8.004057740718673,7.863203790493697,7.742537558918675,7.642027948709963,7.559883809487303,7.49355994818921,7.440355685335973,7.397754533051009,7.36357117623913,7.33598761985642]}