{"timestamp":"2024-05-12 00:20:24","trueValues":[8.407475890950158,8.354274020195662,8.316916879930652,8.304045262388719,8.321563664631356,8.371150011031698,8.449925543648128,8.551278501557768,8.666307353764154,8.785136985082818,8.897640046806405,8.993777166303495,9.064211184817836,9.10150719367055],"predValues":[8.714010852665794,8.67385814633764,8.590575899691288,8.48061085473296,8.36037440356525,8.241513674962938,8.131244036098131,8.033500223612664,7.94966885741065,7.879371985890851,7.821245315404083,7.773524274444998,7.7344105363371165,7.70226179239968]}