{"timestamp":"2024-05-12 00:20:29","trueValues":[8.404932558409918,8.47372161035601,8.558152595976019,8.648821377748908,8.73611756608433,8.811205811384347,8.866598047220265,8.896925075071296,8.900173545162927,8.878888650556643,8.840514336748786,8.796238981133174,8.758295510887626,8.736639575187583],"predValues":[8.25147171623712,8.237124705348872,8.207377096970903,8.166950894019912,8.118922867055606,8.066618033329359,8.014041829290269,7.964723929526528,7.920788783509778,7.882992294442488,7.851183494315165,7.824745487441122,7.802889412812998,7.784820296282204]}