{"timestamp":"2024-05-12 00:20:34","trueValues":[8.833053646561249,8.90588135855008,8.955324444814652,8.977553421057777,8.97261187663431,8.944813562942318,8.901751001388899,8.851874945252025,8.801592232329014,8.753800757351414,8.709232236745533,8.669439408383674,8.63839554827629,8.621157818952714],"predValues":[8.724154680275605,8.726468902914112,8.69225684091733,8.629684853601685,8.549811613451427,8.463087934081589,8.377793666604468,8.299392630335536,8.230574341627038,8.171959948785652,8.122946111350895,8.082360435150438,8.048862547522514,8.021168423020175]}