{"timestamp":"2024-05-12 00:20:39","trueValues":[9.051514456272816,9.02718415417922,8.987106400278314,8.932966029450709,8.86287222053523,8.773294235788693,8.662802929107126,8.53454975768874,8.395872883107728,8.256492465707822,8.127228233887816,8.01905673140849,7.94155751636529,7.901281484057545],"predValues":[9.238720635398955,9.197209216985348,9.10773302932972,8.991856045224925,8.870131442850942,8.754004351533233,8.648714530671764,8.55646962161665,8.477651297011612,8.411462987975568,8.356465714220828,8.310988461881738,8.273386264390048,8.242172831060733]}