{"timestamp":"2024-05-12 00:20:44","trueValues":[8.692559840091317,8.58942131336515,8.48083571201471,8.376370102064232,8.28696089317338,8.223080162057114,8.193233946053223,8.201904772415462,8.247561432160204,8.322174447176812,8.412488400969636,8.502170840694575,8.57433939658561,8.614635363049537],"predValues":[8.99908390446824,9.04034441830269,9.044060676592755,9.01223141073175,8.951001125021616,8.870836048824835,8.783088019615924,8.696845417881978,8.617684491579336,8.548097541808412,8.48851993054025,8.438264593858394,8.396153556026789,8.360887110062286]}