{"timestamp":"2024-05-12 00:20:49","trueValues":[8.073326275568164,8.014581114662214,8.006218869037694,8.053498434884505,8.1554031702373,8.305092204271466,8.490990702751981,8.698063261930404,8.909520006525405,9.108984362760532,9.282489131870015,9.41958722128131,9.513577565051834,9.561108567055305],"predValues":[8.34942045184815,8.28853888097685,8.23332950780032,8.195893694065575,8.176133363724189,8.166949565076166,8.161893465701834,8.157737061243239,8.153511817498627,8.149214279214256,8.14509402202554,8.141371384805497,8.138166769857468,8.135511540253852]}