{"timestamp":"2024-05-12 00:20:54","trueValues":[8.538132324238003,8.722493766382414,8.897562702280412,9.038885238070073,9.124375126066536,9.137799052629124,9.07152090699588,8.928319244750007,8.722359808852861,8.478532918292412,8.228979077554877,8.007179695365728,7.842055245515706,7.754193458722177],"predValues":[7.966073870583262,7.951218937395463,7.941592068902674,7.94561611056421,7.960178410339237,7.976969348775557,7.990222638961214,7.998445611281202,8.002492244986412,8.003798330899542,8.003596065661469,8.002731189071863,8.00171002869778,8.000802360119566]}