{"timestamp":"2024-05-12 00:20:59","trueValues":[9.291918253533469,9.279058862273992,9.1831761026098,9.009967422166826,8.774458390509798,8.498258164518916,8.204751901495936,7.9146700607164995,7.644110935136743,7.404788632296224,7.2050002795759305,7.0505185428178,6.945333974300979,6.89207628790917],"predValues":[9.002397758592153,9.000606874000646,8.9654121909984,8.904943655843217,8.829422174882149,8.74832683806348,8.66917122753582,8.596927187640038,8.533988411850618,8.480812854182286,8.436721424381057,8.4005292362034,8.370926216904946,8.34667405670359]}