{"timestamp":"2024-05-12 02:06:04","trueValues":[9.29303190839224,9.12595603754625,8.94023774383763,8.752703581395085,8.58075101858041,8.44018438599322,8.342252926650882,8.290504388776524,8.27961449214796,8.297626198308945,8.330437819386663,8.365672636490023,8.394202666608317,8.410014439292913],"predValues":[9.648134182444132,9.608698042583578,9.58027353059868,9.577283938748684,9.595173647873828,9.620417731686866,9.643258022052947,9.660193017991284,9.671332756044013,9.678008837844176,9.681631006917057,9.683315044431422,9.683846090352144,9.683727548570042]}