{"timestamp":"2024-05-12 02:06:09","trueValues":[8.242301207026554,8.114083119723048,8.049765697691994,8.05250438496283,8.118724854437518,8.241490551341766,8.41297771805675,8.624398846959371,8.864195582717052,9.11645408976554,9.360873423447757,9.57436823617094,9.733735170137724,9.81926120540407],"predValues":[8.681053579353565,8.57157785148235,8.509841238205162,8.524025320590203,8.605070689124041,8.720466595592946,8.839663281174133,8.945554050397341,9.032529697501335,9.101171236691671,9.15440553367356,9.195563984628352,9.22759259205119,9.252857407386658]}