{"timestamp":"2024-05-12 02:06:19","trueValues":[9.309571942249402,9.537357152857272,9.721322835554254,9.84257087870108,9.889440066719263,9.862210540950368,9.774852689625153,9.651188095171412,9.516963713715503,9.392427332164685,9.289040824535595,9.210844179814728,9.158352496597857,9.13181030053416],"predValues":[9.009862701399676,9.05951735550854,9.105559408939492,9.156463270169176,9.207560625608211,9.249931604836448,9.279502729485008,9.297450380557455,9.306985817720555,9.311197506238962,9.312363255692562,9.311953409441433,9.310844007202643,9.309521973964568]}