{"timestamp":"2024-05-12 02:06:24","trueValues":[10.083937894388509,10.033691594524123,9.928105950784897,9.783227693109632,9.609556008665706,9.409998094790891,9.182794961543577,8.927235889808632,8.648841046116342,8.361531913567628,8.086497702819095,7.848947147780147,7.673753556958815,7.580720052685088],"predValues":[10.681432065544396,10.681768022523272,10.629286439278868,10.540904769692077,10.434867816656858,10.324140223777334,10.217220852095068,10.119471723834618,10.03358846848947,9.960193031732535,9.898577352336192,9.847361455115053,9.80494210233448,9.769759114037196]}