{"timestamp":"2024-05-12 02:06:29","trueValues":[9.407087707988133,9.219993691714116,9.015270439289084,8.79603086854262,8.571783571974162,8.357092444091231,8.168328211317803,8.019596016780437,7.918641741994461,7.8642919296325555,7.847094334410096,7.852901287000668,7.867076864145738,7.877624690654197],"predValues":[9.33772960233019,9.270570632782391,9.22711736176778,9.226192948498372,9.260117161279869,9.308272766843748,9.354853308280395,9.393060440965064,9.42184323618376,9.44253170083704,9.457011340311094,9.466999681502676,9.47384214705978,9.478524813241616]}