{"timestamp":"2024-05-12 02:06:34","trueValues":[8.001864717749761,7.77781888905313,7.630535774775913,7.581793041865248,7.643330047791856,7.815389989261174,8.087806446619716,8.441484358765122,8.848838043004687,9.274403838122067,9.67782863307228,10.0194123597669,10.266013287501815,10.394908604538054],"predValues":[9.072298604875776,9.040340165682704,9.03317662731667,9.065003766867685,9.126006537408578,9.19582498917998,9.259538273384305,9.31129372176614,9.35091644532857,9.380456738482234,9.402342315661508,9.41868141322434,9.431094810962808,9.440758358302975]}