{"timestamp":"2024-05-12 02:06:39","trueValues":[7.732111995234807,7.930804766731265,8.20247940769104,8.526926138997997,8.879028721227424,9.231568791737883,9.560153322291,9.847981806055476,10.088002867517408,10.281494950560017,10.43377064070053,10.549203226016813,10.628440699479196,10.669205783085305],"predValues":[8.238583885581491,8.305442779631543,8.39923830024897,8.52766955012926,8.67230939529657,8.807577794958986,8.918853975816676,9.003752749635119,9.066085527076565,9.111165425235736,9.14377185739914,9.167599818756916,9.185331649365088,9.19884328621488]}