{"timestamp":"2024-05-12 02:06:44","trueValues":[9.220189843810958,9.526125983474849,9.786929067229748,9.997342325195742,10.161462625151623,10.288485194661629,10.387635029629893,10.465135307828088,10.524561951086756,10.56898003526064,10.601943155925351,10.626423894450944,10.643472116396405,10.652443549833889],"predValues":[9.230521584066391,9.386481106269578,9.501721792109002,9.574316141576112,9.605886529195484,9.604233854753511,9.581049102168588,9.547287552101547,9.51063475202168,9.475484721529286,9.443874997175048,9.41643071409687,9.393045025217615,9.373278315946251]}