{"timestamp":"2024-05-12 02:06:49","trueValues":[10.570381273545951,10.700085119956988,10.77964898200328,10.801357012298148,10.757739483836586,10.644233335373858,10.460089574214969,10.209217952859344,9.90259182560276,9.56131322439212,9.217468698597564,8.910517245912068,8.679755732891657,8.55604808066056],"predValues":[10.16300845251645,10.06386765436566,9.939555598519084,9.828040739364695,9.744739355928406,9.685363212532067,9.642074730541903,9.6092285569268,9.58344757984056,9.562749546792311,9.545895882211202,9.532042441030054,9.520566214420953,9.510983998438013]}