{"timestamp":"2024-05-12 00:21:04","trueValues":[8.377005868752105,8.100545701364592,7.847554148946058,7.637102883188941,7.482060332170186,7.3892057037246115,7.359282940560979,7.387032880700632,7.461175183842565,7.564700433198687,7.676736769878833,7.776738457787995,7.849384370272434,7.886851547079575],"predValues":[8.600936345131622,8.455715485758756,8.32176858775692,8.225298169168443,8.171038990769985,8.14765569398947,8.141555310619882,8.143338487337665,8.147952580022228,8.15311924751619,8.157991686864888,8.162362848632764,8.166263564314711,8.169792441536655]}