{"timestamp":"2024-05-12 00:21:09","trueValues":[7.584546879094784,7.548895039444069,7.544232041629671,7.5531303831611485,7.554290816839765,7.5256807843079905,7.450083021975927,7.321305183566794,7.1475168178620105,6.949380873794938,6.753812183255528,6.586512252494034,6.466495741516213,6.40443287254949],"predValues":[7.499234803771474,7.44830090841314,7.423582288957093,7.442587513462255,7.499677076249994,7.574639603471683,7.648949885103053,7.71296802900261,7.764260207594745,7.8039693125006355,7.834372355933912,7.857744223798214,7.875969889902233,7.89048753716741]}