{"timestamp":"2024-05-12 00:21:14","trueValues":[7.566903024562567,7.531648007514274,7.448304363666878,7.321151026092311,7.165297819388769,7.000519426490088,6.8440950397647065,6.705927682215741,6.587793354264748,6.486562260496575,6.399201352600744,6.32637908928127,6.272656937050389,6.243857397140498],"predValues":[7.655303830939294,7.793576175044159,7.903682885405761,7.984664996217309,8.035226787326888,8.057911857063488,8.05996427778412,8.049892744714068,8.034447494714495,8.017859884671244,8.002339416455673,7.988808377027196,7.977477005286358,7.968206825294875]}