{"timestamp":"2024-05-12 00:21:19","trueValues":[6.99236848292111,6.844198165799362,6.717466369180885,6.613705896781799,6.52906892488123,6.459241037609236,6.402991633057437,6.362372334580217,6.340171266155748,6.336912961880399,6.349283833419009,6.370442212580716,6.391682986254649,6.40482411358818],"predValues":[7.105090022996463,6.9948004499754735,6.922871369747385,6.910674589839443,6.952562896699293,7.025934412468804,7.108102738467633,7.184947315821775,7.250607768402086,7.304207790702749,7.347097589569248,7.381292109508589,7.408753403066708,7.431136802573068]}