{"timestamp":"2024-05-12 00:21:24","trueValues":[6.310674163673815,6.235596151240638,6.190459241394783,6.184174134844562,6.223121489195501,6.308718357163484,6.436682616211588,6.597526405362808,6.777749915366686,6.961534064348026,7.132681553041647,7.276266748452485,7.3797558505387295,7.433954429102391],"predValues":[6.862959130444091,6.884191664666801,6.921094306170831,6.980773980318653,7.05522008000082,7.1298322976511805,7.19429776401549,7.245319901238528,7.283977280064187,7.312870377613766,7.334621199897242,7.351348083245027,7.364607486571913,7.375489143749255]}