{"timestamp":"2024-05-12 00:21:29","trueValues":[6.452539572983533,6.568940028029703,6.696678366641063,6.818187547233888,6.915311540356429,6.972217177329783,6.978042735132791,6.928926834818375,6.8296185897556425,6.694364011108181,6.545491214322533,6.408552199477582,6.305702850910448,6.251192502144081],"predValues":[6.197061168133944,6.191884001984391,6.220155685438549,6.292611957650498,6.398822736527635,6.517158000772956,6.629052937838575,6.724962143483305,6.802718110458147,6.864007667059333,6.911834757729311,6.9492431952229,6.978831861928901,7.002650520680458]}