{"timestamp":"2024-05-12 00:21:34","trueValues":[7.059028566986827,7.106168593740355,7.097827345427013,7.033284268747963,6.919972411860835,6.77242590093325,6.60804459642574,6.44138920338084,6.280865822566674,6.13024798974874,5.993399343078487,5.877714125556174,5.793195695437708,5.748603918316279],"predValues":[6.873716930064347,6.941150990967475,6.992979797044065,7.035105719045618,7.068722148455644,7.09280712753381,7.10780505506863,7.115970617018808,7.119968877171681,7.121925082365136,7.12320910781209,7.124572604095028,7.126360830799045,7.128677445536294]}