{"timestamp":"2024-05-12 00:21:39","trueValues":[6.707567067220255,6.563661995049862,6.431135870806396,6.31927601785566,6.2312030619009615,6.168083815550897,6.132128445148698,6.125375417505667,6.14578972106424,6.185109711241432,6.231027242643425,6.272000305945711,6.300924234990187,6.315405469196735],"predValues":[6.894523936499731,6.759311884052126,6.6525406895974895,6.59964474169322,6.6020636850988765,6.642397526459551,6.699317250236608,6.757694825302536,6.810052816778606,6.854074609927567,6.89002891717477,6.919159895654802,6.942890312541655,6.962497016986054]}