{"timestamp":"2024-05-12 00:21:44","trueValues":[6.138668310214942,6.087143167784211,6.064598035824018,6.070949456667142,6.100419581591041,6.143602146764684,6.192062346235044,6.241686035954637,6.292523582891419,6.34582100470122,6.400691098539509,6.452558311090345,6.493983348160494,6.517196407247203],"predValues":[6.483467682090678,6.469622480360751,6.478388326200798,6.519648707140872,6.586382281795719,6.662117456911072,6.732978597945233,6.792442451628777,6.839576896818574,6.876045239506557,6.904182699642414,6.926143229248938,6.943646215744126,6.957972495109942]}