{"timestamp":"2024-05-12 00:21:49","trueValues":[6.096168290549015,6.134937965121173,6.178490906916702,6.229062133526875,6.290178528758015,6.363074016877869,6.44479807698256,6.5286387457907935,6.606214640888114,6.670211255898992,6.716695050230966,6.745984704594218,6.761623183014393,6.768010884021772],"predValues":[6.373015845038355,6.492883647211049,6.605890112825449,6.708796074396144,6.794806376763368,6.859373108641089,6.903632516931754,6.932285075663389,6.950470873455042,6.962242125575657,6.970336987718573,6.976448268426877,6.981560715016021,6.986216536534194]}