{"timestamp":"2024-05-12 00:21:54","trueValues":[6.362940325137067,6.446148549616791,6.531873527761846,6.6116459010818165,6.6779885004867205,6.726722728157414,6.757839945959551,6.774484169006363,6.780607144419626,6.778833004519312,6.770251217388026,6.756404952503102,6.741408619700778,6.731477688879005],"predValues":[6.144492007496707,6.100154723102552,6.084354910911665,6.11273503617546,6.181484219809187,6.272489091455325,6.366456577393427,6.451222191048566,6.522132104318189,6.57914006995995,6.624190066884846,6.659707550322885,6.687938833887179,6.710728358602179]}