{"timestamp":"2024-05-12 00:21:59","trueValues":[6.793413909506777,6.82515094667184,6.833969285789836,6.821561735403849,6.788799816822215,6.735948521427796,6.665122464508518,6.582868022954977,6.500100476221277,6.428715598456995,6.3769408803908485,6.3464008228574045,6.332574359234291,6.32827509332305],"predValues":[6.71175908737123,6.696639029906194,6.688327284144004,6.696385201650793,6.71967640262974,6.750028148834439,6.779692033756438,6.804839636253549,6.82481631863671,6.840425826083234,6.8528094554818,6.862970559360303,6.871658396202484,6.87938593829413]}