{"timestamp":"2024-05-12 03:44:04","trueValues":[8.36339057429016,8.398488775976476,8.429998032183551,8.457084563605425,8.479353408160918,8.496088265171176,8.506467581612698,8.510722593697212,8.510895887961631,8.510041111344492,8.510398065634547,8.512294999936952,8.514641383014101,8.516163555180256],"predValues":[8.448610952495027,8.447251443043324,8.447669528745676,8.454211918805036,8.463734332319426,8.470787302565828,8.47285168378017,8.47057759524278,8.465783829363819,8.46010525273907,8.454597312491247,8.449797433471057,8.445896717789108,8.442887989149174]}