{"timestamp":"2024-05-12 03:44:09","trueValues":[8.42951748612516,8.429948329687468,8.430277110370119,8.43538450697303,8.45111734039914,8.482085716501775,8.53009673298614,8.59411089005446,8.670918522772475,8.755362797829939,8.840077380045248,8.915761523720771,8.972754870981333,9.003323766594054],"predValues":[8.540343686630605,8.525263364583562,8.512965584950958,8.507873869884243,8.507221092716428,8.506055609051577,8.502005785881376,8.495454093215798,8.487780240451473,8.480202603214327,8.473457682128144,8.467860968438119,8.463453393611616,8.460129971092737]}