{"timestamp":"2024-05-12 03:44:14","trueValues":[8.55829877978803,8.601714840377767,8.650114174224582,8.698036151477993,8.73891472687997,8.76532110489287,8.769772800651726,8.7467964264461,8.695595944972407,8.621706672719629,8.536469284034819,8.45448009965289,8.39020281172295,8.354974373549569],"predValues":[8.587323974345917,8.57360156701808,8.563273547805135,8.560619381356517,8.562370397635657,8.563182382264191,8.560594928791598,8.555056688626378,8.548041991959849,8.5408529378739,8.534297258377086,8.528743070886918,8.524275162014368,8.520820439853427]}