{"timestamp":"2024-05-12 03:44:19","trueValues":[8.968237525401447,9.007932011926137,9.00311007243977,8.944019386159976,8.827130810076065,8.655742782564499,8.438864213276387,8.189497222029477,7.923428863154694,7.658711774280391,7.41496063351344,7.211663869304886,7.065793688017942,6.989663816610159],"predValues":[8.628914066229264,8.617195174492224,8.608175101713652,8.605060589151574,8.604570474698214,8.60209651302149,8.595961842903266,8.587118253854104,8.57725988336084,8.567738533001446,8.559316750697125,8.552290359325633,8.546667066760698,8.542304676021544]}