{"timestamp":"2024-05-12 03:44:24","trueValues":[8.620576273169661,8.432308533779572,8.223473529405798,8.009243013425074,7.805357261348491,7.627062978980033,7.487192978704263,7.393749893968158,7.348024660726146,7.344037297911987,7.369587570364001,7.408824900240219,7.4457634232253795,7.467707473929458],"predValues":[8.915642184572421,8.862672081607151,8.814330689707642,8.777490774348403,8.751169448735219,8.730935217054169,8.713702803505576,8.698441745109136,8.685098618326279,8.673790901784113,8.6645151402289,8.65712701036987,8.651388365487819,8.647027037903662]}