{"timestamp":"2024-05-12 03:44:29","trueValues":[7.534365431685183,7.37668917995149,7.272805647361566,7.228203903162045,7.241236057108442,7.303658671147087,7.40254829892997,7.5230404388743235,7.650910077127745,7.774164825330356,7.883431377456018,7.971556295111169,8.033207324411144,8.064870472303955],"predValues":[7.997464053430735,7.902923792738301,7.849564309255582,7.853125612704916,7.904895945256702,7.981451876029309,8.061230229596134,8.132169778311283,8.190322496095465,8.23610008972105,8.271543816781213,8.298949826279516,8.320331467990478,8.337281082310017]}