{"timestamp":"2024-05-12 03:44:34","trueValues":[7.375075310666889,7.464831905452829,7.56461883605271,7.6584034593314225,7.733411968006708,7.781014998761186,7.7968214556708,7.780706418023469,7.737081181688181,7.67474415162675,7.605403056448753,7.541122313265076,7.492114588971546,7.465676050520005],"predValues":[7.55223308034415,7.593305681532978,7.654842421670837,7.74010904711805,7.837334571542751,7.929598617387802,8.00626777416753,8.065013998228475,8.108194038409003,8.139482955743064,8.162258659443111,8.179133055546654,8.19197676526993,8.202074079848646]}