{"timestamp":"2024-05-12 03:44:44","trueValues":[7.506363789600121,7.402696874840723,7.316917808685224,7.262080273968701,7.248845323206734,7.284150574328608,7.369991835051397,7.503114256353493,7.674998511459648,7.871266226409221,8.071481435860587,8.251293106197718,8.386913410163956,8.459774079957677],"predValues":[7.822062881596347,7.743588221843909,7.691280996018921,7.680153218459901,7.705973798069762,7.752250542966177,7.803030280850027,7.849114594692087,7.887271227514422,7.917525429248196,7.941137304352945,7.95959447245744,7.974207006306049,7.98600669782282]}