{"timestamp":"2024-05-12 03:44:49","trueValues":[7.258294910603866,7.320188073454283,7.42651819147977,7.5711224209547,7.742953518311033,7.925829201347913,8.100383038650136,8.248182580466874,8.35583765540668,8.417671547366044,8.437128346955944,8.42655287841758,8.404027813507945,8.38731289065387],"predValues":[7.465808679105812,7.43378405851421,7.425963756149126,7.45405736114138,7.512110939722142,7.583161853923168,7.651859740328318,7.71031970990647,7.75678968322349,7.7925491673175955,7.819788793058956,7.840636199384204,7.8568229999937955,7.8696587360546]}