{"timestamp":"2024-05-12 03:44:54","trueValues":[7.942938023128169,8.115381231973705,8.258317902836714,8.357919844467213,8.408314454453603,8.413111409797551,8.385300338245603,8.344190526631898,8.309417916163243,8.294444441193342,8.30259219529733,8.327170212505097,8.35527232273732,8.37351048091255],"predValues":[7.696757573194347,7.783647902109877,7.85793665485257,7.919081090796741,7.963710211237419,7.990047218386801,8.000753189200982,8.001043962092508,7.995865334104835,7.988662990581432,7.981410412984449,7.975044240865748,7.969887141766753,7.965944431462445]}