{"timestamp":"2024-05-12 03:44:59","trueValues":[8.242788397803674,8.196283074583022,8.153631954013225,8.141309456026953,8.179168139661535,8.275473769225563,8.425833654062485,8.6156775207348,8.824665885216813,9.031211385305747,9.216012176252436,9.364271798393888,9.46658558263156,9.518433525498086],"predValues":[8.842501639225887,8.840865177897612,8.811997861856698,8.761114466360695,8.695930573007537,8.624873811454032,8.555352245715389,8.49238423316357,8.43832838315818,8.393554939426735,8.357306935611764,8.328356959269875,8.305389887670469,8.287194255695098]}