{"timestamp":"2024-05-12 02:55:14","trueValues":[8.863287648350092,8.768968789685665,8.688695803256746,8.620934024825964,8.55883434411749,8.493671182286764,8.418611110594151,8.331843841869459,8.237930842624925,8.146316650271451,8.0672779867934,8.007704096567725,7.969509190165517,7.951278474075265],"predValues":[8.83796648579981,8.736925298092878,8.648918390642333,8.589144361488575,8.557376758617366,8.544045592328219,8.539900882574585,8.539371431386357,8.539872443178432,8.540457975792723,8.540906095623722,8.541246571011335,8.54156472014402,8.541926990209056]}