{"timestamp":"2024-05-12 02:55:19","trueValues":[8.404801524556605,8.333321095737016,8.262524275580141,8.199708028404062,8.156160136594766,8.14252384482164,8.16396023901492,8.217972499665454,8.295582282828285,8.384194391260554,8.470456129784436,8.542788411544926,8.593449341857923,8.619081477244663],"predValues":[8.728080380099971,8.769493988253908,8.802533921867113,8.825442254152964,8.834210624986127,8.827903989547227,8.810105977540527,8.7861586770344,8.760522289027676,8.735972179638566,8.713870250417514,8.694664886984274,8.678300273701527,8.664486435043994]}