{"timestamp":"2024-05-12 02:55:24","trueValues":[8.23084013037615,8.246314882926875,8.28143142403688,8.324642827289802,8.36179132338676,8.379558503898565,8.368611196900192,8.326229586121993,8.257282921447677,8.172551594541172,8.085165038031054,8.007410134211208,7.949315092585584,7.918242261504547],"predValues":[8.15033962877799,8.084227866901688,8.04628466244489,8.049044347026907,8.08500742530283,8.136580808391525,8.189019599647324,8.234857793107707,8.272078849533173,8.30132518033032,8.324115502411566,8.342004679959214,8.356296938365144,8.367988453861026]}