{"timestamp":"2024-05-12 02:55:29","trueValues":[8.421997259257822,8.429557620226277,8.404983589849746,8.350576367118034,8.27397472068058,8.184777877000267,8.091658522960577,8.00138098222638,7.918949525365932,7.847643985543257,7.789079826775453,7.7439433156127215,7.712954473776405,7.697095124905717],"predValues":[8.542678640791543,8.608783492160367,8.659790213635958,8.693442258738365,8.706939808784453,8.701427350127897,8.682456678160118,8.656733377232435,8.629458667376191,8.603711977038586,8.580908631308631,8.561439073858773,8.545152336679516,8.531663557662148]}