{"timestamp":"2024-05-12 02:55:39","trueValues":[7.914348456330076,7.9203882398648675,7.9376190586809665,7.959655869658485,7.978371650215865,7.98409089251923,7.966810636995796,7.918741944352876,7.837956517215669,7.731384531428491,7.614544594685667,7.507110921773871,7.42659314390702,7.384057907231835],"predValues":[8.027860186356534,8.021474611659151,8.027799320732989,8.05447361380499,8.095660504155937,8.139296903618687,8.17674015943841,8.205257165907996,8.225681968122158,8.239980339669318,8.250045759598141,8.257328902901273,8.262836577360346,8.267225281185661]}