{"timestamp":"2024-05-12 02:55:44","trueValues":[7.954935993051777,7.961373662343988,7.946905717574895,7.909093546971407,7.852950723708002,7.79037501534987,7.735523659618392,7.698469518527369,7.681141686817845,7.678167776504045,7.68165120384989,7.685909405399393,7.688812615905929,7.690195248978803],"predValues":[7.851745903308283,7.847480259673805,7.854368175107009,7.880358327938801,7.920677152235151,7.964157267913424,8.002317621778246,8.032148422034687,8.054174335673492,8.070155681580022,8.081880154880794,8.090754043847353,8.097767943147636,8.103579679935692]}