{"timestamp":"2024-05-12 02:55:49","trueValues":[7.684638137812396,7.615011851306604,7.573013507904623,7.565015392866384,7.58996684326665,7.643566068201066,7.722253890530291,7.823708645530841,7.944385774444576,8.077175428232785,8.210929363602768,8.33142814826585,8.423322216172139,8.473214485422707],"predValues":[8.063095535037395,7.985775727399842,7.92783856429119,7.902827045633624,7.907791182100765,7.930007666272683,7.957495804494462,7.98345113900012,8.005391202872962,8.023118249283652,8.037298610626205,8.048765003051592,8.058246750887367,8.066303871027909]}