{"timestamp":"2024-05-12 02:55:54","trueValues":[7.579545797991517,7.630568466792054,7.705478633630168,7.804592055539802,7.925508128538987,8.062362489667347,8.206331484031901,8.346923100761506,8.47422102741559,8.581379077394558,8.665658563427574,8.727332184771225,8.767678119519983,8.78765666242439],"predValues":[7.985964171622962,8.028556287090456,8.067368620756847,8.102441838300749,8.129309094004604,8.144396592347874,8.148410002459446,8.144804312289011,8.137228801361857,8.128328067731637,8.119655912425653,8.111959201828904,8.105493624718036,8.100249878486832]}