{"timestamp":"2024-05-12 02:55:59","trueValues":[8.06059526027451,8.19714157224265,8.328622748018986,8.44564528163245,8.542237431468019,8.616911312108172,8.671551365784108,8.709338286456429,8.733295421146272,8.745915868320296,8.749527405843214,8.746935433961884,8.741762121749193,8.737869645518469],"predValues":[7.900484117810214,7.883103394139616,7.873725569704742,7.879651064077417,7.897665428125894,7.919431931945567,7.938673974226187,7.953224047718755,7.963451332995787,7.970546297864548,7.975655023411205,7.979621123125435,7.982984413956682,7.986062513460133]}