{"timestamp":"2024-05-12 03:24:09","trueValues":[8.304973662489362,8.275431774603204,8.25618468233635,8.247668810814844,8.24840212197364,8.255241398065758,8.264247384040626,8.271898644761276,8.276164819973252,8.277069830663972,8.276325887955213,8.27588175495545,8.276404561424949,8.277142125203731],"predValues":[8.387940417890519,8.332600010860679,8.260711862099955,8.18544022256305,8.114900420126563,8.051734926534154,7.996406214209275,7.94884092545717,7.908637985055432,7.875106342256373,7.847388296766613,7.824582558937917,7.805830099533159,7.790363320644909]}