{"timestamp":"2024-05-12 03:24:14","trueValues":[8.394490515823604,8.421032180309801,8.432777385133003,8.421963504086683,8.383138412560337,8.313598507398005,8.212918526601111,8.082528945217373,7.926694077937519,7.754564499815935,7.581160996219863,7.425770261939773,7.308275687507889,7.244953112764756],"predValues":[8.406980992299314,8.420175277382668,8.410892871108725,8.38247659857505,8.338783054531241,8.285289613518971,8.228318858302085,8.17316795865036,8.123073689950468,8.079390777456624,8.042234307697193,8.011065792666477,7.985076437200933,7.963409869950924]}