{"timestamp":"2024-05-12 03:24:19","trueValues":[8.43097002163905,8.367687315208283,8.269200623169052,8.133531945650477,7.962685595609598,7.764208112999919,7.550418008976473,7.335834525536932,7.134284259198784,6.956781761513927,6.810651107252855,6.699814275197445,6.625781211231397,6.588806939659481],"predValues":[8.371208218767752,8.323411693803921,8.26832591239573,8.216024533923221,8.170241624522651,8.130465540851986,8.095688146185845,8.065503315315588,8.039736956610547,8.018128597096595,8.000273706297584,7.985677385562671,7.97382427050733,7.964222651945706]}