{"timestamp":"2024-05-12 03:24:29","trueValues":[7.118443515540535,7.009847282640129,6.898918221888778,6.775521808282891,6.631429753727498,6.462070757526643,6.26719750324928,6.050777818236508,5.82084902136706,5.589616995813534,5.3731673431193,5.189792442364402,5.056775937878827,4.986982038343127],"predValues":[6.994380503751878,6.9250556216875765,6.888749410136551,6.903518227769638,6.963443490721637,7.04671989001551,7.132218814829445,7.207934587366113,7.270011676030914,7.319021792423185,7.357179754189265,7.386929488877227,7.410399698578701,7.429264320835582]}