{"timestamp":"2024-05-12 03:24:34","trueValues":[6.622244227452606,6.4850827474246495,6.3206005760868536,6.127898284312226,5.908683963496929,5.667733970356856,5.412366067179709,5.150769138878405,4.890493679014085,4.6389167373773015,4.405892382005945,4.206132518517197,4.05809381666165,3.978967542567173],"predValues":[6.598197920637436,6.569308278341596,6.56617755266582,6.602632473021973,6.67341879452326,6.760553117510474,6.846582025090136,6.921694457166323,6.983036108362335,7.031542820863789,7.069514996294242,7.099376096468081,7.123201665727114,7.142615673328409]}