{"timestamp":"2024-05-12 03:24:39","trueValues":[5.684012069401767,5.46536035692115,5.247854526185137,5.036210400522011,4.83328773397783,4.642671418753412,4.471183476475163,4.328160551971882,4.221144283678767,4.151440386858234,4.113259500812544,4.096639431318308,4.091537782397095,4.090730947425577],"predValues":[5.883071762266373,5.801041380628332,5.769961771934194,5.806678361313847,5.902979073786017,6.033227787132727,6.170283217449788,6.29606641402269,6.402728236407068,6.489232241375766,6.557818363611913,6.611767499434534,6.654307254518454,6.688194389769448]}