{"timestamp":"2024-05-12 03:24:44","trueValues":[4.691815592346015,4.515926835204332,4.361026211224653,4.233293703353977,4.133286683058036,4.055414898635769,3.9912034930920153,3.93369268836053,3.8805564009798776,3.834665448452796,3.801460858709517,3.784107046149768,3.779827116370025,3.7810057565779567],"predValues":[5.202034273465318,5.255253952066004,5.357720830623168,5.502289444405717,5.66641632263314,5.825951766666861,5.965616843817067,6.080173256521906,6.170749278021354,6.241151667674551,6.295679691392734,6.338175724227424,6.371746703761352,6.398777286651537]}