{"timestamp":"2024-05-12 03:24:49","trueValues":[3.648645085830813,3.5443744319278085,3.488952959329489,3.4961005503705747,3.583436407676801,3.7674468757780097,4.055780291718609,4.440463578591116,4.895928394461526,5.382640585715103,5.8536816397559575,6.261166623637584,6.561622863766685,6.721241898362003],"predValues":[3.920874461133574,4.04273122696305,4.2565451024677445,4.5062351412509285,4.751922139836705,4.972221094701733,5.158453490298319,5.309846163767098,5.429909254223201,5.523840127761112,5.596971171159866,5.654034420861442,5.698925343219995,5.734711406189011]}