{"timestamp":"2024-05-12 03:24:59","trueValues":[5.463475516006832,5.990078312658348,6.4907416556819655,6.93721306486065,7.307444300300672,7.587600260244568,7.773023262652925,7.868338563337767,7.886917994266853,7.849388888681169,7.780717049573433,7.705875987810089,7.645281468787827,7.612040333091546],"predValues":[5.181604288370548,5.425527460905362,5.643848332840523,5.809538912726151,5.917697790239895,5.9798631207694015,6.012158048518848,6.027816859778332,6.035455894216522,6.039973771373907,6.043881929140831,6.048326714392209,6.053732857549121,6.060169729475084]}