{"timestamp":"2024-05-12 01:13:04","trueValues":[7.897198968871205,7.849094128958406,7.785071466650114,7.709155023607867,7.625489243796548,7.5384997756776,7.452059692903063,7.368310721213273,7.2873740602778225,7.208589490843922,7.132829065797403,7.064468731103625,7.011318954943954,6.981957271829694],"predValues":[7.903041537154157,7.8505219461186275,7.810003780260445,7.789690875109658,7.786929330006398,7.793723953588664,7.803340456320239,7.812403586876165,7.819934711082217,7.826038549705546,7.831122556898535,7.835575581601136,7.839679625676155,7.843604262345524]}