{"timestamp":"2024-05-12 01:13:09","trueValues":[7.506510239200882,7.428196115852907,7.358798407671349,7.29899514175519,7.248025364915726,7.205758309088395,7.17444626813316,7.158495487932778,7.1617415659256665,7.183951936956355,7.219362972000376,7.258392986652288,7.290982939913248,7.30934575301181],"predValues":[7.614752175698722,7.539934503345299,7.489751726991953,7.476000880267961,7.494305751419215,7.530299395401286,7.570369175639721,7.606782234267889,7.636887328513412,7.660748247676078,7.679429209907324,7.694149919776821,7.705959711266058,7.715670569003567]}