{"timestamp":"2024-05-12 01:13:14","trueValues":[7.109963525500158,7.063099653256955,7.03994413743443,7.048494029915823,7.092673435793007,7.1703355793394135,7.274298051187823,7.394903417139298,7.521942731340497,7.645368115920037,7.755705530915867,7.844880314130004,7.907070363013177,7.93888527628173],"predValues":[7.562074174568724,7.584979317389587,7.609595608177226,7.637919652014958,7.665702018382003,7.687385861900703,7.700843543634425,7.707336762775201,7.709322736308556,7.708978805667207,7.707774251056237,7.706540459682865,7.705673722572015,7.705310389351981]}