{"timestamp":"2024-05-12 01:13:19","trueValues":[7.192477642661579,7.286827067032153,7.3924815500574015,7.49909553046694,7.597136494773911,7.678486723002978,7.737417670244556,7.771522087797948,7.781870041167076,7.772415935361208,7.749357432432107,7.720647197541917,7.69499007801276,7.679960521616797],"predValues":[7.263897471646372,7.311709146568901,7.358997483444433,7.4080378997541025,7.454386407612779,7.492008273471902,7.5185451537606145,7.535413170934177,7.545461048805558,7.551318501258461,7.554870502101576,7.557297153380957,7.559267976955613,7.561130890298131]}