{"timestamp":"2024-05-12 01:13:24","trueValues":[7.699494931521438,7.764154955250097,7.802756252649694,7.815311847368935,7.804604813399759,7.77565483705787,7.7353796021163745,7.691779615712252,7.652275699720676,7.621953987644627,7.60273480319643,7.593584228142047,7.591260702897321,7.591604633538671],"predValues":[7.62978359261593,7.656606195809936,7.67165674951708,7.676177816139453,7.670365813562649,7.655561646025931,7.635119833331826,7.6129703279246845,7.592084382230816,7.574066828717349,7.559443131741277,7.548100065295479,7.539620872621349,7.533498162996834]}