{"timestamp":"2024-05-12 01:13:29","trueValues":[7.734102487176897,7.694214506442855,7.656462935674165,7.6296289035639475,7.619803225086823,7.629291617641327,7.656534964425175,7.696569926337474,7.742081199636452,7.785463505055052,7.821317344155092,7.847620861922085,7.864654465486343,7.873071463593181],"predValues":[7.95378140672564,7.930920916414627,7.901650133052562,7.870683085893672,7.839332505569816,7.807854878223885,7.777352429798441,7.74943716905684,7.725293982242618,7.705363812890551,7.689497819301136,7.6772194422472175,7.6679330491420385,7.661047791596326]}