{"timestamp":"2024-05-12 01:13:34","trueValues":[7.656082857762938,7.6819417109526675,7.716778110721112,7.75247088183919,7.780893533302843,7.796586232627837,7.7981155810902205,7.787172792500583,7.766781745457559,7.740536169637871,7.712761245355802,7.688088607353352,7.670189329833239,7.660965662872851],"predValues":[7.623959363756667,7.601178610070388,7.585582392061319,7.582418442791905,7.588685741495936,7.597774387771777,7.605111486190978,7.609445703322727,7.611363103358812,7.611888036138305,7.611861191474645,7.61180909687982,7.612001262145426,7.612533371221146]}