{"timestamp":"2024-05-12 01:13:44","trueValues":[7.888848949529143,7.924953161630844,7.960793711293428,7.988615680184091,7.997825260340777,7.977212013903495,7.917657792045253,7.814801001393144,7.671266305844636,7.498009251849324,7.314089816394686,7.144102229802185,7.013353567818397,6.942318600942318],"predValues":[7.719898736424421,7.658115078538637,7.612984148939638,7.5920766743570915,7.591578320452508,7.601881887100534,7.614909522638197,7.6266358564602115,7.635971154695228,7.64314665355497,7.648754264583708,7.653344967858348,7.65731957281255,7.660935894532949]}