{"timestamp":"2024-05-12 01:13:49","trueValues":[8.044355833492594,8.020652261269401,7.954234310754124,7.843252092252952,7.692957059870812,7.515733374583773,7.329015183600999,7.151199852558438,6.997091814781557,6.874873111122978,6.78570204895133,6.725744093983188,6.689445324517138,6.672374510528004],"predValues":[7.848685345862274,7.85151068026532,7.853232991359557,7.853986768252035,7.850650322084449,7.841089103412688,7.826331448907066,7.809157508883276,7.792142510531455,7.776879325825023,7.764049171327951,7.753738428383698,7.74572197392177,7.739649764159587]}