{"timestamp":"2024-05-12 01:13:59","trueValues":[6.759303113023406,6.7702626463042375,6.826588863804529,6.920301989909731,7.041896090007899,7.179381699415396,7.3179995688941055,7.442209296072271,7.539424188947007,7.603435688127836,7.635780052584617,7.64456304179898,7.641231645617626,7.636426716611203],"predValues":[7.000857243990208,6.994851747204051,7.015720416629229,7.069787961339578,7.147198668729326,7.230294597462551,7.305418990032447,7.366860312009376,7.414493376892503,7.450564099611817,7.477770767548288,7.49848288740024,7.5145402488890145,7.52729465359259]}