{"timestamp":"2024-05-12 01:09:04","trueValues":[8.084680505141424,8.082860117998765,8.068784211634611,8.044260946909162,8.010759338238753,7.967003068050152,7.909176738849879,7.834157332835881,7.74351645888165,7.6450066432212465,7.550262522558244,7.470659057988334,7.414293237964423,7.385376485216174],"predValues":[8.176045653436983,8.192417708804705,8.201647223117574,8.204367836753471,8.198858567561905,8.184647640513202,8.164185096296666,8.141216961542263,8.118842864642122,8.09885767701899,8.08196759937925,8.068196552710326,8.057231437865765,8.04863077973329]}