{"timestamp":"2024-05-12 01:09:09","trueValues":[7.9499694644858945,7.90532413093152,7.849085357929685,7.782568533999738,7.712482167169234,7.648457378550951,7.598794750779613,7.567426096820817,7.553423548151418,7.55249328752953,7.559130564172323,7.568299744439145,7.576252941178785,7.580722178995082],"predValues":[7.875295583845739,7.847541125297351,7.833254980032651,7.838317458336962,7.857672195047204,7.881598498242152,7.903111705383922,7.919726160090833,7.931683730124575,7.940143254431271,7.946269685098272,7.950949427603865,7.95477386191482,7.958108979138661]}