{"timestamp":"2024-05-12 01:09:14","trueValues":[7.688740321366171,7.644008340679587,7.613645431347425,7.595073708292063,7.582431466440612,7.568960229480684,7.548968662927573,7.518967492082951,7.478181942743163,7.428567156946665,7.374399941455399,7.321927129239715,7.279207435172647,7.254873412036565],"predValues":[7.7690555682062,7.704553157205764,7.665399550785516,7.661595847996992,7.686811492413875,7.726282716389311,7.767389604326775,7.803590563533152,7.833029591173405,7.856160122853513,7.8742015973544,7.888409069149365,7.899824695923669,7.909234946585935]}