{"timestamp":"2024-05-12 01:09:19","trueValues":[7.54436653073672,7.52221702532958,7.492674605865923,7.455917616596405,7.414764215627848,7.374114484338854,7.340428684065311,7.321381199149041,7.324440693440055,7.35336435669578,7.404385962341321,7.465469001084449,7.519813497671371,7.551673860816022],"predValues":[7.66689567565426,7.659436845987965,7.666666565752526,7.692706421080402,7.730905845891343,7.77035261730186,7.803681463285349,7.828799031653808,7.84668980393395,7.859244069709446,7.868208592639451,7.874884674439615,7.880147291672007,7.884549550723527]}