{"timestamp":"2024-05-12 01:09:29","trueValues":[7.315347262966729,7.469839897063574,7.653188684073871,7.846780703686146,8.033068848472858,8.197870099203962,8.331032654607172,8.426632615042312,8.483455591714693,8.50529837690536,8.50034620093193,8.479801793780666,8.456165466111,8.440831847386054],"predValues":[7.235800411400379,7.251649394509851,7.28318150854935,7.335702162739875,7.401419494112496,7.467078351960314,7.523448424604209,7.5676650409062685,7.600788166397944,7.625208305088738,7.643293103155729,7.656938165957575,7.667523734468409,7.676009306072517]}