{"timestamp":"2024-05-12 01:09:34","trueValues":[8.326190780964623,8.47094199161781,8.564563154815822,8.600844116435681,8.579046249543612,8.504044385587056,8.38585716567499,8.238902566291674,8.080548553247748,7.928430210046711,7.797092294406145,7.695624515756888,7.627735424515283,7.59394490347459],"predValues":[8.016149002493218,8.037240934467649,8.04613821284413,8.043169884094063,8.028739415538594,8.00533193198191,7.977341718813061,7.9490897037263375,7.923457302550849,7.901784887948361,7.884328414484267,7.8707553804334305,7.8604871636890365,7.852898363324427]}