{"timestamp":"2024-05-12 01:09:54","trueValues":[8.153239915608287,8.063245174103143,7.951035011581078,7.826566937738777,7.700802080589565,7.5856669128835374,7.492607892889897,7.429959624203256,7.400664919853771,7.401617506730584,7.424592020414965,7.458064658111722,7.489554511740112,7.508391757755836],"predValues":[8.25062863432494,8.209520683232482,8.174719633367669,8.151318262952216,8.137016170362568,8.127052015947157,8.118463318308393,8.110456432241433,8.103225117744378,8.09710905283859,8.092292960704704,8.088782157117702,8.086457834506728,8.085141117043634]}