{"timestamp":"2024-05-12 01:09:59","trueValues":[7.479644578229519,7.370921298307039,7.302246801311811,7.281072474825157,7.308719554718904,7.38070923478179,7.487832466434623,7.617642362556552,7.756330931842525,7.89066109722058,8.009437836578172,8.104317509503222,8.169931980629938,8.203359700028095],"predValues":[7.871522978340862,7.792292149597205,7.741019639372504,7.727868412066505,7.746248501433759,7.780660702358622,7.817796440595622,7.850717566637973,7.877384151836251,7.898157668889247,7.914192172545599,7.926687433218792,7.936631121900522,7.9447663839333025]}