{"timestamp":"2024-05-12 03:19:04","trueValues":[7.25256423938429,6.863223856038205,6.510904523083879,6.204637077744222,5.94910431909544,5.745008859695807,5.589498387584244,5.4766463452330765,5.398055602244465,5.344108260495901,5.305962059881969,5.277604393767474,5.257042843241894,5.245694992598612],"predValues":[7.646652672944489,7.518651469260259,7.452474589140425,7.473299669210748,7.566667535730856,7.69649656864272,7.83044266927831,7.950321103000967,8.04987440529038,8.129424977899218,8.19193211276008,8.24090953713621,8.279547779171933,8.310451037031036]}