{"timestamp":"2024-05-12 03:19:09","trueValues":[6.021103434658919,5.895602239948824,5.784878633900535,5.669468374839178,5.529427871080854,5.347949771733985,5.11535916698938,4.83244172838941,4.511968011457109,4.177409608826034,3.858882391644895,3.587643910022412,3.3908064104419333,3.2875611695329985],"predValues":[6.398437741524548,6.3751319221644005,6.423027453437276,6.550744661843082,6.734909021630024,6.9378201263636186,7.128847816124473,7.292414478115958,7.424964656241219,7.529294979718397,7.610431513793179,7.673514878662113,7.722968064899151,7.762306660288781]}