{"timestamp":"2024-05-12 03:19:19","trueValues":[4.125173813727368,3.9572553593231,3.856040844128152,3.825403707254096,3.856884989195328,3.931741367035341,4.025138736106599,4.111623604285361,4.170992139478756,4.193120647574717,4.180047263148615,4.144447551316318,4.1049576556812575,4.079665198315881],"predValues":[4.8280594034940725,4.815559757306519,4.89576792450425,5.049375249501401,5.248565776877757,5.464184175259148,5.672245601478636,5.857675780183219,6.014169404877743,6.141621356111936,6.243233856735084,6.323403185551851,6.386525355578155,6.436461612866703]}