{"timestamp":"2024-05-12 03:19:24","trueValues":[3.8584241053942407,3.931634453511011,4.002183093423405,4.053567866171012,4.079773640125519,4.086981232976716,4.091521735401368,4.114539340086699,4.174714477686457,4.280844838855192,4.426261588689102,4.587230302705353,4.727507532874252,4.809648715197078],"predValues":[3.7797115647113495,3.95809196263452,4.259029280399511,4.585715605847764,4.887815790919607,5.148102812594513,5.363372961267382,5.536492070901906,5.673114730688228,5.779757682071419,5.862653870559688,5.9272008011756,5.977808573738775,6.01794812352385]}