{"timestamp":"2024-05-12 03:19:34","trueValues":[4.202019753248848,4.558132938196184,4.972848920950726,5.404006280101117,5.811649806971588,6.167748523043894,6.459033456596181,6.683675050773944,6.846252978618737,6.954552591275135,7.018467343351288,7.049553995447277,7.060215845329104,7.061909451238438],"predValues":[3.567027806356077,3.635106471422985,3.80065777800408,4.011916144521464,4.237475025507799,4.457109606094357,4.657384171572232,4.83092390851402,4.975655849482897,5.093192451760734,5.187069569524137,5.261426297739416,5.320235646628275,5.366952338351656]}