{"timestamp":"2024-05-12 03:19:39","trueValues":[6.514055847387711,6.823081249682515,7.025356853516986,7.11282314665184,7.082539176578164,6.937710887187734,6.689670713376383,6.35959338031389,5.979051800612741,5.587867242030951,5.228022765117427,4.935191937753126,4.732417531495559,4.629834685984799],"predValues":[7.291888216392719,7.623117876576982,7.817574772778864,7.886555724201815,7.869826448755289,7.808676697036136,7.732696730482851,7.658616356119461,7.593943840319594,7.540845361388502,7.49885632059274,7.466454279977402,7.441860581233437,7.423414842045154]}