{"timestamp":"2024-05-12 03:19:44","trueValues":[6.722491371271572,6.502683809968259,6.235895030689013,5.95910169710449,5.714400361559468,5.541415408796058,5.467339087711093,5.499334139304355,5.623442268733173,5.8100815204574605,6.022478758541192,6.2237157928385125,6.380666839970257,6.466853227383767],"predValues":[7.445423745204016,7.422102642990794,7.382664642608997,7.346883895414964,7.320972416052909,7.303663455344571,7.292346436196186,7.2851005033179295,7.280766817763679,7.278647684067019,7.278276377184512,7.279303384911076,7.281441389608922,7.284446662995117]}