{"timestamp":"2024-05-12 03:19:49","trueValues":[5.123867197742789,4.978218950061352,4.974049156494523,5.115771804022375,5.392349915167305,5.78340204450485,6.263299179666074,6.8016711685754,7.362602376248622,7.906120168235106,8.392816578281705,8.78877138043816,9.067902458965484,9.21221192871765],"predValues":[5.528581931939621,5.321903138793008,5.221218838928943,5.236912202725811,5.344599703893007,5.504001921316237,5.677966438514495,5.842025341269332,5.984536484345015,6.102625628208659,6.198034752321937,6.274310940436105,6.335290720250202,6.384430541552039]}