{"timestamp":"2024-05-12 03:19:54","trueValues":[5.6037455947972,6.002935178924706,6.462953574856815,6.95890594519682,7.464381925100586,7.955309160455528,8.413584779559718,8.827572285188339,9.189951057824633,9.495633635021871,9.74125964962505,9.925373642444036,10.047918734686522,10.109159120369124],"predValues":[6.450062421841821,6.756198434645043,7.023590953067895,7.221774473321057,7.34591057701572,7.411644918868284,7.439832081500224,7.447179279891892,7.44444830049478,7.437761852933401,7.430291594350896,7.42350866547359,7.41797042530837,7.413775215692406]}