{"timestamp":"2024-05-12 03:19:59","trueValues":[8.019560401088055,8.459031200403913,8.841070101023178,9.157391404481071,9.403388991755506,9.578128615393355,9.684966124140898,9.731340945085735,9.727774591650167,9.687165791828535,9.624652278037695,9.557011699276512,9.500688937029956,9.468873492183906],"predValues":[8.186425501456004,8.437448622398623,8.577786676661578,8.617426942281448,8.582115312229593,8.502655905161703,8.405145986775453,8.306860496819299,8.216984828673757,8.139144340876697,8.073789279569114,8.019826721414663,7.97559043674517,7.939340572408956]}