{"timestamp":"2024-05-12 03:57:04","trueValues":[4.100152494109679,4.181083905717334,4.2895001331874045,4.421843515207009,4.569032652396668,4.7221286330641234,4.876765224992205,5.033383438162876,5.19350743815791,5.355260091936714,5.511162735347591,5.648712798526748,5.752749292541784,5.809122953333793],"predValues":[4.064358989055688,3.925801320728653,3.840533333114101,3.817262332080086,3.8464361025487257,3.9079444032904296,3.9819574334295136,4.055009537569782,4.120330677588259,4.175727896963223,4.2214583961448255,4.258819672747244,4.289382737619282,4.314634263517294]}