{"timestamp":"2024-05-12 03:57:09","trueValues":[4.513856590025712,4.621829079026193,4.746614687364698,4.899586112779601,5.089342900412989,5.318401837153785,5.582299167078643,5.870160940883945,6.1663682820697625,6.453027162443776,6.712033115571563,6.926006082254396,7.079149838449505,7.159109194154475],"predValues":[5.35414570615888,5.529496577472499,5.645610246458378,5.69227663766099,5.680015669770138,5.631256989534526,5.568106513006442,5.5055274822889455,5.451047366992789,5.407158335324009,5.373669285171995,5.349241770843412,5.332221988294108,5.321030222093741]}