{"timestamp":"2024-05-12 03:57:14","trueValues":[5.248486173147398,5.46433447879677,5.700769119772576,5.947498689262062,6.193768710004335,6.430204015452015,6.649234144664177,6.845105568588826,7.014531277765707,7.157138370579819,7.274253930255471,7.366377373852242,7.431449635930771,7.465550332441676],"predValues":[5.157200495687825,5.174134362023979,5.184165362309792,5.190294982441784,5.193893429868806,5.195489358412841,5.195836677860742,5.195913823045171,5.196545403560245,5.1982291088386745,5.201162752156984,5.205340486162694,5.210644832228696,5.216910004622735]}