{"timestamp":"2024-05-12 03:57:29","trueValues":[7.753577626190487,7.817198681698872,7.855338569830012,7.865907659438401,7.84764611185325,7.800372659147669,7.725535318426811,7.627184444438376,7.5127065723088995,7.392405800263905,7.277961949094314,7.180658282777375,7.110025985856199,7.072923205424088],"predValues":[7.937191936161145,7.95130983714766,7.8953636975585955,7.7922392576361315,7.665030370213,7.53190050682593,7.405094289357701,7.291507872692742,7.193850175761988,7.112086114450555,7.044712387593476,6.989634579847757,6.944688905006887,6.907899489509978]}