{"timestamp":"2024-05-12 03:57:34","trueValues":[7.8292389120335875,7.775805539278616,7.700657491510048,7.608883825907107,7.507665622893265,7.404819463791121,7.307233795611376,7.219878070596152,7.145404063095329,7.084269992912374,7.035500681126797,6.997998685993522,6.971750983863842,6.957979671406169],"predValues":[8.08083826298428,8.081406519329878,8.024083594020421,7.928020098006833,7.812962009038047,7.69410553305572,7.581471437478824,7.480634907108706,7.3937323519107165,7.320652672187728,7.260079682054145,7.210217181143476,7.169217140283156,7.135385687775099]}