{"timestamp":"2024-05-12 03:57:39","trueValues":[7.428976205831546,7.336898477899623,7.253354429335396,7.179848690247583,7.115613131151255,7.058496989488606,7.006450236637745,6.958937042480466,6.917321700665953,6.883843481405465,6.859935783422957,6.845178128917333,6.837531652394167,6.834517076401753],"predValues":[7.717447898368871,7.6890305626802,7.635212062027767,7.569407817734187,7.501330813846961,7.4362811438121055,7.377121352457544,7.325285901662227,7.281099585277566,7.244135546572491,7.2135706377910065,7.188443766816326,7.167808991490366,7.150812864139732]}