{"timestamp":"2024-05-12 03:57:49","trueValues":[6.836505176245101,6.8721793421507416,6.931002113371431,7.008126832067135,7.0969385478499865,7.189733905404509,7.278421763630275,7.355474985152469,7.415033193841948,7.454005798124052,7.47306604090028,7.476949214524787,7.473139930172532,7.469020204561316],"predValues":[6.980716835737594,6.974216706089343,6.964959018169067,6.960300272974655,6.959236320611964,6.958036284409729,6.954833264194196,6.949892517136977,6.94423998780964,6.938790521086622,6.934108120693539,6.930441033322058,6.927826735185805,6.926182300195057]}