{"timestamp":"2024-05-12 03:57:54","trueValues":[7.238485143555146,7.336997085525542,7.420118795767432,7.479753551616655,7.510481654690094,7.510818143246468,7.483858924635419,7.436376561973036,7.376421530681135,7.311101819277184,7.246261590776628,7.187798963310984,7.142637468005836,7.117773462104027],"predValues":[7.270855023731842,7.345731966976317,7.387842207441674,7.397895666876787,7.378960344812641,7.339039672062459,7.288665262021002,7.236793929744556,7.188912352381008,7.147434157561037,7.112828196638073,7.084579371016338,7.06178346737136,7.043466104148896]}