{"timestamp":"2024-05-12 03:57:59","trueValues":[7.565669764766694,7.552272682867768,7.514774940354479,7.458553443621336,7.387814831200515,7.305559592280727,7.215289227842756,7.122460380905845,7.034080837629048,6.9567448168778006,6.894780156853873,6.849726837569614,6.821025905285643,6.80723332972804],"predValues":[7.717997549502032,7.734216244761517,7.713331096433895,7.662282380335945,7.590378550039023,7.508752964665877,7.427535099233868,7.353538714115197,7.289916595451816,7.237187828670737,7.194446605714992,7.160221520069503,7.132958239129471,7.111235324664652]}