{"timestamp":"2024-05-12 00:47:04","trueValues":[9.95821875290414,9.904796809065385,9.846601830870092,9.787639254767372,9.729619697146497,9.672499568652608,9.616075806681394,9.56199470674484,9.514960729702208,9.481817404265598,9.467909742179632,9.472461108719402,9.4868982219936,9.498682231974172],"predValues":[10.17720263487396,10.143836578465596,10.097068390172076,10.04811648151586,10.002699563222818,9.961019634742271,9.922461129331282,9.887176609731837,9.85556263275761,9.827802592645492,9.80378857916334,9.783205366854704,9.765633541073498,9.750625513566211]}