{"timestamp":"2024-05-12 00:47:09","trueValues":[9.54839801749533,9.483467952397575,9.434698374823247,9.411457275023512,9.424672291629296,9.48244147624851,9.584541034754402,9.719824318586769,9.869178990374554,10.012258389795836,10.133498459280188,10.224572568895468,10.283524513448226,10.312011751577913],"predValues":[9.981015985492869,9.988542591290184,9.984409044664014,9.97350107440051,9.956435310397609,9.932597249067369,9.903397165512564,9.87177415172087,9.840476463358089,9.811290732395738,9.785075456493448,9.762052303467982,9.742076152662316,9.72482380495754]}