{"timestamp":"2024-05-12 00:47:19","trueValues":[9.96578416385883,9.977461858339758,9.958168253041812,9.920103583126668,9.878231755169264,9.846571530952694,9.835192051448267,9.84833902613428,9.883981828967526,9.934967553131935,9.991449257050458,10.043533220326196,10.083054412586463,10.104301565190376],"predValues":[10.302493856472257,10.34028316924332,10.337203740796124,10.300691808753289,10.241882858547552,10.171253751091363,10.0974798311557,10.026822550092106,9.96290248224097,9.907172960482432,9.85968448467882,9.819730056757502,9.786293832119371,9.75830468210552]}