{"timestamp":"2024-05-12 00:47:24","trueValues":[9.795512449093527,9.769150457801732,9.770036597491266,9.79877580335511,9.851179776284775,9.920440071683045,9.999412287973817,10.081922684092753,10.162945726371662,10.23831809984448,10.30449311944307,10.358274941248125,10.396576694727472,10.41660547170546],"predValues":[9.940325322736513,9.853456522709658,9.770771769171308,9.710650354122464,9.67567308631699,9.657198641943804,9.646486292199643,9.638632234663422,9.631653685266771,9.62499886656654,9.618648641772785,9.612713579005142,9.607276604353334,9.602374396664736]}