{"timestamp":"2024-05-12 00:47:29","trueValues":[10.026021994379786,10.114808194442722,10.196042272988429,10.260570465497526,10.300465356739046,10.309410742879116,10.283174735454397,10.220174296675186,10.122449620979657,9.997094078504071,9.857451327608793,9.722848994551647,9.615720181335082,9.556193601506749],"predValues":[10.047428088655664,10.063650770746383,10.063725723173636,10.051824766143454,10.02983074715454,9.999120983504792,9.96269091439668,9.924363645197417,9.887244120074111,9.853187544495558,9.822983842624115,9.796731356296952,9.774148881017508,9.75479254957477]}