{"timestamp":"2024-05-12 00:47:34","trueValues":[10.326930474065495,10.322097371451669,10.283761597012433,10.212043818839888,10.111203035849783,9.990840069237496,9.865768920723465,9.753420548051862,9.6688859048197,9.619772928181522,9.603832513742358,9.610661689862008,9.626189068585056,9.637678584631614],"predValues":[10.33366609254546,10.317337094955096,10.28068961065021,10.23336539229355,10.182523725631157,10.1312525443502,10.081515495729114,10.035168316814184,9.993501677771093,9.957040245590584,9.925702688915436,9.899045672112123,9.876464259987678,9.857323749009218]}