{"timestamp":"2024-05-12 00:47:39","trueValues":[10.012317394898137,9.89338649806606,9.785990301367889,9.7041231140218,9.654163334428958,9.63261105634107,9.627942742751689,9.625291765768058,9.611681255503596,9.580191667663955,9.532157793347167,9.476770607497484,9.42794734059584,9.399346344881533],"predValues":[10.599572851860785,10.574613693586793,10.524561419509258,10.461110734589052,10.394598163279092,10.329657998208871,10.268458012416136,10.212584964733075,10.162994099924,10.119932069948078,10.083077801996383,10.051793934648556,10.025311275264665,10.002855847007297]}