{"timestamp":"2024-05-12 00:47:44","trueValues":[9.588298224511831,9.582893144509915,9.585033807095254,9.583264717181171,9.571866100886812,9.552775026615686,9.53487415436308,9.530550302992546,9.550435554046016,9.598250418433532,9.66800773879264,9.74505245507486,9.81069589717523,9.84830925779438],"predValues":[9.627735427527382,9.630552788267956,9.638898554990032,9.662249691331905,9.694895460230176,9.725384619218165,9.74710593895049,9.75939228966688,9.764325328850376,9.764388586572665,9.761582920537052,9.75728564804143,9.75236005094291,9.747310064709806]}