{"timestamp":"2024-05-12 00:47:54","trueValues":[9.765726035558188,9.884184891571849,9.989321352325078,10.05866723170056,10.075432122839466,10.03105337540045,9.925464542196233,9.76640379686842,9.568650057022571,9.35280832964474,9.142765581195007,8.96197820035989,8.830018870623903,8.76055418367757],"predValues":[9.40872549826015,9.394703015434567,9.39134291406831,9.41127228605413,9.448589026429277,9.489058021368873,9.522938113218014,9.547413535968625,9.563495350022318,9.573307739061988,9.578853687100931,9.581662542601537,9.582791081630258,9.582930354934792]}