{"timestamp":"2024-05-12 00:47:59","trueValues":[10.37829255509865,10.347752896248329,10.23830268409703,10.048474233172165,9.781712165662205,9.445696181683951,9.051083878499258,8.611030736034099,8.142467231818081,7.668409076791696,7.219354466760404,6.832078198839913,6.545212003241593,6.392004457746698],"predValues":[10.257782873096854,10.24782748971016,10.211978966385104,10.163212578275768,10.110943626030652,10.059019136004382,10.00956116556986,9.964267573256404,9.924169087833068,9.889558608501368,9.860184167527148,9.835492392734764,9.814812964898952,9.797472375329471]}