{"timestamp":"2024-05-12 01:47:09","trueValues":[9.833890218155124,9.943078894177296,10.029902510116802,10.08087335011126,10.088428661093484,10.051658913964008,9.975415816549104,9.868402355649652,9.741529159416649,9.607097994313932,9.47824254559006,9.367926925271655,9.287462570943376,9.245087339095155],"predValues":[9.65724754707364,9.696703355301628,9.719165162488974,9.724696226357969,9.713160994646564,9.687004723846576,9.651471957555463,9.612280874921591,9.573701637988169,9.538176313782031,9.506736162649725,9.479545973615698,9.456308594858443,9.436536038234602]}