{"timestamp":"2024-05-12 01:47:14","trueValues":[10.204748980831797,10.172415779502476,10.10088990080679,9.993243331106957,9.85300149237118,9.684356936327935,9.49225439686568,9.28230201659064,9.060979725206147,8.836577473796957,8.62081548304386,8.430260099890175,8.285549554915601,8.206841798430194],"predValues":[10.247416580304035,10.22795287020666,10.17526928751293,10.103001326629723,10.024907807943514,9.948641852696184,9.878014339972491,9.815034632715712,9.76045012888834,9.714078497408494,9.675172340313663,9.64273654452719,9.61572443395507,9.593163753353052]}