{"timestamp":"2024-05-12 01:47:19","trueValues":[9.581793842243597,9.405818832499875,9.22938932399518,9.06139435565476,8.91090822116201,8.788084316521708,8.704860011822662,8.673595547053518,8.702178203344136,8.787328944896736,8.911101715371363,9.04426320761958,9.154904684944391,9.217247030780804],"predValues":[9.852004784562016,9.797199144495387,9.74063504606464,9.69371110556414,9.658775832381025,9.631589895966986,9.608109586293049,9.58663119747741,9.56685970400856,9.548929594993552,9.53295197012951,9.518915134711476,9.506689915407378,9.49608228643037]}