{"timestamp":"2024-05-12 01:47:24","trueValues":[8.613021759553686,8.489847545342055,8.430912079691744,8.45242634998851,8.559998764627341,8.744205517719768,8.98272939115796,9.24745870631472,9.511593717828472,9.753529521438995,9.957787643553086,10.11470400525307,10.219731492619166,10.271993002779308],"predValues":[9.510465710377249,9.51988845311072,9.525883052558164,9.53294080700205,9.538186413754495,9.53714877447797,9.528841281335763,9.515300939301069,9.49923241468483,9.48273703333752,9.4670820760149,9.452878325262423,9.440321401599435,9.429367715671086]}