{"timestamp":"2024-05-12 01:47:34","trueValues":[9.8809417372552,10.020820508559687,10.114328711539326,10.164212475549924,10.174933862111551,10.150924101249384,10.097033306057194,10.020209726014231,9.929977103578633,9.836944130882406,9.750870039215396,9.679662575441142,9.629155802602629,9.60305162639747],"predValues":[9.944500332407545,9.969157554662544,9.953405850235246,9.907546659463684,9.843911517151597,9.772753490084677,9.701821915032,9.63623322541395,9.578568761561886,9.529510537406026,9.48861309100286,9.454894598713178,9.4272111057608,9.404459057259428]}