{"timestamp":"2024-05-12 01:47:39","trueValues":[10.101782951003802,10.057373903647386,9.998820110640796,9.936689332648676,9.881770466574924,9.842779257080384,9.825021910752294,9.829899665875976,9.854716361380444,9.893020772747285,9.936008381873457,9.97487254434592,10.003147683053818,10.017683669742684],"predValues":[10.288432568489306,10.246983344642986,10.17639304234417,10.090553907931373,10.002099943804824,9.91751214282284,9.839823686190272,9.770685653616596,9.710722117084725,9.659691740410462,9.616790246839004,9.580949697176418,9.55104633659147,9.52602711006018]}