{"timestamp":"2024-05-12 01:47:44","trueValues":[10.199106817265672,10.21783588726051,10.222637626801944,10.196673787056312,10.120416868626457,9.975155343574976,9.747849084293,9.436212307538185,9.052411227512316,8.624083355714177,8.192213583045387,7.805900799340423,7.514344362580919,7.357421090373458],"predValues":[9.993494235686118,9.94948280829837,9.895501644931482,9.842779257080384,9.796179578853796,9.754746302332425,9.716941042236416,9.682441662601844,9.651483652260424,9.6242333949691,9.600613280413128,9.580342104095951,9.56302915655638,9.548243328443348]}