{"timestamp":"2024-05-12 01:47:49","trueValues":[10.2300627012971,10.084037299380675,9.841766601946272,9.501853091751062,9.076408762092026,8.59017429289138,8.07710233632678,7.574725453237646,7.117582359993416,6.731892319327617,6.432677578445613,6.222937829169865,6.095083872452642,6.036129668695518],"predValues":[10.01440862077614,10.042806022308628,10.050205049506372,10.03927528456544,10.012542252179886,9.9736834054824,9.927957109085392,9.880659469603644,9.83561890817934,9.794913361253034,9.75929075836472,9.72869741018708,9.702666060099176,9.680572636118097]}