{"timestamp":"2024-05-12 01:47:54","trueValues":[8.25320519045882,7.73930822561698,7.279373287352092,6.91921172446088,6.693640002555603,6.621460815114602,6.702282256627313,6.915614007952917,7.224042448717219,7.580589018831777,7.936960965738168,8.249192311924746,8.48050108397958,8.603586790537754],"predValues":[9.552747916163275,9.456345805283322,9.380411022817386,9.343027303677466,9.340483173770975,9.357022144473142,9.379108657946745,9.399682833437906,9.4163616090221,9.429040795509678,9.438418354155804,9.445328861632682,9.450490479140411,9.454443820994683]}