{"timestamp":"2024-05-11 23:29:04","trueValues":[6.872122729147181,6.680075872427862,6.547462303685938,6.490030272094971,6.5124833082535964,6.607234871001575,6.7576100386915705,6.942906525655351,7.142318255718154,7.33695004091695,7.510731761903006,7.650983169033751,7.748778012959045,7.798830552825328],"predValues":[7.59992860558332,7.554249619583654,7.525484632211146,7.522862094623671,7.542368330920906,7.572400333260425,7.602871418613473,7.62883020837287,7.64921062386593,7.664720194742788,7.676526265189537,7.685698900710097,7.693060185905468,7.699188742882463]}