{"timestamp":"2024-05-11 23:29:09","trueValues":[6.554142505211713,6.674303472374675,6.828439285075838,6.99939832954634,7.173004629957983,7.3387760096233405,7.490104162873273,7.624022355690206,7.740278886128732,7.839682549352394,7.922427902725543,7.987354246780811,8.032382050345156,8.055487863671598],"predValues":[6.765723240258176,6.850195157345548,6.948468952596739,7.057464134409561,7.163989075588147,7.254830885836706,7.324648008664361,7.375019760818326,7.410317569855225,7.434955655320291,7.452414255094377,7.465150586163014,7.474813336136933,7.482473102097556]}