{"timestamp":"2024-05-11 23:29:14","trueValues":[7.436308785842013,7.587220448122089,7.708030205621631,7.795263933601012,7.847315736438105,7.86339436102681,7.84346472325224,7.789355183919532,7.706306565583647,7.603982415584756,7.496092383390737,7.398220726516949,7.324559235222157,7.285221968776273],"predValues":[7.348574577648057,7.399411460112965,7.439575329568584,7.469907673194597,7.489464940931661,7.498049917527938,7.497886191658486,7.492514866827707,7.485109460699984,7.477769172815794,7.471582673891493,7.466949444416995,7.46387852120977,7.462191560019164]}