{"timestamp":"2024-05-11 23:29:24","trueValues":[7.559569381397105,7.461193257477504,7.378706782345989,7.320141294634439,7.288980487477447,7.284731588534164,7.303582655564842,7.339017345807534,7.3831026624675316,7.428398646879729,7.469317356382822,7.502226256142714,7.524953586290422,7.5364566575631855],"predValues":[7.720551513592237,7.629133207546856,7.55292359951434,7.504790851782884,7.484116739722056,7.481522907319484,7.48730487576764,7.495457414069111,7.503343100466478,7.510202044926029,7.516051523716458,7.521135530909447,7.525696997421686,7.529916925391316]}