{"timestamp":"2024-05-11 23:29:29","trueValues":[7.242164191420337,7.245711408065969,7.267385151612202,7.301625653005139,7.343778951247852,7.391257327078997,7.443337303523497,7.50025516677931,7.562370794812732,7.629116197066914,7.69744118185706,7.760844290591174,7.810419739652803,7.837725015215194],"predValues":[7.190688087013817,7.149295741959809,7.130925220987523,7.144765106942467,7.185130444269912,7.237488435745981,7.288942213897576,7.332911912451711,7.36789316708842,7.394859030418196,7.415509753069103,7.431479404270671,7.444083638331,7.45429922890307]}