{"timestamp":"2024-05-11 23:29:34","trueValues":[7.376015139683745,7.417026077882779,7.461985042161105,7.512450883532255,7.569477720175203,7.632017547052206,7.695837678333675,7.754379776635303,7.801353419631887,7.833267472103858,7.850373901785373,7.856001446970295,7.855184412355529,7.853083086505059],"predValues":[7.434695182346162,7.425222205539107,7.423508931262339,7.433709637664459,7.452058098170569,7.471578155482758,7.487593788137922,7.498943765091197,7.506445386746098,7.511404739015755,7.514928034673966,7.51776639272572,7.520357567240801,7.522930933909691]}