{"timestamp":"2024-05-11 23:29:39","trueValues":[7.7477906077561,7.817335828693412,7.868142145452174,7.889706118245025,7.874974511036815,7.821997231775317,7.734073516203244,7.619224337191259,7.489396101645642,7.358899407396011,7.241722982096814,7.148576251815966,7.085329692655078,7.0537444208657565],"predValues":[7.428886635023096,7.386257309130727,7.35909396476036,7.354771176544824,7.36913333739177,7.392004459252748,7.414989338698344,7.434213838921522,7.449029966951951,7.460162262919703,7.468622318803898,7.475280326969122,7.48076806727201,7.48550548593616]}