{"timestamp":"2024-05-11 23:29:44","trueValues":[7.8621268144823,7.801149825450068,7.715023639188232,7.612675302413171,7.504389510771727,7.3992482658210115,7.302470063861064,7.21432840151472,7.1315668350278765,7.050682002898503,6.971478550396004,6.8989934401047766,6.842367147106739,6.811114111253805],"predValues":[7.8789836685284,7.852069102427201,7.825310554321732,7.802345874821067,7.782144069367408,7.762592914771574,7.743210536031423,7.724862075525314,7.708566035739838,7.694907151923038,7.683998384293287,7.675636936035013,7.66946904232315,7.665095222667784]}