{"timestamp":"2024-05-11 23:29:49","trueValues":[7.3924568317037345,7.302881504844688,7.224678215405092,7.154366459715343,7.087808970106783,7.023688497538819,6.965388001210132,6.919870083192427,6.89402505101765,6.890879972749422,6.90777642931914,6.9367101925473325,6.966214604219866,6.984686656494311],"predValues":[7.3830542889151936,7.305431747892404,7.2566592466418385,7.248499266255391,7.275252764374627,7.320843774298339,7.370307326296592,7.415120106762907,7.452316179045955,7.481948700895559,7.505224087443935,7.523558992723839,7.538202623856094,7.550140791311151]}