{"timestamp":"2024-05-11 23:29:54","trueValues":[6.898250028973514,6.8247134583908045,6.776213656396826,6.76476852707137,6.798275451516761,6.877961310598897,6.997836820645314,7.145599152037176,7.304959972862733,7.459159973546807,7.594305844595882,7.70100354846139,7.774027146758316,7.810970985518459],"predValues":[7.528147569688486,7.58606639337345,7.637337043076908,7.679085279265975,7.706843990434349,7.719022165129854,7.718554376931419,7.710458983211004,7.6991735929237635,7.687588127138776,7.677206152809763,7.668609747297275,7.661866155154837,7.6567965005543]}