{"timestamp":"2024-05-11 23:29:59","trueValues":[6.964119923088125,7.079767797291186,7.211094284015541,7.339205790030652,7.445641426189537,7.5162779757307,7.54356278555941,7.526748191924419,7.470984383417244,7.386240564439532,7.286411107639795,7.188284559355608,7.109608963308844,7.065753553916826],"predValues":[6.768504719517619,6.7230516539546965,6.7112314967042455,6.743657989884502,6.812809577684383,6.899597046354007,6.98593666098138,7.061525386495973,7.12316445530224,7.171613491645138,7.209117081510907,7.238114634038887,7.260731396066964,7.278649810377012]}