{"timestamp":"2024-05-12 04:23:04","trueValues":[6.865689844052454,6.940308174844045,7.016276446692368,7.088834648889601,7.151007155715332,7.196096090691973,7.220038872789365,7.222744336466562,7.20767251965949,7.180046968654421,7.145443134041448,7.109892559904145,7.08032010631184,7.063440128644567],"predValues":[6.81988195050947,6.753142395607769,6.70586960737406,6.69155170035384,6.708712085151425,6.745003944109998,6.787054382106804,6.826434174752547,6.859777373328487,6.886714531473359,6.908125675735471,6.925191705527121,6.938997038944681,6.950411336775241]}