{"timestamp":"2024-05-12 04:23:09","trueValues":[7.1902447513803,7.223415984635565,7.2384864724988915,7.23853511183998,7.2279009039880595,7.210690816694392,7.190847826052033,7.172617907328027,7.159561566605461,7.152710861597132,7.150338697011319,7.149883932461591,7.149812169499331,7.149756353862017],"predValues":[7.219351543084164,7.244483464045077,7.260187060708786,7.268248167680564,7.268107033854786,7.259709969904132,7.24529252499737,7.228238721488179,7.211407914739492,7.196502481689363,7.184221446747953,7.174628067637551,7.167457352975293,7.162321251187477]}