{"timestamp":"2024-05-12 04:23:14","trueValues":[7.23339714953092,7.216541890217314,7.1991401692355375,7.183810803130577,7.170678446825766,7.157273922841865,7.140621991921329,7.119278358001491,7.09365579100972,7.0654625152365504,7.037422333782867,7.012944784722265,6.995153417434292,6.985930282051401],"predValues":[7.397704033188678,7.411799342131518,7.419871878019508,7.423921435400959,7.4224497630971324,7.414340016784267,7.401065463498681,7.385507784858234,7.3702007450082,7.356662263494746,7.345513754413298,7.3368057176261825,7.330298677470454,7.325639666487293]}