{"timestamp":"2024-05-12 04:23:19","trueValues":[7.13953704224746,7.126849616308659,7.112781683606978,7.098090210499883,7.084487142320397,7.074230088703465,7.069669951134973,7.072186704800302,7.081193222352668,7.09428650771136,7.108451984883965,7.121171305472658,7.130687605845818,7.135791547194991],"predValues":[7.275279874827038,7.316810961608082,7.352410706663971,7.381121207342911,7.399405878549233,7.405495364580109,7.401514646484678,7.391608699805322,7.379538435341956,7.367742199078925,7.357449529769612,7.3490846262576,7.342631009640442,7.337866480523884]}