{"timestamp":"2024-05-12 04:23:24","trueValues":[7.057060401299662,7.049458577286346,7.050364385343316,7.059951651312488,7.076591621739314,7.097960239801568,7.122023955779805,7.147166508290683,7.1718189463482,7.194311319241694,7.213117999551271,7.227229521607805,7.236348999378544,7.240734779527619],"predValues":[7.116350960718786,7.086127590479908,7.070014147565071,7.073099157575999,7.090824343465444,7.114157937749873,7.136131756793853,7.153883521558209,7.167292829739594,7.177294194579881,7.18494572108928,7.191092883278713,7.196321745339968,7.201001753634309]}