{"timestamp":"2024-05-12 04:23:29","trueValues":[7.1440464141648725,7.170055703786599,7.191698881626685,7.205751398580918,7.209162265598255,7.199584568024051,7.176070768967724,7.139601363124744,7.093234515842379,7.041834692806855,6.991451777525427,6.948294860966072,6.9173533295270975,6.901426736102885],"predValues":[7.146658585991132,7.1540113659465305,7.166929496519559,7.187090104717106,7.209767466579981,7.228818672538739,7.241394467202912,7.248065764805592,7.2507754811027745,7.2513798847182525,7.251172303705197,7.25090252812485,7.250935485929739,7.251399553085687]}