{"timestamp":"2024-05-12 04:23:39","trueValues":[7.147357078823795,7.177260970986242,7.218118017499542,7.262974653109459,7.300939120666186,7.320293857376429,7.312503854928742,7.274925046846975,7.211139733891639,7.129717742700313,7.042642424815401,6.963338769954488,6.903840895311058,6.872263065606711],"predValues":[7.153751424549901,7.124888892706469,7.108955920352279,7.111814744137714,7.129491290686071,7.153148349878169,7.175738267242586,7.194239290490685,7.208399451888308,7.219075920151337,7.227294639851338,7.233896832379248,7.239477067166828,7.244421269477785]}