{"timestamp":"2024-05-12 04:23:44","trueValues":[7.246916494254437,7.246709710607629,7.228139582284761,7.19675763888851,7.16213812273934,7.135798989279966,7.1287223638348935,7.148070190037659,7.194345871779079,7.26099266640734,7.336625247065537,7.408194715116078,7.463640374490566,7.493814839599608],"predValues":[7.31819226573721,7.3721792764565794,7.415402640203212,7.444919809735702,7.457800729883855,7.454738843494099,7.440454558750642,7.420804264951388,7.400328697086146,7.381646140122404,7.365867059453949,7.353193188741353,7.343369636574222,7.335961838347757]}