{"timestamp":"2024-05-12 04:23:49","trueValues":[7.185875981711168,7.179270599718269,7.192750341918167,7.225121019461111,7.268509172232191,7.310910185589075,7.339702017625242,7.344648612034942,7.320130131506977,7.266693835075765,7.191826991803756,7.109645642156221,7.038743038077199,6.997467374284049],"predValues":[7.267545953805413,7.206583051576885,7.161413848398014,7.14075355735214,7.14192196469323,7.155696998193392,7.173472152367669,7.19039731412229,7.204752830250509,7.216448332577627,7.225977922388243,7.2339180954791775,7.240751524218814,7.246826657657237]}