{"timestamp":"2024-05-12 04:23:54","trueValues":[7.295791324173409,7.326499227301916,7.335807415084523,7.318479583374999,7.275230438119703,7.213392825117851,7.146501504840408,7.092051755908837,7.066719430231094,7.07981165243479,7.128012442086019,7.19518230897253,7.258233513402821,7.295911460688008],"predValues":[7.0966320934222615,7.115231990085031,7.13775864972716,7.164670292152119,7.190985504624072,7.211190233753971,7.223400834676866,7.228997016789393,7.230421378695876,7.229782156754265,7.228472615587396,7.227265403088936,7.226513752506451,7.226323181973338]}