{"timestamp":"2024-05-12 01:11:04","trueValues":[7.062075569206632,7.047475527429231,7.058746830912769,7.107092209643515,7.200147774383417,7.339206055819401,7.51783496622299,7.722750649702379,7.936588329911915,8.141267992982092,8.320771614159005,8.462973644919472,8.560404092469735,8.609634813523769],"predValues":[7.470059704359088,7.471227048545183,7.470968967669796,7.475074074899811,7.482876303629956,7.490561053732994,7.495588713711173,7.497741602578969,7.497977091410682,7.497366043076476,7.496676852850031,7.49633053010994,7.496498242810629,7.497198861953286]}