{"timestamp":"2024-05-12 01:11:09","trueValues":[7.309660446890756,7.463084078638678,7.640102309222655,7.825908047429731,8.005985772304722,8.168819920503658,8.307506363479638,8.4201207906891,8.5085144207696,8.576000576267553,8.625560078004236,8.659600174680342,8.680436683666878,8.690204154407947],"predValues":[7.086113503676206,7.049131391336191,7.031269324240954,7.0424037465187,7.078707565970984,7.127350628100733,7.17614067140874,7.2184441402947,7.252453405475911,7.278856594023821,7.299158070258395,7.314874424782062,7.327255396293136,7.337246926949707]}