{"timestamp":"2024-05-12 01:11:14","trueValues":[8.304655513356677,8.455061113858445,8.564891935498471,8.63074428755564,8.651191947602225,8.625802211554674,8.555849270676227,8.4458246890381,8.304347729985206,8.144321905709376,7.982623738624138,7.838606370707246,7.73082903294285,7.673308892381552],"predValues":[8.074624919396319,8.101149307613824,8.104018762949222,8.08339329022948,8.043139318387913,7.9906750114122,7.934429859480387,7.88098904464044,7.834018591108846,7.79476531390768,7.763007545220185,7.737833363848164,7.718119280749124,7.702775296262962]}