{"timestamp":"2024-05-12 01:11:19","trueValues":[8.765956340003244,8.74052274881209,8.668421969052076,8.550826926473029,8.392123667012774,8.200285321567131,7.986375612606585,7.762583612165354,7.540042945154937,7.328391377406836,7.137192785480303,6.977409892121159,6.861210240474943,6.799717621269436],"predValues":[8.515930990024785,8.484898293044866,8.437885047524663,8.380125431300417,8.31663381491285,8.252295129781865,8.191561869032569,8.137541368930812,8.091597391548282,8.053719305335015,8.023117186128655,7.998691997451627,7.979310947655223,7.963946763224128]}