{"timestamp":"2024-05-12 01:11:29","trueValues":[7.26204465827632,7.118998748237427,7.007745425212161,6.934206196741961,6.900162910600864,6.901576375168634,6.929352096816952,6.972109798675142,7.019251154372415,7.063160784669251,7.100126949684318,7.129422185611302,7.150755187981176,7.162432882462104],"predValues":[7.640706181260635,7.597324938997032,7.581821747050152,7.600732084971881,7.644689291454808,7.697298719087536,7.746195077895187,7.786194424115107,7.816901264088617,7.839879764604235,7.857056362515514,7.870095692758138,7.88025972031288,7.888445216419243]}