{"timestamp":"2024-05-12 01:11:34","trueValues":[6.789183084198433,6.806946543667749,6.851610216645812,6.916943483275968,6.999288293004208,7.097809271792073,7.21278629519238,7.342211329205597,7.479119113872527,7.612291237670707,7.729887077616001,7.82290197667729,7.88630295910141,7.918180332726004],"predValues":[7.068714972159418,7.102027870817959,7.155618590512404,7.232375457579338,7.321556353934705,7.407501803847146,7.47996990365843,7.536301171144956,7.578310146096902,7.609209151336019,7.632052365378339,7.649251023755795,7.662553484860037,7.673179187471986]}