{"timestamp":"2024-05-12 01:11:44","trueValues":[7.75320605351923,7.78019796414642,7.757529107523515,7.6866350086844655,7.573832137251884,7.42885261406321,7.26313572109142,7.0881319034369525,6.914144461959084,6.750292077062305,6.605346441939143,6.488020909151693,6.405837034511042,6.363693570452046],"predValues":[7.651039250459812,7.673516207605859,7.689270038343149,7.699083756326564,7.701379107963884,7.695445374139988,7.683205004877191,7.667916570239594,7.652410986193972,7.638426776948261,7.626729414099898,7.617452589389687,7.610396961255795,7.60522763587434]}