{"timestamp":"2024-05-12 01:11:49","trueValues":[7.320112589449535,7.1613125828846025,7.009042208519073,6.8767929032578055,6.775655234234945,6.7144281379898,6.699153391472781,6.731280739415913,6.805705575998152,6.910518571843715,7.028769315266819,7.141186261435692,7.229072766582888,7.277308108771502],"predValues":[7.619382215708232,7.556685307680504,7.507572862619826,7.482468052111322,7.479582117873478,7.4898878108314975,7.50478925705039,7.519404980363987,7.531939577772049,7.5422069971501955,7.550605390044597,7.557628857739847,7.563696549093295,7.569110134335183]}