{"timestamp":"2024-05-12 01:11:54","trueValues":[6.588426064382006,6.545803781891488,6.55978480167221,6.631166888654628,6.754281034608959,6.918076540713428,7.107951504669389,7.307568157857757,7.50065544463547,7.672935193400303,7.814024100879493,7.918660612995648,7.986338933759209,8.019184575796812],"predValues":[6.962158667908437,6.917151064289024,6.90087814812472,6.923653851824767,6.978913724863627,7.049539642854825,7.119667206941441,7.180602732928811,7.229889535408906,7.26837494891389,7.29805398379459,7.320995805462831,7.338953556507747,7.3532838227048]}