{"timestamp":"2024-05-12 01:11:59","trueValues":[7.002458886992349,7.182881605663686,7.359718568320771,7.514479117476719,7.631812092349143,7.701990953664337,7.722724336616217,7.699302500467082,7.642821062337309,7.567395265325921,7.487516975189429,7.416042393722321,7.362930359565024,7.334759675835528],"predValues":[6.80520403262858,6.848325067706805,6.900442520364928,6.962942478929564,7.028995235703563,7.088949203840468,7.137077167374439,7.172799706832418,7.198325792508262,7.216457900972596,7.229582017826185,7.239438793586956,7.247202217159731,7.253632178578217]}