{"timestamp":"2024-05-12 00:50:04","trueValues":[9.068599888643153,9.097055763700444,9.134354430440649,9.159327941307092,9.147479610449237,9.07685847665552,8.934999313381407,8.723766097124406,8.459883053344813,8.171337737323984,7.89139600311187,7.652102405456255,7.479017582570367,7.38864409209774],"predValues":[8.91092337112071,8.846012974390389,8.805849370723518,8.807176453947829,8.843666591313239,8.896150300867639,8.948466563510097,8.992866042471544,9.027645563447678,9.053860839349966,9.07334687570227,9.087860536136208,9.098821664149536,9.10728703580871]}