{"timestamp":"2024-05-12 00:50:09","trueValues":[9.052895494613196,8.947925417616908,8.786193495360536,8.582918525829406,8.362566363379166,8.152540625409376,7.976531328917023,7.849366030848746,7.774900528587894,7.74724042504544,7.754006077654053,7.7797703100491,7.808745270533405,7.827328156716231],"predValues":[9.454804230538478,9.567722985865672,9.643293106167828,9.680204784489328,9.680642804347862,9.652508533676995,9.60702357346418,9.55455209019224,9.502258153804709,9.454075437788418,9.411623127202956,9.375157973979965,9.344240363528408,9.318154792535683]}