{"timestamp":"2024-05-12 00:50:19","trueValues":[7.694162146059281,7.895841054151998,8.153849900787495,8.445595047558868,8.745109731044243,9.026737629080715,9.269483025221032,9.4602672524877,9.59514334795643,9.678586131007243,9.721284561974382,9.736924635127052,9.738772398510871,9.736980982341866],"predValues":[7.834775557466313,7.822018229086496,7.843752572467528,7.9141033991033956,8.020728276851647,8.137899386375864,8.24526395421289,8.333989820229778,8.403373973185133,8.456265136891917,8.49631152772043,8.526807331427145,8.550368972458312,8.568951858641137]}