{"timestamp":"2024-05-12 00:50:24","trueValues":[9.174671394215755,9.428230671402387,9.613531145197406,9.721025152155253,9.750242777767491,9.708479923197224,9.608616179648852,9.466805124138324,9.300837060798628,9.129202912905384,8.969910931365849,8.838477331775602,8.745968760281368,8.698525468565105],"predValues":[9.008873967252985,9.133831358182398,9.213066173757293,9.247755326558728,9.243722248079724,9.211668656514467,9.164167422850898,9.111796407726125,9.061357676807384,9.016249605040809,8.977596478835133,8.945272314323285,8.918580213405091,8.896638023222255]}