{"timestamp":"2024-05-12 00:50:34","trueValues":[9.12848368855029,9.035192369189929,8.97020914634235,8.932011847841402,8.914749134375409,8.91076788470248,8.912636911186226,8.91430978557313,8.91174226625672,8.903313307656173,8.889992507128241,8.87485716681013,8.86186275486611,8.854417480426019],"predValues":[9.196361882453182,9.074395146528762,8.972039367668726,8.910372391043804,8.888690408046347,8.891856483625755,8.90510445803643,8.919855202034576,8.932592596258209,8.942492164007586,8.949826338750547,8.955170818917665,8.959083760882073,8.962010095009783]}