{"timestamp":"2024-05-12 00:50:39","trueValues":[8.85728294893018,8.852756566532825,8.853284954566057,8.857003870743615,8.864358245431509,8.877956529413511,8.901713525175275,8.939201699293594,8.99180076116511,9.057357556133269,9.129621795973982,9.198723149700282,9.253191238055544,9.283177524730212],"predValues":[8.971502474395523,8.964997028972288,8.967155233615067,8.983986571941253,9.009412455258683,9.033475373870672,9.05060492717336,9.060280700795984,9.064285074090089,9.064698641383703,9.063150687708884,9.060720315387016,9.058044354260968,9.055463013929606]}