{"timestamp":"2024-05-12 00:50:44","trueValues":[8.939952286721084,8.956003800857378,8.975797620581151,8.999132278020578,9.02314948096772,9.042208129011454,9.04878799528444,9.035878635740133,9.000447400751177,8.945917649406125,8.881686874507281,8.81995929804756,8.772070544387788,8.746108565163402],"predValues":[9.10272929033896,9.091509284084,9.084699244754288,9.088517034346513,9.098963063764062,9.108645216316669,9.11358782389513,9.113698923592258,9.110522748040385,9.1056763559891,9.100327623201997,9.095166005694267,9.090530649909777,9.086541692363122]}