{"timestamp":"2024-05-12 00:50:49","trueValues":[9.000526074220915,9.01683221397886,9.021538269570613,9.012390883981215,8.992778863761835,8.970936344359917,8.956488599535756,8.956564615118001,8.97332950625691,9.003482176688525,9.03970758845982,9.073635522283803,9.09882006941704,9.111931428410672],"predValues":[8.953603728452908,8.921265211348608,8.90288033778387,8.90708298948481,8.927831788184138,8.952973277540018,8.974275182626247,8.989227394496218,8.998484285050246,9.003618260528068,9.006106043219745,9.007041619616615,9.00714155618628,9.006848125407263]}