{"timestamp":"2024-05-12 00:50:54","trueValues":[8.953422992103514,8.93362943816849,8.929240468554424,8.943336840652261,8.97365855272831,9.013966479685946,9.056879136384868,9.096687912071674,9.130360157119012,9.156583406683774,9.174667673173268,9.184761798286996,9.188644440334004,9.189364727844094],"predValues":[9.169217409084002,9.105584393081909,9.055141409543182,9.029393921839327,9.024628329567772,9.030154609239284,9.037867798738477,9.044201544629784,9.04838984373827,9.050781942480269,9.051975865541271,9.052489900982051,9.0526849899239,9.052782268606077]}