{"timestamp":"2024-05-12 02:24:04","trueValues":[10.661019489612697,10.775782818858715,10.871458263298605,10.937059710776612,10.963583833205366,10.945926955024444,10.885200604782623,10.789062156341783,10.669641676633844,10.540891480254622,10.416846807889652,10.310561076585266,10.233034751089656,10.1921941834788],"predValues":[10.775546266872007,10.83879707865288,10.875058106116558,10.889568577085509,10.8855663301014,10.866082951636589,10.836016396759684,10.800813740094966,10.764736106868176,10.730413742540511,10.699144759362634,10.671354419333117,10.646978933152171,10.62570785956084]}