{"timestamp":"2024-05-12 02:24:09","trueValues":[11.023124234048655,10.98388849890493,10.904826446016958,10.794154668774746,10.661473988373672,10.516418183814004,10.368140488037616,10.22493669948175,10.094040524742208,9.981586899725958,9.89210699102784,9.827496935584016,9.78675152034534,9.767346283772769],"predValues":[11.267333594619071,11.285367361246234,11.26222035066368,11.212198376503546,11.149663599612776,11.082723108416747,11.016214258149274,10.953575292068852,10.896897967630984,10.847032277255328,10.803938352629512,10.767062821577891,10.73562373360058,10.708785980447876]}