{"timestamp":"2024-05-12 02:24:14","trueValues":[10.49697733154905,10.35460280389041,10.221334730353805,10.104684832566592,10.01061847321382,9.942897626250405,9.901915659025022,9.884342770088818,9.884487359168336,9.89642021084841,9.915145559800758,9.936247591747655,9.95492881976765,9.966072278862866],"predValues":[10.680370505280449,10.620879009566996,10.564625352395211,10.531137033162258,10.520582561935072,10.521444780637186,10.524358888482436,10.525312006936748,10.52355992750261,10.519634227678244,10.514328021090998,10.508323853248587,10.502104928096896,10.495972118499914]}