{"timestamp":"2024-05-12 02:24:19","trueValues":[9.90823771021137,9.864207146033689,9.847270023785358,9.853080697418417,9.876925669256137,9.914689997884782,9.962258741890626,10.014296457924017,10.064047327560058,10.105084578845254,10.13388916874138,10.150946959081809,10.159397446571036,10.162633690380206],"predValues":[10.017918095419398,9.955985595834116,9.921114643528286,9.932834864209072,9.981252537479577,10.043076063677724,10.1011854578958,10.1486175864846,10.184639935651576,10.21100033221088,10.229964891037426,10.243556264511952,10.253350579916685,10.260501360422758]}