{"timestamp":"2024-05-12 02:24:24","trueValues":[9.95346166587256,10.003076451669056,10.052684858535574,10.094112819281964,10.119725817878768,10.125246781775296,10.111122767647553,10.0814596800918,10.041885330081708,9.998086002115754,9.955346639681252,9.9184206087673,9.89130909320301,9.876958095483529],"predValues":[10.099882029870162,10.114810320752714,10.134275625582587,10.16707395722285,10.206243776756793,10.240519362264614,10.26448181272944,10.278393195857896,10.284760431131591,10.286205790349255,10.284750862736622,10.281760739309128,10.278085412486424,10.274218717764365]}