{"timestamp":"2024-05-12 02:24:34","trueValues":[9.980678433781495,9.954718315078354,9.938132565556348,9.932342091868222,9.937068878982403,9.950244558853322,9.968330420075311,9.987269463181944,10.003855744281449,10.016718325005913,10.026204857039172,10.033313642922888,10.038535860265416,10.04147229436559],"predValues":[10.20479203860915,10.163613919286927,10.133346959693194,10.128680772413803,10.144644576262897,10.167377487974337,10.187295165255192,10.201186880016213,10.209331178866464,10.213130363246252,10.214016502935788,10.213111226456316,10.21119754746272,10.208775680380825]}