{"timestamp":"2024-05-12 02:24:39","trueValues":[9.988996558473666,10.014517594163276,10.03781185171284,10.053916523598954,10.059651713227264,10.053712929417134,10.035875314886816,10.006163853778729,9.964820945432052,9.913370090956697,9.856148431160651,9.800823971455758,9.75683699663293,9.732491278791889],"predValues":[10.062065606646687,10.058961725634576,10.062383489990626,10.082819986909747,10.114146380457436,10.144356992836356,10.166638063674307,10.18010770590174,10.186577004055096,10.188304630924314,10.187146323555693,10.184400725777376,10.180898161641595,10.177136719264182]}