{"timestamp":"2024-05-12 02:24:54","trueValues":[9.938021997436715,9.976649076344977,10.010199590145223,10.03204317270214,10.03953841542706,10.034268887687192,10.020606814405404,10.003311940500769,9.98567154122229,9.969028381330476,9.95341010285523,9.938772584864209,9.926357060815748,9.918911254798155],"predValues":[9.97289135501005,9.974100693818505,9.983063622016015,10.009231055943465,10.045622851471704,10.079735774265068,10.10465931684668,10.119720502103783,10.127030224281828,10.129111350187364,10.128006200568564,10.125139934698154,10.121421018520596,10.117393255816571]}