{"timestamp":"2024-05-12 02:24:59","trueValues":[10.212127276507108,10.222592974292091,10.212704569670176,10.178318416042728,10.1135898188168,10.012619330917127,9.871950103872782,9.693338469737885,9.485429473366011,9.263179047669624,9.04580159289943,8.854756626869884,8.711614767092563,8.634679289986224],"predValues":[10.292861672204484,10.270177134045383,10.247991215579614,10.237296939470395,10.236223152923989,10.23730172366788,10.235994574599754,10.23149423949981,10.224674100197628,10.216680237779377,10.208413144527036,10.200439482053714,10.19305533902592,10.186375004605772]}