{"timestamp":"2024-05-12 02:15:09","trueValues":[9.83920865102483,9.885606861379587,9.931724930392786,9.975270695892087,10.016211731650108,10.056493611310332,10.098737011938994,10.144610023725509,10.19376021078856,10.243709358831442,10.290536552227266,10.329913155408018,10.358121315351138,10.3727482017922],"predValues":[9.967677111329996,9.974098035931014,9.96059862536368,9.933104905578167,9.895853549235303,9.85190750587984,9.804797513254965,9.75817019299847,9.714705227278897,9.67581342277652,9.641906220474969,9.612785341967404,9.587953230715486,9.566802825216252]}