{"timestamp":"2024-05-12 02:15:14","trueValues":[10.125945274607956,10.16728871453213,10.20306813278242,10.230674015420057,10.245976536861356,10.244453035751452,10.222708326609206,10.179968432597208,10.119170850970626,10.047137315764136,9.973464395553131,9.908382299290889,9.860466435178704,9.835264877565525],"predValues":[10.13777446867588,10.103798692877056,10.05017953378646,9.989193242148009,9.92957469941248,9.873982324648484,9.822995537329076,9.777148041262476,9.736809814387438,9.701960656759038,9.67223590621349,9.64706199063022,9.625788790728894,9.607780539821649]}