{"timestamp":"2024-05-12 02:15:19","trueValues":[10.279867791837962,10.27901035733333,10.2579779620387,10.21722563629255,10.160343654517868,10.093080495780418,10.021455212092564,9.949873517759563,9.880308628454816,9.813085869607232,9.748906923514465,9.69092829736095,9.645413037230735,9.619979180250834],"predValues":[10.316153271866556,10.304647276917551,10.267870087703102,10.213897429576186,10.151118127036234,10.085184975199336,10.02018367871682,9.959308486775496,9.904547499218715,9.856680008658874,9.815598636441324,9.780708015768065,9.75119164360182,9.72620165383293]}