{"timestamp":"2024-05-12 02:15:24","trueValues":[10.051621171961637,9.976534255605362,9.905947142771534,9.843429376360708,9.790741541046993,9.749606479502123,9.723501240141967,9.71799462883789,9.738691598731142,9.78726555578612,9.85775698467027,9.93592598736123,10.002893589009668,10.04140372086832],"predValues":[10.353134586840325,10.313190790468967,10.252606902996671,10.18453734119442,10.118742931084556,10.058090470114989,10.002922825772073,9.953512165734889,9.910062084185268,9.87245563407359,9.84026967971128,9.812894501707872,9.789648617710649,9.76986542953684]}