{"timestamp":"2024-05-12 02:15:29","trueValues":[9.761047090418844,9.72603739638598,9.707852661749325,9.712272197069536,9.741676937961152,9.791461296979584,9.849461717810524,9.899610207415236,9.928117645489856,9.928704507047891,9.90440025225171,9.865943809720378,9.828088049762036,9.80487352883721],"predValues":[10.145382937407923,10.15117925844853,10.13977692111168,10.116980751677954,10.086131183146168,10.048918100383178,10.007843638673103,9.966106299822751,9.926345897688282,9.890121017494486,9.858056794379266,9.83015535465262,9.806085525533152,9.785373671469952]}