{"timestamp":"2024-05-12 02:15:34","trueValues":[9.948538195084032,10.030402724542627,10.090305661239704,10.10773768213888,10.069784643498362,9.973818957744449,9.827003100088168,9.64386667828841,9.44290539981829,9.243010465809604,9.0609345411188,8.91048109864219,8.802822568448647,8.74653356137323],"predValues":[9.632288920377146,9.620746246580769,9.610592584787238,9.613256319630826,9.62617258968261,9.640338066855216,9.649887856610764,9.653673751553097,9.652885422123234,9.649180858538127,9.64392621496821,9.638055473077852,9.632133699747666,9.626467615194125]}