{"timestamp":"2024-05-12 02:15:39","trueValues":[10.145150106463705,10.039402331587516,9.885825339731358,9.694644555651015,9.475834499523115,9.237479401940613,8.98618145543141,8.728874025304815,8.474549276520742,8.234699117224489,8.022319554092572,7.850143728728644,7.728953361740375,7.666401042792165],"predValues":[10.435816150913684,10.423657378796866,10.37747339417389,10.312540139611144,10.242403804495808,10.173521460698776,10.10897785244223,10.050652637759876,9.999460661526154,9.955474749858324,9.918195751485552,9.886826300160507,9.860481850926153,9.838303906122857]}