{"timestamp":"2024-05-12 02:15:44","trueValues":[9.057689792069656,8.81284280429012,8.586849807217504,8.394286921641786,8.250462782145496,8.169246511445982,8.160048891783005,8.2249369622584,8.356495748349477,8.536881788173439,8.738909676893737,8.929952250824542,9.07816456256865,9.158873442546112],"predValues":[9.450149206386556,9.373226752928923,9.316278323966962,9.299835037214478,9.319753246072835,9.357451659091703,9.39701909859432,9.430748222433966,9.456735451589518,9.475708515656038,9.489166994756008,9.498586016446993,9.505154719592516,9.5097619017696]}