{"timestamp":"2024-05-12 02:15:49","trueValues":[7.933569767088265,7.864806762439583,7.88516777535396,7.998803894515003,8.200484131551466,8.475454553000212,8.801670108432504,9.153932961277643,9.507902975258322,9.841908533138296,10.136583735079864,10.374393434149194,10.540793669994947,10.626151726771855],"predValues":[8.51661699078624,8.423792396469315,8.372209976563152,8.388584424029615,8.466020381350528,8.5751641390741,8.68758533786296,8.787202163663409,8.868800107006647,8.933036995046722,8.982767133160333,9.021187428421786,9.051101420556698,9.0747427982126]}