{"timestamp":"2024-05-12 02:15:54","trueValues":[8.464766921609721,8.739550227779095,9.028487050627362,9.310804670467778,9.570852914175202,9.797917305695483,9.985643367614884,10.132734050837744,10.2439602634106,10.32880322159173,10.396871188661487,10.452944641061377,10.49538419378688,10.518813472020993],"predValues":[8.335246469435575,8.408930818562789,8.49063879844816,8.588920035784327,8.693036930895971,8.786250905730341,8.859582818976236,8.912828279085588,8.949873117570391,8.97520650640313,8.992539653887636,9.004569784249885,9.013135624056224,9.019448638425104]}