{"timestamp":"2024-05-12 02:15:59","trueValues":[9.726454153144587,9.901594586216095,10.042071913783584,10.15582365105049,10.25554174236435,10.353696995833442,10.457074998222556,10.564596647210308,10.66937110368725,10.762909075006789,10.838827910147778,10.894432511194236,10.930057771970038,10.94727290924994],"predValues":[9.77968951328147,9.80549494293263,9.796045089746748,9.76170890440413,9.71231897588938,9.65547207822958,9.597356305081526,9.542546412394907,9.493645535178524,9.45158287089926,9.416213298900098,9.386846831588354,9.362591481922006,9.34255047866156]}