{"timestamp":"2024-05-12 02:34:04","trueValues":[10.196533450596782,10.158939226767568,10.108599369263494,10.055506471896134,10.008008427697554,9.970025620717138,9.941161494141213,9.919506090018668,9.904266826299656,9.89580730199296,9.89387980198441,9.896567457815417,9.900857288226064,9.903868674753488],"predValues":[10.51367896496567,10.50505039901454,10.466769908635118,10.407921621694516,10.33865813683126,10.266038271644232,10.195050349376746,10.129267633971844,10.070726067247712,10.02009065265463,9.977094538288489,9.940963747311876,9.910726024480546,9.88539741984529]}