{"timestamp":"2024-05-12 02:34:09","trueValues":[9.908080363271896,9.873838798723964,9.853411870199809,9.848404410166562,9.861345132783264,9.893549160780516,9.943622697957975,10.007569876261522,10.079562480000646,10.15269531747346,10.219913823701056,10.275104857453895,10.313883435949151,10.333763902805137],"predValues":[10.06083075211832,10.05307769430676,10.03846888150064,10.023746842687398,10.0089514461794,9.991468393840396,9.970706039914862,9.948101238380492,9.925464010618734,9.90411638986766,9.884768563664894,9.867653894532156,9.8527261352271,9.83978169156791]}