{"timestamp":"2024-05-12 02:34:14","trueValues":[9.868443818694514,9.90343490751494,9.951646860293632,10.00902905649414,10.070997171771806,10.133269880955952,10.192781045036838,10.248174609816502,10.299580280204506,10.347624786071258,10.39194187052048,10.430197376757484,10.458653251814775,10.473838294628967],"predValues":[10.108527074723735,10.113223030343024,10.10785409761099,10.097907219464268,10.083853905143789,10.064536378858422,10.0408126066903,10.015044919041513,9.989509530759449,9.965698048304118,9.944340327580576,9.92562667333319,9.909440670089843,9.895514934368938]}