{"timestamp":"2024-05-12 02:34:19","trueValues":[10.223330803859623,10.28982955415463,10.342393000333765,10.377716325090578,10.393370219258202,10.386856268594997,10.35526036525571,10.296495004404829,10.211619088418807,10.10658894316522,9.99253420672433,9.884701584900116,9.800032452560906,9.753358885062068],"predValues":[10.351784911572338,10.37345945248482,10.370944027763237,10.348804356539812,10.312121788120043,10.265824577489948,10.21515992613446,10.164831231757852,10.118017859376982,10.076314009909016,10.040152387437509,10.009283682115788,9.9831279428933,9.960995182177353]}