{"timestamp":"2024-05-12 02:34:24","trueValues":[10.49727023075057,10.494617127456948,10.458016953549404,10.383045389510247,10.269633330264703,10.1229142197131,9.952950288319268,9.773292509667872,9.598310486690831,9.44035063836184,9.308223330136414,9.207224668629337,9.139787152472472,9.106283949069567],"predValues":[10.338385969152167,10.304054036429536,10.258509539536922,10.213239868210886,10.173069619825288,10.136912249973763,10.103378746653462,10.072339404954814,10.044178023831538,10.01918218671017,9.99738166193061,9.978578702663524,9.962457020297462,9.948645042161177]}