{"timestamp":"2024-05-12 02:34:29","trueValues":[10.012338657998066,9.851906442724845,9.69850806090809,9.569599454434394,9.479253605991676,9.435893361039252,9.441549877197826,9.49181744016214,9.576159652339946,9.679230934512589,9.78372099702798,9.873996145663437,9.938918768676215,9.972488419266398],"predValues":[10.597717114814492,10.581985078754627,10.541533625872471,10.488182913418475,10.431659746455091,10.375935540471534,10.322883574571538,10.27401618673754,10.230332211088696,10.192171857223876,10.15935704668117,10.131387033457251,10.107626050864251,10.087417069114366]}