{"timestamp":"2024-05-12 02:34:34","trueValues":[9.370910669769174,9.351567627763892,9.37876897992538,9.44570309219143,9.541460931143542,9.653582851800902,9.77123689948225,9.887395619661104,9.998682963646257,10.103091694804425,10.197397795608891,10.276222764932657,10.333219035869456,10.363124522764398],"predValues":[9.67062575797138,9.62987927957771,9.607292020100784,9.616081122456375,9.649120258703332,9.689981557836616,9.7268081837584,9.755234290475794,9.775346525121002,9.788828393630894,9.79752978569928,9.80297845505605,9.806292309179964,9.808240540710944]}