{"timestamp":"2024-05-12 02:34:39","trueValues":[9.631169949743391,9.73058344715077,9.826686811476726,9.917988967838744,10.005089004077323,10.088030509547316,10.165204930739105,10.234235584658135,10.293606412279496,10.34336153453552,10.384384433228266,10.4170721967489,10.440553569577832,10.453031819771084],"predValues":[9.87670931721436,9.939748029573442,9.98612019263079,10.016822514195564,10.030182119880866,10.026505198325667,10.009983769680948,9.986300928980183,9.9601738949426,9.93460820674314,9.911152881211615,9.890405943033532,9.87241417102873,9.856956960535449]}