{"timestamp":"2024-05-12 02:34:44","trueValues":[10.105057999970343,10.182294615729424,10.249207464895544,10.303707979478196,10.345404386861189,10.374985079904716,10.393014593911891,10.39926754002347,10.393175661893851,10.375197179326506,10.348264805379117,10.318155724302356,10.292254610701516,10.277310372494018],"predValues":[10.063473755439478,10.042229260723058,10.01428370006406,9.989328794410053,9.968673287561664,9.949131967149544,9.928898001257243,9.908287146918706,9.888337574987952,9.869909909434607,9.853457585864655,9.839092767130218,9.826713921929134,9.816106824529625]}