{"timestamp":"2024-05-12 02:34:54","trueValues":[10.461672080427174,10.381988613443784,10.279085841338077,10.159032784407254,10.028455024589144,9.89398452275156,9.762164997897605,9.63936262214598,9.531238695852744,9.44181194490445,9.372724412193104,9.323420067655569,9.292151084477688,9.277083520290605],"predValues":[10.676424073933651,10.660952510847917,10.61864266303198,10.561092488342032,10.498649142780955,10.436255233927216,10.376565991384425,10.32158546232088,10.272550627574944,10.229864422890262,10.193301990985097,10.162267433483931,10.136016010311764,10.113781718293655]}