{"timestamp":"2024-05-12 02:34:59","trueValues":[9.834337274831128,9.70502626419128,9.593075511488347,9.505977069982263,9.448973356960488,9.42393552521676,9.429125847909395,9.459805311641746,9.509034703752034,9.568399152443412,9.62898888726819,9.682584656948864,9.722475295570398,9.743769226994154],"predValues":[10.18882345056258,10.157937734760916,10.127766459116868,10.108510064243797,10.099133037175168,10.092965143463305,10.08555176367311,10.075923300447824,10.064783030817598,10.053143078339042,10.041785925089542,10.03117882769003,10.021537606604788,10.012904788033673]}