{"timestamp":"2024-05-12 04:07:09","trueValues":[6.858440190131711,6.795956976258268,6.749664815614404,6.724972775033269,6.725573723395009,6.753843280539174,6.810784798993657,6.895001558881883,7.001339916358593,7.120344968251673,7.239159183822891,7.343655359479515,7.421065535291764,7.462128302296875],"predValues":[6.946762057249951,6.908395717104568,6.86140532941679,6.811255245079583,6.760376633781064,6.711157607431993,6.666342700655685,6.62792758827484,6.596611161805245,6.57207580369171,6.55347231888083,6.539782337780384,6.530018322293053,6.523310212948622]}