{"timestamp":"2024-05-12 04:07:14","trueValues":[6.81899713976368,6.867084703407787,6.931756156052658,7.006240529314697,7.080428813910226,7.142227887543457,7.180146373646588,7.186304433174734,7.158825597559174,7.102787229274168,7.029508739566845,6.954345807628327,6.893294131957596,6.8592524405489925],"predValues":[6.807885575318357,6.80622306669267,6.794906844910532,6.775108506778024,6.746563326701031,6.711309904385233,6.673677805659269,6.637899317669602,6.606589403024359,6.5807209814396606,6.560204083423932,6.544422876445482,6.532586240292586,6.523909699472242]}