{"timestamp":"2024-05-12 04:07:19","trueValues":[7.134803078837049,7.185682221713066,7.2091040578622,7.202629709722613,7.1700743089990375,7.120687304160528,7.066898571847995,7.020972402311656,6.991436361777978,6.980823417025988,6.985842305975446,6.999563118570788,7.01417777872939,7.023266159216481],"predValues":[7.018011249857814,7.0645569729683295,7.084397305723197,7.075463880076837,7.039185842133217,6.983402631047358,6.919240163857035,6.856166101594319,6.799751642229323,6.752137979924879,6.713361793528367,6.68245547909865,6.658121057279443,6.639068123693816]}