{"timestamp":"2024-05-12 04:07:24","trueValues":[7.103307112067428,7.045363038451299,6.996451529684949,6.96593844970954,6.957260181262326,6.968003096712632,6.9919655471774576,7.021766844882748,7.050941412717635,7.075197825538977,7.09278586443388,7.104021286436289,7.110284598309083,7.113003351423737],"predValues":[7.260993995351086,7.211793308425703,7.1459927851746095,7.071812208452805,6.996182817259598,6.92494691408919,6.8622282113840365,6.8099433118139725,6.768121186352652,6.735679809002445,6.711104715470919,6.692854065224482,6.6795482817608764,6.670033974803335]}