{"timestamp":"2024-05-12 04:07:29","trueValues":[6.95814047359938,6.978120079658782,7.004182792819082,7.030440594921227,7.053296566823505,7.071767821731704,7.086940638263438,7.100869297660585,7.115435584266849,7.131580124465332,7.148989819109582,7.166060367309967,7.180111023742956,7.188145817628573],"predValues":[6.891539128847217,6.911839010349297,6.91750775279033,6.910264743588314,6.890579897251676,6.861188180008766,6.827139578092687,6.793349322840744,6.76297498459237,6.737370757024287,6.716693987075969,6.700488979937063,6.688064950648631,6.67870294064433]}