{"timestamp":"2024-05-12 04:07:44","trueValues":[7.512937276943127,7.567543575447923,7.599555703968317,7.606505282391315,7.590072627188796,7.554502650472807,7.503946972504457,7.441272124942907,7.369173205704136,7.292125831534424,7.2171744674401985,7.15270235635716,7.106037028309545,7.081762807642011],"predValues":[7.207855913896377,7.206776545786238,7.184639798239054,7.145077408722672,7.09240366021266,7.033010772125127,6.973872243870495,6.9202065717488015,6.874597488190151,6.837532715549163,6.8083150899369205,6.785762117208629,6.768608377129772,6.755700612317959]}