{"timestamp":"2024-05-12 04:07:49","trueValues":[7.558284558583903,7.519266504425701,7.470618658098468,7.414190111929768,7.353070128550515,7.292347499351182,7.237912900378311,7.194175501190899,7.16258969782408,7.142043164362825,7.130263141213488,7.12478390615057,7.123148507977293,7.123072492395047],"predValues":[7.326108517840725,7.258410262920981,7.181115971003344,7.106106930750561,7.039911711207038,6.984601072517098,6.939990823077606,6.905003721088417,6.878230288812997,6.858219851258697,6.843631504186257,6.833302953395815,6.826264069953116,6.821729182315789]}