{"timestamp":"2024-05-12 04:07:54","trueValues":[7.256103216578699,7.202457478613189,7.164389353444308,7.144510747109568,7.142535936703675,7.156453167184611,7.18323909153124,7.218815712965958,7.258012642952311,7.295169378500491,7.325381054034407,7.3459395479893725,7.357149985849364,7.361556497520871],"predValues":[7.274054854482387,7.222245982561979,7.164919070421286,7.111212466832228,7.064593917604457,7.025128009404002,6.992150801935589,6.9651578281534015,6.9436544551953485,6.927023521585992,6.914555902942707,6.905524135459176,6.899249660458919,6.895135516411434]}