{"timestamp":"2024-05-12 03:55:04","trueValues":[5.834512556486969,5.655657459857887,5.448074852069922,5.220589849854172,4.985721834212812,4.758042407527087,4.551601528534522,4.378225916145309,4.246342751497739,4.159059154904306,4.112234453278004,4.094991773638977,4.093525217768571,4.096032901392837],"predValues":[5.7338675269105845,5.651426368760793,5.600373665831606,5.595508801462259,5.633800454969141,5.69906435073578,5.773095288391835,5.843353221859889,5.903998506533231,5.953712431533146,5.993410639100324,6.024796170644688,6.049641837122809,6.069500243512616]}