{"timestamp":"2024-05-12 03:55:09","trueValues":[4.67088298411488,4.45700876210529,4.285527903720148,4.168233983182046,4.111265620063902,4.112657954426119,4.162242373858031,4.244793983844874,4.344324428301863,4.446810946155816,4.540842304452688,4.617599549438,4.671131264030143,4.698391554846747],"predValues":[5.184253072596999,5.136872573472713,5.1285712599189255,5.169671104454538,5.253584998063151,5.36140911464739,5.472921714597414,5.574489230474774,5.660182247522748,5.729305395926474,5.783713814707557,5.826081870259552,5.8590432632973934,5.884857463977274]}