{"timestamp":"2024-05-12 03:55:14","trueValues":[4.104932605091654,4.131608060989434,4.186335525940232,4.254814236298145,4.325778686096726,4.391702950622327,4.448716724163551,4.496653670722371,4.538666707258639,4.579541598994672,4.622709421198638,4.667087321436017,4.705841613484321,4.728955300802455],"predValues":[4.17368889857442,4.256885312066606,4.398926955928782,4.578229632505468,4.7682756398273805,4.947125952258978,5.1021084017968406,5.229184594186978,5.329818327741525,5.4079515818457295,5.468081236345796,5.514325953697945,5.550102116036056,5.578098375898948]}