{"timestamp":"2024-05-12 03:55:19","trueValues":[4.210134815336697,4.241161399175388,4.279832947863733,4.33697083436842,4.42485063250265,4.553178926619204,4.724654340487938,4.932277165436004,5.160410359963647,5.3892579282017135,5.599663611188357,5.775294823185101,5.902338655795035,5.969371109898256],"predValues":[4.599938559837365,4.665496575772589,4.7537346529876725,4.860262002876797,4.97484858260466,5.084948615023942,5.181488537370311,5.260966217414705,5.323965991722043,5.372961622627487,5.410848546316662,5.440262124684187,5.463364482756891,5.481836069901025]}