{"timestamp":"2024-05-12 03:55:24","trueValues":[4.428921212112977,4.570568496071608,4.756698878623927,4.977675245951453,5.220174355592125,5.471333228138353,5.720051827731809,5.955602986905571,6.166272996803206,6.340525828347062,6.470661049897902,6.556253266562775,6.604202221374221,6.624581573712286],"predValues":[4.417738478577131,4.374259002453035,4.374987172260716,4.425229991953667,4.516364950580698,4.630184762990971,4.747742080179441,4.855845092220481,4.948254424840515,5.02377331436128,5.083894098161845,5.1311348588512855,5.168130592864691,5.197228547092648]}