{"timestamp":"2024-05-12 03:55:29","trueValues":[5.6239209542703215,5.868595312257309,6.079369777133344,6.239702188731275,6.334657212766697,6.355555916320523,6.304478760826418,6.195341116244075,6.050582330611537,5.8953880142170405,5.752154988898773,5.636872042648239,5.558114716561123,5.518666948442796],"predValues":[5.2406008189859685,5.262104723521521,5.2864180151351725,5.316302770507683,5.350395426908928,5.384382830965524,5.4145301191749695,5.439381300769634,5.459232464416028,5.475098458005443,5.488061373982696,5.499015990171669,5.508625715290142,5.517355081624372]}