{"timestamp":"2024-05-12 03:55:34","trueValues":[6.297848527585478,6.259536807028037,6.17390512073392,6.0645172360442885,5.956587734221026,5.871018906966075,5.820384555527989,5.80762191137319,5.827520717652862,5.870016218910054,5.923426202255104,5.976358961901125,6.01859957174792,6.042036159172631],"predValues":[6.718074228050101,6.822874997613205,6.871769761688363,6.863839954358644,6.808854375308866,6.7250713826591895,6.631861128867305,6.543281579556801,6.466542387441683,6.4037423533793,6.354160525387693,6.315902095474448,6.286814440560521,6.264907201598193]}