{"timestamp":"2024-05-12 03:55:39","trueValues":[5.733032285766504,5.6582745487760056,5.632968137501301,5.658003311357538,5.729496630931459,5.84126093282689,5.9857387797516175,6.153751024360727,6.334206169259456,6.5144154595652575,6.680929187206882,6.82058416438462,6.921580168004205,6.974683165344032],"predValues":[5.637536780309765,5.490058045513203,5.388795788014197,5.351555129668485,5.372876304439023,5.431698012504716,5.505360234718568,5.578284029340202,5.642850827665111,5.69681072793207,5.740649525527268,5.775908662301172,5.804329453243581,5.827487626953598]}