{"timestamp":"2024-05-12 03:55:44","trueValues":[5.749429192382268,5.865132616433894,6.008793960321354,6.174176358152388,6.354127168899679,6.540964831925178,6.726870772490669,6.9041135945676455,7.065232076391071,7.203550136160783,7.314185766133115,7.39503418520386,7.446815680883109,7.471787862805806],"predValues":[5.769836585433364,5.7852398408105765,5.812105900465062,5.849287885944408,5.890105197039715,5.927179405181297,5.95670308653814,5.978550921715041,5.994360169406521,6.006028959964355,6.015097406295263,6.0226350423256685,6.0293216227814215,6.03556287418804]}