{"timestamp":"2024-05-12 03:55:49","trueValues":[6.585478600048742,6.761784782573853,6.921206469022955,7.055400018983967,7.157639116583143,7.224153814203097,7.255419076338488,7.256439173557576,7.235564656779918,7.202422394498306,7.165980099107736,7.133352138055653,7.109379853407111,7.096814158715403],"predValues":[6.385528116191492,6.43139474904803,6.464113476957934,6.480495100720624,6.479026750776162,6.462733368878176,6.438023254662102,6.411197329108732,6.386413990092278,6.365637416468667,6.34935971610688,6.337293837157875,6.328828066815575,6.323280391149762]}