{"timestamp":"2024-05-12 03:55:54","trueValues":[7.220746402439497,7.259107958387396,7.269494982702643,7.259928979833399,7.239328757044824,7.215521261420729,7.194026925280146,7.177668956716127,7.166853215148564,7.160317469807932,7.156151231165621,7.152858108564139,7.150036760992329,7.148268468444496],"predValues":[7.276238309056331,7.3025808977694435,7.296979134093186,7.259971240244507,7.197356992517754,7.120097784715,7.039986132056789,6.965608871660643,6.901292246995835,6.848126523511218,6.805397261049183,6.77162773731967,6.745179098895663,6.724533426230989]}