{"timestamp":"2024-05-12 03:55:59","trueValues":[7.255718886047486,7.235766390440492,7.216161546517338,7.195875486030211,7.17245843407856,7.143309913541087,7.107020446681254,7.064344873546539,7.018351725245425,6.973635426095037,6.934826813471134,6.9050696366981965,6.885466653296285,6.875839253225996],"predValues":[7.174931332600286,7.118494015402866,7.060378242254811,7.007346210510997,6.961018434174752,6.920986395938692,6.88692955457139,6.85872431830451,6.8360637011328285,6.818385294063227,6.804974391149347,6.795085454949934,6.788017600533582,6.783159247988587]}