{"timestamp":"2024-05-12 00:35:09","trueValues":[7.953336476359629,7.833287140471293,7.720463271727532,7.623696232895048,7.55444497431425,7.523249614619875,7.535648659765889,7.589989169521575,7.677692812009385,7.785272668733191,7.8969911220694,7.997248232966458,8.072479206824749,8.112717497130117],"predValues":[8.090110303497006,8.041973834723063,8.010935024601913,8.006341929228531,8.023499921927375,8.050425119578538,8.07736201193466,8.099856511138148,8.117138095605327,8.129999613174794,8.139579437058991,8.146881185574562,8.152652256684004,8.15740828056059]}