{"timestamp":"2024-05-12 00:35:14","trueValues":[7.415540052986501,7.397256976512674,7.426894814137261,7.501378390033052,7.613370871569594,7.753390776699862,7.911433816907328,8.077892526277886,8.243974081413455,8.401595314876083,8.542810206222352,8.659355649031163,8.74300973413752,8.786847601472097],"predValues":[7.723182290630934,7.678709453974733,7.658795231947613,7.674270250287085,7.718635442499897,7.775831586576029,7.83199992555935,7.880166428461942,7.918714833900466,7.948622447105401,7.971651979060848,7.989522817184806,8.003639123438825,8.015058471255617]}