{"timestamp":"2024-05-12 00:35:24","trueValues":[8.47307654106192,8.585048025287282,8.671945264710288,8.729451584256633,8.755797628223483,8.752418390067291,8.72359173970499,8.675469357734748,8.61516109319528,8.549980655095862,8.486819148334689,8.431922076938365,8.39101851739397,8.369046293082487],"predValues":[8.291815790464636,8.276253061837956,8.255657357458116,8.234931150802462,8.2145512668869,8.193483787477387,8.171925662037017,8.15120051853636,8.132612050789804,8.11688612787117,8.10417770462119,8.094273086885579,8.086782096780643,8.081270169701584]}