{"timestamp":"2024-05-12 00:35:29","trueValues":[8.814442586771019,8.798416322565888,8.758394650091045,8.698622215669783,8.623416225953909,8.536872751355968,8.443084141246018,8.346793927429438,8.25370168384216,8.169850383483961,8.100438588498701,8.048721945274234,8.015489580606676,7.9995861108036355],"predValues":[8.703650938802959,8.639020949202948,8.571601506681022,8.510491357485485,8.458729264384923,8.415163830518186,8.37824178643547,8.347152476451988,8.321417480819344,8.300527548294237,8.283863922668742,8.270758942605088,8.260557173047971,8.252672284016853]}