{"timestamp":"2024-05-12 00:35:34","trueValues":[8.414409522048208,8.319490778177041,8.237580533053597,8.178526791409931,8.151590430631305,8.163481021900271,8.21640408025695,8.30668108941365,8.42452358131812,8.555451384918808,8.683136831569094,8.792515280758133,8.871855880255172,8.913430290602323],"predValues":[8.621968474637502,8.584928154561432,8.549971086700893,8.522620892839903,8.501650957901315,8.483323494706385,8.465621432438112,8.448556731590209,8.432841440221539,8.419050990973929,8.40741263322787,8.397873209233536,8.39021477221666,8.384155054525685]}