{"timestamp":"2024-05-12 00:35:39","trueValues":[8.336152277492545,8.393165824698036,8.466308496354564,8.539787390778717,8.594305447418808,8.610990070355484,8.57570874022103,8.482367186787084,8.3346713025825,8.146671744040262,7.941923773261564,7.750232408994179,7.601856902958118,7.52102124174733],"predValues":[8.28081851518143,8.24739185893827,8.228946917116234,8.23124386348605,8.248367835225006,8.269890610761744,8.288710048931277,8.302539303336257,8.311821178032702,8.31782640903011,8.321756893051958,8.324493985590301,8.326604879835738,8.328426330133393]}