{"timestamp":"2024-05-12 00:35:44","trueValues":[8.641239487891776,8.638795826132451,8.58286324176959,8.474090525139776,8.32209098950959,8.144643775884548,7.964664127057978,7.804865020585138,7.681989287138759,7.602953281548199,7.564114900584396,7.553805220795141,7.557351905863274,7.562446544606228],"predValues":[8.53748486284517,8.581827994591805,8.613721315541346,8.630588269559912,8.630245667862308,8.614342463848018,8.588240679741599,8.557989933261563,8.528074080605407,8.500979309732312,8.477685583760248,8.458278752455179,8.44240239310455,8.429533699238856]}