{"timestamp":"2024-05-12 00:35:49","trueValues":[8.06462993348601,7.874900887553311,7.713160991634464,7.599425999058751,7.543721993020127,7.544890666149967,7.592554828316741,7.671517210423797,7.766489643622286,7.864719317941127,7.956072239954225,8.032244105984368,8.08663936822237,8.11485975444795],"predValues":[8.600199578719089,8.50551924735587,8.427815906553352,8.379397170127854,8.357880773521094,8.352926737026419,8.355270993793576,8.359694781733776,8.36405690668418,8.36778964387669,8.37093153267993,8.37367766203574,8.376203984096037,8.378632761685411]}