{"timestamp":"2024-05-12 00:35:54","trueValues":[7.576180646639026,7.609032136029111,7.665321674682026,7.729644412488064,7.790114276586991,7.838716938826876,7.8707327883897555,7.88471938973421,7.882943655101401,7.871059974339912,7.856213812180834,7.844145142449964,7.837133901037172,7.834375279610152],"predValues":[7.480433439236879,7.438565863899461,7.434791132084591,7.480939501015186,7.565848109017347,7.665746139314356,7.760642291141849,7.840799659464907,7.904352141476021,7.953206239872564,7.990360583322003,8.018687285047227,8.04053724653412,8.057699757641696]}