{"timestamp":"2024-05-12 00:35:59","trueValues":[7.761579462271214,7.787897864208157,7.804669931643291,7.817086784635496,7.833387608618457,7.862496792421062,7.910588077107658,7.978450589474351,8.061315016207102,8.150890874643647,8.237787316700405,8.312971511738853,8.368439231579517,8.39793168275834],"predValues":[7.988309225756366,8.019952971070492,8.051032446870256,8.083352624550868,8.112627926321668,8.134089570446111,8.146667757209027,8.152310452352646,8.153732422160388,8.153137586939879,8.151938348103892,8.150900177249865,8.150359828722923,8.150410860162753]}