{"timestamp":"2024-05-12 03:20:04","trueValues":[9.655195657930506,9.78392990698478,9.84790897993822,9.85371965357128,9.8098671678555,9.727022409490186,9.617970348885054,9.496340633094505,9.374499881037163,9.261872430178997,9.16470272139161,9.0871758643185,9.032760933713064,9.00456234216491],"predValues":[9.64083349708356,9.63209914721028,9.51295136675893,9.340546431493266,9.154541085935607,8.975255411532967,8.81234072934305,8.670012714715504,8.5491322574087,8.448435000343116,8.365529110565504,8.297630185140182,8.242013889388765,8.196246927313142]}