{"timestamp":"2024-05-12 03:20:09","trueValues":[9.799529580247588,9.711760287938748,9.607549303609922,9.495519877437252,9.380887316255793,9.265578588496597,9.149875430233717,9.034415734465025,8.921329266437144,8.814270621450344,8.718063599512234,8.638365248358891,8.581042323049434,8.551002347047444],"predValues":[9.856838418753345,9.806148251677945,9.652915722040632,9.463266944310163,9.279626587042094,9.115608881543368,8.97345814801148,8.852463135753808,8.750896749478631,8.666476661197336,8.596685585667096,8.539045840168697,8.491299283489699,8.45149449463413]}