{"timestamp":"2024-05-12 03:20:14","trueValues":[9.222778626227296,9.119371918653275,9.024904749866849,8.942164180691183,8.874510046703794,8.825187894320067,8.796700656190378,8.789982579767857,8.803176333273713,8.830849460464872,8.86497673585069,8.897495191938138,8.922353350487468,8.935752027118887],"predValues":[9.271724687531032,9.320417186368116,9.31572601494631,9.269437841133684,9.197898141423044,9.114791315351104,9.029865962657748,8.949397887286981,8.876723269617639,8.813041880063205,8.758230924221593,8.711489314802982,8.671737417908485,8.637864236566818]}