{"timestamp":"2024-05-12 03:20:19","trueValues":[8.850250178628713,8.826871666045683,8.823347041443725,8.836664918295416,8.860189614690455,8.884776402926942,8.901506741528467,8.903947745400298,8.888626352957811,8.85505696815638,8.80688594684505,8.752997277962853,8.706156263552074,8.678901487852015],"predValues":[8.995220399211167,9.049266946610336,9.066498562792685,9.053612061080798,9.01934870185544,8.972045215021208,8.91907697257718,8.866067001299541,8.816476933856713,8.771953597338179,8.732945643152442,8.699218645622787,8.670219764151062,8.645285855808236]}