{"timestamp":"2024-05-12 03:20:24","trueValues":[9.081801084233984,9.129929579345454,9.146448881680184,9.119364476568302,9.039706525304824,8.90378056427711,8.715664324474012,8.487454117656315,8.236842437697318,7.984024179543203,7.749670797367308,7.553575047738411,7.412763623713291,7.339331508108982],"predValues":[9.166832220849484,9.284257690206598,9.345498607466698,9.352918366186872,9.316610559903353,9.251722489427957,9.173221782378103,9.092423065803445,9.016195915713483,8.947831328399722,8.888302888050145,8.83730281129328,8.79392050587468,8.757049227443046]}