{"timestamp":"2024-05-12 03:20:29","trueValues":[9.002937309752848,8.862419316506745,8.681295712904003,8.470985846761414,8.243858729096342,8.011613583278393,7.784643546764046,7.571190994451971,7.376556551365684,7.203697117339042,7.055301411358047,6.935626306028459,6.850587461539234,6.80616937736535],"predValues":[9.282925556996055,9.296303236316296,9.27179645049329,9.221074388768,9.15689863214022,9.088034893555626,9.020196036387604,8.957072803206302,8.900607046612727,8.851391741306141,8.809168540622414,8.773234699108892,8.742721619133484,8.716753260979118]}