{"timestamp":"2024-05-12 03:20:34","trueValues":[8.04363076178502,7.836702525897365,7.644332602953502,7.469504205873447,7.312124574383762,7.171210290112736,7.046956442002218,6.941201490829806,6.856355608972436,6.79371212448328,6.752051864370167,6.727430257807547,6.71460754539545,6.709268115214565],"predValues":[8.182144707862825,8.087922862091826,8.016440041173496,7.990257457287347,8.005969824979777,8.044870134722123,8.089654210003534,8.130741163784814,8.164739000049813,8.191498079732781,8.212121426142529,8.227969611885754,8.240267657307108,8.249987551862086]}