{"timestamp":"2024-05-12 03:20:44","trueValues":[6.978456036637659,6.833700041786987,6.640526905243311,6.394582741507446,6.1010978744787705,5.774949297811257,5.437972686846535,5.114977826581594,4.829306716870056,4.598224604476927,4.429256836855916,4.319317926406936,4.257543504680185,4.230976673321807],"predValues":[6.721228874713296,6.694768541584327,6.706796811425333,6.772808902520718,6.880271812194916,7.003121764132631,7.119864422193281,7.21988763899112,7.300904833917551,7.3647759966388495,7.414708931568033,7.453909051019376,7.485086071290063,7.510357797133007]}