{"timestamp":"2024-05-12 03:20:49","trueValues":[5.543196857886973,5.204470958269978,4.909178860641724,4.688488897303161,4.565711970824263,4.551169148381007,4.639701960401159,4.811887121594901,5.038316709911526,5.285338514130659,5.520688604115719,5.717800198343718,5.857991670111536,5.9304071437504975],"predValues":[6.366884763068244,6.283492081196637,6.249180481313312,6.283056985014342,6.374673436572184,6.496396577108046,6.621915978347454,6.735399401872133,6.830843344311544,6.908113715241761,6.969634773843422,7.01849631432494,7.057597028784116,7.089350544851625]}