{"timestamp":"2024-05-12 03:20:54","trueValues":[4.701040339073197,4.772758532540663,4.904451608397228,5.062770936009394,5.212161887961433,5.321530569413942,5.369591687077513,5.347965719058932,5.261734745582759,5.127750902944795,4.971178837345689,4.820746425403853,4.703371655250631,4.639348129128905],"predValues":[4.377072085655928,4.380387891665966,4.501205786869475,4.700318257489051,4.936033856839528,5.174725941332312,5.394107974848298,5.583033009814938,5.738871930373215,5.864048464126272,5.963188597805191,6.041353347876166,6.10316478068623,6.152494640943681]}