{"timestamp":"2024-05-12 03:20:59","trueValues":[5.166531740644416,5.228030340096778,5.243309472128156,5.221773407153962,5.182683922269436,5.150651460909736,5.14980977438849,5.197472009586833,5.298615924645298,5.443137826055191,5.6078011324255055,5.763055782866051,5.88178454735443,5.945461152711379],"predValues":[5.825740331716944,6.144884976162267,6.427318347002919,6.638369630861153,6.773491182239685,6.849537861768996,6.888005999005289,6.905735703303468,6.9133925455878495,6.916951456938442,6.919466881660026,6.9223456396016445,6.926126484557744,6.930919187281709]}