{"timestamp":"2024-05-12 05:05:04","trueValues":[6.2237658940177205,6.191674693344467,6.168483163146436,6.153928039667635,6.148594058156107,6.154136285152564,6.172687010896746,6.2058978466756285,6.253830854162128,6.313803028828346,6.379684484753543,6.4423800638375255,6.491681218910072,6.518838848822332],"predValues":[6.18537483551867,6.165742615354356,6.139700633716488,6.110114359109228,6.077984486172979,6.045043160185696,6.013934580517904,5.986860009589741,5.964854030107119,5.947955048544285,5.935642916319229,5.9271796709700455,5.921807017195522,5.918841612121693]}