{"timestamp":"2024-05-12 05:05:09","trueValues":[6.132860427363749,6.140386634477943,6.16247301505717,6.200578616439676,6.253790321377888,6.318038239651052,6.386421963754751,6.45083374079174,6.504221929459363,6.542467867301399,6.565139116023045,6.575046125857398,6.577036750693862,6.576307825049426],"predValues":[6.191392957270409,6.1808464597056965,6.165847734804629,6.145945739059968,6.120068679340923,6.089667097745766,6.058340571303704,6.029531728787593,6.00522800556891,5.986025964495031,5.971663936542459,5.961485822184013,5.954728409026623,5.950667024045837]}