{"timestamp":"2024-05-12 05:05:19","trueValues":[6.523382241699631,6.513186053706246,6.495273353854303,6.477486770763814,6.466491223107479,6.465498767918299,6.473313754508402,6.485466014800867,6.496626351481652,6.502836904287747,6.502795972820384,6.498053902853125,6.491980629935945,6.487960840894395],"predValues":[6.519557408705554,6.492516061371029,6.455004232054037,6.4085552560481975,6.35556575050424,6.300725557900226,6.249250915331826,6.20470179730463,6.168443560622819,6.1402715479495775,6.119190247525112,6.103951781172347,6.093341760096596,6.086299952977657]}