{"timestamp":"2024-05-12 01:54:09","trueValues":[10.52414253644066,10.55006172367644,10.535454505602813,10.482773580796572,10.396352369023225,10.281846323286342,10.14699840142502,10.002054759717474,9.858788776594317,9.728418332000516,9.61946620796505,9.536699059914474,9.481683978313544,9.45434654231251],"predValues":[11.026802750336348,11.105011089762176,11.11941843469647,11.08208574699638,11.010816088654837,10.921750278827831,10.8273745413711,10.736276510768397,10.65337221572328,10.580707698026403,10.51847538873212,10.46585772164817,10.42160230018874,10.384362106973342]}