{"timestamp":"2024-05-12 01:54:14","trueValues":[10.204494355210148,10.073306876001578,9.942947594535235,9.827538930206376,9.739841932437294,9.688606898426215,9.676978640652624,9.702539013077102,9.758470534284964,9.834749778969748,9.919053185990183,9.997947260388717,10.058779394552683,10.091811620292164],"predValues":[10.611009741735018,10.585480200805437,10.544100082033886,10.50076110018139,10.461938932331282,10.426515139427304,10.392679168510512,10.360239120104051,10.329788234695936,10.301891579166773,10.276823979083144,10.254588092332543,10.234997866790588,10.217774755848216]}