{"timestamp":"2024-05-12 01:54:19","trueValues":[9.687899368776083,9.662089686504938,9.669900154686308,9.705422821004952,9.760237497889053,9.824382423021936,9.887530108768154,9.940767595215032,9.97849258710881,9.999509035078493,10.006669915557032,10.005186282759496,10.000550395397507,9.997063247009176],"predValues":[9.84392214870156,9.783930970139778,9.74309199726142,9.739967384726874,9.76864864864341,9.810481139865946,9.85089219285824,9.88364268252366,9.907833711312724,9.924740533643654,9.936127986810554,9.943584424378106,9.948340979832192,9.951288045482332]}