{"timestamp":"2024-05-12 01:54:24","trueValues":[9.949864480942091,10.02390737909186,10.074660803889548,10.09166384174766,10.069333334202373,10.007358839994728,9.909888789920846,9.784407263578183,9.641184338232383,9.493069305170453,9.354461535664209,9.239015129332971,9.157163889311832,9.115012451590363],"predValues":[9.938654043082105,9.977024370058722,10.00804298023494,10.03744665797156,10.061747723302751,10.07565804327621,10.07833878859974,10.07254725175662,10.061780681107642,10.04880381122106,10.03539317409593,10.022534845991451,10.010694488796068,10.000026259984262]}