{"timestamp":"2024-05-12 01:54:29","trueValues":[9.946870104894613,9.867836225614043,9.773353641080169,9.674556241993228,9.583756957944528,9.512950303603931,9.471100270323957,9.461387817853952,9.480045656464023,9.51753888056858,9.561724133798243,9.601695572199509,9.63046454640325,9.645138743241652],"predValues":[10.165898639374282,10.131131876258106,10.093327679317092,10.06593549083374,10.050246512551231,10.040180561044911,10.030917291560906,10.020848150589597,10.010109221970527,9.999308098784166,9.988979016416224,9.979449426605608,9.970857539501855,9.963213986654928]}