{"timestamp":"2024-05-12 01:54:34","trueValues":[9.428535796886369,9.370849538356875,9.352106647347089,9.372338486929396,9.425912993510146,9.504227116858118,9.598957416506169,9.704035935312094,9.815065464210608,9.926904054061415,10.031890609960149,10.120572620833435,10.184302915517703,10.217397335824476],"predValues":[9.769464088525684,9.690069799701323,9.630094036886993,9.609087688889774,9.622927309055967,9.654002798024496,9.687476764664998,9.716183544301453,9.738295041917468,9.75438642436613,9.765748361813117,9.773664082339131,9.779166972600718,9.783024098927813]}