{"timestamp":"2024-05-12 01:54:39","trueValues":[9.629045766060496,9.718432117118926,9.800681508686235,9.86757575263992,9.911417606805731,9.92408456701085,9.898621473268545,9.832659084669242,9.731231971698602,9.607066099664038,9.4780809460306,9.363174622437556,9.278109996439667,9.233200734657428],"predValues":[9.834328238013658,9.91043472001152,9.967884426554305,10.008696820557752,10.030797686623806,10.033729336526498,10.021470096262515,10.000057623056655,9.97474709205634,9.949018741142424,9.924788375618494,9.90290014055173,9.883571982716395,9.866689612950385]}