{"timestamp":"2024-05-12 01:54:44","trueValues":[9.967100881321924,9.967534116982977,9.92860084943574,9.852285457481075,9.74733292254223,9.62689925612268,9.504652378856695,9.391150483013954,9.292209558002494,9.209724146025977,9.14381066255651,9.094459007621632,9.061799949285902,9.045662319594896],"predValues":[10.016415325831929,10.051777455746112,10.069806969753287,10.07588927948794,10.07093338247202,10.055147657084834,10.031180422422526,10.003065288541594,9.9742814301679,9.947037020229054,9.92241647682143,9.900761604276385,9.881985755461706,9.865804536415844]}