{"timestamp":"2024-05-12 01:54:49","trueValues":[9.576538135518678,9.46171101697287,9.364042156914651,9.290561136180507,9.243604237875118,9.222599484610395,9.225375382306108,9.248129025539978,9.284812125537243,9.327410619934716,9.367735025794795,9.39975034378018,9.420801344287248,9.430926300895871],"predValues":[9.85441867798144,9.757727388942453,9.67872221484679,9.637589279611912,9.631560659204585,9.64488624393,9.664018249668487,9.681954206035975,9.696333908940364,9.707024995584591,9.714683432601468,9.720092233645872,9.723924907408048,9.7266891103988]}