{"timestamp":"2024-05-12 01:54:54","trueValues":[9.145119406357132,9.128780308794298,9.13748329559518,9.168954278222383,9.219271809471527,9.2842571586291,9.361250311893992,9.4496580287782,9.549489877676676,9.658638685386483,9.770593159131906,9.87400092986092,9.954592862788774,9.998975331270277],"predValues":[9.536910096181268,9.526476293046176,9.528407514097216,9.553274709464016,9.593805898970905,9.635503901086391,9.669114483143936,9.692460835288324,9.707041474487038,9.71526869942701,9.719296462131034,9.720716837206282,9.720604674354156,9.719648366434855]}