{"timestamp":"2024-05-12 01:54:59","trueValues":[9.14454902370154,9.19397456790867,9.265727430196096,9.366190261584968,9.49986658664021,9.666329017053254,9.858798876566784,10.06488934631724,10.269118763246423,10.45609317458334,10.613228014635096,10.732464568528652,10.810793576046576,10.849066092763522],"predValues":[9.663237893901098,9.708038713873702,9.74574510055504,9.780392790311616,9.80794232573444,9.823585056774604,9.827191278522536,9.82206474512969,9.812018461990805,9.799953779091169,9.78766689679728,9.77610880725345,9.765690419865807,9.756510076471525]}