{"timestamp":"2024-05-12 00:52:04","trueValues":[9.69948828981481,9.777235219972182,9.825486509485742,9.8467793777545,9.845073545562704,9.82484808491038,9.790931314213855,9.748562461295617,9.70308069054779,9.659172920772198,9.620238590069963,9.588502881848648,9.565749770192276,9.553743029239946],"predValues":[9.778977731011352,9.788357415967468,9.769293983726252,9.726358469194906,9.666676668737091,9.598098387269042,9.527936536433792,9.461716332747852,9.402596941283155,9.351724974703366,9.308953186041473,9.27346454068271,9.244191631010652,9.220052696816415]}