{"timestamp":"2024-05-12 00:52:09","trueValues":[9.841947338295666,9.81631732921892,9.78216719600068,9.74374955862672,9.7043926238134,9.665936181282069,9.628966561013264,9.593733072853649,9.560803441571323,9.530885196816426,9.504455695182354,9.482110835044615,9.465260891505991,9.45601994827691],"predValues":[9.937890697794655,9.89666845754008,9.837386934938426,9.770061050056183,9.702558681444536,9.63845096673653,9.57953304314366,9.527017970516866,9.481454868411811,9.442722005581404,9.41024102570758,9.38320446257054,9.36075275535566,9.342068869448171]}