{"timestamp":"2024-05-12 00:52:14","trueValues":[9.686150478806937,9.656323133804232,9.627466449313282,9.599029711045926,9.57041117327418,9.54068429641864,9.509089987811848,9.475930183472796,9.442689047776517,9.411165970554483,9.38275049538706,9.35868438731008,9.34071281525021,9.330965278665325],"predValues":[9.723508150649444,9.706492354931374,9.68162143852209,9.654009708531971,9.62483407754209,9.593610810029055,9.561096872350344,9.529109727972363,9.4993015197596,9.472631213518834,9.449413503129016,9.42953728889302,9.412669271719457,9.398390036962232]}