{"timestamp":"2024-05-12 00:52:19","trueValues":[9.501693086924098,9.468719334709425,9.438855310859342,9.41496887597676,9.399999653626846,9.395986243515274,9.40406037413576,9.42481475439882,9.457933095693011,9.50105891496872,9.549068336720588,9.594676091335494,9.63021629971158,9.6496082468467],"predValues":[9.76764130928428,9.777772644822884,9.775285393708709,9.762961832567438,9.741440917551945,9.71182886143602,9.677221039991812,9.641404942894146,9.607295741143268,9.576521125038736,9.549676461378551,9.52672347658285,9.50729963479784,9.490915884725156]}