{"timestamp":"2024-05-12 00:52:24","trueValues":[9.371840398813562,9.369690699410754,9.380699137821424,9.405990000454302,9.444961541581412,9.494446622468342,9.549149136500318,9.603179204997042,9.651707446387176,9.691826663332945,9.722466790330428,9.7438744793388,9.757071422309648,9.7632717422489],"predValues":[9.666086086136566,9.66882317867491,9.664910768288,9.657565430417575,9.645571447325208,9.627392560041027,9.604140828691325,9.578555472124428,9.553184341289317,9.529660973838022,9.508749246635489,9.490626174988623,9.47513972773294,9.461985842539452]}