{"timestamp":"2024-05-12 00:52:29","trueValues":[9.576293609869497,9.641757378775466,9.698765344417229,9.739089750277309,9.756554728981374,9.74741903809694,9.710434533658184,9.646950359355593,9.560995872625682,9.459346560260782,9.35179195346814,9.251204732944688,9.172331921646084,9.128742035214426],"predValues":[9.53490445428048,9.534167156290444,9.531369463917304,9.530100056851552,9.527588884749957,9.520086199940057,9.50707796698108,9.490521454221476,9.472763044738391,9.4555149496536,9.439732945308904,9.425802425390517,9.413757410858317,9.403453312632791]}