{"timestamp":"2024-05-12 00:52:49","trueValues":[8.904359452172672,8.966678940176662,9.02149680652575,9.065848975089857,9.098553217512931,9.11932886087592,9.128555983090047,9.127096271279934,9.115938991169765,9.0962621184956,9.070267978832572,9.042145402866664,9.017949589880118,9.003887770319668],"predValues":[9.140507439982562,9.193422258888017,9.237814827341989,9.274867905278017,9.300689282254124,9.312421197639868,9.311746094217128,9.302985697046438,9.29033043154628,9.27668696347693,9.263698930462883,9.252119577819126,9.242170573362417,9.233796101455434]}