{"timestamp":"2024-05-12 00:52:54","trueValues":[9.206083903318154,9.233508518028897,9.24374723222214,9.233766333115533,9.20051669217928,9.142243572091754,9.060060096134224,8.958565472821308,8.844944503618963,8.727462687047037,8.614898228122408,8.516994676598728,8.444129222607522,8.40519462611654],"predValues":[9.193808184151727,9.16094181059169,9.135105017868138,9.124901387789777,9.127168034242192,9.133575669405754,9.138470966586876,9.140260788023388,9.139485216453483,9.137203685831116,9.134314562128282,9.13139567008555,9.128759577271868,9.126534393864311]}