{"timestamp":"2024-05-12 00:52:59","trueValues":[9.071166344804563,9.000933262584553,8.92364402065315,8.84810446605714,8.783037519753595,8.736006732175952,8.713377743865413,8.719585771678393,8.754790820441851,8.812822870133937,8.881958510608872,8.948383105842876,8.999856818150654,9.02776995258226],"predValues":[9.40750021212675,9.3990273983826,9.386489079932051,9.374842748523516,9.363010364990606,9.348113437180448,9.3296570664422,9.309283295667868,9.288981819433292,9.27015600233378,9.253503805624495,9.239204902499838,9.227140219600203,9.217049815528965]}