{"timestamp":"2024-05-12 02:20:04","trueValues":[11.660844469227454,11.611722987349308,11.533925557329605,11.43870620638319,11.338937615206998,11.247510006555398,11.17644766343816,11.13578251640172,11.131157792167194,11.16100161607234,11.21554997262983,11.278994810197556,11.33381108181415,11.365350637938626],"predValues":[11.873852888539766,11.862008278724396,11.778401769804129,11.656103861098316,11.526761487386072,11.404242442441,11.293000282543195,11.194651534864754,11.109531624807053,11.03703242771212,10.975906331191638,10.924619734163231,10.881590130414704,10.845349834473456]}