{"timestamp":"2024-05-12 02:20:09","trueValues":[11.204582465686528,11.121805749240984,11.071942185175317,11.06279586274092,11.095188600750038,11.161765492937285,11.248834166103467,11.340310679884904,11.421863173352044,11.483942919904337,11.52322064967042,11.542333518618973,11.54807508717726,11.548312170741468],"predValues":[11.577523949001227,11.561323593165431,11.499977423560686,11.416176888853569,11.331041031470916,11.252006620612852,11.180271300382868,11.116060459640206,11.05941821931722,11.010080916974797,10.96748295415482,10.93086470661234,10.899397445027622,10.872273703180872]}