{"timestamp":"2024-05-12 02:20:14","trueValues":[11.273253773216766,11.363931857595873,11.445564087687744,11.49988067645601,11.514114727125886,11.483132264219549,11.409960090011868,11.304774192551305,11.182537415257784,11.059657429191422,10.950445363759323,10.8645844346691,10.80666428204039,10.777779955519534],"predValues":[11.05798668111451,11.098914959012571,11.11398252319966,11.11136450402092,11.096085371989538,11.070359678963111,11.03719987462406,11.00047956420192,10.963494528185665,10.928384366005638,10.896243595730674,10.86744538476453,10.84193551220238,10.819440747210145]}