{"timestamp":"2024-05-12 02:20:19","trueValues":[11.45142951380312,11.388462564406296,11.300206347109086,11.20204152524503,11.110035028697864,11.037147248451737,10.99048431250286,10.970691024356586,10.9735264587321,10.992191739427147,11.01887852457036,11.045718935610555,11.066269721691796,11.077018750283331],"predValues":[11.817217558724256,11.837718376520666,11.781636950458305,11.683129792685392,11.574092084672712,11.468424577998755,11.37101300144968,11.283944859860997,11.20795000913776,11.142746713205918,11.087401521978594,11.040662570447472,11.001196130669523,10.967748211326434]}