{"timestamp":"2024-05-12 02:20:34","trueValues":[10.744206052309366,10.70263934983594,10.669375887884735,10.644169546074073,10.62690071946685,10.617395050643657,10.615046541256511,10.619372518937038,10.630669603929238,10.649335416201788,10.67399529634428,10.700368982341036,10.722417753812266,10.734851883073164],"predValues":[10.761801267500497,10.727422024380523,10.690276983537302,10.670293390646666,10.66807671247908,10.67340949794124,10.678521678741635,10.68052253644494,10.679281302986592,10.675616076136356,10.67044754812115,10.664512485353509,10.658320670654224,10.652186266324748]}