{"timestamp":"2024-05-12 02:20:39","trueValues":[10.518074579298464,10.500792463253784,10.499146167741792,10.517672706709806,10.56094630453002,10.631144834212648,10.726213748727066,10.840214795840636,10.96499623461814,11.091162964356007,11.208149350699593,11.30516330728,11.373550752426189,11.40852536234417],"predValues":[10.858736019033667,10.887985007718306,10.896601347386978,10.89537552967608,10.887980223520824,10.873579789094004,10.852786072096077,10.828068781583776,10.802046468313344,10.77661845868592,10.75287554972786,10.73129881907505,10.711987671719662,10.694823565879592]}