{"timestamp":"2024-05-12 02:20:44","trueValues":[10.725935733695495,10.81346422139764,10.905748201398875,10.991949871665458,11.061124583086512,11.102933684899126,11.109245104535509,11.077099550063062,11.01087722006713,10.921624826538253,10.824103745024544,10.733677628379592,10.664193538854574,10.62642548918344],"predValues":[10.59899077450023,10.577785084941182,10.556495406137412,10.55112275236289,10.559865607476135,10.572190763349898,10.581060665485222,10.584649876753211,10.58373662661127,10.579765211122057,10.57403108464874,10.567469823588194,10.560685299978395,10.554031544433156]}