{"timestamp":"2024-05-12 02:20:49","trueValues":[11.1386875874295,11.158417086275987,11.138538745729996,11.08140426464366,10.995657093138057,10.893445903357534,10.787567360416787,10.68969490617675,10.609259257033376,10.5521954757543,10.519636353988236,10.50747067136394,10.507543497481198,10.510660667930768],"predValues":[11.155471615358344,11.20313179069388,11.209837109256446,11.186153736978186,11.143722157915157,11.09069039196009,11.033298627364612,10.976474587537236,10.923450795244644,10.875849625011409,10.834127170331003,10.79804794237172,10.767034647970489,10.74038241536466]}