{"timestamp":"2024-05-12 02:20:54","trueValues":[10.775427193512408,10.665440088087903,10.57762720642421,10.525605969293265,10.518749151143703,10.560147343550195,10.645340611302654,10.762670396710089,10.895514271403115,11.02602186299146,11.139236706985162,11.225958260045008,11.282997588759162,11.310901154795804],"predValues":[11.158052424112208,11.122201774477158,11.06187251262651,11.000920241947943,10.951341603421326,10.911385049190011,10.877058963819865,10.846300295040276,10.818461049880922,10.793399297149774,10.771036894954594,10.75122287528589,10.7337350387494,10.71830440713103]}