{"timestamp":"2024-05-12 02:20:59","trueValues":[10.623442807840918,10.703142753726755,10.80539434339714,10.91181084276609,11.003558461071618,11.065906654260512,11.091534005449766,11.081175154741926,11.04163216780423,10.982888601630776,10.916166588786515,10.852991792587888,10.80404626286165,10.777447719583146],"predValues":[10.498019755023062,10.47334233282313,10.456833662038363,10.464135410553933,10.490008350547368,10.51992819003476,10.544343544528072,10.560579516056247,10.569529154816305,10.573089660899392,10.57306042413699,10.57082141971448,10.567329487128664,10.563204977319964]}