{"timestamp":"2024-05-12 02:48:04","trueValues":[8.91361368483921,8.956784156624767,8.981320179210176,8.991801292742608,8.99295056329376,8.987106931855813,8.9739301888299,8.952290732032303,8.922634023406527,8.888030454582307,8.853382233248233,8.823612830192836,8.802248996328066,8.791189526477568],"predValues":[9.03292944378,9.044454575518936,9.04656121714439,9.042423949475731,9.031612194739406,9.013610322762135,8.990305433662613,8.964909318685082,8.940194686060273,8.91782723387886,8.898494557634795,8.882255396641629,8.868844227939,8.857858913149505]}