{"timestamp":"2024-05-12 02:48:09","trueValues":[8.944756152572511,8.930514394028911,8.912999712828764,8.894134824783132,8.878177665652771,8.870664880870407,8.876304918126538,8.897258905740179,8.932638843500554,8.978789338741143,9.029670342138402,9.07759099044807,9.114739220756276,9.1349668077186],"predValues":[8.909875366082966,8.872734577859733,8.843572502096055,8.83153811911382,8.833643166006777,8.841280074134975,8.848241613051682,8.852401738552764,8.853951818537578,8.853773208498176,8.852701814050508,8.85131811782264,8.84996684782216,8.848815450961013]}