{"timestamp":"2024-05-12 02:48:14","trueValues":[8.795950334551641,8.78960197027913,8.80511419904348,8.844835530231828,8.908337778169361,8.992378054328178,9.091104753607857,9.196982764971104,9.30193317359996,9.39807693781578,9.478569465751466,9.538967832676882,9.57806216820608,9.59694805356289],"predValues":[8.969532448187113,8.919332395565075,8.881260283564957,8.864274256186789,8.864400505842617,8.871882459130084,8.879631795899156,8.884960860318827,8.887744997465761,8.888721771118743,8.888676055453896,8.888187801521779,8.887614495189947,8.887143517526523]}