{"timestamp":"2024-05-12 02:48:19","trueValues":[9.07210670539892,9.172361158408483,9.269873203104726,9.353814074271376,9.414121541444596,9.442835231588523,9.436022002793822,9.395170803633002,9.326763690119382,9.240588598727708,9.148372129068749,9.062982177641947,8.99715640445969,8.961314260064611],"predValues":[8.955151682127731,8.950450942310958,8.948927441201054,8.954939051128441,8.964329899212022,8.970810892070336,8.971690121252395,8.967764953005528,8.961029334525564,8.953242787331616,8.945556176707335,8.938571248380704,8.93252933853592,8.927453039216655]}