{"timestamp":"2024-05-12 02:48:24","trueValues":[9.502157685657544,9.513173566153185,9.487097563555432,9.427323268612929,9.340148279947098,9.233697228040764,9.117553392031862,9.00202778065339,8.896618089066074,8.808433368942374,8.741319051904426,8.69566132900469,8.66887274677057,8.65695876609168],"predValues":[9.56781973297035,9.593770814856022,9.596456875954534,9.57697137117973,9.538712143900238,9.487705688213396,9.431211758012417,9.375450341603983,9.324352454587448,9.279691971074374,9.24178943229619,9.210164823772,9.183999516154543,9.162392485584338]}