{"timestamp":"2024-05-12 02:48:34","trueValues":[8.65866885090346,8.690851350012032,8.772655013847082,8.897977864306522,9.057210840743757,9.238333115402751,9.427323800190424,9.60911639407468,9.770147697188396,9.901447870826589,10.000165533288795,10.06849397333268,10.110835715798512,10.13102875022345],"predValues":[8.861657034374296,8.810697889084796,8.782795651991904,8.788386518329446,8.819795837966858,8.860958541541635,8.899749877896845,8.931152552815526,8.954715788579188,8.97179005782206,8.984054082283528,8.992948436983768,8.99955328739917,9.0046250683097]}