{"timestamp":"2024-05-12 02:48:44","trueValues":[9.961003687417325,9.972023820532954,9.9473219457681,9.895616997248595,9.826310986185485,9.749587342712186,9.675920269853664,9.613950559843504,9.567872359142672,9.536584239174855,9.515564070162688,9.500276964468837,9.48885176929956,9.482294229281504],"predValues":[10.001480124441898,9.970827771161954,9.90811225792179,9.828207654699137,9.744746266435884,9.665018678520138,9.592565197090057,9.52908474382995,9.474986633413453,9.4297812829647,9.392475174139522,9.361886610159369,9.33683921002067,9.316275134501977]}