{"timestamp":"2024-05-12 02:48:49","trueValues":[9.779645923926616,9.708440054884855,9.645688394374815,9.594430502531312,9.552531032544003,9.514733746110466,9.476282087776616,9.43582212965449,9.39583261761829,9.36053427700389,9.333108599138152,9.314365176550863,9.303271154162982,9.29825093626978],"predValues":[9.96067038832594,9.89541925041926,9.819567394043045,9.746366514650465,9.682899350827814,9.628974003098238,9.582639050465763,9.542646348964574,9.508317605706932,9.479112737954647,9.454464552517116,9.433763330003876,9.416399351024475,9.401803296078311]}