{"timestamp":"2024-05-12 02:48:54","trueValues":[9.491766940299808,9.453209498043815,9.41557912694472,9.382126954981644,9.357664290090993,9.345640007081224,9.346642030665372,9.358772629174783,9.378806190350256,9.4031816765312,9.4285565284088,9.451852912268354,9.470004689100122,9.480063730098966],"predValues":[9.635418317109178,9.642223572241406,9.64244736636816,9.638475950878943,9.628676319699236,9.61149467180172,9.588252508846985,9.561992580434849,9.53554341043334,9.510749572761297,9.488508901813208,9.469083465295704,9.452365352976638,9.43806644985198]}