{"timestamp":"2024-05-12 02:48:59","trueValues":[9.24998476258627,9.23765907513501,9.245365354126726,9.273894055301271,9.323590704032496,9.39435855321572,9.485031853397343,9.59236107133074,9.710329281313538,9.830404664499287,9.942622269106328,10.037029901212954,10.10507394729529,10.14065242925125],"predValues":[9.541911177284536,9.546570985633943,9.547006879182486,9.547763313962456,9.546718232600952,9.54052907578916,9.528872112830662,9.513729596216326,9.49739421969598,9.481516531401605,9.467005528855156,9.45422481106542,9.44320786741478,9.433815956176202]}