{"timestamp":"2024-05-12 01:42:04","trueValues":[8.762502415208552,8.632164396842139,8.534590157578606,8.475090422413931,8.452539310206884,8.460274028594753,8.488321652133411,8.525967438979954,8.563476876198205,8.593017966718115,8.609892097032908,8.614091559268857,8.610442013954819,8.606041349635792],"predValues":[9.146944843486024,9.07303324497832,9.01340034965034,8.981257453065385,8.974041820104526,8.980509523525388,8.99101455804524,9.000690331667865,9.008045769510757,9.013138813521216,9.016513267479924,9.01873845088748,9.020258230954894,9.02137773316615]}