{"timestamp":"2024-05-12 01:42:09","trueValues":[8.457707040855842,8.483206016079277,8.517976234449193,8.552528506044837,8.579380611789993,8.59428418431888,8.597764422199734,8.595223481758236,8.594324584208744,8.600729561484815,8.615002683100808,8.632867673872287,8.64836315794544,8.657068271056314],"predValues":[8.610241875026738,8.648707885953037,8.690389674954826,8.740076489502334,8.790994171746972,8.833335116846555,8.862640186957258,8.880014000120378,8.888748881571152,8.892040675228888,8.892247193086948,8.89089273362148,8.8888839022557,8.886719052894193]}