{"timestamp":"2024-05-12 01:42:14","trueValues":[8.7923305575775,8.816072403380565,8.81346793942803,8.784320216256802,8.727025730343499,8.636645329363397,8.506553165589912,8.3331164384002,8.12043095241806,7.88231612786475,7.641092903890591,7.42428290809975,7.259987453358203,7.171329895049836],"predValues":[9.053165004404796,9.1150911250601,9.155820061396328,9.175649496812484,9.174642157453352,9.155837603453769,9.125500475630272,9.090365860885328,9.055408793024789,9.02341845918182,8.995535093090114,8.971909131181661,8.952194516505124,8.935851166322305]}