{"timestamp":"2024-05-12 01:42:19","trueValues":[8.572455485931915,8.471410842971242,8.3428001856853,8.191043315183054,8.02833116401996,7.872858301016395,7.745086738811396,7.662902465487621,7.636151891044623,7.662331817043279,7.726203511342076,7.80436533773681,7.872490715176374,7.911609237481741],"predValues":[8.635217246414424,8.62795031622499,8.625858027191988,8.637663831849988,8.659559774790479,8.682380396789124,8.700157943062145,8.711628056530017,8.717962599787572,8.720857305054139,8.72172643426373,8.721545432125586,8.720914183846448,8.72016944377144]}