{"timestamp":"2024-05-12 01:42:24","trueValues":[7.776068935928984,7.6189314379897395,7.512291941860287,7.471053754280762,7.498440361200382,7.585133209075322,7.71315301797199,7.862205222163288,8.014904579569883,8.15898334468782,8.28666453871812,8.3921757616076,8.46914924650506,8.510300521163625],"predValues":[8.474954338574387,8.405096018490621,8.35691356826308,8.345109889915072,8.365427047685845,8.402508830806777,8.442509240181693,8.478090114236394,8.507040622155781,8.529700441961214,8.547263762502451,8.560992282971519,8.571940387336138,8.580903847111149]}