{"timestamp":"2024-05-12 01:42:29","trueValues":[7.419531136843148,7.517240131002481,7.649527709843619,7.806415100569952,7.983205018618444,8.178940624492297,8.392749865305678,8.619869540885777,8.849839800800085,9.068291573694182,9.260900174934749,9.416216488365087,9.525654474233928,9.582481703526293],"predValues":[7.726363516169041,7.805753552373416,7.89708972969532,8.003935743682833,8.1132753877145,8.208909900687026,8.283207956035936,8.336886917595086,8.37424591838134,8.399908087896728,8.417607758066257,8.430027534734704,8.438987273467227,8.445687542043558]}