{"timestamp":"2024-05-12 01:42:34","trueValues":[7.9762737796191345,8.149397407662393,8.351482440963752,8.581358345872127,8.834321193105758,9.104990621016396,9.388702037057149,9.679785901420727,9.96868604542162,10.241196591997348,10.480838638703048,10.6725541897466,10.805373080297212,10.873042364243302],"predValues":[8.177995479700458,8.158508380193158,8.147186045269791,8.15365428026815,8.174834719896033,8.201461170993197,8.226284245427642,8.246408440566562,8.261774485518899,8.273392643320026,8.282388529322429,8.289667685794324,8.295865082057338,8.30139083015135]}