{"timestamp":"2024-05-12 01:42:39","trueValues":[9.116442926638078,9.367484652793134,9.61599022270418,9.854061457902636,10.070857366889772,10.255197280145504,10.399319103040796,10.50137666692433,10.565602391836943,10.600387228588058,10.615359108825466,10.618939283275989,10.617455650478451,10.615413861307784],"predValues":[9.214643895772014,9.23686011415518,9.226837220426216,9.189227580849552,9.13147328040029,9.062438373861267,8.99061055914659,8.92239747141982,8.861452908614979,8.80912468547881,8.765299576004193,8.729115361489008,8.699436592397058,8.6751097455572]}