{"timestamp":"2024-05-12 01:42:44","trueValues":[10.624047743033897,10.804358298853106,10.904350152578552,10.913713358632224,10.82748192002574,10.645289579862824,10.371521852503802,10.01725468670162,9.603313162526597,9.162063439112938,8.735375483896814,8.368215437452767,8.100260775825546,7.959400978248087],"predValues":[10.098735417206498,10.083047502078989,10.024442677632567,9.93135601560902,9.815837314738026,9.69066250861184,9.566744883268946,9.451870985903296,9.350352441602958,9.26358729918826,9.191040260118488,9.13116496545132,9.082037104643192,9.04174299870051]}