{"timestamp":"2024-05-12 01:42:49","trueValues":[10.57440850467248,10.357712000677507,10.084389735261995,9.774063828617791,9.454506547139475,9.15888354251858,8.918876833649099,8.756243090166993,8.676830993496441,8.66987397298847,8.712442699046042,8.77652277172414,8.835816254819505,8.870640694094238],"predValues":[10.477151085597884,10.38593451321308,10.239188823786566,10.075758511423375,9.925098285299958,9.795592717295762,9.686473677925854,9.595304947515888,9.519659343208986,9.45724576598781,9.405912390139562,9.363698757850802,9.328877773829808,9.299984942068978]}