{"timestamp":"2024-05-12 01:42:59","trueValues":[8.70227840570255,8.745517982562877,8.779904401979078,8.787394594717766,8.76004572980052,8.70007289066243,8.61738441608159,8.525524900712686,8.437659127087919,8.36371616550782,8.308855507170124,8.273278619946659,8.253573307876339,8.245232591140496],"predValues":[8.809148074888732,8.908703503488137,9.002699163033643,9.088277824472314,9.155932224248453,9.19975547320183,9.221709623878374,9.227923233255083,9.224549310873872,9.216138691697012,9.205590067822309,9.194572061016672,9.183954863644692,9.17413237463256]}