{"timestamp":"2024-05-12 01:27:04","trueValues":[6.935777805615452,6.919476981632492,6.958935447747971,7.050164512203985,7.187379548664887,7.362912285930085,7.5652506159093456,7.77767828680485,7.980586999439703,8.156930923967188,8.296759726986844,8.397698054447872,8.462029031705132,8.493123657463595],"predValues":[7.30122803303647,7.262528659588451,7.258316971070043,7.300851144590231,7.381457695899285,7.478653451984085,7.572966729084779,7.654038410704778,7.719230809297905,7.769923102683298,7.808841220271835,7.8387480361105215,7.861969999120324,7.880312080696456]}