{"timestamp":"2024-05-12 01:27:09","trueValues":[7.440573632110244,7.636105378013529,7.829948833782462,8.00033510349863,8.129018852690576,8.206340255060622,8.232241634450212,8.213838155673034,8.162197262242067,8.090114024539496,8.01088505631708,7.937359383073085,7.880905055395722,7.850256423158266],"predValues":[7.143287321497412,7.1020751812153,7.091639783347715,7.12426136546982,7.193146101365593,7.279415281974451,7.365066237952878,7.43989932605375,7.500823423124908,7.548668587429827,7.585711299604638,7.614392031943677,7.63682221026988,7.654664077420184]}