{"timestamp":"2024-05-12 01:27:19","trueValues":[8.114320203287255,7.973164317043288,7.818279910330254,7.659180094056325,7.505573865437764,7.366899648744244,7.251933256893901,7.168586955159014,7.123197944684627,7.118319923772198,7.149375478584542,7.202605522946444,7.257075471822946,7.291204341941257],"predValues":[8.21347189877676,8.132243401794787,8.062074374663311,8.015412501869433,7.991966744732879,7.983501904651201,7.981955014131376,7.982681680571445,7.9837963985852145,7.984803206366847,7.985716190720042,7.986659474990636,7.987730072072054,7.988971837107899]}