{"timestamp":"2024-05-12 01:27:24","trueValues":[7.134767728933417,6.9919224894001015,6.903455501624848,6.885173754094765,6.9486090232675215,7.096320057430805,7.318208213062157,7.591706962207078,7.886471469168347,8.171412955539983,8.420859683411628,8.61752475254112,8.751935717698906,8.819871056182855],"predValues":[7.7096860695285905,7.6710786589877635,7.651350223296272,7.659756324064396,7.691161125293071,7.732387618167635,7.772301911987839,7.805679397312414,7.831654134396757,7.851295391378541,7.866127466733914,7.877515717267062,7.886509742748219,7.893854814829893]}