{"timestamp":"2024-05-12 01:27:29","trueValues":[7.103308441011174,7.290984800434492,7.520541493055186,7.763536464830916,7.99253128003599,8.187455964436307,8.338610291844319,8.445882630985405,8.515664669698177,8.55742885321219,8.580908099731133,8.59393095107131,8.60123269958688,8.604703900650268],"predValues":[6.853902910395641,6.811990416759624,6.810190495350646,6.86101063312436,6.955085763505851,7.069296783731222,7.181822969075978,7.280182082515635,7.360483508340711,7.423690464977982,7.472636526281716,7.510426902207777,7.539791774787027,7.562914067015914]}