{"timestamp":"2024-05-12 01:27:34","trueValues":[8.165018609813878,8.313783496367385,8.420944735811343,8.493790521435113,8.542627343562964,8.577826279185196,8.607503187755901,8.636154683332538,8.664733884369417,8.691888723499812,8.715486777589607,8.733778093514658,8.745933144588989,8.751909670401492],"predValues":[8.349646638073644,8.426142234800203,8.461477785839477,8.456000677086552,8.417651347421112,8.359136625360643,8.29318353936756,8.229054295770876,8.171814030762391,8.123317418233402,8.083523526716546,8.051487742997482,8.025960328377892,8.005696062568193]}