{"timestamp":"2024-05-12 01:27:39","trueValues":[8.522861697446597,8.543393878315399,8.567632749079301,8.598932829540825,8.638352224710186,8.685870203064948,8.74116223654245,8.80368850819325,8.872082066480665,8.943230525152616,9.011878974850427,9.071359839013915,9.11513896703494,9.138297140744957],"predValues":[8.42309443521415,8.321951716205056,8.22642006347844,8.151152144984021,8.098934489967483,8.064351121088194,8.04098536636512,8.024475898214108,8.012394204834532,8.00343127663702,7.996825628855372,7.992063757626304,7.988756016643621,7.986588509394624]}