{"timestamp":"2024-05-12 01:27:44","trueValues":[8.737017792577568,8.790940748208401,8.845144908335794,8.896645996884729,8.941192988601934,8.973205648699825,8.986859216741642,8.977975493591366,8.945783160299076,8.893805512522984,8.82974457663482,8.76459470424155,8.71100584506835,8.68062140684751],"predValues":[8.693565850506701,8.677532410005345,8.649913503719002,8.61387573880458,8.571442565009054,8.525137380716483,8.478484810528823,8.434799505936237,8.396140266589335,8.363257945704353,8.336005296314285,8.313774991127413,8.295790926996336,8.281278329717392]}