{"timestamp":"2024-05-12 01:27:49","trueValues":[9.089617399767832,9.12173265432288,9.121053829857653,9.08178088428905,9.002433374284532,8.88639106957779,8.741829366302719,8.58102557835824,8.418695897205117,8.269306672879948,8.144187150813575,8.049816197554325,7.988039715964767,7.957855948249508],"predValues":[8.841767796489592,8.841453634188143,8.828104660052807,8.803233212066022,8.767997863385164,8.725364284872807,8.679970755989686,8.636185249038686,8.596786851180507,8.562930148741284,8.534674412612073,8.51150082315461,8.492667032392623,8.477401721376197]}