{"timestamp":"2024-05-12 01:27:59","trueValues":[8.267205081240729,8.269465348763166,8.313383750088724,8.387829052404642,8.477677610097775,8.567121105737263,8.64324061138383,8.698662881348397,8.732028140390511,8.746295414654027,8.746492364117117,8.73844614131529,8.728286100591783,8.721527092701898],"predValues":[8.376265115508334,8.330042325727987,8.303295206538728,8.303341985358571,8.32304145007641,8.34956078830768,8.373898000908753,8.3927288679945,8.406086081581059,8.415176322589392,8.421306208510133,8.425519225972288,8.428543901937168,8.430859453519421]}