{"timestamp":"2024-05-12 04:19:04","trueValues":[9.060405621508067,9.073749279868425,9.03089350196181,8.932026200433853,8.788367115750763,8.618682528332247,8.444477405868856,8.285683512445154,8.157301699272196,8.066989074423116,8.014052460840233,7.9905524827988605,7.984632038412419,7.985027000493598],"predValues":[8.755199603537985,8.795954055594127,8.815191579466012,8.810435024011927,8.782726281128385,8.738044002937883,8.68484479007088,8.63058880113741,8.580053057325244,8.535493041959334,8.49747993506152,8.465660769172981,8.439277514781255,8.417455992690517]}