{"timestamp":"2024-05-12 04:19:09","trueValues":[8.497205641072437,8.312698280904767,8.156617824820735,8.048653371776965,8.000680628872473,8.015029766070715,8.08473552341249,8.195947649181644,8.33155014530169,8.47435870598763,8.60887253139132,8.721903715359387,8.803056728336614,8.845328568361428],"predValues":[8.997662466237996,8.93232282067786,8.856209428172523,8.783444442328483,8.721551279478067,8.67092888853369,8.629703724602873,8.596105368827786,8.568782285419204,8.546656966788232,8.528820415412909,8.514489617638358,8.502987077943093,8.493739755784034]}