{"timestamp":"2024-05-12 04:19:14","trueValues":[7.987645817038586,8.030233679886095,8.11086362060507,8.215024105071567,8.329255059453121,8.442852107668045,8.548291833384011,8.64131576926277,8.720924018030164,8.788616691386178,8.846442489008952,8.894656833886385,8.93066429888341,8.950248411284136],"predValues":[7.897252923987274,7.858953031029169,7.846961440035541,7.870940103614062,7.9217357888228594,7.981322436908492,8.036019369376735,8.080248211961255,8.113752478519155,8.138394019237959,8.156391904383991,8.169651573499626,8.17961785422503,8.187321209540507]}