{"timestamp":"2024-05-12 04:19:19","trueValues":[8.501474208383154,8.604850616039776,8.687714776983777,8.747243483122105,8.783687639033918,8.798804905717088,8.793925290072165,8.769283749353361,8.725565221167136,8.66662816078433,8.600902058382987,8.539743004057614,8.493651779708077,8.46928346982336],"predValues":[8.45774664337946,8.492460514534564,8.51477879579739,8.523737737163666,8.518110723556243,8.499773426177596,8.473616358011363,8.444889378429979,8.417320972005967,8.39286893866528,8.372203863421921,8.355256641201123,8.341613438920522,8.33074374223689]}