{"timestamp":"2024-05-12 04:19:29","trueValues":[8.708558728055287,8.710507756952516,8.729919904032567,8.76592444535335,8.81167466273778,8.857582758639179,8.895048606502574,8.918368379772051,8.924667838914724,8.913436137954804,8.887056073028067,8.851960795017987,8.818493207307466,8.797993186877305],"predValues":[8.815925422202307,8.754021096224427,8.691344653930383,8.63685955509518,8.592829788283746,8.557042662159734,8.527112988488621,8.501818404813253,8.480607133690473,8.463088997236586,8.44884883342548,8.437426296143698,8.428355191925299,8.4211967035455]}