{"timestamp":"2024-05-12 04:19:34","trueValues":[9.04424194451965,9.105307441205335,9.13423216761606,9.120452615707162,9.05610728585745,8.937643645646308,8.768292623107929,8.559394892589363,8.328989004915261,8.098217657711132,7.887645989650668,7.71480595820271,7.592843209109526,7.529994004128559],"predValues":[8.850515701589075,8.866056635538326,8.867651102244242,8.855533527383535,8.829865244726916,8.793326202231668,8.75098711765333,8.708020505838338,8.668007604392214,8.63272281900402,8.602641645745916,8.577503345855025,8.55671148937834,8.539572367680686]}