{"timestamp":"2024-05-12 04:19:39","trueValues":[8.859198488445022,8.710526096376205,8.537765801552979,8.360276327516829,8.19886866753437,8.071523430482946,7.990400451634369,7.960097610559507,7.977002040791698,8.030109290751511,8.103396551487554,8.17901132429956,8.240337028170625,8.27452729548998],"predValues":[9.146679586314413,9.15600505036571,9.143264732465838,9.110235696191346,9.060634199832304,9.000678636962904,8.937566566909066,8.87722215509972,8.823160989319348,8.776726631694709,8.737870442884715,8.705836519686894,8.679607422769653,8.658150562842692]}