{"timestamp":"2024-05-12 04:19:44","trueValues":[8.056824781079625,7.966325838317418,7.926123961070677,7.933680866785393,7.979412478957383,8.049010060278272,8.12652495685767,8.197258519292259,8.250057188514353,8.279091951467208,8.285010003754907,8.274693147669424,8.258825293558766,8.247783365765711],"predValues":[8.355342490967086,8.275545266399075,8.219078712439252,8.198611118236482,8.209105786995119,8.23578672478585,8.26585646912774,8.292689969660461,8.314295139709424,8.330920225966299,8.343548646802796,8.353217509917947,8.360781326140138,8.366875330579749]}