{"timestamp":"2024-05-12 04:19:49","trueValues":[8.120207158291308,8.208183234246956,8.282890604269499,8.330152362270118,8.341171963808248,8.31409048237261,8.254248145510331,8.172321687273193,8.080811949898118,7.990800463701781,7.910538906189071,7.845711169759724,7.800233917420633,7.77677593400162],"predValues":[8.043397133474551,8.086411055686884,8.13136683050022,8.178927866632339,8.222465924257918,8.254997669782822,8.274701387120647,8.284032698524427,8.286647794026926,8.285608294229155,8.282961038288013,8.279894367700773,8.2770169387029,8.274591084789767]}