{"timestamp":"2024-05-12 04:19:54","trueValues":[8.30796272276186,8.256459773691681,8.185815782065543,8.108214504142683,8.033959506571128,7.969984952026426,7.920078330183404,7.88570254231717,7.866614923299783,7.861050370048401,7.865672436395437,7.8758306165977,7.886410337756052,7.892997114536513],"predValues":[8.659929486940491,8.672670602206612,8.670362226920584,8.655328152115887,8.6291572629347,8.59475330146106,8.556625905401127,8.51916643646771,8.485279168322341,8.456259821116936,8.43227929701717,8.412905157728241,8.397463362982407,8.38523840946706]}