{"timestamp":"2024-05-12 04:19:59","trueValues":[7.977978814444679,7.935404241034627,7.909220593993483,7.898462262795729,7.90034165504069,7.910219162323892,7.921919183059746,7.928691214598338,7.924540391703475,7.90576321394505,7.872834114240225,7.831937996780807,7.794163568179693,7.771462816906895],"predValues":[8.049812742300587,7.992309612219231,7.95267519395184,7.943029188669115,7.959637796023546,7.989436701630094,8.020859576493708,8.048066776007678,8.069573870008218,8.085935293825976,8.09829261013838,8.107751765930482,8.115186143031858,8.121227255510394]}