{"timestamp":"2024-05-12 01:23:09","trueValues":[8.507365150218446,8.512249018483356,8.468170878119583,8.380319988664766,8.257211955851664,8.109564710988167,7.949249176975804,7.787928429914305,7.635674268662471,7.500266595695521,7.387359535073289,7.300896860255078,7.24310774147968,7.2144392354231],"predValues":[8.299955305117402,8.291166468550559,8.245075244201022,8.16745110844574,8.067509754582625,7.957365568007398,7.848508596344114,7.748969115069656,7.662683189769604,7.590467323481226,7.531330389959088,7.483492667739144,7.444995825317948,7.414006983481631]}