{"timestamp":"2024-05-12 01:23:14","trueValues":[8.078939202371885,7.9347347191756175,7.797634237665581,7.677723643504281,7.581753970919129,7.513036681935295,7.471653107910007,7.454359828737868,7.454604885964548,7.463964636764482,7.475148495749562,7.484323523368864,7.490609693074082,7.493903613041811],"predValues":[8.162489895654838,8.076745647825472,7.977987053895902,7.880746379512503,7.794412080660112,7.721836867982936,7.66247800085529,7.614734633641281,7.576791163395733,7.546905610656975,7.523517529678978,7.505291597786209,7.491114425908643,7.480081800721806]}