{"timestamp":"2024-05-12 01:23:29","trueValues":[7.8325426661850335,7.895931422326695,7.942023709831229,7.966608371757723,7.967553250760812,7.945401884832426,7.903597833006046,7.848050642329396,7.7857048412392444,7.722650181555215,7.663347661642381,7.611718462916373,7.57256007229864,7.551170456925206],"predValues":[7.750462050473411,7.743603903380107,7.731169242541712,7.714780708271545,7.693311887850875,7.666770489153428,7.637516716271307,7.608659234414109,7.582486484711678,7.560100958895326,7.541711832710603,7.527020359603508,7.515510112034519,7.506613896813034]}