{"timestamp":"2024-05-12 01:23:34","trueValues":[7.829586032139926,7.783720196649635,7.738006658112585,7.703500633759286,7.689669518833062,7.702900216975045,7.746777952621987,7.822669943099315,7.9285939359161635,8.05672484450996,8.19237411944985,8.316522449426971,8.410718513689307,8.461305288941304],"predValues":[8.089538060320173,8.082402163984048,8.058237714069897,8.020166931013526,7.971329577308177,7.916556895046437,7.861545268699245,7.810857227933839,7.766937231875788,7.730421578790462,7.7008578962268786,7.677312202520658,7.658726658450341,7.644108277249252]}