{"timestamp":"2024-05-12 01:23:44","trueValues":[8.146535660200717,8.303439795618244,8.444759939309161,8.556319450973403,8.628650935367645,8.656885939974424,8.64040145596583,8.582500971704555,8.490126357739873,8.37381215114279,8.24774482639709,8.129153607586375,8.036325292226962,7.985180626390584],"predValues":[7.888989817566172,7.976927885730696,8.03446982096942,8.058695668084615,8.049918792011482,8.015087176440522,7.965437306529141,7.911468901022211,7.86011851469402,7.81477521988448,7.77644130596649,7.744835568443486,7.719119709600777,7.698304463714171]}