{"timestamp":"2024-05-12 01:23:49","trueValues":[8.681578512133058,8.678590780804305,8.634484201044376,8.554535476889372,8.447146456487427,8.323996694840714,8.199613407609379,8.089659259989766,8.007877922409643,7.962305251909621,7.952106671817493,7.967031507446308,7.990829966252932,8.007545154895755],"predValues":[8.55683428378043,8.53781709878156,8.48940713338478,8.41890746504941,8.335732597057698,8.249318295791825,8.16728631942129,8.094379933962722,8.032496073718525,7.98153852316152,7.940355088064312,7.907414293654526,7.8811721730885775,7.860247953814836]}