{"timestamp":"2024-05-12 01:23:54","trueValues":[8.294487764759445,8.162800602702548,8.047466093434688,7.96366529293882,7.920996364522833,7.920155940498144,7.952184016343485,8.001622052621823,8.052509700737811,8.093898856326831,8.121921761511821,8.138134875207575,8.146235584702971,8.149450299623465],"predValues":[8.615448410833068,8.56752218095967,8.501948907089067,8.427402870837234,8.351124955096198,8.27800620442709,8.211307846781501,8.152947016406767,8.1035028669872,8.062548541791724,8.029106204012367,8.002003193688049,7.9800883797463715,7.962331033418284]}