{"timestamp":"2024-05-12 01:23:59","trueValues":[8.004215353446897,8.047215720433025,8.09961092233397,8.141956651631038,8.159956131509565,8.147011687850375,8.10316159423334,8.032461255392391,7.941052251953229,7.836708639038595,7.729249450406884,7.630730332140263,7.55450770045904,7.512707369675146],"predValues":[7.605032546932493,7.553032838690225,7.51773343492083,7.51071289090182,7.528036469991358,7.557203064163772,7.587433344910126,7.613430408249394,7.633948502314495,7.649592828087152,7.66148288777862,7.670681570596592,7.678017605860798,7.684088220890486]}