{"timestamp":"2024-05-12 02:01:09","trueValues":[10.173736749585558,10.482875643676232,10.734108206153152,10.907218544758956,10.989248394819498,10.976229530310556,10.875352600050572,10.705292984707064,10.493247783821529,10.269479704367718,10.061637155183124,9.890974730956628,9.7712820835696,9.709956645487283],"predValues":[9.878875495519612,10.00216373310461,10.072431899439504,10.093555194486331,10.074110621178887,10.0264956299307,9.963843374412823,9.896866204369417,9.832512369279732,9.774367359369275,9.723704834323785,9.680465257463457,9.643938972828169,9.6131749882736]}