{"timestamp":"2024-05-12 02:01:14","trueValues":[10.815309326893969,10.72690001527727,10.593290137409303,10.446255801401255,10.31872823326794,10.23802520064296,10.22095837348506,10.27173890873516,10.382301181012735,10.534222308961937,10.70203866726295,10.857993405268656,10.977193280314832,11.041498741852177],"predValues":[11.260033440835995,11.209863156553858,11.100717006731545,10.956477173631644,10.801220928458603,10.649574094498488,10.509142482595848,10.383969802779651,10.275681087461969,10.184036595191095,10.107598408834344,10.044342812855987,9.992114260500736,9.948887973077865]}