{"timestamp":"2024-05-12 02:01:19","trueValues":[10.27607817585314,10.245803242596937,10.275057547056557,10.355332659795469,10.46872186120859,10.591543373750149,10.699342506191972,10.772216997000648,10.798714008976992,10.777647592722476,10.71843517519559,10.640006231108,10.567102503536924,10.5233834437732],"predValues":[10.267462367761969,10.15640360210105,10.044687806652332,9.96076288281063,9.910991813229655,9.884486827590838,9.86950537895846,9.859114633600727,9.850217621012996,9.841735238873875,9.833447945676603,9.825416872833475,9.817753651619114,9.810539081813252]}