{"timestamp":"2024-05-12 02:01:24","trueValues":[10.737632033388865,10.871319521571566,10.95791349603184,10.979478531979684,10.928248282166091,10.80776198957422,10.63281505071206,10.42695900663832,10.21690562663862,10.025743447770717,9.868419897707094,9.751338890568826,9.675050077489075,9.637705695084025],"predValues":[10.498750674083116,10.593078569565012,10.641454248213154,10.645468721479723,10.612496563997542,10.554093739000448,10.48251470255494,10.407801485179917,10.336522258443406,10.2720849656865,10.215686187857704,10.16722651996484,10.12595750089042,10.090888270177754]}