{"timestamp":"2024-05-12 02:01:29","trueValues":[10.68581864305972,10.51312027701504,10.325828513911684,10.15457444392967,10.02527353326229,9.953818354373864,9.944825126258957,9.9934995514611,10.088399955908578,10.213704466944332,10.350763751198254,10.479389558442897,10.579623279930033,10.634663345673378],"predValues":[11.466963271456146,11.452232727402931,11.367033612297996,11.23983402748108,11.099776646137189,10.962595099058674,10.83537265640934,10.721608692859974,10.622688499370945,10.538413265957914,10.467559832797477,10.408396320400428,10.35906486541048,10.317807009463522]}