{"timestamp":"2024-05-12 02:01:34","trueValues":[9.79647460436531,9.75435612444873,9.781658476334885,9.87424917655259,10.023981268364112,10.21940457245776,10.445936323324824,10.686292278610637,10.921931546754728,11.135578390642404,11.313927425493178,11.44920007777558,11.538751749435956,11.583016207712854],"predValues":[10.092900291008522,10.053315309448465,10.018988692500816,10.00663748932964,10.014060437514804,10.02876068165062,10.041381394613396,10.048589585489278,10.050510706567849,10.048437554324783,10.043751698677964,10.037558820823683,10.030631302866862,10.02347095396582]}