{"timestamp":"2024-05-12 02:01:39","trueValues":[10.22216611756102,10.425463679135824,10.636233094025624,10.837292182755416,11.013894985524534,11.1565608176522,11.262642954774766,11.335776855402576,11.38345776226054,11.413950642291017,11.433859814331903,11.447154567562425,11.45557794459924,11.459700859675443],"predValues":[10.28497572001837,10.337305272098284,10.367113480311051,10.37892566389903,10.37505524813448,10.357618443037822,10.330709458500356,10.299125249866028,10.266680417262084,10.235747922640575,10.207512652245049,10.182375415509153,10.160289965190549,10.140988917807626]}