{"timestamp":"2024-05-12 02:01:44","trueValues":[11.25759987904914,11.370732860108117,11.439699193149869,11.46819068389954,11.461132397878156,11.422866260091189,11.356885266279448,11.26699338502021,11.159076242373782,11.042249860857163,10.928352471355744,10.829879866120216,10.75768685766426,10.719559993181829],"predValues":[11.33960952916475,11.36242058276843,11.32356864657842,11.23916211352333,11.130500230801893,11.013530854938251,10.8985081158731,10.79187313815238,10.69705087559714,10.615110330556298,10.54558371483142,10.487178763524334,10.43828958101291,10.397306019055032]}