{"timestamp":"2024-05-12 02:01:59","trueValues":[10.63471012449322,10.56816140591338,10.50584191790939,10.448013728187874,10.396485263397778,10.353030929228169,10.3182918081419,10.291908022172676,10.273039678873308,10.260465744730377,10.252536203189408,10.24753512208614,10.244323862419384,10.242631319665048],"predValues":[10.5929626856704,10.582002089234573,10.561977033299073,10.546067450354805,10.536450150256982,10.527940126087955,10.516770088117829,10.502487132318116,10.486201192505106,10.469215696704437,10.452514063287817,10.436694848518243,10.422049356864749,10.408665830192025]}