{"timestamp":"2024-05-12 03:36:04","trueValues":[9.491502746283192,9.523712621632924,9.52885191288573,9.5091048719818,9.467283543886726,9.405743880072627,9.326565943290042,9.232859993481066,9.129913632020507,9.025149807093529,8.927060735022966,8.844012648264581,8.783486171162092,8.751472447909205],"predValues":[9.73889466133546,9.769456646440709,9.768195744614928,9.740717440576864,9.694496245529011,9.637236312153092,9.576152210254971,9.516892482330745,9.462864540144013,9.415520653419916,9.375018700675428,9.340826572834828,9.31211873004338,9.28801062734404]}