{"timestamp":"2024-05-12 03:36:09","trueValues":[9.411002244685031,9.341643607449594,9.259612694234058,9.169408776983364,9.077223670396798,8.989863161184092,8.913593484894276,8.85349067505787,8.813032045879488,8.793247794550682,8.79151192823024,8.801314217297442,8.81414038496328,8.822582101423784],"predValues":[9.475132817225465,9.453703333539664,9.422658144488535,9.392183869670497,9.365117006616057,9.33962733399884,9.314367834438356,9.289637786066098,9.266315886486629,9.24509159171514,9.226279064053085,9.209887871895427,9.19574099993526,9.183573722578467]}