{"timestamp":"2024-05-12 03:36:14","trueValues":[9.081107907176303,9.015554301673134,8.95715998191601,8.905693977481956,8.858685516159237,8.810743338960894,8.753971393728344,8.68056160437896,8.586621494682017,8.474891346640847,8.355011052396947,8.241854681928046,8.15271551440629,8.103354025287697],"predValues":[9.216091381299671,9.17449969468383,9.13629043568917,9.113677128914832,9.106025602405431,9.105444056622378,9.105549308967024,9.103874839847627,9.10031805480703,9.095564157240435,9.090325460995462,9.085110154160413,9.080218578021778,9.075788942729098]}