{"timestamp":"2024-05-12 03:36:24","trueValues":[8.656573372405472,8.465318964841625,8.239016323876294,7.9882605864152785,7.723580707965851,7.453339199941283,7.183289059816072,6.918028698738588,6.663461151932202,6.4285270213395,6.224696021745233,6.06331826299705,5.95267572251724,5.896820615574747],"predValues":[8.95935114436368,8.9509458409618,8.940421138074516,8.936215296908587,8.937204562632779,8.938113028577238,8.935855950519791,8.930424823220463,8.92310872211244,8.91520363313639,8.907591974939356,8.900742067297275,8.894829862362055,8.889859081176187]}