{"timestamp":"2024-05-12 03:36:29","trueValues":[7.230311076364996,6.970026014882114,6.7458286865984896,6.570438810785937,6.457334800700615,6.418776693972748,6.461605893004449,6.582826028332617,6.767277572862975,6.98876385590567,7.214728679370881,7.41306901498602,7.558295190133868,7.634450311472817],"predValues":[7.756683899301343,7.659478574821575,7.607603255713892,7.625995039786106,7.707165594820774,7.821810116495943,7.940975173215987,8.047624769317906,8.135761913255514,8.205648672735435,8.260053237579658,8.302244543613494,8.335168061754587,8.361206056561219]}