{"timestamp":"2024-05-12 03:36:34","trueValues":[6.547599982257978,6.567779993034209,6.643883684250204,6.757875561651932,6.8828411920325685,6.988589764275003,7.049357577561684,7.050687850250983,6.992743245057357,6.889204174686279,6.7628216244841335,6.639529532962273,6.542896318764965,6.490140308637103],"predValues":[6.796160304651338,6.717752623663676,6.6982982161725175,6.757749046207356,6.884926836346841,7.048245783224154,7.21567940572645,7.366806622682056,7.493427319603404,7.595150787029306,7.675157718920366,7.737631098610091,7.786541544221445,7.825217528259542]}