{"timestamp":"2024-05-12 03:36:39","trueValues":[6.9910262497381,7.075288725291173,7.105862405101378,7.081361998208353,7.012778666754072,6.918937962049295,6.820640245810683,6.73530797054244,6.673399790627698,6.637271524644202,6.622602244897658,6.621587330559179,6.626189196961282,6.630183868966041],"predValues":[7.399648543677172,7.635125946473055,7.839850527841833,8.001766110123842,8.11402597514199,8.180786261566121,8.213977694766319,8.22621965876161,8.22704413546135,8.222492237344081,8.215987323498345,8.20929369964074,8.203215908314826,8.198042330313385]}