{"timestamp":"2024-05-12 03:36:44","trueValues":[6.645870455149806,6.5189006447065,6.432731134878559,6.408704230642074,6.4592747927803735,6.58783282389399,6.789974337304535,7.05464624209149,7.364098766906116,7.693426974379241,8.011719898778038,8.28592086179811,8.486418338901029,8.59197953007534],"predValues":[7.335611794565178,7.233524462341744,7.168089664409427,7.162294938101315,7.210802182180268,7.290635288229411,7.378702529726004,7.460663540500526,7.530618873477717,7.587750962465314,7.633522442949671,7.670071053839885,7.699473136844011,7.723482631917429]}