{"timestamp":"2024-05-12 03:36:49","trueValues":[6.696947344855163,6.861049172492981,7.06378565401841,7.286148242566924,7.504732644046829,7.693760539259374,7.829685702920843,7.897250266099784,7.894442207965429,7.833715857723608,7.738430325378667,7.636162522594587,7.552179125228081,7.5052118611614755],"predValues":[7.001332208484868,7.054496071448241,7.122941192752986,7.216281683031935,7.323910179096829,7.427634770014785,7.515580280264285,7.584665420876888,7.63688520220342,7.675842390738076,7.705018553305457,7.727210319123707,7.744493232534632,7.758341623729548]}