{"timestamp":"2024-05-12 03:36:54","trueValues":[7.852957634215478,8.01761908006455,8.100795011211257,8.093377113012327,8.000587602810285,7.83929556093369,7.632455301121991,7.403898239986703,7.175526433609545,6.9661784569499865,6.7903368731583225,6.656687259872365,6.56823688389393,6.524548522730729],"predValues":[7.633090802021115,7.801671568764573,7.928261168402276,8.012424238963181,8.056973356990378,8.069493601805988,8.060934406718374,8.041655419801629,8.018973007952521,7.997045170362137,7.977770967642876,7.9617197192953295,7.948785641397355,7.938575898177765]}