{"timestamp":"2024-05-12 03:36:59","trueValues":[7.747296772260252,7.55331218266554,7.35279955560392,7.169921214679549,7.024400279808937,6.929580940929936,6.890349724194946,6.902716874691068,6.955713290742501,7.03426237134469,7.121770127524405,7.202443923386984,7.26340177562928,7.295984552594014],"predValues":[8.16950725020886,8.06444786819287,7.970873749603452,7.9098436028213985,7.882519190469071,7.877849813724694,7.884341172344225,7.894736170321945,7.905566796059458,7.915560984603519,7.92446092086749,7.932387272943471,7.9395516086757505,7.946148219639929]}