{"timestamp":"2024-05-12 02:51:04","trueValues":[8.354863805429938,8.535481347254374,8.75106738585556,8.982387055249106,9.2139608186868,9.435299588973738,9.640398135112514,9.826260486323152,9.991320083718392,10.13430167288,10.253580221395914,10.346893867011204,10.411448106817716,10.44455369025195],"predValues":[8.35471390057544,8.38542339843644,8.431955034743254,8.500568931903684,8.580509682396215,8.655473538561651,8.715869779177076,8.760231250347399,8.791206005380014,8.81233833724431,8.826696245471268,8.836552755443291,8.843478944456368,8.848511920209528]}