{"timestamp":"2024-05-12 02:51:09","trueValues":[9.44821958006801,9.639292453916214,9.805842063038968,9.94674837364752,10.061977896359483,10.15209410332297,10.218051176147288,10.261284374077638,10.284191111630996,10.29068114130678,10.286086716989654,10.276264759555016,10.266464065220308,10.26053963400263],"predValues":[9.55288718946781,9.596340460482423,9.606161354762063,9.58598852028206,9.54318324223778,9.48694606396844,9.426186224344232,9.367577147277826,9.31490738559905,9.26963346165303,9.231760691214744,9.200564534154122,9.17505519316947,9.154216823661692]}