{"timestamp":"2024-05-12 02:51:14","trueValues":[10.188116984067442,10.262922164349655,10.312638481448316,10.337911270446256,10.340752020596751,10.324634590850678,10.293855190548662,10.252715344806308,10.20509397462814,10.154425070652673,10.103988466043925,10.057700823808792,10.021001776486582,10.000321285495776],"predValues":[10.097790803992158,10.050936500143925,9.97414428317336,9.882129812963722,9.788464263044611,9.700034219905485,9.619864359511215,9.54936974116208,9.488877285019475,9.437886245080083,9.39539619249225,9.360195662137524,9.331064683657493,9.3068821601084]}