{"timestamp":"2024-05-12 02:51:19","trueValues":[10.546877042884596,10.546271044536622,10.514414136645708,10.44590177078744,10.335183214725385,10.178128111298363,9.974384024625056,9.730028480242629,9.458853256342431,9.18097643492216,8.919564960720546,8.697660060398002,8.535933453916611,8.450538452503578],"predValues":[10.41159003800974,10.35766628501266,10.265775140782612,10.156686401330104,10.04910255777506,9.9508494940463,9.863957836187025,9.788708788693793,9.72463934756566,9.670782041755857,9.625878095748597,9.588573050078413,9.557566666184655,9.531691599881228]}