{"timestamp":"2024-05-12 02:51:24","trueValues":[10.22111359411454,10.053584287662568,9.849242707881256,9.618188295659325,9.37540356278414,9.137580574277354,8.920264516708206,8.736179494862872,8.593933343170054,8.496508742972269,8.440293359380355,8.415754944696207,8.41005191550654,8.41095373673227],"predValues":[10.374040998267873,10.36636661392605,10.329453872449555,10.27062950649637,10.19967879465376,10.124245289768648,10.049899392444896,9.98060826555173,9.918640150274063,9.864782312886764,9.818818401348052,9.779984538792984,9.747299433159842,9.719759466131986]}