{"timestamp":"2024-05-12 02:51:29","trueValues":[8.992743248069456,8.768987129109354,8.595489270507347,8.486082116133405,8.448124293295404,8.480638762551617,8.573970747590595,8.711351104653444,8.871845780282706,9.033910735841715,9.178840024956807,9.293380091653576,9.370694317727397,9.409109297213869],"predValues":[9.5264688509612,9.454327405522577,9.399972543174435,9.377601104161789,9.38261228523752,9.400893235401355,9.42117982746598,9.438237617806408,9.450810488794342,9.459380581220667,9.464909518779669,9.468321183163257,9.470337988191506,9.47147290615021]}