{"timestamp":"2024-05-12 02:51:34","trueValues":[8.466147694161352,8.535777170132134,8.645207182338499,8.775467324601422,8.908029463220393,9.02827867224806,9.12801217930937,9.206125897940511,9.266884674409726,9.316202308384716,9.357942836700062,9.39246666889955,9.417702247472617,9.431112353020248],"predValues":[8.62103077193064,8.595465349519927,8.599925284730006,8.648147337481163,8.729027385413051,8.819254692073667,8.90106048221871,8.967312580554541,9.017887926890324,9.05545291395714,9.083141722684498,9.10366220884834,9.119099750974188,9.130968281776978]}