{"timestamp":"2024-05-12 02:51:39","trueValues":[9.05192323936895,9.152880969408663,9.229483944789862,9.285132666768671,9.325007889642755,9.35251543044322,9.367996030346426,9.369974561794804,9.357283680602263,9.330672379463802,9.29381545362462,9.253647331549017,9.219302109388927,9.199490216030217],"predValues":[9.260927285387158,9.324596980236633,9.371000506366371,9.400053342954166,9.410499903949214,9.403819569529066,9.38507508378678,9.360263172479796,9.334039922915036,9.309192395915671,9.287031993169816,9.267940387321191,9.251809136560166,9.23829909444287]}