{"timestamp":"2024-05-12 02:51:44","trueValues":[9.35160058556878,9.375432267969044,9.388035438874375,9.38775051333533,9.374416423369944,9.350331710080528,9.320588354322542,9.292065500500474,9.270941142298652,9.260064535107546,9.258142882451471,9.26128556862096,9.265479715081929,9.268121655248088],"predValues":[9.34716244503613,9.317639693939908,9.288208905750878,9.269071584237407,9.259577078541676,9.25379883113601,9.247643163706604,9.240095294809358,9.231654907292596,9.223101293768718,9.215022378950747,9.207741893535108,9.201372531951415,9.19589941002973]}