{"timestamp":"2024-05-12 02:51:54","trueValues":[9.389300593320144,9.381585809088456,9.355197770499244,9.303842068396072,9.224297343139716,9.116584857830102,8.983837730241751,8.831866102430222,8.668774670722147,8.504881620146755,8.352368580653287,8.224017067397728,8.131301712256688,8.082708086834273],"predValues":[9.3931688827747,9.40861493014052,9.41660719782628,9.422212682545023,9.423862167522008,9.418462934872572,9.405966079466882,9.38885300506664,9.369951703962382,9.351310875832253,9.334088296467376,9.318768232968631,9.305432016693253,9.293949411154172]}