{"timestamp":"2024-05-12 02:51:59","trueValues":[9.148973343219236,9.04014720305085,8.914089446700117,8.776334327501022,8.63370623737573,8.494067207522939,8.365289900691305,8.25375484159198,8.163256164618524,8.09475124084523,8.046823947816836,8.016461038484675,7.999766315575533,7.992762250458966],"predValues":[9.345275876494942,9.320120034546608,9.29808295778034,9.286987340659966,9.284545805210634,9.28414924839696,9.281676349875235,9.27647114301265,9.269477177868552,9.261840535529103,9.254394197934015,9.247607548014225,9.241670890514088,9.23660974115352]}