{"timestamp":"2024-05-11 23:52:04","trueValues":[9.103497419823892,9.18688491881489,9.272916484282044,9.356387440940264,9.433789377301292,9.503064556869507,9.562817057134588,9.611850297148033,9.64925262150039,9.674810867614877,9.6894781539458,9.695597142527827,9.696582155632033,9.695945857366665],"predValues":[9.079988936542543,9.07569272720192,9.06791574840294,9.06257498927831,9.05826230103524,9.051090789006734,9.039693767444868,9.025309280342997,9.009875459259634,8.994905705332219,8.981268084615348,8.96930971721536,8.959061966204647,8.950386621433672]}