{"timestamp":"2024-05-11 23:52:14","trueValues":[9.73362938621558,9.7166460167249,9.68287011406541,9.635785637160447,9.579080139115174,9.515759690682032,9.447920301936511,9.377299168142798,9.306047051858696,9.237140255496744,9.174438031694036,9.122450283945478,9.08547800578918,9.066411915660472],"predValues":[9.768420601896674,9.74027569967584,9.6969505388383,9.645348184775951,9.590729128411198,9.535954319839464,9.483303694950624,9.434835521817792,9.391854823199097,9.35478367162813,9.32338604669568,9.29707614999871,9.275124125632155,9.25679586507098]}