{"timestamp":"2024-05-11 23:52:19","trueValues":[9.4270617324838,9.363117743645248,9.308841554766843,9.26909550522483,9.24865794515071,9.251701757905526,9.2809401150402,9.33618536969786,9.4126857506219,9.500863294449374,9.588495439763673,9.664038981190917,9.718845684412544,9.747528011484077],"predValues":[9.663026326056803,9.63195934232825,9.59409135608745,9.556095259669576,9.519840079558382,9.484410439301922,9.449656434045703,9.416594439966325,9.386341301387546,9.35953916392722,9.336331553509869,9.316519128573656,9.299726063827343,9.28551593414489]}