{"timestamp":"2024-05-11 23:52:24","trueValues":[9.27936770880046,9.302199493926569,9.345815427655635,9.404941198050311,9.470018510115075,9.529587616143267,9.573806890332818,9.596806122370866,9.59711603205233,9.57721058105393,9.543142310770415,9.50396717546149,9.47009452569732,9.450572873652636],"predValues":[9.602861321653108,9.607581729837314,9.602388749257187,9.589921130613902,9.569958800823192,9.542572991269822,9.510138258638342,9.47612633556964,9.44339870373664,9.413627705948748,9.387483129853724,9.365001654298943,9.345880811687918,9.329680455852122]}