{"timestamp":"2024-05-11 23:52:29","trueValues":[9.550464259230916,9.603291367849168,9.634426393497495,9.64116785932994,9.62449918371821,9.588818638882591,9.541513557315866,9.491519225185638,9.446870967955022,9.412565614107304,9.38993263896553,9.377415583614908,9.371920135438296,9.370206329584027],"predValues":[9.615083351492212,9.65366099369314,9.673108224888072,9.67350637643424,9.655461978257112,9.622383505275288,9.580263430626214,9.535254763851809,9.491806277034676,9.45235897404666,9.417845241819638,9.388290064496024,9.363259674837272,9.342140100832934]}