{"timestamp":"2024-05-11 23:52:39","trueValues":[9.46186411129236,9.484409376146925,9.51374288565378,9.5420408821941,9.561530108011391,9.565824191042026,9.550782674152352,9.514887903584947,9.459496996692778,9.389157067395622,9.31176629416206,9.238064137188656,9.179980258690492,9.147912314532784],"predValues":[9.436981500178112,9.402782993407534,9.373133726866737,9.356362456797848,9.350147252688645,9.347246965858346,9.342848162060566,9.335857386381456,9.32701778416353,9.31742121558814,9.30791607834244,9.29901587628972,9.290960350881672,9.2838095703756]}