{"timestamp":"2024-05-11 23:52:44","trueValues":[9.608089917925613,9.6115308190716,9.593434857877146,9.552596416576284,9.49043055446928,9.411310559634002,9.3223643547441,9.23225877933058,9.149028095701553,9.078016784024143,9.021341054318771,8.979089680027638,8.95093095679185,8.936809600551598],"predValues":[9.720982625955394,9.731874117316451,9.72720899319206,9.710873085094216,9.684882134896178,9.651166300493989,9.61307877274642,9.574408636060804,9.537998766897626,9.505379576874263,9.477058190924025,9.452916598842297,9.432528475475513,9.41535480124047]}