{"timestamp":"2024-05-11 23:52:54","trueValues":[9.069078839969048,9.084908686288584,9.123660685908929,9.180062653202718,9.246681540012322,9.314616612707525,9.375596525415997,9.42444956065754,9.460391641622284,9.486310828858064,9.50643263189824,9.523560058890936,9.537482073569354,9.54564285132205],"predValues":[9.308395561245838,9.309193459070668,9.3110965065143,9.32116298959812,9.335819112801584,9.34762279114959,9.35272221409003,9.351492143759144,9.346013174484977,9.338340916453143,9.32993508147377,9.321672772418914,9.313997324922097,9.307087880600212]}