{"timestamp":"2024-05-11 23:52:59","trueValues":[9.348679567216054,9.41249757218753,9.460526130729336,9.49066976434348,9.50463908941924,9.505819191465292,9.496753668810625,9.477800804689036,9.448062233128535,9.408066873739855,9.362012594026444,9.317467462830486,9.282687410276854,9.263815877512492],"predValues":[9.502148117262577,9.557444403360064,9.59308348515082,9.610261412005848,9.608783094983291,9.59071105477626,9.561362661099452,9.526908465552232,9.492109276208662,9.459762785441889,9.431107568822764,9.406419515072866,9.385462603782983,9.367780209882149]}