{"timestamp":"2024-05-12 01:58:04","trueValues":[8.918532637219002,8.932435515107484,8.9971234466548,9.118898283102364,9.297281870490522,9.523497864323645,9.781498471507916,10.051700377008869,10.31534474249176,10.556911099741022,10.764159876860104,10.927473242173686,11.039797162280369,11.096866259334426],"predValues":[9.420651971010248,9.391245103808636,9.37347606277559,9.375971819129738,9.393012067412728,9.41339753289202,9.429951387764133,9.44075729514798,9.446615279178378,9.449028109442803,9.449335892814275,9.448505037184557,9.447151640874084,9.445638771314146]}