{"timestamp":"2024-05-12 01:58:09","trueValues":[9.664442980089564,9.912637045586653,10.15231523956223,10.360637803227718,10.519623064550782,10.617135640824522,10.647205385166412,10.610870468430484,10.517080529376788,10.382483512094629,10.229584813126198,10.083692305584329,9.96934094889943,9.906466493987296],"predValues":[9.402262047459278,9.45460967317413,9.498103344078608,9.534843322868182,9.560665762999284,9.571987300556405,9.570100200437718,9.559355424466167,9.54414805539705,9.527606426807395,9.511556507403595,9.496883373720191,9.483898530171135,9.47259931886894]}