{"timestamp":"2024-05-12 01:58:14","trueValues":[10.829530619703885,10.901433918423308,10.890322885555484,10.79546288099787,10.62346034989836,10.387583466612565,10.106205144211506,9.801016934087611,9.495152557385982,9.210913284889497,8.967102607442744,8.77694723635647,8.647817227854766,8.58279865510356],"predValues":[10.609744055711753,10.610610527033852,10.564525947403045,10.486094345427963,10.392207659269593,10.294730167110734,10.201179437931238,10.116115343510849,10.041700872689828,9.978312913914412,9.925217890237056,9.881149584057002,9.844684962411506,9.814459465862637]}