{"timestamp":"2024-05-12 01:58:19","trueValues":[10.39491285715804,10.147505526358325,9.8841088759896,9.625492170484886,9.389971975700398,9.190634134909846,9.033325469016171,8.916675305440215,8.834276009018408,8.777693836952722,8.738942368909878,8.712079631614756,8.69409158065244,8.684698074681371],"predValues":[10.72196219189629,10.647317548018538,10.538392534435484,10.422695223525086,10.320088540085887,10.23433392649531,10.163063736576266,10.103599351315223,10.053916523598954,10.012435405102742,9.97782014157356,9.948904451980306,9.924668770681397,9.904239184269748]}