{"timestamp":"2024-05-12 01:58:24","trueValues":[8.943612729373836,8.749926886333126,8.619386336939893,8.556079177944206,8.561876030562312,8.637497979670544,8.782371453148322,8.993528388034328,9.263344368271571,9.575959779200614,9.904014326988,10.208876148527986,10.446346701153452,10.576878213729216],"predValues":[9.35253350407816,9.255477021297892,9.193177733238835,9.185992931772876,9.22534508238871,9.286811920085553,9.349923990139391,9.4045558043641,9.44804628580359,9.48125499527248,9.506161527374148,9.524786408179333,9.538816864667387,9.549547288046488]}