{"timestamp":"2024-05-12 01:58:29","trueValues":[8.367974101268572,8.446303906152746,8.608521956031243,8.860133001686895,9.199523705412604,9.61329087216821,10.074556614699896,10.546306660229003,10.988907653643135,11.368968022814022,11.666283570189256,11.876074882482332,12.005476261296876,12.066070780319135],"predValues":[9.127661338160545,9.167002857226413,9.215312620264775,9.27620588584104,9.339579492024,9.393188019564636,9.431859750982747,9.456763093619426,9.471441543077814,9.479368426731291,9.48316495322359,9.484587986186328,9.484738422618324,9.484268508109896]}