{"timestamp":"2024-05-12 01:58:34","trueValues":[9.901465944461528,10.356516482884008,10.783262645836189,11.132864687513983,11.36535170109362,11.458434110497183,11.411754695645865,11.245318312530232,10.993642414419796,10.698614245019408,10.403056092853294,10.145505731810012,9.95652142595232,9.856831508245866],"predValues":[9.157041626487242,9.217632424467016,9.272248822944276,9.325981208041998,9.373595667712689,9.408132789349631,9.428031861418056,9.436272375795484,9.43697565282563,9.433533688524648,9.428208876724964,9.422332819059624,9.416609855713771,9.41136531211632]}