{"timestamp":"2024-05-12 01:58:39","trueValues":[11.62150667120407,11.626514131237318,11.50406206505702,11.280009591641662,10.9863481079892,10.655558062395968,10.316557802342702,9.992522512019368,9.700858696605223,9.454378968539904,9.261601325654905,9.125378212805682,9.041974234912235,9.003483771421019],"predValues":[11.311112191062598,11.281158330615318,11.177939801475668,11.030273419822237,10.862909433972206,10.693626984931097,10.53391877821045,10.39060282680246,10.266748990759352,10.16259382206784,10.07659308809558,10.006335021733154,9.949183530166874,9.90264870439507]}