{"timestamp":"2024-05-12 01:58:44","trueValues":[10.44223441762721,10.107831771356064,9.817107253381277,9.594282723986808,9.457041108650994,9.415444106260171,9.46907283374574,9.604663900949577,9.79733522833493,10.01580773275146,10.22900486207564,10.4109144030095,10.542461228606868,10.61130210935904],"predValues":[10.398399473968874,10.219519924774875,10.03320839057824,9.892949009785024,9.81149964235254,9.771299094049542,9.75316379612022,9.745043949834889,9.7408258823865,9.73781290112658,9.734984908836044,9.732049006313368,9.728995625163584,9.725892275728969]}