{"timestamp":"2024-05-12 01:58:49","trueValues":[9.334111154299798,9.350442809777654,9.44960646576087,9.611757271085844,9.811840915106398,10.025848700115365,10.23509620862776,10.427249779529848,10.5950241432085,10.734477120936916,10.84406341692776,10.924121114469902,10.976104078020976,11.00160597692065],"predValues":[9.25772240465038,9.154458691423384,9.088985354122446,9.085239859069976,9.134597892934837,9.209542346521584,9.286362205522057,9.353103355156254,9.406536462122476,9.44761889749502,9.478667276011135,9.502074227990322,9.519854963728331,9.53356753687245]}