{"timestamp":"2024-05-12 01:58:54","trueValues":[10.166112333528568,10.381049847581924,10.562264085148112,10.69744211663583,10.778466222069738,10.80132990184574,10.76660885439441,10.67970709656267,10.550806995328944,10.394732120808644,10.230420452953403,10.079440217176057,9.963344754719492,9.900093942938618],"predValues":[10.178881888190842,10.293309792035489,10.358822466071292,10.377570141278566,10.357729011157453,10.31138183224252,10.251103070254205,10.18697675033376,10.125459944352084,10.06985428015063,10.021324444028002,9.97980452037442,9.944625784697122,9.914897313109089]}