{"timestamp":"2024-05-12 01:58:59","trueValues":[10.989618372758258,10.99818740202959,10.941452667221911,10.820623507143686,10.640927986489915,10.412085468238082,10.148154050906152,9.866518444995956,9.586140551446553,9.325273678391866,9.099251710345596,8.919521371365693,8.794377662523152,8.729980769656112],"predValues":[10.84806566391187,10.82226927107818,10.75430336688808,10.662762532229362,10.565773028213872,10.472200504356948,10.38577344523112,10.308419882422433,10.240929208515745,10.183148329191567,10.134282536090064,10.093219237507457,10.05875706829776,10.0297536684173]}