{"timestamp":"2024-05-12 00:38:04","trueValues":[7.569603704042281,7.493575629725408,7.481895808934487,7.531006659262671,7.634399280032987,7.784328055518851,7.971443334892797,8.183797116516047,8.406860324207218,8.624769622264381,8.821873242829906,8.983913745823997,9.099032700416329,9.158768190201464],"predValues":[7.877700706236443,7.796805508345853,7.7548042412676335,7.765524564674264,7.81963809083821,7.894945080278746,7.971804807591587,8.039581735981066,8.09500506910063,8.138674957945769,8.172594120741032,8.198949467314101,8.219639526699876,8.236162284288342]}