{"timestamp":"2024-05-12 00:38:09","trueValues":[7.817293568282304,7.9808700644575055,8.15935704366907,8.338597268195613,8.504528121110438,8.645047443300285,8.751416366483141,8.819312634020974,8.849639396083255,8.848616906765425,8.826607472029067,8.79584906903823,8.767913076774198,8.751600823875027],"predValues":[7.898412294510895,7.922920143488897,7.957269884057718,8.002788067864172,8.051758581732825,8.094787919692607,8.127312223132536,8.14966133589026,8.16429141179631,8.17380186481699,8.180199931585584,8.184825187397607,8.188502108952806,8.191703800224593]}