{"timestamp":"2024-05-12 00:38:14","trueValues":[8.668465558406933,8.783099714320887,8.858372151224037,8.8938905649227,8.89435941627613,8.868516776200096,8.827033265605142,8.780197035391847,8.736083013546946,8.699571878870355,8.672384879301319,8.653998145215336,8.642925917504883,8.637774665758368],"predValues":[8.467826150111986,8.47058663206025,8.465313649066642,8.454936458935112,8.439480045808077,8.419015109492799,8.395458252659116,8.37157686776277,8.349572217223892,8.33061855573606,8.31504360082692,8.302668210879576,8.293072705459181,8.285770691154863]}