{"timestamp":"2024-05-12 00:38:19","trueValues":[8.938874247554692,8.907646461632924,8.864633602575587,8.814928448604391,8.76048800227904,8.700570978778263,8.6331475494251,8.55674763664822,8.472100033197686,8.383111302107928,8.29681474525791,8.2220377385831,8.167181864442888,8.138284248484576],"predValues":[8.933479533313992,8.856030020766873,8.77443101426864,8.70109192472652,8.64092984399906,8.59275350691275,8.554021441448592,8.52282182913423,8.497842470915305,8.478053435389018,8.462553964484625,8.450540844602319,8.44130840661321,8.434258891620546]}