{"timestamp":"2024-05-12 00:38:24","trueValues":[8.639772599785434,8.582176975219388,8.525985512614895,8.473338342979794,8.428577922897054,8.397763172691405,8.386919257516436,8.399470068038193,8.43409915258233,8.484288042076908,8.540002679665495,8.590764078125657,8.62841624390218,8.648203684695975],"predValues":[8.64450789213959,8.599709730054476,8.56276403077309,8.539724133056428,8.527784105080126,8.520516377524444,8.51366381199487,8.506065709024043,8.498102943889435,8.490455404211271,8.48361479917541,8.47781050447233,8.473074414751926,8.46932227498073]}