{"timestamp":"2024-05-12 00:38:29","trueValues":[8.36517720626168,8.34070550455356,8.340316124036113,8.364628884072266,8.409471964455978,8.467425074889578,8.530656218303019,8.593361099993217,8.652422549510607,8.706356934057654,8.75385311773499,8.793022139902687,8.821407315152715,8.836461058324847],"predValues":[8.553748742192003,8.511639830670394,8.481369681611671,8.469198417423645,8.470826107723198,8.477851701728442,8.484504128329935,8.488822132347988,8.490963326510823,8.491712319205817,8.491803484746761,8.491735974404488,8.491790992675554,8.492090005018303]}