{"timestamp":"2024-05-12 00:38:34","trueValues":[8.463079428841617,8.522369190894494,8.58067606615316,8.635273859417985,8.685229652179592,8.729933193470021,8.768314949362853,8.798796134688368,8.81967490408601,8.830005315397699,8.830745005486474,8.82518098381259,8.81792707727186,8.813132248237903],"predValues":[8.58437318765329,8.628422357043409,8.662566908697919,8.68512572877869,8.69293194434007,8.68580109799018,8.667702478908236,8.644101501142199,8.61943205260474,8.596363715491922,8.576114068063424,8.558993020000708,8.544831263870591,8.533248455973094]}