{"timestamp":"2024-05-12 00:38:39","trueValues":[8.698131038061426,8.731467857707386,8.759705785990407,8.782517105382835,8.80032255947451,8.815260684540782,8.831389543203066,8.853424227870592,8.88467566899103,8.925446865738367,8.972410408762485,9.0189415134918,9.056607500283278,9.077699963835204],"predValues":[8.751914986176473,8.731490981328559,8.709670788181565,8.690052920609704,8.671367439969721,8.651455610041344,8.630228125804868,8.609100578138056,8.58955261300721,8.572470901679363,8.558145419679793,8.5464722436076,8.537146513767553,8.529790544347165]}