{"timestamp":"2024-05-12 00:38:44","trueValues":[8.83493277301746,8.845189295056894,8.857298098888881,8.874281468379557,8.896602407529876,8.921696054910917,8.944434548186088,8.958712188210818,8.959993821559028,8.94757191858059,8.925050840502191,8.898933109070828,8.876422396753643,8.863486989911923],"predValues":[8.949931059517697,8.92346142378251,8.892710197087897,8.861365464116522,8.82969062151875,8.797199541672459,8.764796703690873,8.734209734443212,8.70683296170731,8.68332049159473,8.663706876642852,8.647656159872806,8.634673176844995,8.624227679004944]}