{"timestamp":"2024-05-12 00:38:54","trueValues":[8.896645996884729,8.848548599056905,8.802050983709979,8.765439646674974,8.745247675405032,8.745432664374412,8.767210862899047,8.809360440099272,8.868387602868026,8.938321938534038,9.010796151486552,9.076169020640329,9.125418612695547,9.151808777594749],"predValues":[9.109175730659892,9.077034960384928,9.039687920092389,9.002661952608769,8.96743271706914,8.933627046069748,8.901588338674443,8.872334565792322,8.846699240940593,8.824989615913228,8.807063759518206,8.79251900180062,8.78084476257343,8.771525411663362]}