{"timestamp":"2024-05-12 00:38:59","trueValues":[8.796846308424893,8.815189718944769,8.846384015484148,8.88543821691223,8.925467597260798,8.9581194793003,8.975051817351147,8.970157583325022,8.941478977295976,8.892224069465774,8.830799492180041,8.769348867596893,8.720490250791617,8.693720273769934],"predValues":[8.797152231275119,8.76924547577349,8.74789652607867,8.738269391797129,8.736714261826084,8.736649675160049,8.734356715621471,8.72944015534042,8.722937633593428,8.715989649902923,8.709386394220019,8.703543825937066,8.698608660443579,8.694567874090847]}