{"timestamp":"2024-05-12 01:48:04","trueValues":[7.746253551419992,8.136518082246734,8.490605043277021,8.7826922601685,8.99417053365218,9.11547705032381,9.147222326940096,9.100130407950155,8.993713908581206,8.853457185675481,8.706568236113196,8.577257757050848,8.483139834680749,8.434152044543403],"predValues":[7.963759913733504,8.170578644656525,8.359461419212055,8.516193057731408,8.63070255872203,8.704273416053375,8.746433359014816,8.76808530788362,8.777794836677385,8.78119773003225,8.781638673567024,8.780959051735547,8.780096833033433,8.779479405769248]}