{"timestamp":"2024-05-12 01:48:09","trueValues":[9.097668672555892,9.158265317888148,9.149769114734074,9.090482276357438,9.003113261904758,8.910273783417884,8.829651018995133,8.770500796035538,8.73293740370122,8.710550017363623,8.695321916772075,8.682221189328407,8.67088715970008,8.663973196969462],"predValues":[9.376846795691812,9.387488977206203,9.366077567155344,9.3252933467593,9.27512306247716,9.22207269130966,9.17077812061878,9.124354926121605,9.084322887885545,9.05093025260227,9.023670958493476,9.001701392069481,8.984102987413364,8.970018841597987]}