{"timestamp":"2024-05-12 01:48:14","trueValues":[8.826049315655933,8.737641067194232,8.679563833414798,8.655222899771239,8.661204209781227,8.691692837191717,8.742474435596812,8.811976332968019,8.898984672088154,8.999081778158248,9.10272344298648,9.196614913342335,9.267447083402844,9.305347495871036],"predValues":[8.949762017873262,8.782404410953212,8.644191337739398,8.566032700809654,8.54579979807235,8.561537681484694,8.59214431909979,8.62497906379868,8.654484272837461,8.679074782116434,8.698936377971233,8.714855795099218,8.727702162709985,8.738229789273513]}