{"timestamp":"2024-05-12 01:48:19","trueValues":[8.643907741144098,8.672543289395788,8.720349914332086,8.7890876690496,8.878021913445792,8.98179966211357,9.091483768364084,9.197787041725912,9.293877116614414,9.376079729361878,9.443014904782924,9.49435200167366,9.529660442260523,9.547860592644628],"predValues":[9.061081256508308,9.10979767633281,9.143857441376351,9.16642024828836,9.176398489507475,9.17303519867623,9.158929258183424,9.13853581904166,9.115863507165017,9.093576057397089,9.073091718503122,9.05497449420874,9.03928923696872,9.025850957813685]}