{"timestamp":"2024-05-12 01:48:24","trueValues":[9.04574790357211,9.162400459246811,9.269219894359413,9.356808450318857,9.419098169982943,9.45286131478248,9.456915124783915,9.431468509944056,9.378064639740238,9.300783371471306,9.208228818523477,9.114448447864753,9.037171963793304,8.993308314950063],"predValues":[9.003273266731723,9.078108746931337,9.134030168166737,9.174086127390211,9.196872728428971,9.202025309119234,9.19321547524121,9.17608326405103,9.155533009547288,9.13476640300177,9.115485023986285,9.098393744263468,9.0836196108554,9.071010592597586]}