{"timestamp":"2024-05-12 01:48:29","trueValues":[9.514100105732586,9.53395027267117,9.520474783091258,9.472191598927804,9.389867786510743,9.27882390501978,9.150287934372338,9.020177431175163,8.90522113929729,8.817902093129444,8.762631588540618,8.73523302112729,8.726000317349431,8.724606786937843],"predValues":[9.587845852060845,9.582153720209892,9.560081027751242,9.528219867240344,9.490576738281291,9.449174824832316,9.406462041272723,9.365153153885936,9.327255399305235,9.293777711622246,9.264930595526264,9.240440820183204,9.219796476462276,9.202418676467918]}