{"timestamp":"2024-05-12 01:48:34","trueValues":[9.08683512314214,8.94043442751197,8.81262166805086,8.727633855001464,8.704798614621618,8.753567394829695,8.871650957129608,9.046613311739216,9.259347437062443,9.487414915321873,9.707341815773532,9.89638991093101,10.034699997038247,10.107672298106596],"predValues":[9.902035263962125,9.886759321395733,9.85176504311032,9.805520458652545,9.7544847662033,9.701693273277431,9.649507778699537,9.600236923544388,9.555529129633973,9.516141363325756,9.482114024509606,9.453056935301824,9.428368881551927,9.407388580852125]}