{"timestamp":"2024-05-12 01:48:39","trueValues":[8.681857058742125,8.763201173829962,8.901196034480755,9.081415690547772,9.28734190285128,9.502371911389329,9.711076147698538,9.900561731137053,10.061827991504984,10.190268809780244,10.285221840400048,10.34924397113084,10.387170962473943,10.404366962963907],"predValues":[8.694031246606393,8.650002011372457,8.63413973882553,8.662299259427563,8.724754033904851,8.799247178195609,8.86859890492357,8.925533512870576,8.969320880342822,9.001948044028659,9.02598013114575,9.043713556486416,9.05695036776963,9.067015787698452]}