{"timestamp":"2024-05-12 01:48:44","trueValues":[9.563329497842872,9.767802377266245,9.94410005455138,10.081454895894316,10.17419656412152,10.221704708292563,10.228111811878629,10.201751415319324,10.153699467367598,10.095518310187265,10.037286121567096,9.98675383300867,9.949580086980546,9.929825072414143],"predValues":[9.405260144549246,9.473009696697568,9.519346244062532,9.54436653374882,9.548285854643206,9.5342995190875,9.508578078681062,9.4775424580249,9.445897649555778,9.41634406696466,9.390083075397524,9.367398005660926,9.348095363545507,9.331772213307625]}