{"timestamp":"2024-05-12 01:48:49","trueValues":[10.380271618124528,10.409649248563737,10.391727644788698,10.330867337017326,10.23205930638042,10.099854919417751,9.938643943109636,9.754155188154405,9.555276630322316,9.35487616611282,9.168723573588156,9.01286824057462,8.900926524689158,8.842484628745943],"predValues":[10.513322276464365,10.500942368108284,10.443387409220852,10.355665958886853,10.25493893348137,10.152615580848725,10.0554565036113,9.967449596160758,9.8904452797684,9.824668943293478,9.769334383616116,9.723161562120602,9.68472000375922,9.652642491206548]}