{"timestamp":"2024-05-12 01:48:54","trueValues":[10.210227418528463,10.087190617100124,9.936485206889358,9.760941838074196,9.566371715865197,9.361016949372274,9.153713951348376,8.952235979549986,8.762977379703212,8.591698059790033,8.44426716696831,8.326775782001416,8.244898228894114,8.202878622392204],"predValues":[10.11837773734328,10.05816223307725,9.986317939460127,9.918428050852274,9.862181304187969,9.81595585652013,9.776374596002562,9.741550954094077,9.710750290692127,9.683651001410295,9.659987297499471,9.639438106150727,9.62163876520028,9.606204944116918]}