{"timestamp":"2024-05-12 01:48:59","trueValues":[9.228423979258409,9.028828854958718,8.85415727324064,8.714737519105864,8.618813296396809,8.572408441323322,8.578516000989136,8.635599184846896,8.735918756099995,8.864894607127214,9.0027427523885,9.128238099746111,9.222830720822122,9.27342307763785],"predValues":[9.5908482017708,9.526956307527072,9.477116132871329,9.45557236002341,9.458609793848249,9.47320584879441,9.489096826526245,9.50174305520893,9.510250953067963,9.515232897381296,9.517656890773186,9.5184000361157,9.518116705309149,9.517258739227016]}