{"timestamp":"2024-05-12 03:04:04","trueValues":[8.349278254867377,8.436821626739471,8.606945562960266,8.842574199554395,9.119111445679149,9.407842016458106,9.679789622463218,9.91041398848909,10.08451412439658,10.199416195369638,10.264242071277742,10.29477322488809,10.306522682331275,10.310026841199557],"predValues":[8.570481472892268,8.494725300465735,8.459723580095346,8.485866827246625,8.562667815245913,8.662412485434684,8.761129616319394,8.846541096634873,8.915437793024356,8.969116223006008,9.010376205262958,9.042090650384347,9.066698967509511,9.086101014617096]}