{"timestamp":"2024-05-12 03:04:09","trueValues":[9.43816798115414,9.71101607944124,9.938859763573914,10.105433293684088,10.207195832056108,10.252791891966051,10.258126803738202,10.239655017252506,10.209868072139669,10.176702952025632,10.14524366410339,10.119179887788096,10.101041400393784,10.09192697260928],"predValues":[9.115496187113743,9.217081710178856,9.295320349522084,9.349836279852184,9.379340425735968,9.38596919713879,9.376060060994444,9.356978023540789,9.334484853281047,9.312125108973358,9.29168754889924,9.273845681748934,9.258658512624748,9.245894805314954]}