{"timestamp":"2024-05-12 03:04:14","trueValues":[10.130539167347589,10.130322815305812,10.120642257485702,10.118404847795688,10.135256386066803,10.178522541802044,10.251815915679318,10.35438166765115,10.480006188340834,10.617110656682105,10.750838013177177,10.86618395136125,10.950525631961558,10.994975079207835],"predValues":[10.443626619095053,10.365881283670172,10.235991916712262,10.095943572185838,9.972623439950947,9.871189416472829,9.78899052476785,9.722523137545238,9.66881414185744,9.62543157065009,9.590366060979914,9.56194686477,9.538800385764944,9.519810311218482]}