{"timestamp":"2024-05-12 03:04:19","trueValues":[10.181901779958238,10.235808522475375,10.313548542125272,10.41000646864254,10.515685670021456,10.61891110966858,10.708970437839758,10.778522569284547,10.82465126984771,10.848889077456615,10.85637156232158,10.85411235795414,10.84880934083188,10.845099461471792],"predValues":[10.138773302795038,10.06571435459448,9.982820691099327,9.906068874018626,9.842813278040268,9.791110455830758,9.747325480457254,9.709358089224288,9.676291310947423,9.647641941680778,9.622993756243249,9.601891192718853,9.583858489246689,9.568424136585827]}