{"timestamp":"2024-05-12 03:04:24","trueValues":[10.58018303103566,10.670302427464136,10.744926871396954,10.802426014647072,10.845303587231111,10.87910447403302,10.910417046565753,10.944416743351995,10.98288753847578,11.023820600571325,11.06287400463316,11.095597383846172,11.118840609955903,11.130850008795722],"predValues":[10.640004104798008,10.661904566147232,10.6432637380171,10.590286192966854,10.513950069489765,10.425450921275864,10.3342226541861,10.247207670347237,10.168531011145475,10.099894787730118,10.041363852555952,9.99209778159829,9.950863315061252,9.916357024919204]}