{"timestamp":"2024-05-12 03:04:29","trueValues":[10.86253467183596,10.883864750529591,10.9074439336182,10.936230449879384,10.96975172691723,11.00550031367262,11.041042648358705,11.0752358393543,11.108059686714476,11.139855463193092,11.17056575842034,11.198897775920546,11.221723713694177,11.234751083443088],"predValues":[11.002585142672377,10.96716932343087,10.88267348535608,10.773322678196948,10.66233833338578,10.559593439797048,10.467772463796765,10.387486187930389,10.318509223338673,10.260033040646825,10.21088019569628,10.169720681586494,10.135239907164362,10.106238102016396]}