{"timestamp":"2024-05-12 03:04:34","trueValues":[11.046571054340204,11.088503482132406,11.125435891976338,11.155582183477971,11.177532613112032,11.189723811456242,11.189896574143162,11.17482475733609,11.141335374948142,11.088922365201006,11.022481025275804,10.952914541238563,10.894706273605818,10.861484274699476],"predValues":[11.18366595428651,11.17974769654712,11.12729375533262,11.040572202272775,10.938101602673123,10.832298012159626,10.730376532115638,10.636762545213854,10.55378276616399,10.48206073537146,10.421076038465504,10.36968418909245,10.326508933109409,10.290172421640984]}