{"timestamp":"2024-05-12 03:04:39","trueValues":[11.343643670798752,11.37126656391633,11.370867349215168,11.332434827671255,11.24850777751956,11.117761507634516,10.946703058171844,10.74851767739744,10.539996835325114,10.338232343255182,10.158309839009672,10.012374805267946,9.909649048469149,9.856576882624218],"predValues":[11.214678717110246,11.190042226377676,11.109329625357727,11.001575145425754,10.893496934797366,10.794782993377645,10.70704772202869,10.630231584070703,10.563867854460243,10.507161293259976,10.459056719135926,10.418372435309548,10.38393737655226,10.354671377387682]}