{"timestamp":"2024-05-12 03:04:44","trueValues":[11.13516960754627,10.990850037821636,10.8240569662047,10.649333821469291,10.48034161374221,10.327541256610951,10.197390353523916,10.092686065276736,10.01325190814001,9.956514515444844,9.918254756587856,9.893839402094544,9.879475114937604,9.87280594364492],"predValues":[11.444095870637655,11.43862806449095,11.368740507644784,11.260219492960374,11.140979218024333,11.025114460201996,10.918157346517354,10.822565891322188,10.739218260643554,10.667844944689858,10.607427440974504,10.55657142171966,10.51379591201528,10.477695420956064]}