{"timestamp":"2024-05-12 03:04:49","trueValues":[10.251999309916204,10.116637352614102,10.015124655666243,9.950124953916225,9.921555321274312,9.926878006764005,9.961802648397152,10.020979450231655,10.098060313783757,10.185160881599836,10.27248258565517,10.349134466166204,10.405387591760494,10.434866221924365],"predValues":[10.532468103217806,10.484180134856867,10.434126797624335,10.399162287678823,10.381479362200489,10.372818370021964,10.36586799423272,10.357580169457949,10.34756471781396,10.336402653506305,10.324815327200074,10.313361958423396,10.30240029883257,10.29211586897448]}