{"timestamp":"2024-05-12 03:04:54","trueValues":[9.803945926102813,9.805920736508703,9.839506866001331,9.904506567751357,9.99982372895744,10.122457594642128,10.267449609902007,10.42903587992387,10.6015705200991,10.77841200116492,10.949350314112989,11.099553383587937,11.212034650634092,11.272318196819896],"predValues":[10.250104767712545,10.291365281546993,10.320135318905733,10.342334526808958,10.356416014736844,10.359153638852684,10.351017845242406,10.335350661637325,10.315795520210251,10.295073034597086,10.27485288971974,10.256001025322814,10.238865093090148,10.22349346657408]}