{"timestamp":"2024-05-12 04:58:04","trueValues":[6.648241955263748,6.551797451078309,6.437195322708623,6.309769285877468,6.179757788989338,6.06048934044589,5.965117160968738,5.903133895732374,5.877335509483066,5.882495665152676,5.907263056844183,5.938579483313779,5.965546542692927,5.980860625944814],"predValues":[6.654766803265666,6.630465605040099,6.619587668905244,6.626764098025609,6.648073046513687,6.675276524985169,6.701565158582212,6.723731275786173,6.741243033310082,6.754776996414799,6.765299307203344,6.77367510805407,6.780565947163514,6.786439346941362]}