{"timestamp":"2024-05-12 04:58:09","trueValues":[6.0127195272513445,5.908411928712214,5.841351301001588,5.816481979324796,5.830783008759447,5.8749022134849564,5.937236851447646,6.007402689114134,6.077236822421731,6.140532685395579,6.193144106443925,6.23312670797265,6.259982003182797,6.273526863626229],"predValues":[6.469448654518834,6.421096498174986,6.395707027916185,6.400623588197235,6.4310330105604905,6.474794995207196,6.5204040787658455,6.561173282097563,6.594813100917511,6.621495633440736,6.64235048185096,6.658669778151983,6.6715928258168695,6.682022243437599]}