{"timestamp":"2024-05-12 04:58:14","trueValues":[5.913126223755191,5.972864903005316,6.034832486705483,6.08975560539922,6.130753254160799,6.153696670561534,6.1576167888221685,6.144193128048332,6.116807850072458,6.080236780032943,6.040689274686512,6.004980024665989,5.978731790958811,5.9650912465657004],"predValues":[6.122256918112352,6.21589057338157,6.310359868477992,6.397871345700193,6.470009601673832,6.522400285166041,6.556485698823872,6.576917544439886,6.588549257467219,6.595080484399116,6.598923258133759,6.601503003732628,6.603600608540609,6.605609439906388]}