{"timestamp":"2024-05-12 04:58:19","trueValues":[6.231440145465168,6.256348538088079,6.25929826162571,6.239771958277917,6.19823582151064,6.136575622498818,6.057821352982316,5.965047391422097,5.860895013512447,5.748878876777234,5.635670544607884,5.532192605649104,5.452113777901408,5.408202419977704],"predValues":[6.316957409702793,6.329159771174465,6.344694326193739,6.365856559292309,6.390478032960555,6.414236357666065,6.434027652396721,6.44906903639202,6.46005594591401,6.468117318674538,6.474270726899574,6.479261575136001,6.483579977837177,6.487526143395224]}