{"timestamp":"2024-05-12 04:58:24","trueValues":[6.294880331729783,6.244462465227848,6.166911022695446,6.057826801651673,5.913559326521867,5.734366146603916,5.526625859640541,5.302643421560573,5.078410211795818,4.870630887109917,4.693924908470754,4.558538083308813,4.469072692801999,4.4252689922996495],"predValues":[6.218969071568145,6.173824188059816,6.145074882223506,6.141265863660001,6.160511095405609,6.193401655741813,6.229833585371169,6.263401109651357,6.291578172310832,6.314174335710854,6.331980587168777,6.346017289692438,6.35721869073496,6.366336972456328]}