{"timestamp":"2024-05-12 04:58:29","trueValues":[5.482870785501313,5.283301110474351,5.102048798669852,4.962969719264249,4.8882028457855,4.893730686965911,4.985338400718626,5.155665432767336,5.38362626329118,5.637572263107772,5.882315726169527,6.087437927506975,6.232519513575307,6.307030731501006],"predValues":[6.107519197762911,6.090830853783747,6.087040972010177,6.10118917291409,6.130176891258353,6.165715106218823,6.20014232420801,6.229448058790584,6.252754675516979,6.270757610649244,6.284614374189757,6.295424002616089,6.304065060638428,6.3111860728046025]}