{"timestamp":"2024-05-12 04:58:39","trueValues":[5.705919308364094,5.919695724266961,6.098425634395212,6.236912868703732,6.334889777922169,6.393943386671461,6.4169834172824975,6.408670342576562,6.375437180542754,6.32528364095181,6.267619442888494,6.212672668996087,6.170040951004975,6.146893674633671],"predValues":[5.932124803541625,6.149387703360952,6.319828592665061,6.425764678869992,6.469562279209078,6.46799864399806,6.441248468238186,6.405005913092572,6.368631128044276,6.33655560890722,6.310234017505287,6.289604823743059,6.27395983349853,6.262409186039676]}