{"timestamp":"2024-05-12 04:58:49","trueValues":[6.34409483967012,6.321304517588873,6.309259901739797,6.310576220519768,6.32365927301162,6.344164343428012,6.367641330742588,6.391023298579356,6.412007054532898,6.428065744965418,6.437064421749685,6.4389870046663775,6.436595836185003,6.433958547321952],"predValues":[6.404776404507715,6.343480601870926,6.289194047231309,6.251663612701879,6.23234542194464,6.226401853937025,6.227651725529719,6.2317594906472245,6.2365727919992455,6.241309811980271,6.245816260221443,6.250148351043199,6.254395389465239,6.258622759519845]}