{"timestamp":"2024-05-12 04:58:54","trueValues":[6.32150253020696,6.34111654384196,6.362562772218955,6.384533667586695,6.405506791990272,6.424232938308867,6.441304150981125,6.459626697084196,6.482749653784955,6.512284232480512,6.546428119663148,6.580374127122071,6.607919409924909,6.623388448017527],"predValues":[6.45274369874285,6.504939027504464,6.544106720728415,6.567137581627608,6.572470632878515,6.562453320713281,6.542790667737194,6.519544385056847,6.497021845140328,6.477477468157595,6.461681908586694,6.449566592930355,6.440679015843217,6.434446668359694]}