{"timestamp":"2024-05-12 04:58:59","trueValues":[6.334019718451955,6.33475209935013,6.344159692124904,6.369815615604688,6.417435922627859,6.488905055425611,6.582047001508974,6.691486715004682,6.809768688605807,6.928365223191504,7.038398044280854,7.131092667899463,7.19835343453817,7.233768190624678],"predValues":[6.521644514857945,6.543610360239452,6.560766625311425,6.571371064823444,6.573067195725894,6.565798670803963,6.552388299467582,6.53658131098047,6.521285434257896,6.508113475429468,6.497659339455071,6.489906148749136,6.484544126524577,6.481161698903394]}