{"timestamp":"2024-05-12 01:39:04","trueValues":[8.45990458223349,8.537309708059507,8.59867474866544,8.644518257900806,8.676569723156067,8.69684488630448,8.708044161037009,8.714896460777831,8.72425541421152,8.742299546599895,8.77048298818935,8.803911239165004,8.83367160540293,8.851089539498403],"predValues":[8.670154380118781,8.714360364870876,8.750013533465335,8.779545321379029,8.800259567540973,8.809690549725667,8.809066211954006,8.801942807689091,8.791839645757893,8.781197464243501,8.771366735780141,8.762932461404612,8.756023282871478,8.75054138992107]}