{"timestamp":"2024-05-12 01:39:09","trueValues":[8.672947288294436,8.674471852559336,8.672236303390566,8.674493913025511,8.689108838972864,8.719398656399019,8.762340284071593,8.81066094444867,8.856792568688071,8.895785904492607,8.925946814375443,8.947692055095189,8.961911753172611,8.969020539056327],"predValues":[8.811174182523203,8.795480685831961,8.778757523526664,8.769065005212843,8.765473136057361,8.76295717975828,8.758401560598521,8.75159338179005,8.743593406230566,8.735504125651381,8.72805326964756,8.721589818846688,8.7162060019447,8.711841219106805]}