{"timestamp":"2024-05-12 01:39:14","trueValues":[8.646653073133663,8.67587840661963,8.716329327924289,8.763717335580736,8.81646258126426,8.87593361124403,8.944789110377402,9.024729329292434,9.114892846653262,9.211333231113093,9.307252138047163,9.393574476405844,9.459868569364035,9.496195512437492],"predValues":[8.63074428755564,8.610906081110766,8.596835756310341,8.597602291062778,8.61002605456246,8.625472101928281,8.638027696647521,8.646071527350607,8.65029703688397,8.65198293491958,8.652235700019983,8.651819740627626,8.65119380812347,8.650604820255442]}