{"timestamp":"2024-05-12 01:39:19","trueValues":[8.803994165254727,8.861658097529293,8.936801095311628,9.031656847249256,9.145344795216378,9.273702687401912,9.40935010182056,9.542027061179148,9.659832608447491,9.752052799148938,9.81303271185741,9.84481573047607,9.85620265206547,9.858182778246343],"predValues":[8.982889395984923,8.957056324303856,8.930041555844245,8.907838361109782,8.88985509434495,8.873003821862582,8.855868155418666,8.83888372277299,8.823017994972325,8.808980096399296,8.797069836762894,8.787265952963196,8.77936857186087,8.773098881058097]}