{"timestamp":"2024-05-12 01:39:24","trueValues":[9.304176430642451,9.435146494654251,9.558005749198184,9.660132418156486,9.73056537351583,9.76409675052614,9.76412067151356,9.74186617955052,9.711936240090662,9.686560856635564,9.671643728880472,9.66646191142781,9.666624574142263,9.667820623513265],"predValues":[9.087711162859208,9.076306699212369,9.060095711826603,9.043227694653044,9.025067412581304,9.003913286039582,8.980132635079148,8.955661996526022,8.932428604600007,8.911625053418362,8.893717270658279,8.87868638531857,8.866258369198901,8.856057131219284]}