{"timestamp":"2024-05-12 01:39:29","trueValues":[9.763196258244154,9.758566749812143,9.730573878755802,9.6941411517602,9.662042376107596,9.640962670415623,9.631191744420818,9.629539601556344,9.633003892112256,9.64043534553739,9.65147302071046,9.66457587446412,9.676473642029311,9.683539370135671],"predValues":[10.105207904824844,10.099588599091144,10.053289793728553,9.975025107087912,9.876992116443413,9.77080100593371,9.66584315521988,9.56867769905248,9.482868332979582,9.40952977501496,9.348168721240263,9.297468454192398,9.255807130924287,9.221579387391309]}