{"timestamp":"2024-05-12 01:39:34","trueValues":[9.75739940562605,9.752248951245782,9.74138510191463,9.717640598224076,9.676409852729526,9.615307145618964,9.533009912076816,9.429555362527957,9.308476361025567,9.17877091988204,9.05414363857902,8.949172498427735,8.874907666672463,8.836964196426916],"predValues":[9.533525542250093,9.48866412244269,9.4407812161354,9.398343258142388,9.362805176076291,9.331474529908618,9.30240840388337,9.275339414518935,9.250655613389023,9.228690299585018,9.209524272886645,9.19302144945436,9.178912319496565,9.166873152316846]}