{"timestamp":"2024-05-12 01:39:39","trueValues":[9.567876080185162,9.50687224648927,9.436326596700304,9.360021304718106,9.285771091344037,9.224258537982346,9.184882997956588,9.171191687912398,9.17903936651864,9.198705076065345,9.219621055887862,9.234859256451877,9.242837171545183,9.24565081124327],"predValues":[9.721311140849297,9.706955358932326,9.67820817940601,9.641384211371715,9.600641985598031,9.55807910689294,9.515797964261903,9.475948257107737,9.440018934002948,9.40864788794541,9.381834587357623,9.359202143793349,9.340205690316909,9.324266339032736]}