{"timestamp":"2024-05-12 01:39:44","trueValues":[9.225929817636754,9.18266206716902,9.163858044746934,9.165559624318742,9.178440278678146,9.192559508608404,9.201861051672283,9.205862767078894,9.20793219827947,9.21178454040908,9.218758837185746,9.227407603081808,9.235005440263889,9.23932078639445],"predValues":[9.37113605862842,9.287755470144894,9.220256290998236,9.182717351228836,9.17215915895916,9.176519157599571,9.185685148401404,9.194523687464333,9.20135126885149,9.206099319065602,9.209230842107626,9.211267315503312,9.21262762232126,9.21360519334049]}