{"timestamp":"2024-05-12 01:39:49","trueValues":[9.279898223143684,9.294061574006296,9.292910708722648,9.27660031634472,9.246098399496772,9.200991922462691,9.139692531677788,9.061584128821623,8.969392111727583,8.870144998077148,8.774086552049791,8.692085141385405,8.632970002540693,8.602220636367324],"predValues":[9.501739334166444,9.548288512530696,9.57787026872922,9.59020871404044,9.584704229046356,9.563555949857117,9.53207646198994,9.496178501957548,9.460326257590005,9.427110637613636,9.39766443367716,9.372218350414798,9.350524672712382,9.332127307076435]}