{"timestamp":"2024-05-12 01:39:59","trueValues":[8.822502896376548,8.76296914025199,8.725872472961107,8.71367755357441,8.725081485643756,8.756318839960489,8.80256103231952,8.858937749682145,8.920853504576236,8.983689951697245,9.042510065030443,9.09227475568144,9.128432657110462,9.147489178844202],"predValues":[9.049731545343782,8.983332731618441,8.935428030633721,8.91922900374167,8.930084879410348,8.954082679778807,8.979833888525148,9.001936349323696,9.01910577093875,9.031874794023528,9.041274678924577,9.048281401928634,9.053658839900642,9.0579454808463]}