{"timestamp":"2024-05-12 00:51:04","trueValues":[9.207199152909425,9.16361139278776,9.095761372492271,9.008966461737677,8.91076761891373,8.809099435547644,8.711332233652257,8.62419578435505,8.553515911247782,8.503154259066285,8.473683602564888,8.461692543148757,8.460466991226609,8.46239422544641],"predValues":[9.425269784737296,9.456441489233,9.470132267699697,9.46888412373387,9.453625191647426,9.426605638990328,9.392369921794874,9.355907426459371,9.320891353496528,9.289321497454656,9.261926651083815,9.238679172354097,9.21917878340934,9.202886464666353]}