{"timestamp":"2024-05-12 00:51:09","trueValues":[8.741682119335712,8.64050298726799,8.557773581219788,8.501776675979643,8.478458231653914,8.489685414205098,8.53208137757575,8.597213707911578,8.67354106035995,8.74949816908081,8.816095792790486,8.867873567427246,8.902475009941476,8.919584629087982],"predValues":[9.027612605642789,8.983982850898766,8.95302377740235,8.94492359948445,8.955301586982229,8.97291700211829,8.989444278115492,9.001724781479403,9.009701101840218,9.014400778501994,9.016930555816028,9.018160626146912,9.018681040517672,9.018859118979575]}