{"timestamp":"2024-05-12 00:51:19","trueValues":[8.773046786463272,8.790881743106098,8.788335486889618,8.768645058989248,8.737010616281342,8.699093193333207,8.66010384435991,8.624687493540906,8.596849843114045,8.579251704246676,8.572233286537658,8.573437841148628,8.57848835895923,8.582595592499239],"predValues":[8.89369600755835,8.89669091518333,8.90309828455814,8.917194390867229,8.934331917832388,8.947809002144798,8.954773198948995,8.956019748182324,8.953624991552838,8.949478155489214,8.944856089142178,8.940478548444323,8.936681490374529,8.933565117291206]}