{"timestamp":"2024-05-12 00:51:24","trueValues":[8.61081810503481,8.564896188118457,8.532149153706772,8.519954500108824,8.533976451356908,8.576659998154096,8.64623498743131,8.736728880207284,8.838936083156568,8.942059991501532,9.035664941585846,9.111381777277511,9.16382668167454,9.190437451235503],"predValues":[8.847042374215695,8.811804367647344,8.78749160761119,8.784041403858986,8.797493769817725,8.817272971160298,8.835504750405548,8.849263570792013,8.858607905844497,8.86462137629313,8.868433850110373,8.87091844333706,8.87266068858748,8.874019666461685]}