{"timestamp":"2024-05-12 00:51:29","trueValues":[8.494236514956121,8.53745801818151,8.605432959189077,8.693345511633687,8.79542779387089,8.906507556842985,9.023128749445291,9.14370062601438,9.267405620357984,9.392145064513128,9.51250537323792,9.619063272221396,9.69984338358362,9.743621448449648],"predValues":[8.580538387581122,8.538322628982367,8.516072123850563,8.525495132372786,8.56041180034346,8.60528571222207,8.64771755707385,8.682366575774171,8.708669030386169,8.728021374997669,8.742190041635261,8.752700126141347,8.76070063327833,8.766999295054756]}