{"timestamp":"2024-05-12 00:51:34","trueValues":[8.907398480730004,9.009301355561554,9.111240909240482,9.213289967884045,9.314972769631332,9.413309291027314,9.502117817345177,9.57336674416429,9.620244968999945,9.640405577197493,9.637506353522191,9.620259321592396,9.599780298473416,9.58638614025073],"predValues":[8.983553867857701,8.99875273168685,9.00924553992424,9.017625859183704,9.02134743324875,9.017670511693552,9.007127735171327,8.992458322530409,8.97648016608887,8.961118639545266,8.94738108225873,8.935623119575569,8.9258258804946,8.917786568200247]}