{"timestamp":"2024-05-12 00:51:49","trueValues":[8.687231041460397,8.554452816588398,8.472925041474927,8.443176901519458,8.459690622290456,8.514444965128508,8.599602085611087,8.707920835057422,8.831661179304657,8.96161088030862,9.086951007036753,9.195843594392418,9.27665666355953,9.31980853013265],"predValues":[9.007238834868456,8.908723171855572,8.840057977466564,8.817347923587548,8.833698184277843,8.870095561369812,8.910493059135899,8.94662464747876,8.975928388645714,8.99862674781977,9.01590514282196,9.029065406945428,9.039218005583958,9.047213994312203]}