{"timestamp":"2024-05-12 00:51:54","trueValues":[8.406977537045574,8.465456643413663,8.554080180762146,8.670351595370622,8.810754767877107,8.970060836220346,9.141150117177911,9.315292779285262,9.48291670653192,9.634679424386649,9.76262959663105,9.861192570041275,9.927484005111976,9.96064061998604],"predValues":[8.879952337130582,8.939535529962479,8.99656741659166,9.04970230858138,9.091823977962948,9.11777771773611,9.12840979927804,9.128153578923897,9.121678433418062,9.112428453371509,9.102512406719686,9.093052985138836,9.084548808322287,9.07714499692706]}