{"timestamp":"2024-05-12 00:51:59","trueValues":[8.98336887888832,9.141192643377767,9.296928903031702,9.441391467103356,9.56638500530265,9.666015386329304,9.737762932841749,9.78278595220861,9.805110612401416,9.810212161651847,9.803927852467872,9.792047626960125,9.780102548997588,9.772751363774685],"predValues":[8.889321922114235,8.883566000963494,8.883601616655874,8.89476580727352,8.91224141752755,8.928230471307803,8.938657895512915,8.94348355604177,8.944364379956323,8.943039688830755,8.940779421308317,8.938356491071424,8.936173302286228,8.93439730186467]}