{"timestamp":"2024-05-12 03:11:04","trueValues":[8.674208721697717,8.723320369392148,8.777050893968624,8.828659626960949,8.872200874051519,8.903049113639556,8.918650647423606,8.919254519461585,8.908088734111445,8.890548005613883,8.87238001566842,8.857674455757621,8.848037487292366,8.843411434114092],"predValues":[8.834264314313447,8.838375268895943,8.86235818509445,8.921213648331282,9.00560848668141,9.094595623038677,9.172820972944448,9.234874672199323,9.2815376081482,9.315816914698509,9.340898867374587,9.359416901102628,9.373341042091042,9.384076249667622]}