{"timestamp":"2024-05-12 03:11:09","trueValues":[8.869729570262287,8.879599103883017,8.877290994385739,8.867500665812244,8.857105136257026,8.853163223318965,8.860670692326346,8.881458296183045,8.914721758134252,8.957955753430848,9.00694753039943,9.055205730420466,9.094397344631838,9.116471100245484],"predValues":[9.227730802200728,9.25643758183718,9.283237592987511,9.31768434644976,9.35589307386692,9.38875732111696,9.411437606656076,9.42432463994546,9.430040161206335,9.431279799932188,9.430061955883762,9.427687399199208,9.424921069898463,9.42216909319017]}