{"timestamp":"2024-05-12 03:11:14","trueValues":[8.776683839706102,8.769534122355024,8.7817505706304,8.81599027465709,8.873318249952781,8.952780314908164,9.0502939543369,9.15844020688506,9.267897329543835,9.369610431208525,9.456395241990656,9.523544643143486,9.568723414717326,9.591288347939328],"predValues":[8.934566343509104,8.859700297603343,8.812300595241934,8.813771204390765,8.857761368678581,8.921984169914953,8.9871106528983,9.043457336132274,9.088540423756434,9.12330399740762,9.149758483184108,9.169931849241614,9.185505475207004,9.197762057583498]}