{"timestamp":"2024-05-12 03:11:19","trueValues":[8.894355961022391,8.975420732134914,9.070412567912086,9.172980977771411,9.277386519464589,9.379805024469414,9.478523750086618,9.573300296977012,9.664071938995807,9.749432653660204,9.825972902896613,9.889068494048008,9.934200486802004,9.95779508563806],"predValues":[8.92754712843384,8.89371673908078,8.878141518382893,8.896759222891852,8.943457508744356,9.000411785058798,9.05344461416886,9.096598607051972,9.129390559762257,9.153547036013933,9.171199661574873,9.184199920871375,9.193955962696233,9.201474594831076]}