{"timestamp":"2024-05-12 03:11:24","trueValues":[9.33505470435914,9.417591147775488,9.497783334424678,9.578069078713558,9.65998198172449,9.74328230200578,9.826424212192604,9.90744565973902,9.984274555556963,10.054749505538666,10.116785662736106,10.168172727911674,10.205883367213,10.226155606685172],"predValues":[9.592092624694136,9.6207659149482,9.635503901086391,9.64088984429837,9.637087470453592,9.6236651386235,9.602753411420968,9.578022831471213,9.55272612148585,9.528939091595436,9.507667486426609,9.489203142025886,9.473435490273642,9.460072163545853]}