{"timestamp":"2024-05-12 03:11:29","trueValues":[9.663886418448929,9.7340413587767,9.808969333461004,9.890052975574712,9.978587207903493,10.075500696336738,10.18059250458012,10.29119517674756,10.401567144280776,10.50408824374276,10.591605036739942,10.65927272595354,10.704837954368584,10.727663360564716],"predValues":[9.845387176286655,9.84610055328927,9.836304643152046,9.82183191418547,9.803488237876843,9.780147733084938,9.75258118718217,9.723199835700472,9.694385145831884,9.66770208173116,9.64389378874082,9.623125587462804,9.60523056256268,9.58988551492152]}