{"timestamp":"2024-05-12 03:11:34","trueValues":[10.124293131743483,10.228709836564128,10.332167044000476,10.42734174243704,10.50545652422318,10.558942788939223,10.583621274294154,10.579317622868556,10.549167078746931,10.498808616030423,10.43634400736942,10.372540886567894,10.319914182666473,10.290055474591377],"predValues":[10.125818227585883,10.094515223448118,10.053128725746587,10.011331318638938,9.972982786339744,9.93701997385257,9.90252590999298,9.869892898954664,9.839903422815006,9.813085869607232,9.789593333650831,9.769280162711295,9.751834320797167,9.73687200895473]}