{"timestamp":"2024-05-12 03:11:39","trueValues":[10.813656120874498,10.875862382871368,10.885905476545265,10.836094538651924,10.721442840680528,10.541070621871524,10.300204883764916,10.011308460806514,9.693541532342206,9.370915453966656,9.069825174776552,8.816263771279925,8.632967344653203,8.536816669929905],"predValues":[10.711469383658898,10.718508001312848,10.68813844726196,10.629608043665293,10.555553450810564,10.475390500923776,10.395673544557994,10.32097042715544,10.253917241529788,10.195493685010264,10.145550384319863,10.103308578423697,10.06772956489024,10.03773636770809]}