{"timestamp":"2024-05-12 03:11:44","trueValues":[10.614200269879342,10.425698104812538,10.193242985882792,9.930289139570087,9.65314695825236,9.378730174768007,9.122308884330952,8.895555199858379,8.705242747621382,8.55294313649345,8.436142270696745,8.350817969090976,8.294189815571693,8.265660582819647],"predValues":[10.88473228500669,10.87121692711441,10.820669222808531,10.747580506268076,10.667546198135856,10.588485739980378,10.513979837829664,10.446126628069187,10.386021691922789,10.333857460444822,10.28919006642427,10.251215764683826,10.218993663051634,10.191595095638306]}