{"timestamp":"2024-05-12 03:11:49","trueValues":[9.227116830190282,8.966063905011218,8.753046183092689,8.60017512615417,8.513367723328361,8.492516861749376,8.53301057504264,8.627395349316846,8.765341836415299,8.931941679611636,9.106846358062686,9.266311633866644,9.387498014023674,9.452811878075146],"predValues":[9.74021935246103,9.638388772169238,9.56919705026824,9.553915791926867,9.583946199533894,9.635362501471864,9.68886311878036,9.7351475715505,9.771769008557971,9.79944878046786,9.819915045726884,9.834940083714113,9.84600540091709,9.854247510027012]}