{"timestamp":"2024-05-12 03:11:54","trueValues":[8.48340535764111,8.498616713541466,8.562370397635657,8.66621858032195,8.798311336009991,8.942593163732248,9.080776202817413,9.196382082398117,9.278614995062975,9.324460896397085,9.338573215819869,9.331313993504155,9.31576216221619,9.304187593769916],"predValues":[8.912452719583094,8.933463320200296,8.9798477095401,9.06384173845657,9.171288435017074,9.27792394431529,9.368040151278777,9.43745460415153,9.48835687064872,9.524845413281634,9.550839552944662,9.569450081157395,9.58295480749971,9.59295537497375]}