{"timestamp":"2024-05-12 03:11:59","trueValues":[9.173064435438633,9.333777855208414,9.447990470166278,9.49582553449873,9.465930679153752,9.35672924527162,9.176079543008544,8.940047970670765,8.671126103785529,8.395505828845208,8.13936494553846,7.925506533806493,7.771895255201699,7.691502929624428],"predValues":[8.978726081018854,9.068673246337903,9.15604385552308,9.245605095578425,9.328598164065742,9.394348984820752,9.439652677106674,9.467633321880555,9.483341968530496,9.491221010209134,9.494455659285812,9.495103120678646,9.494414196240951,9.493113426102804]}