{"timestamp":"2024-05-12 02:53:04","trueValues":[7.959729758930738,8.09192962748467,8.25410807483955,8.42906617682917,8.598129084363515,8.745678253178593,8.862007078156875,8.94424902763921,8.995822676516653,9.024443340598392,9.03890384328251,9.046061534296062,9.049709750666356,9.051332656768423],"predValues":[7.931636685515983,7.898958224601569,7.895680251958787,7.938488719468056,8.019799345173507,8.117482292035426,8.211702808862679,8.292267365549375,8.356819744834644,8.406922784563259,8.445382416559578,8.474977993773058,8.498024004630949,8.516301233752298]}