{"timestamp":"2024-05-12 02:53:09","trueValues":[8.80213417558845,8.927432041905476,9.013672517329429,9.061835033400786,9.077206128339355,9.066480489157744,9.03514399563759,8.98680605899182,8.92443527375925,8.852067110517634,8.775927139137384,8.704739875308064,8.648872409188737,8.617989085485817],"predValues":[8.759983801021978,8.805808970833654,8.837328592801946,8.85723882799783,8.865065509292894,8.860897675918087,8.847673090917334,8.82965766371386,8.810458413421848,8.792330026000002,8.776356122178449,8.762854851089871,8.751730528784591,8.742695837624819]}