{"timestamp":"2024-05-12 02:53:14","trueValues":[9.033534378972975,9.010738741116745,8.977396605695802,8.937041368340823,8.893583313128726,8.852188044398478,8.819354628643332,8.801898952545486,8.804551524261612,8.827116723272361,8.863304658830033,8.90266558047459,8.934702958926149,8.952277974172345],"predValues":[9.011585544071412,8.9293972839164,8.858148091308536,8.813561231278968,8.794723719474494,8.791163479180156,8.793546009527184,8.796967508094486,8.799690248040378,8.80145854058821,8.802509469302194,8.803147628088809,8.803609568934764,8.80404360196206]}