{"timestamp":"2024-05-12 02:53:24","trueValues":[8.859182806908825,8.855799581921396,8.834594158151095,8.791233115832423,8.727234108722802,8.647827062038484,8.558998069986941,8.46591512900588,8.373582509663558,8.28820425294172,8.216730468840858,8.164242506666474,8.131738934748975,8.116809049133927],"predValues":[8.866430600308325,8.894960896215368,8.923907151514769,8.956570994047981,8.987354646969983,9.009294445054078,9.020295972957268,9.022465872305007,9.019102049896263,9.012959140326815,9.005857264950578,8.998828215691596,8.992375396440686,8.98668645405472]}