{"timestamp":"2024-05-12 02:53:29","trueValues":[8.533853391166069,8.446506968757067,8.36999569049431,8.313026264221168,8.284513510371568,8.29239441257145,8.3402153901002,8.424144566561887,8.532987982998966,8.651203376518438,8.763042497946744,8.855865231742424,8.921404218864392,8.95513945584527],"predValues":[8.824437041103828,8.767884105800544,8.732219774078622,8.727346803152425,8.746379935476243,8.775314761859434,8.803752563281785,8.82727619652183,8.845248565947946,8.85855660861592,8.868403284404224,8.875840053604342,8.881653650913641,8.886393461676533]}