{"timestamp":"2024-05-12 02:53:39","trueValues":[8.609118651772995,8.688986576148272,8.75808819566332,8.817838835407155,8.87167700442702,8.923606544439524,8.977078722351866,9.033892662206776,9.0933623632428,9.152315370950554,9.20604935078077,9.249831668266784,9.280241090630035,9.295647269683492],"predValues":[8.91662347663414,8.987182947438058,9.041444783724009,9.076835087245598,9.090757633501516,9.084816191803895,9.064981972190257,9.038221297774792,9.009876522414627,8.983101495406714,8.959348486476188,8.93902415240919,8.921978056773723,8.907818958531097]}