{"timestamp":"2024-05-12 02:53:44","trueValues":[8.975572763299404,9.023237722832429,9.066040874566712,9.101927671471644,9.127063313475045,9.1371489333488,9.12927627060014,9.10359097746358,9.0639820749161,9.017400470324455,8.971964415241477,8.934557838269132,8.909098465569315,8.896545794526315],"predValues":[9.023337659402092,8.999050415085852,8.976893201804987,8.962790982354669,8.954647215081916,8.94755384494565,8.938934315811991,8.928842317008257,8.918318677275966,8.90832369136566,8.899429602454166,8.891861533611987,8.88561416906414,8.880561790732294]}