{"timestamp":"2024-05-12 02:53:49","trueValues":[9.088766875770675,9.084413256060245,9.069397254890484,9.049000626283728,9.03100141219395,9.023456201184196,9.031964099043227,9.057624408037372,9.09681442751625,9.142821928409818,9.188121899653252,9.22617912748342,9.25265647109233,9.265889561333054],"predValues":[9.153678335655991,9.143334369118104,9.130636045840587,9.11898546181207,9.10661193238597,9.090859696381171,9.071627222495522,9.050747389942885,9.030231156399026,9.01142128662446,8.994942384179598,8.980916711889025,8.969182670193284,8.959448423045853]}