{"timestamp":"2024-05-12 02:53:59","trueValues":[9.265579120074094,9.065564581128308,8.78253677375027,8.427117147931941,8.023407693231432,7.605669110986613,7.211319938663536,6.872841421924777,6.61153546585656,6.434654249372749,6.335637175884668,6.29655068112357,6.292479329064692,6.298456652243443],"predValues":[9.195952567779552,9.206433681311983,9.21243944388689,9.215045236783173,9.211500146447532,9.199863915011466,9.18153831233778,9.159759582235647,9.13749817976513,9.116658215524858,9.098158787009254,9.082250798797478,9.068823682769905,9.057588792344994]}