{"timestamp":"2024-05-12 04:33:04","trueValues":[8.363820088908723,8.341271900377915,8.292891171743538,8.219348222230849,8.1241248844532,8.011705546185585,7.8869451047192625,7.755868459419072,7.6263745861198355,7.507314781744439,7.406338180703539,7.328347788051982,7.275662344837007,7.249162674973171],"predValues":[8.324584353764998,8.367796288595418,8.377659709074917,8.361159809318874,8.324778113763099,8.275670984477404,8.221292201141846,8.167757031295965,8.118822133119693,8.076115462701331,8.039867458886361,8.009572591473972,7.984426052131859,7.963565622157904]}