{"timestamp":"2024-05-12 04:33:09","trueValues":[8.007092782444769,7.895542041809248,7.781679470633962,7.67273266237348,7.576192075555237,7.497564321483312,7.438802947463667,7.398537546705889,7.373410941519959,7.3592922431671965,7.352053752373916,7.348312509941433,7.34610486859132,7.344920779714031],"predValues":[7.9854897387058,7.942904267957033,7.89546363412826,7.858648437122689,7.83624962186888,7.823929515981352,7.816464307385079,7.8109138409374,7.80622453003684,7.802203943629042,7.798904442097581,7.79637625951604,7.794608232756955,7.793533648844301]}