{"timestamp":"2024-05-12 04:33:14","trueValues":[7.547018305086598,7.4952780066634626,7.457463975538731,7.428134718651862,7.401125000178482,7.370607667583087,7.332182322335402,7.28394644856929,7.226936356617537,7.1646873026320606,7.10243373023785,7.046517093199938,7.003813878035316,6.980555236178136],"predValues":[7.349879334617441,7.291992671371119,7.248116264667923,7.237930974013251,7.261584046374112,7.304942696594042,7.352879823806152,7.3964606734203375,7.432565151310788,7.461253857312301,7.483775466968198,7.501570555298659,7.5158893925795,7.527702107744977]}