{"timestamp":"2024-05-12 04:33:19","trueValues":[7.453409102382299,7.42968931704541,7.389270024601897,7.329512208561836,7.250216261574646,7.153280978463975,7.04269691150897,6.924656938563911,6.807112927424693,6.698602810078999,6.6067789104024754,6.536998466422198,6.491394698638531,6.469297819403713],"predValues":[7.299268106800527,7.320399375509826,7.336470026436056,7.357705484335006,7.384336719629653,7.410496179894627,7.431429701774588,7.446040375101953,7.455485709879101,7.461475525129059,7.465452522182003,7.468404106240878,7.470926175681189,7.473343258565602]}