{"timestamp":"2024-05-12 04:33:24","trueValues":[7.096990908233561,6.9934959587948375,6.891637470684389,6.800799913055815,6.730148479344702,6.686767901552971,6.673861731473653,6.689488382294494,6.726763659624777,6.775993051735064,6.827571750598741,6.873714537965605,6.908456316939365,6.92720983949912],"predValues":[7.108458629602692,7.071054976306589,7.043040044784071,7.040542693697427,7.064343810391543,7.103369040845971,7.145312631765636,7.182899413509876,7.21374579257667,7.238130315575084,7.257270029187295,7.272476069312669,7.2848434855975395,7.29519941262914]}