{"timestamp":"2024-05-12 04:33:29","trueValues":[6.533086853401536,6.499624714360369,6.509220219780765,6.561390165716839,6.652618565700979,6.77837318998335,6.933753292713476,7.112271103419936,7.304156759262921,7.4959307838312785,7.671942472422374,7.817215160601316,7.920053611829737,7.97313401712589],"predValues":[6.514466623899461,6.4372393107466,6.390975722393265,6.39693244694396,6.453542128145179,6.540962174037686,6.636318007506768,6.724382192432746,6.7987490870676766,6.858647771144766,6.905850258254334,6.942842736355564,6.971996041090522,6.995284982865101]}