{"timestamp":"2024-05-12 04:33:34","trueValues":[6.66517123674398,6.786463002140033,6.936701687307361,7.112016212009539,7.305596271128104,7.508672962252396,7.712554195920244,7.91019258344898,8.096042708377158,8.26451795698722,8.408909289674112,8.522228322857465,8.599307060099573,8.637957528417756],"predValues":[6.545654275720112,6.529175771958371,6.528367375477952,6.555654577405404,6.608304272033622,6.672845222402679,6.735932042525351,6.790275210168529,6.834038922442103,6.868233442381444,6.89478122000887,6.9155874290780055,6.932220223208605,6.945865020221703]}