{"timestamp":"2024-05-12 04:33:39","trueValues":[7.559878759501069,7.7496734552548,7.922983135422436,8.073436312110296,8.195729702407373,8.284937975003897,8.337709533773584,8.354611837695781,8.341364926440104,8.307486163534705,8.263342373349904,8.218241477879552,8.180763669522447,8.159161157360975],"predValues":[7.129791897761315,7.173901401197482,7.199500047201834,7.212031720933655,7.214420364421914,7.2083481546597294,7.196326529537451,7.18154734614315,7.166724573393995,7.153533211986881,7.142711888855587,7.134375158950981,7.12830799917503,7.124159036801412]}