{"timestamp":"2024-05-12 04:33:44","trueValues":[8.429476023080298,8.493938299979618,8.506898425175006,8.46853367976212,8.383404732886945,8.258376110572769,8.10172101921316,7.924541720647221,7.742220472940986,7.5726443273321085,7.431235675987737,7.32651012464063,7.25957893605082,7.227489994581934],"predValues":[7.91863031307825,7.933220254883183,7.918870851896194,7.881202207217227,7.826978378722401,7.764165321011312,7.700530976065472,7.641797244075734,7.590934845890912,7.54871270836218,7.514597393470073,7.487482954229543,7.466122309829762,7.449347318718388]}