{"timestamp":"2024-05-12 04:33:49","trueValues":[8.30408645964483,8.164142835885556,8.002089575031508,7.830743542142303,7.664968441434458,7.516919855559802,7.391927912093004,7.2884441257817425,7.201929090579957,7.1293987962013805,7.071054976306589,7.028336345394518,7.001340979513589,6.988565577498834],"predValues":[7.996271990890974,7.9249018644022655,7.85184238462421,7.7891356424127665,7.740262938803785,7.702839085562749,7.67361428365428,7.650432188956843,7.632044125927116,7.617623225766616,7.606505282391315,7.598100776355685,7.591884243302735,7.587396134485251]}