{"timestamp":"2024-05-12 04:33:54","trueValues":[7.556922657033461,7.440989591502602,7.343741209245477,7.258739575181129,7.180978824008802,7.108723620985556,7.041848779610557,6.979602383512573,6.920735491359531,6.865337408171134,6.815626406847458,6.774867967960079,6.745980451974232,6.730998471764359],"predValues":[7.275509782095018,7.190866962841969,7.1377496129096905,7.131196325511616,7.164930499337498,7.2200899042291935,7.279265908697451,7.332678018352493,7.37698819229424,7.412319224924778,7.440106907066806,7.4620198604872385,7.479531883799896,7.493810586979622]}