{"timestamp":"2024-05-12 04:33:59","trueValues":[7.211340404397218,7.160439201055024,7.105048294162852,7.0395034596884045,6.959517790897273,6.863548915678368,6.752443105408858,6.628870208073561,6.4976615986594375,6.366391193361146,6.244973975675512,6.143912056446147,6.071993873556773,6.034814280176169],"predValues":[6.935999207643462,6.8647609123743125,6.830516955727637,6.846585746132623,6.904638261558389,6.983651940894024,7.064280021091756,7.135683105385354,7.194401687416391,7.240980899909296,7.277463595189731,7.306108977625139,7.328887073423927,7.347355936233384]}