{"timestamp":"2024-05-12 02:47:04","trueValues":[8.402975821638965,8.410651269135784,8.478948080318524,8.601924547700815,8.766738024714378,8.957689964681737,9.158875568856104,9.355597516777909,9.535495036881002,9.689689190212595,9.813397905598688,9.90534433388855,9.966072278862866,9.996299370144232],"predValues":[8.52710235693866,8.404095058061468,8.316605109727945,8.28603408780523,8.30626831948628,8.355028062876888,8.411699274173527,8.464505119691847,8.509012508885434,8.544779169275763,8.572974837147676,8.595160224035947,8.612782283890738,8.627018460870605]}