{"timestamp":"2024-05-12 02:47:09","trueValues":[9.02504508632638,9.221254061962398,9.403023798014228,9.55606177028719,9.670345085052318,9.741189481395285,9.769125473659315,9.758641170661894,9.7168559898367,9.653043832217705,9.578671356019042,9.506756894172156,9.450085417086768,9.418898296843617],"predValues":[8.818274728955696,8.85596835777708,8.886705763456739,8.911857618573833,8.928154455725558,8.933116997460203,8.928151266260569,8.916916375835658,8.9029465191824,8.888670208101416,8.875427283676974,8.8637931785509,8.853893079224022,8.84561774652046]}