{"timestamp":"2024-05-12 02:47:14","trueValues":[9.81788654599367,9.864756265589351,9.86819663515784,9.83158955074282,9.760155634954328,9.66139013051728,9.54496721632181,9.421627415719485,9.301636553355952,9.193501463935252,9.103199204847389,9.034085624838632,8.987583756871718,8.9642166732049],"predValues":[9.85762196398572,9.851024024077798,9.811746825889212,9.748716087192602,9.672732931174329,9.592694370422125,9.515173892278993,9.444478337635529,9.382706906032205,9.33026093848018,9.286519020884032,9.250386635174925,9.22063743206446,9.196103004211547]}