{"timestamp":"2024-05-12 02:47:19","trueValues":[9.714193849725609,9.61517106177942,9.506908925336646,9.39682773069496,9.290155542549364,9.189411506663935,9.09468971225586,9.00484673612646,8.919134117158238,8.838387229389653,8.765319510160374,8.704118461212644,8.659607616765317,8.636081325637782],"predValues":[9.849336265520945,9.783859738755016,9.703351795071882,9.62216236903603,9.549328809694718,9.486148697721106,9.431414820616736,9.38415173367237,9.343691775550242,9.309391205900006,9.280526547746582,9.25633605053502,9.23606912683783,9.219037915372311]}