{"timestamp":"2024-05-12 02:47:24","trueValues":[9.105385051520075,9.009946690644394,8.930044479520484,8.867772567702584,8.826167591649288,8.808969996426828,8.81963344104115,8.85990123389767,8.928126282118152,9.017799153448122,9.117240824462908,9.21126146815083,9.284401747708618,9.324346607234968],"predValues":[9.202774301814229,9.14056803981736,9.094503660131483,9.0764167357545,9.081714968679272,9.097578835958693,9.11404870158609,9.126872477153182,9.135411206507111,9.14045162434525,9.143048912001555,9.144098245983049,9.144245492950056,9.143913257013669]}