{"timestamp":"2024-05-12 02:47:34","trueValues":[9.147817693738103,9.24510700746259,9.318414202354816,9.35420159426758,9.344638515074577,9.289199766207563,9.195279059089303,9.077131175912108,8.952410868546899,8.837137756480084,8.741718266605591,8.670334584890679,8.623333831441684,8.600031866018398],"predValues":[8.981035785248626,9.014725572353406,9.046149776160766,9.079338817262222,9.109473945636395,9.130166131332162,9.139668610690368,9.140295340560773,9.13545426428447,9.12795423736206,9.119632391627404,9.111517329539558,9.10410129186187,9.097558104436263]}