{"timestamp":"2024-05-12 02:47:44","trueValues":[8.838709896931075,8.767918126760431,8.70914691855707,8.658445588354207,8.61283491006306,8.570606127815601,8.530893036078474,8.493071828657518,8.456550062430964,8.421294513805172,8.388569805648414,8.360873023258582,8.34089953034041,8.330513569180159],"predValues":[8.862952488737463,8.829999733833965,8.8122809268745,8.821514693807355,8.85156556714806,8.888274980231488,8.921391195215687,8.947137619764543,8.965622695687696,8.978339624177647,8.986915563956455,8.992681585079662,8.996605158594033,8.999344909019868]}