{"timestamp":"2024-05-12 02:47:49","trueValues":[8.539752306663834,8.500227393361076,8.466624253388508,8.439365756645959,8.41917644326351,8.407623669494663,8.40683560585355,8.418256548402837,8.441436251001532,8.473722673511007,8.510694951667304,8.546737766567961,8.575685085022359,8.591905640803088],"predValues":[8.78691245392688,8.786087711438388,8.792359262762405,8.812892772574953,8.842534862819527,8.871542515319971,8.893995019901098,8.908944308094831,8.917904312616102,8.922846920194566,8.925386797481067,8.926629094094412,8.927257418697309,8.927660088652212]}