{"timestamp":"2024-05-12 02:47:54","trueValues":[8.332781278787571,8.323304315149281,8.333451332224081,8.365806062442077,8.42057794733757,8.495597619140318,8.58636341380663,8.686104097164165,8.786274295140263,8.877813003488992,8.95308065619466,9.007793801776598,9.041758946025457,9.05752075042522],"predValues":[8.61288647308039,8.586256832518238,8.57413075241756,8.587163703730203,8.620043898305191,8.659451332980842,8.695182909256289,8.72331983781465,8.743958334183095,8.758667880925131,8.769152449711301,8.77679174993824,8.782570528921406,8.787150334857333]}