{"timestamp":"2024-05-12 02:47:59","trueValues":[8.490645177378138,8.569741251225995,8.655439517601764,8.740088184207295,8.816056721844367,8.877695259073136,8.923231250725781,8.955377602564475,8.979762657140386,9.001751360354316,9.02367840057845,9.044303607509445,9.060469410807857,9.069294660433329],"predValues":[8.531288795525901,8.524721155535374,8.526945541576683,8.54671995872177,8.579375296015012,8.61392039131443,8.642652686670797,8.663433645808768,8.677312602709831,8.686221841580021,8.691901747148517,8.69562225805857,8.698213166784901,8.7001858508808]}