{"timestamp":"2024-05-12 02:44:04","trueValues":[8.708980003222628,8.706623520173011,8.70610416895725,8.70786422205386,8.71488822132661,8.731357821165254,8.760632857147307,8.803522921802553,8.85769306097006,8.918151230364026,8.978257761242922,9.030934433429174,9.06988843249884,9.09054766038972],"predValues":[9.070918098112896,9.109633950463358,9.142572086985654,9.1743593582243,9.201454394886143,9.218681226871006,9.225007530677338,9.223002420354048,9.21608925498968,9.20700300081258,9.197484042551928,9.188473272379577,9.180391699674116,9.173354145175162]}