{"timestamp":"2024-05-12 02:44:09","trueValues":[8.68764806400775,8.704314081731988,8.736980582152693,8.785556133940167,8.847561991220207,8.918923612468943,8.994868494907344,9.070750651200957,9.14252265027832,9.206761664628386,9.260607275733229,9.301946994614912,9.329667697992164,9.343497218185894],"predValues":[8.895217648147009,8.841515562966688,8.802542692895834,8.792852832469503,8.809196448441071,8.83808901441315,8.867924333078328,8.893176390553839,8.912671729512361,8.927148711098923,8.937829166193188,8.945831533851413,8.952016969620718,8.956987219229088]}