{"timestamp":"2024-05-12 02:44:14","trueValues":[8.922049022369736,8.99392228696051,9.064279758315106,9.129222049695322,9.185704285191342,9.231508191903089,9.265447820432032,9.287612475797877,9.299162591679227,9.30182526336782,9.297795905931302,9.290065705952166,9.282236100980862,9.277460940314338],"predValues":[8.938373501551368,8.93259498835695,8.92833864732869,8.934377633497236,8.948193332676011,8.962078136929556,8.971130901724266,8.974708418287296,8.974237440623872,8.971433369320753,8.967609732376047,8.963587817024504,8.95981149047714,8.956473183788308]}