{"timestamp":"2024-05-12 02:44:19","trueValues":[9.22291577322184,9.260348929069092,9.28801753785152,9.307149543590008,9.319298747311858,9.326173107518857,9.329905844711368,9.332835899881564,9.33645647422195,9.340626699695498,9.34408089027894,9.345785659315736,9.345855295968004,9.345374749909611],"predValues":[9.341493171017598,9.342058237898208,9.330276885805128,9.312394618764955,9.29021029503168,9.263782388130103,9.234507883725552,9.204859148762251,9.176991198417994,9.152151113503605,9.130772129680135,9.112767068237876,9.097786151183,9.085379132374513]}