{"timestamp":"2024-05-12 02:44:34","trueValues":[8.823831840122104,8.703780377923774,8.603015078938418,8.525659921397235,8.470024223067131,8.429596425383647,8.395626762726053,8.359802691965914,8.316154597798203,8.262426731109217,8.201087737800696,8.139476311024337,8.088456300111291,8.059286782262637],"predValues":[9.142059114699869,9.079113428402977,9.032294740247124,9.013739496094203,9.019133412968658,9.035804746467878,9.053706681875482,9.06836971558642,9.078947044646032,9.086079751517168,9.0907326493591,9.093752541126497,9.095761904069771,9.097174837060043]}