{"timestamp":"2024-05-12 02:44:39","trueValues":[8.630654185169693,8.626196907847106,8.601558025015793,8.54223078674929,8.437583111505674,8.283012601305341,8.081509379575785,7.843925600943198,7.587526105183566,7.332984738568967,7.100928036974139,6.909434685324841,6.772955086332729,6.701895932680481],"predValues":[8.596548172883804,8.614460474052624,8.644466429094727,8.693863268116957,8.754395326783175,8.811879320074594,8.85762714536028,8.8901990249863,8.911880210617507,8.925751991222345,8.934441422797022,8.939849160686428,8.943247535632558,8.945444013855209]}