{"timestamp":"2024-05-12 02:44:44","trueValues":[8.396080198332035,8.235727188106049,8.035323268642815,7.805799799615761,7.560373658151914,7.31162010733795,7.069780785043352,6.842776461780369,6.637141288157138,6.458644474761857,6.312044969147354,6.2005683835728345,6.125885599009585,6.08854201397078],"predValues":[8.606246006972608,8.584767352368221,8.579089573109718,8.598905187510919,8.637752073714694,8.681753135341223,8.720787136824374,8.75125556428993,8.77356135348155,8.78949990739947,8.80092669730124,8.809316850744418,8.815717575400502,8.820831350933393]}