{"timestamp":"2024-05-12 02:44:49","trueValues":[6.977650962516602,6.72213308803777,6.521013399473182,6.39280036215591,6.353223487152702,6.412922032301712,6.5745844508001925,6.830511639952654,7.160836821023694,7.532995024894768,7.9044975279217855,8.230043029917567,8.470169343724146,8.597179155374192],"predValues":[7.721062891145525,7.637627815968434,7.601783279474614,7.634707329193207,7.727022672266835,7.849754613999945,7.974922509618656,8.086163340572714,8.177834943295995,8.250416269114401,8.306833652155639,8.350495833127052,8.384464698418398,8.411219525481382]}