{"timestamp":"2024-05-12 02:44:54","trueValues":[6.268841938240028,6.359871794028583,6.54552962079678,6.815156226550281,7.147723867297568,7.514022492405747,7.882733947778352,8.22754939987341,8.531078822414104,8.78449457367622,8.985036437500241,9.133306159614156,9.23100585116727,9.279525055739931],"predValues":[6.916705070768016,6.899379631157235,6.933516474938019,7.032144035014278,7.180242057596267,7.347359125698373,7.506697620269004,7.643819630667718,7.75492464357098,7.842041424500753,7.909337275254343,7.961174054993405,8.001337392871527,8.032843193824863]}