{"timestamp":"2024-05-12 02:44:59","trueValues":[7.737742995673466,8.110922359918623,8.43249139643896,8.677331739499767,8.830468850976146,8.885982020692909,8.845864398479636,8.719341511817959,8.522864089545338,8.280510466021212,8.02345659836127,7.787128139990733,7.60606460464529,7.507859382891367],"predValues":[7.537214155498152,7.768426446237055,7.966533950907972,8.121017016609848,8.22634484526244,8.286881156548645,8.31445727084638,8.321727922078304,8.31830722087725,8.310253821779195,8.300934736657876,8.292013537293975,8.284183932322671,8.277631973868342]}