{"timestamp":"2024-05-12 03:05:04","trueValues":[10.72241403276978,10.78392605455397,10.81411008805798,10.811584031786431,10.783586376532607,10.74491039249451,10.71272975390718,10.70006917263204,10.711769193367894,10.744726466680124,10.790783404281026,10.839517366162973,10.880093208179712,10.903154103207552],"predValues":[10.716518838314505,10.734149137620514,10.719506835432004,10.682830645942218,10.633827705846173,10.57857394594854,10.521611695971629,10.46667103522045,10.416218483286755,10.37141500542666,10.332461537934492,10.298997139688955,10.270391891354668,10.2459329475065]}