{"timestamp":"2024-05-12 03:05:09","trueValues":[10.73781170658326,10.700452440008258,10.682193284521851,10.688433472773472,10.716828747995963,10.760158161453491,10.809059570247378,10.85379819565269,10.886025613059862,10.900980482817326,10.899154514110936,10.886221233579208,10.870766680973416,10.86076505034438],"predValues":[11.042402423599151,10.981665973384867,10.87645615493688,10.763499126029814,10.66699814173519,10.589522847679408,10.526841355399132,10.475192222516938,10.432124345188535,10.395996212099416,10.365592105511142,10.33992169654453,10.318149876949876,10.29956752234455]}