{"timestamp":"2024-05-12 03:05:14","trueValues":[10.79304792442345,10.854646061762352,10.911112881510924,10.952214453673406,10.970936613160765,10.96531039691959,10.93856939087156,10.897207877312448,10.84785888026506,10.795183271233803,10.742392841462934,10.693512695768977,10.654695312116353,10.632921366211704],"predValues":[10.71874295856706,10.725885233833164,10.710522112557069,10.682410699718623,10.647985209356303,10.609283709598293,10.567993427423945,10.526506461575252,10.486964006215054,10.450708294526358,10.41831555651724,10.389819281570082,10.364947833583296,10.343287645263269]}