{"timestamp":"2024-05-12 03:05:19","trueValues":[11.084570340223069,11.073777722276676,11.037092495969418,10.976179562025724,10.890906557648533,10.78054894270777,10.646894412329951,10.49650210126564,10.340374600573016,10.191556822058434,10.06216394848386,9.961020697897268,9.89275817346316,9.858680866362178],"predValues":[11.38307236857433,11.390713795111264,11.344132190519618,11.261613289160712,11.164134733846858,11.064285874468435,10.968748640178084,10.881409925642808,10.804203078223626,10.737548044144145,10.680859025001316,10.63302768171135,10.592756433601089,10.558774278872288]}