{"timestamp":"2024-05-12 03:05:24","trueValues":[10.68964387473692,10.56143429267339,10.429622209904409,10.30789681016418,10.210989169083415,10.151093142893815,10.134873650268087,10.161976129014906,10.225441698105062,10.313431595075665,10.411184444378598,10.502866147074348,10.573683432964906,10.612197817443542],"predValues":[11.062746957611084,11.067408892270484,11.041214879468123,10.994444564864612,10.93761308295226,10.876573101986487,10.815039817102369,10.756112325114527,10.701961588525707,10.653663520192303,10.61142118271864,10.574891177040865,10.543451025908556,10.516386820741609]}