{"timestamp":"2024-05-12 03:05:29","trueValues":[10.158762211460658,10.133129544496422,10.147400805591172,10.194947754919587,10.2647922539884,10.343652839004548,10.417841389388826,10.47536551678136,10.508127169574244,10.513581154705996,10.49539642006934,10.462987203157777,10.42961210993194,10.408645630247094],"predValues":[10.256905238647288,10.178723478096371,10.119036361863577,10.09920107909494,10.114320737876852,10.1455397527699,10.177942590751485,10.204815428019073,10.224724068482464,10.23847332047396,10.247480901181325,10.25308532274507,10.256354524359132,10.25807098810089]}