{"timestamp":"2024-05-12 03:05:34","trueValues":[10.50438645871926,10.598495875849387,10.660340665147466,10.675228556140151,10.634328451849498,10.5362651612876,10.387783871329392,10.20310959582728,10.001501387541824,9.803314943612424,9.626212989572476,9.483322831740562,9.383487793377093,9.33221873840613],"predValues":[10.31990886689149,10.344816993725653,10.362872023452743,10.381619698660018,10.398412231828832,10.407541543783289,10.407329975938994,10.399750212391854,10.387734966199556,10.373724178078934,10.359337564667069,10.345506981318344,10.332681079441258,10.321018269130278]}