{"timestamp":"2024-05-12 03:05:39","trueValues":[10.509292919027844,10.383695508790572,10.231291176895487,10.070808461759936,9.920723934067096,9.795194565749592,9.702036140763784,9.642962996541431,9.614754305020814,9.610429390495284,9.620854688390404,9.63698966019392,9.65168830959724,9.660229696838664],"predValues":[10.961209276520812,10.966142315704309,10.937344636315656,10.888442695944274,10.831622377159388,10.772703921989017,10.714875200690004,10.660593696036615,10.611472214158471,10.5681853269008,10.53069741857123,10.498545485168805,10.471071433750726,10.44756986097686]}