{"timestamp":"2024-05-12 03:05:44","trueValues":[9.724201859284625,9.624412536586,9.56615749013341,9.548994447448337,9.568475699603155,9.617336176929676,9.687237554790798,9.770032344871282,9.85775964255776,9.942269833225003,10.01583431162637,10.072665793538722,10.110093102033495,10.128268799852684],"predValues":[9.9552419189141,9.87300900624924,9.816039845764848,9.807401179841252,9.84007246445944,9.891223509225796,9.94262386383882,9.985924572111443,10.01933474945216,10.043928713984872,10.061580276390814,10.074094142276444,10.082935339226864,10.0892010431984]}