{"timestamp":"2024-05-12 03:05:49","trueValues":[9.727224940517008,9.792047095382625,9.854273025746927,9.902599267687735,9.926670691539696,9.918413698259824,9.874320939514847,9.79734958092738,9.697197190797477,9.588340219134192,9.486145508256117,9.402787777605017,9.345260460747491,9.316228355682131],"predValues":[9.93129647892922,9.998797252808371,10.055862097242445,10.108199091407334,10.151267500313237,10.179128540150018,10.191384059371511,10.191819952920053,10.18495569268552,10.174349658441006,10.162323249121243,10.150226671571716,10.138754166005103,10.128201289510413]}