{"timestamp":"2024-05-12 03:05:59","trueValues":[9.615314056126442,9.492400580677687,9.368443087022428,9.244275088677874,9.121482281321216,9.004339079615658,8.89934747373069,8.813109921982978,8.750213672393418,8.71210833679966,8.69665059472888,8.697927443879607,8.707024063817922,8.714596651068835],"predValues":[9.585734957815408,9.477110817096346,9.402001574485148,9.3860856126109,9.421537579122283,9.482439881516015,9.546911195232806,9.60387344520972,9.650064871917673,9.686000573952438,9.713487383230472,9.734473531282756,9.750634550383683,9.763279715911374]}