{"timestamp":"2024-05-12 02:07:04","trueValues":[8.740859768945963,8.667296619488344,8.591550812823025,8.493431972412562,8.356493090461987,8.168609415814363,7.922410360668103,7.617269726730299,7.262776108913873,6.881300680442724,6.506897491902286,6.179719648303841,5.937774940770221,5.809451734016443],"predValues":[8.748723129088404,8.763147484502642,8.8065723161211,8.892565608008383,9.005929559490337,9.120230416312904,9.217996555053295,9.294125894883582,9.350506067499945,9.39126796164106,9.420496750380767,9.441508414152963,9.456770004126902,9.468040510244194]}