{"timestamp":"2024-05-12 02:07:14","trueValues":[6.773451579716068,6.438822215641929,6.153108878742876,5.936289447451441,5.797292563216501,5.735291091450821,5.74238539184771,5.805910231828917,5.910458502080367,6.039818949427549,6.1777711509841104,6.307152196959349,6.409168829375519,6.465888015541371],"predValues":[7.804920836222451,7.695029414747629,7.642989838192994,7.675174197822811,7.7814333502522866,7.927870458941083,8.080543237472767,8.218550590194768,8.333847091671506,8.426154726871411,8.498564087369143,8.555023996610238,8.599223070854855,8.634214159675281]}