{"timestamp":"2024-05-12 02:07:19","trueValues":[5.361198344169345,5.30159515073408,5.329480244452657,5.446067615436638,5.652048978905585,5.946316460906017,6.322387075164,6.764620216949366,7.247388003495359,7.73767628269744,8.198524471104273,8.591519715539379,8.87967219578902,9.032508965978906],"predValues":[6.330378545483512,6.348315565005999,6.462927660453777,6.660549170396944,6.9022078892365215,7.147601604472976,7.369695746384888,7.556639326226908,7.707228320965564,7.825619135059449,7.917711481372573,7.989289454663086,8.045287423058227,8.08964304687607]}