{"timestamp":"2024-05-12 02:07:24","trueValues":[5.643641150510591,5.925207119768521,6.28760210551851,6.721177577484717,7.211129368130424,7.739452017330249,8.285276324081515,8.824933002909669,9.333693334386195,9.788769920106088,10.17168858148491,10.46899881308516,10.67171163941192,10.774364038515962],"predValues":[6.122251602337369,6.146090992611357,6.2451202923818965,6.4102071331239205,6.613460839555119,6.823372022574043,7.0166900139859845,7.18189393467199,7.316639527864906,7.4236511282431135,7.507583228381041,7.573273183512504,7.624982118863246,7.666176185510417]}