{"timestamp":"2024-05-12 02:07:29","trueValues":[7.724945533192535,8.221220703968335,8.70041336605004,9.141370721839674,9.527214654191209,9.847849974835915,10.10055234909542,10.288931188182636,10.421092517367947,10.50764449720586,10.559882086378582,10.58835337718332,10.601890529753028,10.60693573178865],"predValues":[7.369646309677554,7.438821818464855,7.515848726900886,7.605371693376358,7.6979055148017554,7.781476673818391,7.85001615012907,7.90328553122584,7.943824960183953,7.974735394339282,7.998719639481534,8.017847658388785,8.033609994366048,8.047045084056096]}