{"timestamp":"2024-05-12 02:07:34","trueValues":[9.87174491495847,10.119484481694576,10.298537325152996,10.416522545615738,10.484000461662468,10.512831630433505,10.51490690898656,10.501307030272065,10.481689162700205,10.463596390970736,10.451645465655725,10.446951636346428,10.447385403584976,10.449103462059227],"predValues":[10.340105090781416,10.31347731074051,10.212011392612496,10.06554159190756,9.901090119170284,9.737153745028788,9.58481373401099,9.449892454454917,9.334398206148837,9.237800474749536,9.15815368661352,9.092951985414174,9.039649114935017,8.995930055171293]}