{"timestamp":"2024-05-12 02:07:39","trueValues":[10.718797711049378,10.750272414719069,10.747084012884738,10.710193597663164,10.63865815057251,10.529988294188602,10.381027521327,10.18985471090913,9.959026219123942,9.699584505341988,9.433573025259516,9.192087467789984,9.00835248972723,8.909212754731433],"predValues":[10.662445712040425,10.540310997626564,10.34614168485122,10.136455624902794,9.9480395753907,9.788986272147865,9.656673974953058,9.54713126831707,9.456807214551777,9.382572948502652,9.321636093571538,9.271534382786667,9.230157985057604,9.195739936780264]}