{"timestamp":"2024-05-12 02:07:49","trueValues":[9.66209500227992,9.38366799814899,9.123972721900383,8.904549225339537,8.73840122301669,8.629816419032494,8.57653082482203,8.572177736689094,8.60792791817698,8.672923367307018,8.753954914825899,8.835615318525178,8.901881503664711,8.939035847114152],"predValues":[10.628253584199822,10.618256206190772,10.53507283295909,10.418507455994096,10.30067586142834,10.19267579269219,10.09669043857084,10.012873956538776,9.940747395270098,9.879379962565425,9.827537867051378,9.783860801910013,9.747016102353289,9.715788582220272]}