{"timestamp":"2024-05-12 02:07:54","trueValues":[8.549524561602388,8.47827988740326,8.461693074726256,8.49473035045197,8.570568385813228,8.67984716422135,8.810251363986291,8.947402876936156,9.07700784993252,9.187580753760065,9.272780932019998,9.332007702139336,9.368419697612506,9.3856374927799],"predValues":[8.765264226100559,8.71547694340589,8.701464826341521,8.738469530725212,8.812093545806377,8.895956806658287,8.97159337414772,9.03211028285524,9.077534111655758,9.110502016517955,9.134045052336685,9.150776985670705,9.16270824261828,9.171301192877031]}