{"timestamp":"2024-05-12 02:07:59","trueValues":[8.486822072010929,8.585684589341401,8.708060639939454,8.848054231983559,9.002579558096544,9.17261631560763,9.362444766532498,9.576086826222689,9.812343255842215,10.061409640013885,10.304936455076586,10.519102118602524,10.679274924056614,10.765120968976888],"predValues":[8.666340045780293,8.69181137897382,8.733129834755577,8.795132768359375,8.865611439383565,8.929402599691382,8.979075327435186,9.014392273262022,9.038202692562356,9.053777381682746,9.06381569115916,9.07027116829756,9.074466909491022,9.07726779132915]}