{"timestamp":"2024-05-12 00:13:04","trueValues":[7.9256450097447795,7.962691708750828,8.027553200351313,8.11043915597274,8.197453342445357,8.274818865747754,8.332570242520779,8.366881709509729,8.380012736870794,8.377910879442826,8.367175671866246,8.353372996336176,8.34099840375508,8.333698515760753],"predValues":[7.860677468433399,7.759481060096985,7.69768916275998,7.696313971772081,7.747892139058259,7.827860797369448,7.913080909785567,7.9902287521024435,8.054552021485978,8.1060432758512,8.146592273204279,8.178495694126285,8.203834664522756,8.224295879795546]}