{"timestamp":"2024-05-12 00:13:09","trueValues":[8.266366251948536,8.32247080163207,8.355800976559303,8.369000843206388,8.36841504480335,8.36100830973188,8.352618156288703,8.34784884297466,8.350214362841744,8.361476097930314,8.380708040238467,8.404067681820312,8.42550912599982,8.438458088067746],"predValues":[8.585862136225808,8.677657862294925,8.749960641504263,8.80027790696466,8.825919344957619,8.828680890060879,8.815038750935273,8.792509167616902,8.76691663475378,8.741808368991538,8.718947347103029,8.698976777861096,8.681918721731918,8.667508453121384]}