{"timestamp":"2024-05-12 00:13:14","trueValues":[8.233766730292608,8.209662348635757,8.201541704984177,8.218136757112402,8.266178870880413,8.348725148480478,8.464034673605921,8.605281459602084,8.761216263451605,8.918079467401768,9.06223159021446,9.181971016421333,9.26788776114887,9.312872506935856],"predValues":[8.526881752276896,8.495182457114208,8.475632631462117,8.47785223330594,8.496755394931444,8.521077191785068,8.542891006002083,8.55943130564799,8.570913645398324,8.57854789563903,8.583575555617209,8.58696143849213,8.589369484559073,8.591224690027866]}