{"timestamp":"2024-05-12 00:13:19","trueValues":[8.344963174525564,8.43918608345156,8.554390356232357,8.68076785644827,8.807012993867126,8.923026327600216,9.021695616510083,9.099067784531211,9.153982397984976,9.188181436333052,9.20621679769271,9.214085207821384,9.217005694596612,9.217961470938414],"predValues":[8.312523126119103,8.27074086897015,8.251832391569664,8.26666074588255,8.307514337142111,8.357841968363724,8.404928040001181,8.443425148211126,8.472845304850193,8.49468224268838,8.510807646096929,8.522856913249113,8.532073669702026,8.539345384088946]}