{"timestamp":"2024-05-12 00:13:24","trueValues":[8.973495358436356,9.082990223097504,9.167469050692354,9.223416519225164,9.250087888620923,9.249693458117244,9.226389100595217,9.184481656945431,9.127453491358738,9.058823115295862,8.984156676740685,8.91240248550951,8.855045273451418,8.82302889231104],"predValues":[8.955893232737749,8.988310954889284,9.008460399959368,9.016237378758348,9.010514415412496,8.992527959182675,8.966471624952355,8.937221041535222,8.908446751556497,8.882219780949248,8.859377364273174,8.840014122322959,8.823841142728323,8.810421202996974]}