{"timestamp":"2024-05-12 00:13:29","trueValues":[9.26202339818849,9.256095245928323,9.23445791544072,9.199096848681531,9.151277731674028,9.093548415367176,9.03117204857088,8.971498221775537,8.921241821938686,8.883441080251412,8.856637082269842,8.837265600868406,8.823240194366583,8.815357697434205],"predValues":[9.191109896770756,9.125346849733289,9.062597315533235,9.014310941904792,8.981668894049008,8.959345297011199,8.942390632705425,8.928256784393966,8.916000467806223,8.905348186319364,8.896208508603692,8.888484155977038,8.8820398419661,8.876710511757679]}