{"timestamp":"2024-05-12 00:13:34","trueValues":[9.103228973187289,9.041251289514657,8.980829533179316,8.928332268398712,8.886508016627399,8.85372696125583,8.826440290905875,8.802832668421113,8.784291776860648,8.773426332797001,8.770865723988068,8.774094525712265,8.779039525389472,8.78233636903344],"predValues":[9.47230057231494,9.482933185434366,9.476936991254426,9.456120948001574,9.422588507836268,9.379735387817146,9.33232292759578,9.28496894089922,9.240856513786811,9.201585694528204,9.16759822402442,9.138659676598744,9.11421242745554,9.093593599454527]}