{"timestamp":"2024-05-12 00:13:39","trueValues":[8.798784174194658,8.761221845015335,8.731775906867606,8.714305878177308,8.713955568605979,8.73365450174632,8.772560658841147,8.827191675699613,8.893194464188777,8.965809279389571,9.039090426984384,9.105317009600302,9.155829098213797,9.18318194996228],"predValues":[9.058621115846538,9.093879056571073,9.123660154331429,9.14908869553635,9.165564940093724,9.169548581865396,9.162237264954856,9.147621010063762,9.129655285356373,9.111098978048457,9.09351811544978,9.077627669295444,9.063637612697256,9.051482030045424]}