{"timestamp":"2024-05-12 00:13:44","trueValues":[8.757374818660708,8.785366360773303,8.82320484446295,8.866429802942077,8.91090263959828,8.952233321662494,8.985348473491698,9.005411803007068,9.009937653826926,9.00044633759618,8.982107445485042,8.96161088030862,8.944840141817231,8.935607172250624],"predValues":[8.938320343801545,8.970474403513963,8.999108357033158,9.026997038899848,9.049520509076988,9.06191158056053,9.063960811816171,9.058630152664009,9.049308941232695,9.038522170638789,9.027794936724678,9.017903342637773,9.00915304543955,9.001584976597371]}