{"timestamp":"2024-05-12 00:13:49","trueValues":[8.93436460984853,8.971049038789541,8.997908586619673,9.012829435417247,9.017383991422012,9.016342099525495,9.01542140729858,9.018860182134572,9.028109630603623,9.041933835022371,9.057531913552683,9.071900984907106,9.082703171248465,9.0884612187092],"predValues":[8.959699327625014,8.955002840428229,8.952794667500616,8.957824985366285,8.966213809865717,8.971908068026666,8.972309940615322,8.968159915086707,8.961326486347069,8.953472960388346,8.945690665814386,8.938566464183221,8.93233797063656,8.92704239559928]}