{"timestamp":"2024-05-12 00:13:54","trueValues":[8.999431556152077,8.995426651280477,8.99716809916465,9.006861946422216,9.024044125897229,9.046608527541732,9.072049826606609,9.098190681659146,9.123227450247878,9.145525531565772,9.163660829495097,9.176763151671256,9.18482292969929,9.18851420384694],"predValues":[9.168455126951551,9.125308576153415,9.08544876902678,9.057464934787909,9.040433191744892,9.028833639156204,9.018692735222633,9.008712899271025,8.998978120546095,8.989901434763963,8.98180285157856,8.974821644294417,8.968950370826562,8.964094410380309]}