{"timestamp":"2024-05-12 00:13:59","trueValues":[9.099039079346309,9.125914042923888,9.147093685185524,9.158938295000896,9.158329638765432,9.143038812029094,9.11243695861148,9.068174626644574,9.014342304977188,8.956915987844326,8.90258159122987,8.857300490987623,8.825268162522297,8.808788196922436],"predValues":[9.251315301064318,9.2743645013872,9.285920996198534,9.287792148992274,9.278902046912018,9.259282053030162,9.231982359031502,9.2013480793865,9.170953009615696,9.14292877548696,9.118208295509673,9.09696114290576,9.078953955153509,9.063778480734284]}