{"timestamp":"2024-05-12 04:18:04","trueValues":[6.880090012690524,6.933294807121261,6.993457419426216,7.052637942303209,7.102755068835526,7.134829126134461,7.139459431932719,7.108968678212236,7.040618443490924,6.939516921737942,6.819575761870494,6.701376448570343,6.607184238244869,6.555139877492751],"predValues":[7.081228040678801,7.121351776033304,7.1754246365186365,7.247024670275325,7.327833752611202,7.404671951035365,7.468800397265802,7.518118562818292,7.554482716316624,7.580937202093112,7.600312138748286,7.614801878194806,7.625973776686177,7.634899228670064]}