{"timestamp":"2024-05-12 04:18:09","trueValues":[7.205413581080798,7.238105863010166,7.233810716824536,7.185687803276798,7.09392476922382,6.967013565199693,6.820121691961168,6.670808616112618,6.534096451965033,6.419492595968478,6.330949193927854,6.268479402386241,6.229769796071382,6.211601806125919],"predValues":[7.136875965291363,7.159819647480847,7.190497250691956,7.235564922568667,7.291069321256709,7.347056658101885,7.395641512495579,7.434013434204693,7.462879421301862,7.484252026195353,7.500194035367015,7.512364236400044,7.5219682470604114,7.529836657189085]}