{"timestamp":"2024-05-12 04:18:19","trueValues":[6.431427573958545,6.436813118487401,6.470505164796548,6.521702323910876,6.578075586019762,6.62852561296034,6.665850194103584,6.6881045531722485,6.698018340619704,6.70079609883666,6.701371132795361,6.702420998354349,6.704113939791809,6.705386935005675],"predValues":[6.578007942783113,6.540176502495315,6.540398436100823,6.59014771100437,6.680147502495746,6.7882193341941575,6.893828898920806,6.985517777912781,7.059930654001309,7.118186497820145,7.16306492810749,7.197537197289651,7.224184379909245,7.24505623879941]}