{"timestamp":"2024-05-12 04:18:24","trueValues":[6.573134041596296,6.603686458306572,6.624568151380456,6.640776215089977,6.659670871475508,6.687908135286656,6.729065124403327,6.782952730130528,6.846452320180569,6.914561484506439,6.980884282649534,7.038283223541237,7.080275188013239,7.102348677838135],"predValues":[6.826802557958814,6.892598297012423,6.959804045380064,7.029091185441992,7.095056231928785,7.150635317255327,7.192587147626213,7.222002785856544,7.241925247334887,7.255436086818431,7.264911987301726,7.271965223336878,7.277609247424245,7.282452981588038]}