{"timestamp":"2024-05-12 04:18:29","trueValues":[6.631216458256336,6.657541637806382,6.700084582355291,6.758540565102207,6.830997767574778,6.91413356462037,7.003467289506475,7.094247702553989,7.18219294701474,7.263368286246892,7.333873004568495,7.390112840725326,7.429262460314339,7.44936778445207],"predValues":[6.681873933315595,6.635142822552575,6.614453161849923,6.633980794141463,6.69014700681479,6.766431035697057,6.845411757227801,6.916283529811927,6.975050751184051,7.021793423757659,7.058288876898052,7.086682823176801,7.108925886223629,7.126602698560736]}