{"timestamp":"2024-05-12 04:18:34","trueValues":[6.834806520349535,6.903957842360667,6.979583512511386,7.061302921312967,7.149441394194321,7.244304588216925,7.345889313915791,7.453642996481516,7.565762525040133,7.678439412605636,7.785576199484675,7.878970644879693,7.949087843205094,7.986946792628425],"predValues":[6.979266692322446,7.019296604248513,7.056451479275449,7.095358433736523,7.1339350127824535,7.166853480937314,7.19103972552889,7.206923261175747,7.216670266183135,7.222550310679711,7.226277200519743,7.228955287955781,7.231216618633216,7.23339130217844]}