{"timestamp":"2024-05-12 04:18:39","trueValues":[7.128153044334298,7.201937595819928,7.289704230241276,7.395253195133128,7.520817115988013,7.666167946059194,7.827976415475311,7.999570695056187,8.17167369430286,8.334126435646823,8.477518668425805,8.593795398809265,8.676106984943864,8.71891412350939],"predValues":[7.356962073203743,7.390812928290485,7.4161122961633374,7.434818774114499,7.445752260097917,7.447781557197377,7.442324914178134,7.432497640968514,7.42127603998106,7.410639705819147,7.401581625249454,7.39441835267217,7.389087161942508,7.385353627383751]}