{"timestamp":"2024-05-12 04:18:44","trueValues":[7.613277313929907,7.754706962585458,7.907487385560532,8.065376002504763,8.221827499682554,8.371385765652159,8.509910077491181,8.633904781571315,8.739976287143918,8.825149354951446,8.887944339027595,8.929392765507664,8.952997730104936,8.963238570608173],"predValues":[7.4239092091185,7.406983781575129,7.395543170658408,7.394997506356484,7.402925453164958,7.41327500126658,7.421747549221982,7.427153160801396,7.430075242309119,7.431531498865497,7.432363949227712,7.433110018246466,7.4340463920095825,7.4352815123267]}