{"timestamp":"2024-05-12 04:18:49","trueValues":[8.455410360274778,8.59206378510881,8.702862875161845,8.781733028572958,8.823786921823503,8.826947681627928,8.793547604259679,8.730859201471922,8.650066066460994,8.56405523251627,8.48481270906765,8.421202285109231,8.37796084772766,8.356416543302243],"predValues":[8.239503780442163,8.241465832988098,8.225721304857027,8.19351568212728,8.148006269349548,8.094743798760254,8.040115439789282,7.989157357654778,7.944627907995017,7.907368843778428,7.877048992223623,7.852799224121009,7.833587215969039,7.818423702043523]}