{"timestamp":"2024-05-12 04:18:54","trueValues":[8.683670801166057,8.647597952136751,8.600033992328392,8.557100869895788,8.535600952191473,8.549512866897427,8.60676828186461,8.707235365873466,8.842541507538254,8.997524256088457,9.152760301316563,9.28810046394124,9.386806963275989,9.438375827955946],"predValues":[8.784011369730337,8.753393568987777,8.700980293451892,8.633217717654865,8.55773716816116,8.481275326605736,8.409113149644678,8.344646885914122,8.289323223575476,8.243128075825037,8.20521729759563,8.174404142122475,8.149450565412215,8.129220054773652]}