{"timestamp":"2024-05-12 04:10:04","trueValues":[4.898306273505446,5.074023302044558,5.227454043641518,5.337931197072193,5.395178638376903,5.402904120605743,5.3756555244941,5.330736362080954,5.280653721638834,5.230889097435025,5.183193638643044,5.140129748145878,5.106603620463362,5.088098211700904],"predValues":[4.39277017550899,4.441804335400683,4.5445078759977084,4.687733077159674,4.851752410614488,5.016283055175403,5.166343960893169,5.294370613850127,5.398860078340836,5.481837531739146,5.546765204738159,5.597303672885003,5.636731971977458,5.667757359766777]}