{"timestamp":"2024-05-12 04:10:09","trueValues":[5.556831156244479,5.547335188710626,5.504888592583271,5.435764248130173,5.339572708386701,5.213454950225857,5.057706995866962,4.878512420558079,4.687381920386708,4.499381333989544,4.33088304274082,4.196257120932192,4.104540234450779,4.058762308589257],"predValues":[5.788397278255637,5.739048015419502,5.70798289221219,5.707356428130536,5.735361525469336,5.780518901048872,5.830523466045941,5.877487274858808,5.918097536518558,5.951858422113725,5.979543111115472,6.00230459511744,6.021271014465233,6.037397082345652]}