{"timestamp":"2024-05-12 04:10:14","trueValues":[4.923606604862513,4.762204393549412,4.6132960558244696,4.498397006121959,4.440521989821682,4.460115205487064,4.56971527265747,4.768575349865596,5.040173775901563,5.35419401326403,5.671931306282812,5.953060850414702,6.162089747680953,6.273263334081485],"predValues":[5.756187934483404,5.820343358271876,5.888282816481437,5.961010193217479,6.032278389720904,6.0944155466430034,6.14384972898448,6.181184941677689,6.208922655534883,6.229757304000174,6.245888421866827,6.258909014002637,6.26990243534898,6.27958179711972]}