{"timestamp":"2024-05-12 04:10:19","trueValues":[4.271422112733515,4.309599659808046,4.442953078527288,4.665703276360413,4.960284987109482,5.301886189414356,5.663865016430425,6.02235529966723,6.358876415163164,6.660363649850066,6.917190135235144,7.120843056367507,7.262948340023296,7.336183771953264],"predValues":[4.666683638161508,4.584971521938731,4.565243509848058,4.6143148573234045,4.721037620084415,4.862176678578203,5.012710854387355,5.154135552727454,5.276800582142975,5.378014731878393,5.459088207572448,5.52302860826289,5.573195105055354,5.612665332322981]}