{"timestamp":"2024-05-12 04:10:29","trueValues":[6.868881966929274,7.034415465664178,7.134796965695819,7.166693741899098,7.131256925346413,7.035606996626441,6.892905017228897,6.720717497160006,6.538006071570077,6.361924746326714,6.205956320200433,6.08000448066622,5.991452839174374,5.945687338936873],"predValues":[6.611661715512389,6.630098284988828,6.627996294666485,6.610143131494344,6.582130724964944,6.549882177352217,6.518451328826129,6.491031631207246,6.468980201848526,6.452410798334589,6.440787723441603,6.433327166148439,6.429216743143442,6.42771982090845]}