{"timestamp":"2024-05-12 04:10:34","trueValues":[6.923205731993766,6.786704869901724,6.636821942975081,6.495874568004792,6.383160337120039,6.31234796832134,6.290787849465351,6.319839888686898,6.394829526360996,6.504490508990339,6.631219381932577,6.753374694974491,6.849364301715827,6.902051073874546],"predValues":[7.51814274959446,7.497598874020698,7.445298292914435,7.373465428213526,7.293942497634596,7.216025462677793,7.1457541068779085,7.085989114541622,7.037192958092385,6.998449463712014,6.968265164419256,6.9450493145506815,6.927342733873674,6.913908441549873]}