{"timestamp":"2024-05-12 04:10:39","trueValues":[6.232580644987602,6.17979460073109,6.179854934777138,6.232692807839727,6.332548046148129,6.467861629897893,6.623002921436942,6.7815698312689054,6.929804735056687,7.058658057470566,7.163756510432675,7.243628421639188,7.297625532331023,7.324958449923322],"predValues":[6.441867756023614,6.398757485389728,6.375970352773471,6.384084617495072,6.418175878505383,6.464675487267929,6.511604344860288,6.552729040643942,6.58637590286574,6.613148404880539,6.634393165385708,6.651475275396679,6.665528456822784,6.677410011274281]}