{"timestamp":"2024-05-12 04:10:44","trueValues":[6.449073953483879,6.589400180147496,6.731753046023083,6.8639252725471085,6.978999043052092,7.075262412205012,7.154297620429324,7.218660758125226,7.270561061375326,7.311650673044097,7.34309215312015,7.365587183901136,7.379718374325105,7.386361764109127],"predValues":[6.320478180367887,6.41019344500334,6.496934001958747,6.57582103295543,6.639392385967732,6.683476639472733,6.709862153068826,6.723631870794005,6.729879766919352,6.732310405029969,6.733201063128239,6.733790582573766,6.734669545967075,6.736061747434917]}