{"timestamp":"2024-05-12 04:10:49","trueValues":[7.154776571755221,7.231624338574352,7.282975788057538,7.308528984185791,7.308173358839482,7.28257471283513,7.233758622229711,7.1659843517277215,7.086595644467092,7.005657388799147,6.933661595595033,6.878278396576585,6.842442365322737,6.825334075119978],"predValues":[7.0488350368809325,7.044422412068196,7.0346746096945605,7.021083236220036,7.0033402424844,6.982240602636246,6.960100931412821,6.939352664290992,6.921558107538029,6.907330701586881,6.8966316412801785,6.889080317129194,6.88416482000314,6.881364735531259]}