{"timestamp":"2024-05-12 04:10:54","trueValues":[7.207102934370146,7.157414259301396,7.098280249455497,7.03961243307554,6.993478948314895,6.971331835006495,6.980232834425463,7.0204099933185375,7.085775420387336,7.166532673917137,7.25152394222027,7.329284959181346,7.388822170559645,7.421143145606504],"predValues":[7.290182118412178,7.248654221096123,7.208499920035472,7.175162037234514,7.148105539941291,7.124916003158879,7.104324285610275,7.086264205896951,7.07098294755558,7.058571410338356,7.048884207799518,7.041615948666337,7.036391870802565,7.032831098930728]}