{"timestamp":"2024-05-12 04:10:59","trueValues":[6.8613851294718575,6.84450967021332,6.866445481466176,6.926374465460665,7.020158822950629,7.142106953662611,7.285248813439933,7.44115756999204,7.600402772711734,7.753336024217545,7.890521823916045,8.00296189370609,8.08274795514664,8.124108671339505],"predValues":[6.876332822933096,6.778188466802719,6.706638401330863,6.675027879610376,6.679703103707234,6.706622454005917,6.741800392316967,6.7765132003170745,6.806998638262575,6.832432229453729,6.85329664625892,6.870468459972717,6.8848194576922,6.897073913758699]}