{"timestamp":"2024-05-12 03:35:04","trueValues":[7.116328102886363,6.8215441933464085,6.56558298323406,6.383356489216883,6.3027593734084215,6.337707803134615,6.486099256495623,6.731618291127285,7.046594703514678,7.3950971771374,7.737236136528913,8.03435340549731,8.253325326973417,8.369522852309641],"predValues":[8.36511820115938,8.40352414382838,8.431745061631457,8.454987224586192,8.471902286368348,8.479568165470198,8.478123603618783,8.47035008007354,8.459431478260074,8.447735444355455,8.436648598263801,8.426818667166689,8.418441537372217,8.411464051130563]}