{"timestamp":"2024-05-12 03:35:14","trueValues":[7.557291040239727,7.948499918492061,8.309063619760678,8.614471105602586,8.84557601768685,8.990548364579299,9.04653995404446,9.020209325825055,8.9273493816045,8.79158661486874,8.641224869510573,8.504027640895863,8.401852332596473,8.347968447911759],"predValues":[7.5766891005160755,7.754557589308458,7.905453038474838,8.01900596575741,8.090720554464966,8.125386849433978,8.133946841887838,8.1275772145154,8.114479676536721,8.099592582910281,8.085458203021322,8.073154310247489,8.062957059099107,8.054759602499034]}