{"timestamp":"2024-05-12 03:35:19","trueValues":[8.934034766010884,9.00906055095486,9.013968605995938,8.96524474408646,8.885813776414722,8.801430898558301,8.735081521540296,8.701365155560605,8.703793667361229,8.736224678950222,8.786866472473282,8.842086211411027,8.888642831860256,8.91531420125602],"predValues":[9.307349416729338,9.315570262739332,9.275364398661354,9.200752181010994,9.107737281949705,9.009416176301167,8.915003494208309,8.829952157647876,8.756559910355932,8.69498250453946,8.644192400894395,8.602673806184558,8.568824545830314,8.54117028964034]}