{"timestamp":"2024-05-12 03:35:24","trueValues":[8.492503838100669,8.388072780687576,8.346308862962312,8.383388519773249,8.505226348154352,8.709690456549001,8.988234407729541,9.32570585089792,9.699509552914735,10.080222699253438,10.434636580445131,10.730582252607448,10.94190185020791,11.051511535608675],"predValues":[8.958134895047749,8.806952659821079,8.66353437974468,8.558150735454776,8.495894239384324,8.464634824601413,8.450870688439966,8.445625879053765,8.444107693718845,8.444077128012696,8.444594884495963,8.44531304569606,8.446123701380849,8.446999741097917]}