{"timestamp":"2024-05-12 03:35:29","trueValues":[8.794933426797542,9.03312665903184,9.308835175836863,9.59914453178554,9.876993179598408,10.114946936169758,10.290602467837044,10.391838212908327,10.419727957930014,10.387669050589777,10.317393973747404,10.234035711518809,10.161805492637978,10.12016755877979],"predValues":[8.79246212300831,8.842369808006328,8.879011444958731,8.901397236563833,8.907027705424994,8.89649024467775,8.87433409455188,8.846297368351937,8.816931964195188,8.789002616649885,8.76383853525033,8.741855147811382,8.722967933510827,8.706859009004724]}