{"timestamp":"2024-05-12 03:35:39","trueValues":[10.41297373423761,10.260159556091402,10.088216561671691,9.917762515824505,9.765049337402951,9.639639574022551,9.543720135510982,9.473746463110103,9.423760636219846,9.388447411435497,9.364209603826591,9.348497236134165,9.33918559309782,9.334823999724913],"predValues":[10.599375105031443,10.518265415620323,10.340359716403064,10.137432132767024,9.955527376030648,9.803582858671527,9.678190105771067,9.574891840006687,9.489997318808228,9.420401066431086,9.36340373233929,9.316650959793217,9.278131791117094,9.24616803614904]}