{"timestamp":"2024-05-12 03:35:44","trueValues":[9.728541126402604,9.645078674984354,9.57930499639692,9.521525180227744,9.462786398251772,9.39646253695368,9.318210608172995,9.22605899096882,9.121387128949037,9.00961339155301,8.89951226275514,8.801781739707128,8.72773698103612,8.687566998439271],"predValues":[9.476671202505315,9.392107322510752,9.315622357334158,9.26482428002662,9.240236694423883,9.230875083102706,9.226832967806232,9.223111393741185,9.218125728385363,9.211845140243875,9.2047257228102,9.197255995805191,9.189805937167618,9.182612098884189]}