{"timestamp":"2024-05-12 03:35:59","trueValues":[9.016357515272944,9.114220932695511,9.212473464846775,9.298662908830902,9.365060659401246,9.408312462544032,9.42871812796826,9.429741414652336,9.417072859714722,9.396945740899564,9.37457270715442,9.3537465639291,9.337471787243556,9.3284317803088],"predValues":[9.016300104903138,9.079946941920188,9.13216645745797,9.177146419047476,9.210962190019332,9.22931065052544,9.232934945908315,9.226107896098656,9.21341701490612,9.198269714094298,9.18276306689368,9.168018701825511,9.15453683331562,9.14245992413353]}