{"timestamp":"2024-05-12 03:39:04","trueValues":[4.529225068606284,4.911030477962403,5.391706507052896,5.944744320455028,6.537395687707745,7.133548024363748,7.698630852298079,8.20502885337251,8.635352267098973,8.982570981063489,9.24797912068548,9.43793515020992,9.559977901716586,9.619696912599276],"predValues":[4.688724103734327,4.797431768567797,4.968876143294175,5.176446126116557,5.388339428731974,5.580809686928626,5.742567324246476,5.872078473814405,5.972979192167434,6.050626052860766,6.110277819189931,6.156397217146874,6.19250740949543,6.221289806031004]}