{"timestamp":"2024-05-12 03:39:09","trueValues":[7.15879370290928,7.7020021167918,8.177622843874206,8.568791588025423,8.87028772663542,9.086761765447385,9.229644481194324,9.313267469017037,9.351528291029023,9.356576682529631,9.339480618609333,9.311393658335806,9.283739402145834,9.266757627387651],"predValues":[6.907214817692269,7.16753576065628,7.343957295498505,7.42893022437795,7.435052668213716,7.387901478332726,7.314585778200527,7.235315612722001,7.1615804979437065,7.098242241664375,7.04627416228325,7.004771249109613,6.972132922296314,6.946661057525288]}