{"timestamp":"2024-05-12 03:39:14","trueValues":[9.214752869159147,9.368268198025516,9.448752752298727,9.465179028571267,9.425275632089775,9.336962536000255,9.210415728351162,9.059217545799545,8.899839182916546,8.749379627298708,8.622167284621838,8.526750718423585,8.465237899273145,8.435642587848417],"predValues":[9.297079871041198,9.17869596745479,8.960000732066506,8.718643284774046,8.496898920855964,8.306567597617779,8.147910319611118,8.017990918524557,7.912944560157273,7.828708929267861,7.761426367951726,7.707676175007815,7.664567632000798,7.629742395359818]}