{"timestamp":"2024-05-12 03:39:19","trueValues":[9.295110376410287,9.179814406511047,9.048170302231505,8.917340840467988,8.804223540945209,8.721731484249963,8.675499657652146,8.663016889050162,8.675911630213268,8.703783035811266,8.737109223907261,8.76832744143406,8.791953669131262,8.804549929529117],"predValues":[9.439497988054692,9.36236662464026,9.221754276388223,9.050822342370132,8.876526054365797,8.713146241864937,8.566918308921691,8.440167375513278,8.332894239005945,8.243624303419626,8.170102617006867,8.109833954991014,8.060419308122597,8.019731834831232]}