{"timestamp":"2024-05-12 03:39:24","trueValues":[8.756534660424768,8.707633251630885,8.687301209690162,8.68617453118268,8.69327295130518,8.699141035308045,8.697171540677136,8.683944297788893,8.659358041129904,8.626416183565121,8.590327121422119,8.557069506823392,8.531925625368771,8.518500901439937],"predValues":[8.488970176681242,8.392866014989039,8.295031568540127,8.214591666776764,8.157305154525936,8.118243511012878,8.090642412572727,8.069846569264806,8.053312116971377,8.039749448681755,8.028472563634487,8.019060718239727,8.011204268604763,8.004642210177968]}