{"timestamp":"2024-05-12 03:39:29","trueValues":[8.717498001054128,8.726773762609342,8.725325479715437,8.71173809307215,8.687294033393934,8.655137050005276,8.618970909125032,8.581805402548131,8.545269283729125,8.509856122375112,8.476052046108213,8.44559717386886,8.421815459753429,8.408598316837653],"predValues":[8.747113778212539,8.782135166950363,8.785619391662454,8.761688304270024,8.717673687417289,8.661852468540307,8.601933052940787,8.543708837983097,8.490575274937122,8.44396549673807,8.404043760832892,8.37030055018954,8.34193690382819,8.318090337257976]}