{"timestamp":"2024-05-12 03:39:34","trueValues":[8.715313483325186,8.687467327658354,8.653003829504915,8.611029141301604,8.55958652627747,8.497131751800184,8.424215000580402,8.344294184244053,8.263209213186599,8.187704742705474,8.123686333017169,8.074907187047874,8.042704753783118,8.02686321275862],"predValues":[8.91067193496405,8.89252760021726,8.851345494063796,8.79864330615763,8.742899431806638,8.687900829108155,8.635762644927599,8.58806446180094,8.545715277250132,8.508942606444418,8.47747242118346,8.450756930855347,8.428136979362279,8.40895181587397]}