{"timestamp":"2024-05-12 03:39:39","trueValues":[8.452290531937715,8.380425772586912,8.307614273711778,8.241123497079244,8.188712613642101,8.156596827509555,8.14782340669016,8.161704489901215,8.194430261212972,8.24016825231494,8.291826687803349,8.341408250006207,8.380635214121211,8.40235520490979],"predValues":[8.822900782133967,8.830758294923928,8.82268203799345,8.8033299591707,8.775240075220932,8.740409257016221,8.701888493607605,8.663030710065115,8.626340699560373,8.59318966625004,8.5640613456575,8.538878659045507,8.517283057391513,8.498796120947116]}