{"timestamp":"2024-05-12 03:39:44","trueValues":[8.084512260863237,8.059035611894728,8.061203916509973,8.09065065202395,8.145231434808831,8.221405692937715,8.314079585033895,8.416605734482111,8.521487038036195,8.621456299717966,8.710133526393768,8.78207084607308,8.832758355260985,8.858937749682145],"predValues":[8.075760103143772,8.020376372547824,7.981322171119743,7.973075012023587,7.991733913788657,8.023366230186571,8.056073396285889,8.084074241004704,8.105993307566365,8.122471146856233,8.134719755570252,8.143908604204508,8.15096715601464,8.156572374944638]}