{"timestamp":"2024-05-12 03:39:49","trueValues":[8.324993934227377,8.418131361902006,8.50787466725049,8.583247838089555,8.634317285709937,8.65350670181823,8.636364390655586,8.58229020122651,8.49547376158323,8.385490377201217,8.26672347202734,8.156334228225433,8.071250997015108,8.024973188963695],"predValues":[8.188290806897262,8.208287157647858,8.222556824010114,8.237202049874863,8.250290285247324,8.25764093889273,8.258017561550218,8.253064322421793,8.24519538071562,8.23635444955395,8.227750070378988,8.219995949412432,8.21331986761227,8.207729798640973]}