{"timestamp":"2024-05-12 03:39:54","trueValues":[8.686193933761366,8.690105546782029,8.65830099927469,8.592567188999624,8.499298727471684,8.389032278071866,8.274652216202062,8.168766496965087,8.08105089398357,8.016375188718712,7.974404487346639,7.950835404230497,7.939680782007818,7.935616340456417],"predValues":[8.521072407587583,8.51077681460203,8.488623056574903,8.462022121197656,8.43359096449403,8.403678035514115,8.373264892108372,8.34407703483603,8.317567264999726,8.29449254895693,8.274988438969688,8.258814396220053,8.245549677118184,8.234721177690664]}