{"timestamp":"2024-05-12 03:39:59","trueValues":[8.291816322042134,8.164586703096573,8.055079612152964,7.97701028024292,7.93913910453713,7.944314543059814,7.990024892131876,8.069910358564593,8.175323771194398,8.296150539173883,8.4205992104375,8.534653946878393,8.622812885493428,8.671091817036896],"predValues":[8.56702887704132,8.491020736880632,8.416558955662268,8.35835095381827,8.319483601880814,8.294696408927498,8.277881017926259,8.265280239119669,8.255149966736063,8.24677602640658,8.239854887379739,8.234203421207397,8.229662420428841,8.226071348639605]}