{"timestamp":"2024-05-12 03:42:04","trueValues":[8.796427425356294,8.861190575119608,8.906704240517326,8.926846775079934,8.917094454297562,8.875819853659412,8.80579860507244,8.714531798614052,8.612857502106737,8.512447031101441,8.423290055733496,8.352261467787395,8.303265438198828,8.278308937812326],"predValues":[8.737752964257608,8.760896253797675,8.773741824042196,8.77723721188175,8.770095999770643,8.75261879478412,8.728097124791166,8.700884077924716,8.674403810639564,8.650594188705476,8.630201546929957,8.613251666821668,8.599411249289226,8.588211708767947]}