{"timestamp":"2024-05-12 03:42:09","trueValues":[8.914759765925375,8.859043002026793,8.780748015468754,8.688522774781074,8.591455926239593,8.496741839705239,8.408527617030389,8.32843324064087,8.257092616703314,8.195395074372243,8.144693212591882,8.106274512062924,8.080801584136903,8.068220473697746],"predValues":[9.040450202224836,9.02720222781416,9.004752115331776,8.976436045156516,8.943421893051976,8.906875940049252,8.86925646628887,8.833351064171502,8.80111168627062,8.773401348654584,8.750270551185725,8.731313966021652,8.715937555308098,8.703516183907158]}