{"timestamp":"2024-05-12 03:42:14","trueValues":[8.478762825560395,8.394268848006845,8.321174549902658,8.26048009431073,8.213112818176713,8.180002450544993,8.161428601179638,8.156365591297828,8.162345306575322,8.175961929981012,8.193627844979407,8.211878229437094,8.227160550933462,8.235977561107712],"predValues":[8.510689104314825,8.440206712248145,8.391832628332498,8.376951382058538,8.390081612053356,8.417008936014511,8.445939775566464,8.471099338557284,8.491005852710682,8.506143319338783,8.517567982930558,8.52630685121257,8.533174035123343,8.538759054108407]}