{"timestamp":"2024-05-12 03:42:24","trueValues":[8.172944696101109,8.188969631362491,8.204120653216798,8.215728976834209,8.222267380062332,8.224707320779169,8.22674804679484,8.233176679269583,8.247159825360297,8.268317672944507,8.292931837422152,8.315952864137628,8.333179961911238,8.342231397762204],"predValues":[8.220938702105528,8.195603718540294,8.186010339429892,8.199189208765798,8.229152903396795,8.264085784481166,8.295335896657859,8.319757364292398,8.337632455036342,8.350446396419718,8.359738902666127,8.366717186274029,8.372224329155603,8.376808387711515]}