{"timestamp":"2024-05-12 03:42:29","trueValues":[8.147926532724814,8.135605629471037,8.133873749981833,8.149350894631299,8.185201544266349,8.240920700263672,8.313798114748586,8.400459067973635,8.497140788617655,8.598740664275219,8.697843720423638,8.784941098774723,8.85003861078442,8.88489334997655],"predValues":[8.448215724625099,8.429003982261879,8.415993888781658,8.414215762050107,8.420053014558077,8.426830096082902,8.430634330448923,8.430995803147713,8.42902391641806,8.425996316776942,8.422831304352531,8.420046369839348,8.417862649476655,8.41632160630931]}