{"timestamp":"2024-05-12 03:42:34","trueValues":[8.203463889217746,8.255692973150497,8.321209634017539,8.398788054107975,8.486580204249238,8.581003252103315,8.67668507547318,8.767658982730048,8.849035789834025,8.918100198924197,8.9741098620243,9.017051223908124,9.04651603305704,9.061611770851531],"predValues":[8.351449748947612,8.35216126542898,8.356504519378198,8.36876455700843,8.385000794325355,8.39868811753831,8.406543769807026,8.408941184324005,8.407740882333021,8.40475527731426,8.401236500064783,8.397898990742199,8.395074985282898,8.392863622890298]}