{"timestamp":"2024-05-12 03:42:39","trueValues":[8.638110356948495,8.732766235746793,8.815080479768884,8.878327038929772,8.918463266355483,8.934300288971244,8.926654609814326,8.89761426529774,8.850771390365718,8.792012408444815,8.7297003625258,8.673422518577846,8.631607303624003,8.609602387296377],"predValues":[8.506744267700522,8.50849342345842,8.508526115474561,8.510165766267825,8.511069448014801,8.507886096166702,8.500025393911752,8.489177757694296,8.47744026074482,8.466330025243241,8.456644949014397,8.448651352384891,8.442304051267378,8.437411411973748]}