{"timestamp":"2024-05-12 03:42:44","trueValues":[8.94516599882364,8.951713970446733,8.93912887317634,8.909753634835873,8.867613626030618,8.818598459652113,8.769294115114576,8.724781410146008,8.687012297319878,8.655284031183534,8.62834448093992,8.606095038963112,8.58974105723033,8.580968167988432],"predValues":[8.819172563350193,8.769967092227326,8.722543203089746,8.684108289447094,8.65473225374038,8.631002368431027,8.61044414026481,8.59230591865925,8.576616143010494,8.563467307803236,8.552785789553976,8.54434088362848,8.53781683299281,8.532877680668085]}