{"timestamp":"2024-05-12 03:42:49","trueValues":[8.872503075859257,8.832952115259088,8.793754122117738,8.754457255561718,8.711907400505332,8.662651163731386,8.60501939189546,8.539725993577672,8.46952241390881,8.3986009388286,8.331860852349402,8.2743866932417,8.231447723456617,8.208218849939337],"predValues":[8.982023987817819,8.938847137102282,8.895828164903715,8.85886146831115,8.827912760575948,8.800376514590582,8.774829431603557,8.751371713973292,8.730538926029244,8.712661974764057,8.697736341768998,8.685522817169861,8.67566019405661,8.667755636658057]}