{"timestamp":"2024-05-12 03:42:54","trueValues":[8.704830775060259,8.65551553318401,8.595242086970675,8.524838368373732,8.446501918770833,8.363295687706726,8.278925036132765,8.198092564386968,8.126606022426149,8.070025445092957,8.031248461330199,8.009039419243257,7.99887353116727,7.99548419303861],"predValues":[8.777904873219516,8.762228918585716,8.751428858554352,8.747846823582584,8.747174643836084,8.74416325730866,8.736983240040184,8.726679939180906,8.715090486564684,8.703691338692822,8.693343385323693,8.68441102283233,8.676944219503564,8.670826294076534]}