{"timestamp":"2024-05-12 03:42:59","trueValues":[8.240562151241122,8.14365105490662,8.062878385629372,8.008921409038651,7.991841292443299,8.017943608127215,8.087445239709673,8.19437391399816,8.328180475540465,8.47553615014619,8.621382410445714,8.749703889572622,8.845235808087988,8.896144719303907],"predValues":[8.611964451909724,8.597007190053517,8.590622944299879,8.597396304782217,8.61212419094794,8.62675772210773,8.636857694573937,8.641992467418007,8.643511715907923,8.642958077943526,8.641489860893437,8.639821770704017,8.638332556342752,8.637183817369095]}