{"timestamp":"2024-05-12 04:50:09","trueValues":[7.899360362978973,7.961678256250469,8.017229699547103,8.052933633792644,8.055025391248146,8.011660096309487,7.916799825963124,7.773695708188175,7.595240623626505,7.400779209015889,7.211832910949321,7.048906268265695,6.929456286006603,6.866308068682886],"predValues":[7.639244874718024,7.60778904204952,7.592028035016003,7.597405207199262,7.618521060161113,7.645180203274416,7.669780280948358,7.689352167066624,7.703900645826698,7.71452794317114,7.722434626879686,7.728573283829148,7.7336049306385615,7.73795403194026]}