{"timestamp":"2024-05-12 04:50:14","trueValues":[8.079811786835215,8.015510046340356,7.902057321416199,7.748168293568586,7.56804990301498,7.37741531481406,7.190781644653504,7.020141280893187,6.874285452198695,6.758435844335057,6.674042069139924,6.618829107815282,6.587572350919862,6.574075066662521],"predValues":[8.120779135679395,8.183941705595563,8.226683194340058,8.245180762334419,8.238496706871782,8.211372167658787,8.172417637011621,8.129954694876195,8.089575004956298,8.054051275482655,8.024220209437464,7.999860139003969,7.980286126575709,7.9646803401716735]}