{"timestamp":"2024-05-12 04:50:19","trueValues":[7.159237570120295,6.961705498091202,6.80550570285882,6.707375433532147,6.679262691749957,6.726784391147207,6.847745382444994,7.03132141883578,7.258560167775479,7.504465792142722,7.741491680190924,7.943680371104437,8.090134490273176,8.166812418081626],"predValues":[7.698734775698981,7.639576047499416,7.602854142344782,7.596894627012221,7.61573320197169,7.646488947075037,7.678559017542736,7.706651027802495,7.729372244808974,7.747174509435661,7.761080311000384,7.772100709904762,7.781056993383546,7.78855462820721]}