{"timestamp":"2024-05-12 04:50:24","trueValues":[6.669216275716696,6.750926780595181,6.89255125240383,7.079504666429568,7.292635082777719,7.511531254460332,7.7182444672499555,7.900063374220371,8.050320930388885,8.167428782190813,8.253206785191315,8.31140043444286,8.346541959695282,8.362823381099556],"predValues":[6.906056244534895,6.881540953471919,6.890273974401451,6.940462066529779,7.022551453270123,7.116804662113518,7.206096126588514,7.281753957177877,7.342002950826294,7.388523689794393,7.424056721874257,7.451263921388225,7.472341766558953,7.488970573858316]}