{"timestamp":"2024-05-12 04:50:29","trueValues":[7.570115613173069,7.772921731350765,7.942265843381669,8.069774274725049,8.152817045708451,8.193228364489492,8.196233372086938,8.169683468149518,8.12321322904375,8.067033195355469,8.010578336100608,7.961560777623362,7.92569232014212,7.906783045375388],"predValues":[7.447254232319141,7.555129646131959,7.641087853904358,7.699425826446669,7.728241313681508,7.731646864923864,7.718167388512713,7.696557965843764,7.673124966567167,7.651402849468596,7.632898105178009,7.617933401236829,7.606245075205936,7.597341949476974]}