{"timestamp":"2024-05-12 04:50:34","trueValues":[8.219683381843478,8.232705967394907,8.215345177880494,8.175729364825541,8.12228110790062,8.062486347224432,8.002138480161346,7.945317895587707,7.894813514847936,7.852498882834514,7.819445925572603,7.795875513512716,7.781183243039374,7.774274596083739],"predValues":[8.145147977141612,8.11101299388207,8.065825982857008,8.016221562821727,7.966422851210844,7.919119098587863,7.876435817579425,7.839795775359516,7.809672075901554,7.785752683214085,7.767279036207144,7.753332303175058,7.743007473427102,7.735505851772202]}