{"timestamp":"2024-05-12 04:50:44","trueValues":[7.900208760666135,7.922563986565088,7.9552278290983,7.991549456396775,8.023575405932121,8.043522851552881,8.045460717322648,8.026691779015444,7.988523717276898,7.936246525580559,7.878183112816078,7.823915694966399,7.782255169064537,7.759713359463708],"predValues":[7.860678000010898,7.838351479296849,7.824533122230582,7.822150857672303,7.826714982072032,7.831903178454674,7.834370761201417,7.833908022989215,7.8316262265781,7.828691652999169,7.825901402711004,7.823673295627209,7.822156970813532,7.821344188818752]}