{"timestamp":"2024-05-12 04:50:49","trueValues":[8.064805088271674,8.072519606714613,8.058272266607283,8.022300948880135,7.968712355495684,7.904641053846305,7.838626039074679,7.77877227329619,7.731444333897041,7.700582539082799,7.686964852522111,7.687351043574569,7.694801368000892,7.70123372151812],"predValues":[8.001841594128589,8.018395449000703,8.030868649207719,8.037810519756993,8.036011129925514,8.024689060790895,8.006584062778972,7.985724961748762,7.965335775226981,7.947243535075014,7.93215151832301,7.92007673545091,7.910701568903527,7.903589061977325]}