{"timestamp":"2024-05-12 04:50:54","trueValues":[7.864252061320189,7.794211675943282,7.73450489134305,7.693092877921608,7.675385765667103,7.683266402078236,7.713949586853076,7.759992969227772,7.8115456207940355,7.8598503338461665,7.899659641110472,7.929243789407739,7.948718662632579,7.958425001961354],"predValues":[8.076039181330337,8.026765402498949,7.987042210789355,7.961424427995068,7.946760065340382,7.937340246283149,7.92949442819815,7.922086629971686,7.915219446060911,7.909254880742118,7.904427891269519,7.900790572237938,7.898262655445146,7.8966923755154]}