{"timestamp":"2024-05-12 04:50:59","trueValues":[7.714661900700692,7.745645692550775,7.788016140201512,7.83085809709317,7.864588815665312,7.883570650760553,7.886341232681283,7.874158805365793,7.849574143439299,7.816077318966373,7.778417445316127,7.742496893240061,7.714383619880373,7.69897717503817],"predValues":[7.608217493513086,7.553963896678359,7.524817236662129,7.5278392547395185,7.555701623520045,7.594262255241029,7.632238417502717,7.664359785198995,7.689622740013219,7.708923521607392,7.723644231476889,7.735051618799972,7.744132557202088,7.751595639488368]}