{"timestamp":"2024-05-12 00:02:04","trueValues":[8.153753685260318,7.948502576379552,7.77616010146993,7.655490680429919,7.596384312613928,7.598810166527062,7.654571317146745,7.750663784133986,7.87176006190507,8.001184830129537,8.122244163264494,8.221050599168905,8.289126008323635,8.323338867686665],"predValues":[8.752877938814503,8.656371107167399,8.585726318175013,8.559276616596009,8.572323388923607,8.607300922517828,8.6483304659293,8.686567101165117,8.718787608064812,8.744736032062994,8.765316852272884,8.781686249753115,8.794894621640172,8.805779734071251]}