{"timestamp":"2024-05-12 00:02:09","trueValues":[7.68335783340793,7.733573035988669,7.811779249104505,7.900179258114983,7.980584607340961,8.036306952803274,8.05557371343756,8.034671554629995,7.978296697788616,7.897162290023828,7.805178917097837,7.717547037572289,7.648994271824154,7.6113979216849454],"predValues":[7.869015261493002,7.871053063832434,7.901021542660915,7.972409211207065,8.074253612513811,8.183167197180655,8.281032740913215,8.36054477415343,8.421759378327367,8.467742160867267,8.502072498857403,8.527865170648607,8.547535398604044,8.56285386737029]}