{"timestamp":"2024-05-12 00:02:14","trueValues":[7.899410331263806,7.911286038362822,7.898749580433517,7.871517130988382,7.844583959674745,7.834567444875759,7.856839478896241,7.92276093602818,8.03636808421557,8.191361730104488,8.36995050640696,8.544812392869403,8.684690101018898,8.762436233810021],"predValues":[8.319917103330614,8.438147115231287,8.534146290367591,8.607426374807407,8.65559606717499,8.679289273636968,8.684002505524948,8.677092795414318,8.664711026536994,8.65084429591839,8.63764256875006,8.626048863513851,8.616321792662646,8.608376835374228]}