{"timestamp":"2024-05-12 00:02:19","trueValues":[7.620098782175834,7.586337232108794,7.609437995449003,7.704077926922354,7.875638451332092,8.117945030247627,8.41370704238431,8.738201615666107,9.06512443495978,9.37154218383706,9.639355180061004,9.85408963151004,10.004064654238247,10.081072691673096],"predValues":[8.234735530283118,8.18956180869551,8.159011252506478,8.157915139705144,8.183324809908878,8.221701250026726,8.260873461659413,8.294705179956217,8.321692306385923,8.342520575921236,8.358510692856486,8.370945619483631,8.380847313543002,8.388970083504574]}