{"timestamp":"2024-05-12 00:02:24","trueValues":[8.169415021512918,8.43049771503188,8.704722599039371,8.966236136120642,9.194685287023791,9.37716733692324,9.5073708661826,9.58483180764593,9.615349140241324,9.61067604245446,9.585800873425187,9.55496193644337,9.528901881170562,9.514301042026911],"predValues":[7.853050128700169,7.867746120215999,7.892817441342115,7.938829194855668,8.000461618943206,8.063794825236304,8.118245371534123,8.160314148954617,8.191031886266842,8.212961850167218,8.228633020603535,8.240032965841642,8.248579934646795,8.255233158614535]}