{"timestamp":"2024-05-12 00:02:29","trueValues":[9.46540229112052,9.60760937186722,9.688786571620614,9.71104584778114,9.682569772778916,9.615400171681154,9.5220764260934,9.413586774481386,9.299527785420509,9.189108507489951,9.091191932317564,9.01307130317894,8.959356460138661,8.932164942160888],"predValues":[9.28334922426214,9.28189057560702,9.247475185217166,9.190759055621928,9.122948372061312,9.052628642709088,8.985861977354979,8.926299516045514,8.875432865240704,8.833242888150615,8.798889692328055,8.771203541488187,8.748983602062532,8.731136684925996]}