{"timestamp":"2024-05-12 00:02:34","trueValues":[9.71392115046902,9.64276099709211,9.549442567279335,9.4388978370592,9.315369326445005,9.182977824202965,9.045193468241465,8.904574741059452,8.76390737453635,8.62805769487963,8.504731449503506,8.403125726493462,8.331315985413726,8.294372146653583],"predValues":[9.588028714720236,9.491346462498717,9.38003626068114,9.275896507737071,9.190423098643052,9.12335821831244,9.070724072326044,9.02897238088324,8.995573366669987,8.968727108277308,8.947085525169719,8.92958838602701,8.915383837908287,8.903783222164598]}