{"timestamp":"2024-05-12 00:02:39","trueValues":[9.156762548300676,9.033791662482114,8.91519140685393,8.803695950278225,8.703176240097045,8.619163605968136,8.557323866656292,8.52077738207607,8.508300195037817,8.514712614398862,8.532743457349785,8.554726578999983,8.573707350940225,8.584512726746574],"predValues":[9.269150257707146,9.196398029723062,9.132936181675394,9.089721588957484,9.065389692131394,9.051786623951903,9.04224268154884,9.033681094362484,9.025288017243064,9.017135744730345,9.009486344530934,9.00253915820668,8.996380832889784,8.991006052805268]}