{"timestamp":"2024-05-12 00:02:49","trueValues":[8.930282360450938,8.837725681193117,8.661312120013367,8.389783397076854,8.022867876281989,7.572223052164768,7.059426984321744,6.512690623477903,5.963842438128004,5.445553912231794,4.988636340741185,4.620020037740761,4.361464231083188,4.228282588725431],"predValues":[8.568154758182555,8.565358926330658,8.578370348754625,8.612687131518555,8.659517248590621,8.705519167920457,8.742669524538659,8.769378104359296,8.787338247502955,8.798999197292689,8.806483011101399,8.81134242680139,8.81461269157045,8.816951366773875]}