{"timestamp":"2024-05-12 00:02:54","trueValues":[7.264027708133435,6.785003556118667,6.320522035511491,5.91056508336876,5.591806629975896,5.392785343585536,5.329747827275823,5.403481613110373,5.59676385593556,5.873660714237861,6.183722825548572,6.4719810897203605,6.690824768125022,6.807942188321919],"predValues":[8.220596631985423,8.114795965148163,8.050607450660427,8.04682820043682,8.094441065375017,8.168718123412749,8.247364748485861,8.318011663788239,8.3764841254376,8.422987588137008,8.45939958361018,8.487905426952304,8.510449097074378,8.52858412921495]}