{"timestamp":"2024-05-12 00:02:59","trueValues":[5.367269889459656,5.238838573132178,5.233595092689721,5.339249044137471,5.527824633346218,5.760000806983772,5.9948971955741,6.201282425047321,6.364285216207567,6.4846460565098605,6.571967760565197,6.636127304079281,6.6813385018805125,6.705683289460934],"predValues":[6.413076854248068,6.371727035393918,6.4165601486995385,6.549972811315664,6.7442121594263975,6.96034625442825,7.166820788921173,7.3464020204128255,7.493904941985557,7.611126817160852,7.70275536210678,7.774012528377115,7.8296099531273455,7.873414065290785]}