{"timestamp":"2024-05-12 02:09:04","trueValues":[11.440196218110705,11.398039996191752,11.327090347504136,11.229284872028876,11.108784226844552,10.97253134565543,10.830490117088177,10.693872573735272,10.572225847464782,10.4717072004386,10.395149409144748,10.3425609788232,10.311360037565091,10.297392838799324],"predValues":[11.544039350810763,11.543115469118854,11.48216319844029,11.37586630400844,11.246417614796554,11.11085631593262,10.979556142294426,10.858741866386149,10.751635911002008,10.659147273663958,10.580626898246674,10.514589025642625,10.45922576078036,10.412733992785911]}