{"timestamp":"2024-05-12 02:09:09","trueValues":[10.909456486026468,10.773990871112211,10.6537841882844,10.56007345427794,10.49987283418186,10.475605789810556,10.48516833742606,10.52177595341858,10.574715224888951,10.631917747895065,10.68340102859781,10.723432003678871,10.75012304144207,10.763392278952672],"predValues":[11.428999601265666,11.41191682678282,11.33449256416687,11.221446230240105,11.10083714324614,10.986086040282578,10.881468399167607,10.788441805401362,10.707322016017772,10.637608816591024,10.578246494209637,10.527910357748054,10.485219900443388,10.448871162692503]}