{"timestamp":"2024-05-12 02:09:14","trueValues":[10.391083372860852,10.389205841137134,10.422327371896316,10.483263695249937,10.56335913479445,10.65544324165635,10.755398948111916,10.861086123153306,10.96961351676769,11.07536341795387,11.170391401000924,11.246775898030355,11.299116613237732,11.325339331224995],"predValues":[10.466705056180336,10.438563343424494,10.40139225528386,10.371805714887852,10.353811816573057,10.34135908209972,10.328879768751476,10.314494218494607,10.298483104248175,10.281748513026669,10.265128210967276,10.249189922838104,10.234249405673092,10.220431580184323]}