{"timestamp":"2024-05-12 02:09:19","trueValues":[10.715820877059338,10.81041881391033,10.901574786460335,10.984721480844645,11.053316772792636,11.099651725425108,11.11762276590748,11.105602735517696,11.06752158670011,11.011509797290014,10.947456303486826,10.885551445931448,10.836043507212093,10.808318019637358],"predValues":[11.067986717011053,11.12406016941094,11.127191160875466,11.087590231990465,11.02090170852859,10.940366122815549,10.855748553493664,10.773895718740029,10.69887684430353,10.632487598973157,10.574984734680552,10.525763316232736,10.48382929370804,10.448076454332664]}