{"timestamp":"2024-05-12 02:09:24","trueValues":[11.258375982196544,11.299380807254348,11.295858574751133,11.245014781778748,11.148398445167008,11.010359463583864,10.837712660556509,10.640767981662952,10.433730240810664,10.233154356026755,10.055230583174556,9.91325580179458,9.81589578826283,9.766889127124298],"predValues":[11.161004805537331,11.176623084012574,11.14813478272789,11.087957020464234,11.011716580936824,10.929819625250836,10.84855843625272,10.772154270855856,10.70309119070943,10.642342514212682,10.58982159423341,10.54484003791141,10.506438879439894,10.47361077945973]}