{"timestamp":"2024-05-12 02:09:29","trueValues":[10.771379762440947,10.604529812031698,10.44571359235307,10.316732159762118,10.239524780765445,10.231902491018444,10.303356606751873,10.451707128645516,10.661484619923636,10.90557278082446,11.150634260124528,11.3642826987447,11.520694593398872,11.602954616516143],"predValues":[11.30468276122161,11.290975503852472,11.230083301431206,11.14368494749028,11.052921279133958,10.966693029992465,10.887598019299602,10.816673354754403,10.754290077450626,10.700225987994015,10.653818209244289,10.614163059454468,10.58028403076032,10.551242888877487]}