{"timestamp":"2024-05-12 02:09:34","trueValues":[10.171160193451676,10.198954786101185,10.300217641624874,10.46422577872863,10.670280632786708,10.892946752086706,11.108780505802065,11.30119189179079,11.461709159463728,11.588421819292268,11.68328820277986,11.749697648055166,11.791144745591492,11.810805139363213],"predValues":[10.368519502793848,10.300465888316545,10.240585277874391,10.211134289740432,10.211403799532029,10.226554289808838,10.244007573807943,10.257965204178742,10.267100363485678,10.271982902806842,10.27369670866111,10.273262941422558,10.27147843576103,10.26890772697963]}