{"timestamp":"2024-05-12 02:09:39","trueValues":[11.24082063531778,11.486750180672445,11.672136238444674,11.775046452635356,11.781420598416528,11.684463520628428,11.48464407062449,11.191005444804452,10.823307441932206,10.413082176047247,10.001879339143064,9.636561208730352,9.362452208617473,9.215494419769168],"predValues":[10.886368480546215,11.015706070060975,11.08347316426674,11.09360715769283,11.057342940764164,10.990303576153469,10.9078622851093,10.822020492809012,10.740416436324544,10.666933289280408,10.602882984942209,10.548084786960557,10.501623850461003,10.462318478665011]}