{"timestamp":"2024-05-12 02:09:44","trueValues":[11.739096929585637,11.608847684661429,11.395684044719632,11.11320216743227,10.783774023389478,10.436813921877846,10.104486022582256,9.815759172845787,9.59003488819852,9.432770343237202,9.335977522896052,9.283777675725704,9.259508505044405,9.250616808231657],"predValues":[11.536742918070177,11.49547815161574,11.386236849421245,11.249767084612849,11.119065998815149,11.003934817940358,10.904508031095524,10.819371642135376,10.747071786602277,10.686111010683742,10.634931792309978,10.592005314596104,10.555911734044363,10.525396527758964]}