{"timestamp":"2024-05-12 02:09:49","trueValues":[10.305243706870558,9.963989558224837,9.681009061244136,9.48064261799453,9.372667533400794,9.35199820553745,9.403323076145726,9.507226808680583,9.644159045912431,9.795660759215531,9.944396674795389,10.074211089326052,10.170628615953456,10.222127843981148],"predValues":[11.10093601666081,11.020248931360776,10.911388238655004,10.810294956353244,10.735397813163836,10.682525520458238,10.642989444028018,10.611072467879808,10.583898226170728,10.560138838310223,10.539142590285472,10.520519835790282,10.50397129669315,10.489232247399965]}