{"timestamp":"2024-05-12 02:09:54","trueValues":[9.305123170166787,9.33310913071565,9.41369893733351,9.53036106140318,9.668429279748729,9.814949048738498,9.95839257874606,10.088659365727713,10.197686973767922,10.280665158085291,10.337037357039184,10.37037151879765,10.386889757977384,10.393079446366674],"predValues":[9.58557016879096,9.640135535828392,9.70559717842437,9.794490225564449,9.893774018062263,9.982982290658788,10.051617982496644,10.099408925896745,10.130478035935294,10.149519141921584,10.16040319119767,10.16595020239161,10.168097243906924,10.16812860697932]}