{"timestamp":"2024-05-12 00:31:04","trueValues":[7.552961607305463,7.495699016042053,7.414866544296255,7.31167379666527,7.187059539010958,7.043223439020958,6.884829026087168,6.719204627600068,6.555554640835737,6.403591916947304,6.272167354174528,6.168366348991202,6.097091241980301,6.060996864062317],"predValues":[7.512922392773177,7.461994078978575,7.420992443385758,7.399167731830031,7.395010530005189,7.4010194820450845,7.410359564477584,7.419418708202274,7.427067045246684,7.433346570233175,7.438648258411685,7.443357503468429,7.44775099149123,7.451997498335771]}