{"timestamp":"2024-05-12 00:31:09","trueValues":[6.838337523881471,6.68399001044164,6.549894137845927,6.451823803882178,6.404211071838357,6.417450009431562,6.495565057006452,6.63440605614004,6.8204321332201285,7.031083537905326,7.238359425476817,7.41528941419609,7.541920742667404,7.607286435524951],"predValues":[7.272293206653281,7.240693050694009,7.222174751177218,7.225154508843499,7.246287106496542,7.275453434880207,7.303927915149936,7.327639195246853,7.345973037371761,7.359809999650464,7.370347460397708,7.378618008903786,7.385383927301149,7.391164035228059]}