{"timestamp":"2024-05-12 00:31:14","trueValues":[6.474102216832638,6.524091366082258,6.620238053974319,6.74887117040956,6.889146764316472,7.017118997027049,7.112594036750107,7.165297287811271,7.176713977740572,7.15724255976947,7.121222602701236,7.082431532134775,7.051341158996298,7.034357257928123],"predValues":[6.478149647904097,6.427907600659697,6.4122138381797065,6.444258525821866,6.517521599781739,6.612113955069001,6.708150739313303,6.793620958942334,6.864265747934719,6.920406710676881,6.964246970110199,6.998372384974772,7.025116846276539,7.046373567275419]}