{"timestamp":"2024-05-12 00:31:19","trueValues":[7.036192263451984,7.141067453864839,7.20313577150092,7.222660081433094,7.2085065647542,7.1732478266634185,7.128799974149634,7.083879815028679,7.043514477701234,7.009923564011124,6.98370988284133,6.964724858281101,6.952528078373159,6.946608962930464],"predValues":[7.164328222032013,7.338589957498963,7.469110572736014,7.548020594459494,7.577355432910096,7.568493770225995,7.536923648395373,7.496110988603175,7.454814859076345,7.41751007919491,7.385845868147103,7.359929870376313,7.339166187507035,7.322723963909548]}