{"timestamp":"2024-05-12 00:31:29","trueValues":[6.839725206940578,6.829003820378949,6.845781735166564,6.893827304188312,6.975650370602046,7.092461070582468,7.244090362485142,7.427771917009326,7.635899125944219,7.854683400563454,8.065298923767521,8.246996896857091,8.380586574780125,8.451373029175786],"predValues":[7.007846424936823,6.978692854413116,6.959277517868077,6.958632182785236,6.974950548825637,6.99942809788624,7.023918936384297,7.044437296238147,7.060278039896396,7.072201323181503,7.081285982626108,7.088464936739587,7.094416478409675,7.099592448509857]}