{"timestamp":"2024-05-12 00:31:34","trueValues":[7.096751698359362,7.21747879555793,7.361729525996543,7.52368417922467,7.692902041599747,7.855638645327758,7.997977291505268,8.10910303593096,8.183760171879921,8.223529345043112,8.236256639294277,8.23323967120312,8.225256174546082,8.219624908318675],"predValues":[7.291044602903042,7.350629390467431,7.392435302815056,7.416163061814418,7.421611199593689,7.411336072341817,7.390919243790129,7.366438505264536,7.342346084101395,7.321056936875125,7.303462784838993,7.289565754302989,7.278951214818504,7.271062870533647]}