{"timestamp":"2024-05-12 00:31:39","trueValues":[7.885174420072687,8.03608369025402,8.154181073568887,8.232692146379954,8.271492785341383,8.276688423808999,8.258006930000255,8.225099359184107,8.184916618727302,8.141637173554606,8.09857354884619,8.059890122723118,8.030515150171402,8.014677064400644],"predValues":[7.490792024155972,7.51788599766282,7.532691494143283,7.535266987122166,7.525298845875518,7.504661944239565,7.477739404475893,7.44931701880099,7.422824525233379,7.400006029544725,7.381354304075881,7.366654591517564,7.355375580160302,7.346900108528659]}