{"timestamp":"2024-05-12 00:31:44","trueValues":[8.305098583201444,8.293556175193814,8.26596437935988,8.227881901598547,8.181972210964654,8.130055163023359,8.075029449872465,8.02103260496938,7.972264887916298,7.932022876568441,7.902366965308914,7.883675903105201,7.874185915818202,7.870708070036089],"predValues":[8.196518031837236,8.121543544121838,8.034176124401654,7.947315563826024,7.869257660832192,7.802848747134384,7.748141714693674,7.704149424095865,7.669481268605608,7.642622518141723,7.622111600372849,7.60664163201961,7.59509869243448,7.58657165778551]}