{"timestamp":"2024-05-12 00:31:49","trueValues":[8.042993931942151,7.981557925740205,7.930730345881514,7.898010953499738,7.889610168506596,7.909594027185983,7.958825279817514,8.033853722648981,8.127008958169801,8.227998317070657,8.325788908375968,8.409869318635899,8.471252964454271,8.50354417116123],"predValues":[8.133061765353299,8.090329845003772,8.045669627279448,8.003423302974547,7.963873405529374,7.926229479204074,7.890811533652576,7.858697076463775,7.830743542142303,7.807224693099743,7.7879289614918035,7.772372611795102,7.759967985085356,7.7501367250444995]}