{"timestamp":"2024-05-12 00:31:59","trueValues":[8.125193089435877,8.18365598269027,8.23869445370112,8.29219134996713,8.34870016433806,8.413367098574197,8.488871037477823,8.573351459805167,8.660975099879494,8.744633703394587,8.818371476060372,8.877856061266346,8.919712207687553,8.941345019766423],"predValues":[8.044657769511584,8.039368041826782,8.032556141975824,8.025060101884653,8.014290873348186,7.998598971389438,7.979174863815678,7.958602814634508,7.939122625634686,7.922023903826895,7.907773108465825,7.8963208028441425,7.887361064111621,7.880491222313356]}