{"timestamp":"2024-05-12 00:19:04","trueValues":[7.458855379640326,7.483942116513891,7.482371039217897,7.463502695918526,7.439733473874305,7.424722522690779,7.4308431060053,7.466132144013479,7.531680167952917,7.620738004117445,7.720129972636147,7.813485612873795,7.885224919935018,7.923942101229227],"predValues":[7.568363267950182,7.5695372568550034,7.537038469134989,7.476499765750042,7.396918627435056,7.309559978743593,7.224621336612783,7.148711272500514,7.084614986708719,7.032459526259473,6.990998607708193,6.9584966305231895,6.933204704735312,6.913567700373513]}