{"timestamp":"2024-05-12 00:19:09","trueValues":[7.355135307131105,7.332124911965594,7.339744012247602,7.383219343728391,7.460816900608763,7.564947085157861,7.684898344997776,7.810120727310053,7.932714458893626,8.047713276971361,8.151009682214498,8.237114339587658,8.299303856893331,8.33187679967435],"predValues":[7.573628543070065,7.509263544852919,7.437755739792172,7.368005329940544,7.304534710864156,7.248946854508894,7.201729217440626,7.16278957096341,7.131523511461771,7.106984299411375,7.0880899088145926,7.073782234661214,7.063109753229422,7.055265264088169]}