{"timestamp":"2024-05-12 00:19:14","trueValues":[7.520870539526584,7.614057403908547,7.711295420404456,7.807824312517737,7.902782924701272,7.996982444217346,8.090343400229978,8.181536317416112,8.26953578278168,8.354236809770786,8.434602556473147,8.506247242739686,8.561374221403991,8.591599452164111],"predValues":[7.448691352085583,7.492632345454814,7.522993925843229,7.535508589095108,7.527373858639825,7.501484439743947,7.465069254805785,7.425497562683185,7.387790644424346,7.354463658962103,7.326298291007589,7.303122309451382,7.28434141065047,7.26922972553103]}