{"timestamp":"2024-05-12 00:19:19","trueValues":[7.991663745558892,8.074544916982836,8.153239384030789,8.227553652493395,8.298689353305388,8.367405844922974,8.431562464760818,8.485939653363882,8.524858036741168,8.545472877910942,8.549423827666473,8.542236102524274,8.531345142740712,8.523750495023624],"predValues":[7.983116245176241,7.9679014340221475,7.931389767768058,7.879615714173785,7.8193587468628944,7.7571155402299,7.698210374496986,7.645966672183034,7.601699290229895,7.565321315716609,7.536010929830927,7.512671488194017,7.494195714877083,7.479588496803457]}