{"timestamp":"2024-05-12 00:19:24","trueValues":[8.658394025336879,8.76090024062891,8.825977021116175,8.835861173118104,8.776073057160644,8.63874266838263,8.424058451007175,8.140599002700581,7.805344237699785,7.443369463962139,7.086716844136687,6.77192940754991,6.535737165913293,6.408800579063627],"predValues":[8.193149691019755,8.159102418047421,8.107615947879687,8.046100736630505,7.9809561800122175,7.91707305679721,7.8581221753994495,7.806339882353953,7.76249218083566,7.726283779544307,7.69685830713026,7.673158190160806,7.654135689386952,7.6388531021018355]}