{"timestamp":"2024-05-12 00:19:34","trueValues":[7.3933698160569294,7.000314503364524,6.626088064342245,6.296026545710324,6.02875270196395,5.833108527419792,5.707834847878935,5.643159009719705,5.623310836196738,5.630106124250877,5.647409902078607,5.664573343446806,5.676812383765856,5.682946522306582],"predValues":[8.085931572783489,8.013998771512913,7.949462073763842,7.90268484865285,7.873254857830068,7.855068794249665,7.84264290443999,7.833013909637208,7.82498496310407,7.818167215900631,7.812445049921027,7.807751220611731,7.803999080840535,7.801076733544063]}