{"timestamp":"2024-05-12 00:19:39","trueValues":[5.912929141397726,5.795472308968216,5.730331074709292,5.698589386241119,5.679174049696079,5.653789363634762,5.610916973931331,5.546803877001154,5.463805426291665,5.368474709859375,5.270706179020242,5.1827299037230325,5.116620068815162,5.081342592617569],"predValues":[6.116272152848625,6.069531075007513,6.086850933054564,6.1760510990942405,6.31649174781435,6.4751746744353,6.625614030108206,6.754505626101958,6.858787576026798,6.940681342247796,7.004222926920197,7.053521689894001,7.092099332094928,7.122742116979902]}