{"timestamp":"2024-05-12 00:19:44","trueValues":[5.495115008700971,5.449049499412911,5.401393443802984,5.35998515142403,5.3357401675189,5.340798193861663,5.386408274128122,5.479314465591025,5.617808344618274,5.789868020298842,5.974437973716928,6.145265851439742,6.276298242913206,6.347224502190899],"predValues":[6.145691645015818,6.26959903749187,6.403181539118677,6.535343931458984,6.651978147709997,6.744265582964969,6.811781772591571,6.85916659078303,6.892125193039007,6.915451345238461,6.932593922189855,6.945851730784247,6.95669405122672,6.966036525757962]}