{"timestamp":"2024-05-12 00:19:49","trueValues":[5.361068307023843,5.378670831405573,5.433726312896367,5.525599848621787,5.644890490525786,5.774971491171808,5.895955473196391,5.990018775978547,6.046604536192346,6.065209482841347,6.054262175842975,6.027284352019488,5.998799240199794,5.981017972884287],"predValues":[5.622460710882708,5.562351123433198,5.547596724839751,5.589501909285169,5.679168999709846,5.794538194409466,5.913368224411256,6.021323640637556,6.112471506630716,6.186320777676755,6.244937562616883,6.2911606181859785,6.327737402683599,6.357004332108803]}