{"timestamp":"2024-05-12 00:19:54","trueValues":[5.875613995755075,6.007027794083513,6.101226250444592,6.143650121633899,6.1300891809711455,6.06615303290069,5.964140387315757,5.839722015969539,5.709398483089954,5.588230110120675,5.487634915934748,5.413824649387642,5.36758245702861,5.345992370491159],"predValues":[5.634303327282459,5.738449724945253,5.846046459254628,5.953587112137941,6.052279790457733,6.1344463888296925,6.197959799894687,6.245091454302618,6.279674823181908,6.3053340690210575,6.3248925328074925,6.34035891301262,6.353102287483108,6.364033780050908]}