{"timestamp":"2024-05-12 00:19:59","trueValues":[5.815623747453918,5.695577733924946,5.580798723142726,5.497255272603185,5.468348819168964,5.511198417487159,5.633319510227626,5.83053104102529,6.086899572395651,6.377059289278577,6.669862142377035,6.931768913912615,7.130024462916786,7.237188094459486],"predValues":[6.410798247301942,6.3986857224274685,6.379432517019387,6.363670446830874,6.355775324932915,6.354747121156979,6.357794787848658,6.362729820447771,6.368409194438769,6.374389707082509,6.380551088970019,6.386883240128833,6.3933929381720525,6.400077525212187]}