{"timestamp":"2024-05-11 23:30:04","trueValues":[7.566656904180891,7.617348665988786,7.623480944008268,7.5870649617038595,7.514180105133969,7.414291909020678,7.299583332256972,7.183545811747714,7.078325361749763,6.991737234641972,6.926123826670253,6.880024894446992,6.850930329025587,6.836892696241305],"predValues":[7.423217361004564,7.438251170020514,7.449781351745687,7.458661619642225,7.462970586842808,7.461195649576246,7.45421577123585,7.4444028506186815,7.434051973573315,7.424672022828448,7.416986475359162,7.411178459613595,7.407128636443394,7.404585569691903]}