{"timestamp":"2024-05-11 23:30:09","trueValues":[7.337869138411374,7.225695654736688,7.122708893386264,7.043440854217731,6.997352819333184,6.987191981243429,7.010131410812928,7.060011985358536,7.128541893274248,7.205634717320058,7.280465147533439,7.343506251991264,7.388191985435503,7.4111319465825],"predValues":[7.605757087062569,7.546991460422938,7.497987191383148,7.467695247646999,7.455099784615392,7.453354084111233,7.456016224222326,7.459560251402967,7.462748387448551,7.465439764322046,7.46783531831778,7.470151667266281,7.472531273937069,7.475040319728674]}