{"timestamp":"2024-05-11 23:30:14","trueValues":[7.003459581632751,7.015418480610238,7.04938601695784,7.0972139049940655,7.14963329367118,7.19746570011614,7.233766861680933,7.255522202373143,7.263773879878035,7.262327457505374,7.255877827719454,7.248420061208156,7.242504932596697,7.239347096468513],"predValues":[7.1409845277751165,7.173673886028244,7.211335088622236,7.256267208236901,7.302719639496479,7.342766561902489,7.372498222955512,7.392438758068795,7.405067178905292,7.412933462723973,7.4179717542521155,7.421455713175459,7.424149216358947,7.426482575787389]}