{"timestamp":"2024-05-11 23:30:19","trueValues":[7.188617592658245,7.227886817184356,7.254518052479003,7.269662695403332,7.277017601668724,7.280880575348299,7.284501415477434,7.289297573455137,7.294959671177443,7.300077433541569,7.303044433347891,7.30312576470512,7.301189493667849,7.299328440846575],"predValues":[7.2609448244325,7.306049972522836,7.346748343152917,7.381951797183882,7.408061554952773,7.422742130721154,7.427248578962327,7.4250459875984465,7.419599710340419,7.413344637918847,7.407643203461673,7.4030929000768975,7.399837519477789,7.397792275053383]}