{"timestamp":"2024-05-11 23:30:24","trueValues":[7.323300991283867,7.327429753712553,7.327391480132681,7.32143223058887,7.307014519893359,7.281988648643342,7.245957794236395,7.201307410695787,7.153085357944629,7.107532355812042,7.069995010775135,7.04329759408196,7.027353458600306,7.02025370953406],"predValues":[7.235816890302824,7.191947925684602,7.163152106817197,7.157500374856108,7.171794493783281,7.196328124269947,7.222341932300409,7.245237506726305,7.263760856229329,7.278290463988215,7.289703698663779,7.298859589493144,7.306439353040283,7.312932572181058]}