{"timestamp":"2024-05-11 23:30:34","trueValues":[7.052934030969718,7.095835790329927,7.169653565409195,7.268701071709049,7.383955312774678,7.50467549946577,7.619733588434556,7.718920102250195,7.794667237859258,7.84395191402936,7.869238258253507,7.877383088681255,7.876811377081918,7.874585130519367],"predValues":[7.131806310690825,7.0895211812285535,7.066790130038358,7.071302957209509,7.098192804957041,7.13563925024175,7.1733156027944425,7.205925756000335,7.232150068720093,7.252608626105392,7.2685128932746785,7.2810450985839985,7.291158892065159,7.299560474424549]}