{"timestamp":"2024-05-11 23:30:39","trueValues":[7.545129344446668,7.658546985255943,7.750449824190952,7.81202563527493,7.839413305349545,7.834912172883356,7.806167917033279,7.763616467244399,7.717766313290305,7.677360044495497,7.648025206044897,7.631142836278882,7.624012787295238,7.622088476751676],"predValues":[7.292373015071097,7.310771443862039,7.330064251793739,7.349910431901087,7.366301624058744,7.375732340454691,7.378012010555814,7.375333657331025,7.370269318505469,7.364720978367783,7.359772789225589,7.355899715573548,7.353200630826328,7.351586495752979]}