{"timestamp":"2024-05-11 23:30:44","trueValues":[7.850510517202416,7.82703552330346,7.789100824086633,7.746365980060865,7.706590959545196,7.674359821095535,7.650061945229332,7.630204601994521,7.609827641755199,7.58570199699842,7.558114719573222,7.530515747443063,7.507939916882348,7.495188435855011],"predValues":[7.922624054822387,7.885904010188996,7.842783772477018,7.797334427956584,7.751736241736648,7.707795514156166,7.667536758117114,7.632573045537847,7.6036041981947715,7.580497853290831,7.562621699391892,7.549137704572008,7.539194015890277,7.532021972284273]}