{"timestamp":"2024-05-11 23:30:49","trueValues":[7.686107152228731,7.666839594228197,7.651795419451032,7.635308809132444,7.613291134944861,7.585068356620539,7.553109651638717,7.521571424457987,7.494629216326883,7.47502676450247,7.46325657553685,7.457773353642697,7.456061674098423,7.4558434615354034],"predValues":[7.435050807692471,7.350184725890169,7.290161652678496,7.264674372160021,7.2689269921457935,7.290067297672561,7.31641094954067,7.341327315826055,7.362370874248146,7.379323678032675,7.392818835980023,7.403659827478751,7.41255497954524,7.42005048805891]}