{"timestamp":"2024-05-11 23:30:54","trueValues":[7.588768667585659,7.559659217994303,7.53122779550193,7.507348802704326,7.490354801663685,7.480224529280079,7.474826625574389,7.471033022758332,7.465994997018939,7.458012563516895,7.44696186469512,7.434401219989645,7.423211779440834,7.416573439643044],"predValues":[7.670525021023366,7.651085497702158,7.636649979160456,7.628397238500568,7.622704309283366,7.615868754233737,7.606905028669978,7.596804258837523,7.586943230456766,7.57829233825071,7.571302094149098,7.566043995325442,7.562372123756477,7.560047003779257]}