{"timestamp":"2024-05-11 23:30:59","trueValues":[7.461718456045746,7.45720748939584,7.456917248081811,7.458560354128814,7.460804674326305,7.463578977289522,7.468051138782059,7.4761457351362255,7.489425869985542,7.507719578009334,7.528509042387277,7.547837200222609,7.562154176982206,7.569563038363667],"predValues":[7.465715653043622,7.450499512945783,7.445872662401264,7.454388533922772,7.470751818261773,7.487541693543097,7.500477100384817,7.5088919721816625,7.513855311282557,7.51671732453298,7.518530535379414,7.519965263047113,7.521387764432354,7.522964689080828]}