{"timestamp":"2024-05-12 03:58:04","trueValues":[7.30070469498947,7.216380024869107,7.131657468991323,7.053335371980875,6.987465477866264,6.937441908973635,6.903446996384876,6.883153493812774,6.873006476737974,6.869533149364596,6.870111239893911,6.87284647191101,6.8760401895203245,6.878125568045847],"predValues":[7.535886806485093,7.557963485774978,7.548790850254418,7.5151962155218195,7.464089291687815,7.403629527561351,7.34180068558822,7.284373836877861,7.234284352375452,7.192292122114701,7.157926700009681,7.130179949335017,7.107914294244514,7.090056479769263]}