{"timestamp":"2024-05-12 03:58:09","trueValues":[6.982896569269052,6.955344375958736,6.93729067517539,6.923265268673568,6.907927131539886,6.887093812018341,6.857937583607143,6.818818529724277,6.769595782332718,6.712362427831711,6.651782925873775,6.594748647145852,6.549569476888888,6.524361673240104],"predValues":[6.930780445554673,6.912072107082268,6.886615392269942,6.864294718908372,6.847238523300439,6.833662033995864,6.821968657978738,6.811745891110442,6.803136727737996,6.796308614773341,6.791276436386429,6.78791367713268,6.786010098111549,6.785320907885104]}