{"timestamp":"2024-05-12 03:58:14","trueValues":[6.956948676848368,6.942726055094704,6.913380319305391,6.865512828745547,6.797782944964659,6.711621408799191,6.611381574170826,6.5041261126153085,6.398675888243751,6.3034976016590765,6.22442053170678,6.164006217456415,6.122994880574257,6.102080096801109],"predValues":[6.753095616787926,6.722849920294122,6.690957130922079,6.666906039909426,6.652037551495423,6.643212036081201,6.637357374410165,6.632997907347251,6.62974651357938,6.627607711515285,6.626623495777329,6.626761573032492,6.627918551457371,6.6299461209299615]}