{"timestamp":"2024-05-12 03:58:19","trueValues":[7.030863464821062,6.973804201950722,6.879680166439395,6.743985973200904,6.562300359288168,6.329835007491582,6.043054661659223,5.7036582434754095,5.322962572746963,4.924001201484162,4.539828615234224,4.208304776740086,3.964960641607007,3.836384370740482],"predValues":[6.886800115450573,6.884810952452229,6.866847619843581,6.841179071398213,6.812062445510632,6.781958680208854,6.7531394719315285,6.727499894459815,6.706076523915243,6.689082655768976,6.676204792191438,6.666876537358274,6.660467307462218,6.656377748874027]}