{"timestamp":"2024-05-12 03:58:24","trueValues":[6.291643822131862,6.058379509355449,5.791237629723009,5.499465505393603,5.201075108316965,4.920652661928491,4.683901732341243,4.510649429319821,4.408885856863449,4.3725575889991966,4.38426178760195,4.421115083763528,4.460682636434008,4.48534037780766],"predValues":[6.235074540820508,6.197447359186402,6.168709615160679,6.161939311248956,6.176360344303831,6.202769380204221,6.23209571341485,6.259182643519846,6.282256296407646,6.301342054903788,6.317133361854704,6.330426121669603,6.341904607483073,6.352090828398367]}