{"timestamp":"2024-05-12 03:58:29","trueValues":[4.733011419843649,4.468623483860069,4.284813812410271,4.197546229588973,4.2085949183833335,4.307172028432652,4.474473520962606,4.688100380599148,4.92485102778585,5.162425238023468,5.380680526584786,5.562284809140295,5.692826155899777,5.7612433693858645],"predValues":[5.3026467439199365,5.162184699205523,5.077991594515968,5.068962285578366,5.12721673400627,5.227041207266962,5.340945175039922,5.45000461128284,5.545142431530463,5.624038565791803,5.687828397155873,5.738944490701723,5.780006327446213,5.813346735240286]}