{"timestamp":"2024-05-12 03:58:39","trueValues":[5.175744244477342,5.378838743447824,5.5628596437574345,5.722227973115153,5.853542366451423,5.956308523140086,6.032625908510366,6.085301251752874,6.116165571560232,6.126748615077948,6.120749098538646,6.105289761735371,6.089102562442655,6.079241135378775],"predValues":[5.120973622078408,5.207000004664954,5.289450066737841,5.364811210636008,5.429497215214892,5.481427286804893,5.521215862546767,5.551271852320893,5.574354475578975,5.592773436550786,5.608202606331037,5.6217695272406445,5.634202992029669,5.645963479705946]}