{"timestamp":"2024-05-12 03:58:44","trueValues":[5.824264273898757,5.891607435049689,5.95003059288609,6.006321992060249,6.066348254736912,6.136724729987069,6.225144938942481,6.33758367978878,6.474076701112724,6.626493259290264,6.779947988321831,6.916536294912332,7.019107628447896,7.074159654684952],"predValues":[5.885822675819669,5.84337102970608,5.795503007568738,5.7571756054751,5.734879650467198,5.726849640779065,5.727999974485217,5.7339159004629225,5.7419483022497975,5.750817141230124,5.759999079356903,5.76931750000635,5.778727750668615,5.788224249779966]}