{"timestamp":"2024-05-12 03:58:49","trueValues":[6.1255695761868925,6.193714754888266,6.282085527136343,6.392354900212401,6.518941576173864,6.6504452110995,6.77329556172034,6.875293323135323,6.9481066825317015,6.989028049922286,7.001847041291896,6.995898689086799,6.983014313684907,6.973606720910134],"predValues":[6.335943497418018,6.30123560650977,6.252602511458113,6.203693926368002,6.162428495441694,6.130758968618905,6.107558800286529,6.091091592546626,6.079908929610915,6.07292121050242,6.069285751992084,6.06832000857219,6.069454793636518,6.072219395310393]}