{"timestamp":"2024-05-12 03:58:54","trueValues":[6.785228147611665,6.928688156521673,7.039223584135591,7.1027266294393705,7.110782952213666,7.062304413319616,6.963529872065099,6.826062867870039,6.664099177824442,6.492507689025432,6.326475703491571,6.181802634730621,6.074147028213319,6.016577318050311],"predValues":[6.577098280789281,6.673566174384642,6.730100903158611,6.74779233387692,6.732608088428973,6.695220116669066,6.647675160756268,6.5994674605975625,6.556098444616419,6.519787980445407,6.490767835873753,6.468306028686406,6.451331164435701,6.438752711884037]}