{"timestamp":"2024-05-12 03:58:59","trueValues":[7.204077726827768,7.145294292341947,7.039845795597259,6.89470945704661,6.716703555470937,6.512845312529885,6.2916559155199465,6.06369023435143,5.840588088608516,5.633641247508424,5.453074338440694,5.307979662276469,5.2061673549611776,5.15360550351454],"predValues":[7.1446571967103285,7.12902217354389,7.087322842484659,7.027269469355588,6.95738749407315,6.886189864482615,6.820448612122574,6.764051694815018,6.718204730325914,6.682381722720772,6.655238711189712,6.635204086859245,6.620787040635607,6.610701287867476]}