{"timestamp":"2024-05-11 23:39:04","trueValues":[7.96686618684436,7.942964602003081,7.935408493654613,7.948453139672218,7.984379804889513,8.041812766741103,8.115441566019754,8.197662252402157,8.280894796552426,8.358930639080082,8.426999137727336,8.481393071021593,8.51928285193982,8.538722641049779],"predValues":[8.202172953263315,8.199431076527489,8.19069167666798,8.179421436339439,8.164546568995457,8.144834080628911,8.121466731173344,8.097019747818889,8.073767219102939,8.053038088771045,8.035329647572794,8.020611329802039,8.008583325749782,7.998845091771114]}