{"timestamp":"2024-05-11 23:39:09","trueValues":[8.055833389045443,8.123451109974205,8.196300350851715,8.266709385223638,8.328787802832185,8.37861176437423,8.413941999638523,8.434091710497356,8.439917268300364,8.433781535027144,8.41943027151891,8.401681430430795,8.38579683162894,8.376448243956471],"predValues":[7.873857400924302,7.855125407253226,7.842105479589287,7.8421227558579805,7.852191631040542,7.864864704386889,7.875025542476644,7.881328191084306,7.884479116705013,7.885666660836041,7.885890189174042,7.885806997295571,7.885787594716886,7.886001820448669]}