{"timestamp":"2024-05-11 23:39:14","trueValues":[8.47090956539042,8.521909907936031,8.549863708046253,8.551576184956772,8.525327685460846,8.47126545652548,8.391745449622789,8.291460165118327,8.177212200256829,8.057399150566454,7.941549276914067,7.8401181771121875,7.764018074044305,7.723001022704041],"predValues":[8.391569763259627,8.40858741949894,8.407320138743179,8.390165335509325,8.359297959131352,8.318740190749551,8.27409352825143,8.230463241929911,8.191080791396677,8.15732136763963,8.129311220314598,8.106529403473322,8.088200079757149,8.073516580312527]}