{"timestamp":"2024-05-11 23:39:34","trueValues":[8.574744192850506,8.642462381926434,8.67275804670507,8.673716480934363,8.658059397301749,8.63937311929552,8.629243112700664,8.635817928987414,8.663072438898727,8.710037842444088,8.770295872909976,8.832758355260985,8.884275922712368,8.91334178294887],"predValues":[8.476742299489654,8.520756118976141,8.535577031204053,8.521362383112862,8.482310839572273,8.42689335380519,8.36497414365736,8.304501355882191,8.250134267251596,8.2037169201069,8.16532825370659,8.134169572859593,8.109124830608387,8.089058311628026]}