{"timestamp":"2024-05-11 23:39:39","trueValues":[8.641326400812734,8.618683325698495,8.60926377243001,8.617758912429087,8.644550418339447,8.68527510205569,8.731612978364401,8.773815447525699,8.804213440972742,8.820006874233652,8.823748648243631,8.821123452768665,8.817423141803545,8.815311184403111],"predValues":[8.539577683455668,8.45674807504905,8.374005379563394,8.303925391662869,8.25017174346522,8.209897305889971,8.179162292309055,8.155214991802929,8.136400603619627,8.121661288537693,8.110219348677226,8.10144326997034,8.094801209130063,8.08984052791666]}