{"timestamp":"2024-05-11 23:39:44","trueValues":[8.694989149258188,8.74960262405921,8.800962844571119,8.840560318202382,8.864424692618787,8.873630285944236,8.872147450512948,8.863448184754553,8.84846328086844,8.826511256501888,8.798137775956821,8.767158236726722,8.740239418005538,8.724489042521988],"predValues":[8.355260362243612,8.333318703638275,8.311078830056434,8.293182476212564,8.278109330461746,8.262557499173779,8.245368940768788,8.227470992192423,8.210288812717412,8.194840373252848,8.181586551489694,8.170576518346532,8.161625816431478,8.154448457050492]}