{"timestamp":"2024-05-11 23:39:49","trueValues":[8.995554761457548,9.011557902041504,9.009124871832146,8.98403494549359,8.930572867553717,8.84506517171106,8.728779404510131,8.588484939602033,8.43505253682539,8.281347169003412,8.140339061303951,8.023756673859015,7.940994841583421,7.898209763484073],"predValues":[8.875022487412078,8.845033011272417,8.799323193777855,8.744892050058722,8.687443140882186,8.630999710543536,8.578642782222463,8.532439129232053,8.493239807146956,8.460915908423857,8.4347657507651,8.413859870915047,8.397248339884378,8.38406654687223]}