{"timestamp":"2024-05-11 23:39:54","trueValues":[8.77930823781482,8.679081426835163,8.56747433898483,8.45654527823348,8.359023133564772,8.285923785474349,8.244752310870853,8.238077292225686,8.262498228282727,8.308977504205966,8.36523461663149,8.419054977805166,8.460569585683764,8.483042024421076],"predValues":[8.916176685746883,8.903957048006518,8.878108029000504,8.841715170317269,8.797280607240939,8.747897323444917,8.697540721249652,8.649876293294128,8.607224109569334,8.570503533358444,8.539662204277885,8.51413611860204,8.493155552113489,8.475931909593616]}