{"timestamp":"2024-05-11 23:39:59","trueValues":[8.31689641419697,8.270993368281804,8.254369345179924,8.262887608800174,8.287258044994886,8.315650928118638,8.337218356165227,8.34455492300693,8.334588642281526,8.308672910299485,8.272139715156719,8.233051226980002,8.200326784611992,8.181689411735599],"predValues":[8.524390514331483,8.497771771108043,8.473753770794653,8.458620556786537,8.450249274344545,8.443422490323636,8.435190746974929,8.42540174734518,8.415032265087376,8.40505136598077,8.396063187852093,8.388330329985465,8.381875384424562,8.376595225134729]}