{"timestamp":"2024-05-12 03:25:09","trueValues":[7.742232167645946,7.761594346441164,7.824479432903262,7.939394261736277,8.10288703445551,8.301542329738343,8.515273960236984,8.72148430071329,8.900050484972088,9.038033119340422,9.132170710077954,9.18795232643132,9.215850045115475,9.226508705532318],"predValues":[8.106119025644695,7.946092669791366,7.752340113774627,7.572969652761019,7.430823969215364,7.32612154148943,7.251027448836933,7.197454536988678,7.159160225594304,7.131724447756099,7.112080001309327,7.09807931316117,7.088195958525487,7.081327977248467]}