{"timestamp":"2024-05-12 03:25:14","trueValues":[8.427653243838897,8.642998477833391,8.834966262399849,8.979134332537487,9.059198409009609,9.070266915677577,9.018811277004737,8.91978503380481,8.792589435819135,8.657209404882092,8.53107111454038,8.427129108425651,8.353741113753696,8.31583565129927],"predValues":[7.9562532420923695,7.988226565455392,7.986997292490756,7.957280781396431,7.905871655754687,7.8416581571245345,7.773573976941082,7.70836244155802,7.649822469566383,7.599366993956448,7.556932225428428,7.521724252988728,7.492676732175916,7.468709763302355]}