{"timestamp":"2024-05-12 03:25:19","trueValues":[9.08930376904388,9.050131291622446,8.964102384042782,8.849217057760917,8.723605560719943,8.602450012057808,8.496209199052021,8.410719045266806,8.348674648618147,8.310759086191254,8.29523356798945,8.296793482157982,8.306621552733848,8.314860738167532],"predValues":[9.340760657225047,9.323272820688562,9.2155752195489,9.059997369989436,8.888460234989617,8.719485835108728,8.563237134746508,8.425005456320257,8.30664494214377,8.20761125685887,8.125958029455816,8.059150432634343,8.004589849794394,7.959895345321433]}