{"timestamp":"2024-05-12 03:25:24","trueValues":[8.572001518748433,8.47099940198762,8.396028635314707,8.350471114773384,8.335192780108255,8.34791449279569,8.381858373944619,8.425630325669417,8.465596714084445,8.490328622977946,8.49510378364447,8.483794738158558,8.466558603567478,8.454493389090345],"predValues":[8.544031239735766,8.443049057131136,8.324872202980284,8.21758205599301,8.134111896701036,8.071971816102696,8.024707400214584,7.987351057315822,7.956891932456482,7.931577148836181,7.910310593653586,7.8923289216212495,7.877041815927397,7.863968464724888]}