{"timestamp":"2024-05-12 03:25:29","trueValues":[8.600666569551276,8.672089588001057,8.730399121147212,8.751205596005097,8.712508348867072,8.60063228280264,8.413900536593662,8.162354609181541,7.864530873718007,7.544363075482982,7.230071334913298,6.953435746951373,6.746524521543661,6.63568210792452],"predValues":[8.274026549486656,8.25486716750701,8.225473589742855,8.195538600296763,8.1678660046831,8.141245400938418,8.114990256723763,8.089606899606192,8.065912895777968,8.044492448909637,8.025586629396642,8.009161416279099,7.995018265361418,7.982878630034536]}