{"timestamp":"2024-05-12 03:25:39","trueValues":[7.705832930032733,7.377467143620137,7.04408672087807,6.7194241691068335,6.411984994066722,6.124735265303434,5.856645981674789,5.604700573772755,5.366277567164851,5.141965019458487,4.937686830293841,4.764765666830217,4.63763834332947,4.5699043730465645],"predValues":[8.126938524151287,8.061240329568601,8.004403531881266,7.972760583933389,7.965742166224372,7.972677923632416,7.983696727804299,7.993657426965972,8.000963693890277,8.005696594145691,8.008471694475155,8.009935658905258,8.01060172551053,8.010827114369775]}