{"timestamp":"2024-05-12 03:25:44","trueValues":[6.27721760619638,6.052576676490489,5.835617174528273,5.615927091852067,5.38538611704623,5.1410593442958925,4.886345281441558,4.630075623485867,4.384184567664435,4.160894260098948,3.970557986545311,3.820981912729516,3.71787096158607,3.665234888631243],"predValues":[6.158024242974555,6.035058407142227,5.985065669744494,6.029264079517239,6.153545038080167,6.321293487355785,6.496162417220079,6.655169340326195,6.788973376875385,6.8968487906882014,6.982008569058273,7.048792776469824,7.1013511726627225,7.1431709060253015]}