{"timestamp":"2024-05-12 03:25:49","trueValues":[4.809540273387441,4.5375330185729,4.302284073665725,4.127846452494051,4.0367448669668295,4.045786435410484,4.163059773932327,4.385955767276712,4.699318410050287,5.073869941936321,5.46687661528764,5.826972661252196,6.102693404339682,6.252287418896042],"predValues":[5.456759100763991,5.460475226159683,5.528025569640546,5.659293715734471,5.831966698953612,6.015651841625909,6.186611816357031,6.332927592481859,6.452047996692053,6.5464556287986815,6.620454671804843,6.678469179439487,6.724340463599135,6.761155394815958]}