{"timestamp":"2024-05-12 03:25:54","trueValues":[3.613326943954606,3.627149287852109,3.7756984868357137,4.064677769436652,4.487296353550671,5.022663579886555,5.637545285549737,6.291120749873612,6.940522666364577,7.545330812318495,8.070551706816197,8.488212147168777,8.777772510422459,8.925851396214513],"predValues":[4.161546439242078,4.202374298828365,4.342223359934244,4.545595001816962,4.776595724711574,5.0063142494568815,5.215512288038348,5.39469470351196,5.541938613948682,5.659834462944536,5.752916074981851,5.82605529138464,5.883673773783109,5.929461467381161]}