{"timestamp":"2024-05-12 03:25:59","trueValues":[4.93935674778091,5.474670936802498,6.038894536158143,6.596902067591147,7.119275434325251,7.585126298567846,7.9830705295113935,8.31046193436975,8.571314189043232,8.773521750957933,8.925890201371883,9.03565218372589,9.107281720033727,9.142792160069916],"predValues":[4.580490639252863,4.8411938861088775,5.164261373149512,5.469587594081381,5.711912180184668,5.887682133908448,6.010935686061687,6.097335236051984,6.159069723019182,6.2045481714076445,6.239315333206944,6.266980486735632,6.28989453347959,6.309598782394913]}