{"timestamp":"2024-05-12 01:45:04","trueValues":[9.342976803815134,9.217257130753271,9.096934032453351,8.990428228064701,8.902762593368013,8.835254908981383,8.786293166141451,8.752542247624376,8.730357392313604,8.717010278699508,8.710842119198897,8.710205289356027,8.71251818305079,8.714721040203418],"predValues":[9.69311627034363,9.656450712403808,9.60275553773096,9.541002179762575,9.478099551243035,9.417114854337084,9.359792726393872,9.307601384463496,9.261433347165465,9.221489019216612,9.18743775941304,9.158651774729352,9.134386325090542,9.113900923041584]}