{"timestamp":"2024-05-12 01:45:14","trueValues":[8.828917973625085,8.826433911975897,8.81118694038316,8.77630190127363,8.716889876396163,8.631725579617356,8.52360218490162,8.398534757430074,8.26456898842705,8.130837379311991,8.006973709085168,7.902637804044257,7.826840434361612,7.786859693354131],"predValues":[8.713289502000709,8.674227326910152,8.6579995948332,8.67350225520258,8.7116934405623,8.75662051019073,8.797189175911246,8.829345627722404,8.853212660026301,8.870426468362457,8.882788303083595,8.891790036438476,8.89852884438343,8.903765680107158]}