{"timestamp":"2024-05-12 01:45:19","trueValues":[8.616597947172972,8.516676261677292,8.403878440230944,8.286242731973282,8.172365808205544,8.070683538035755,7.988895289948156,7.933243910081854,7.9074775513768145,7.911528171913262,7.940237609437205,7.982887135274508,8.0245981610387,8.05028983310524],"predValues":[9.023811826530505,9.03091476506174,9.039159532059154,9.052237401670398,9.06562039676562,9.073482427964317,9.074040584337448,9.068870461589746,9.06043804773546,9.050762274112834,9.041128495112568,9.032218193087378,9.024311509378832,9.01745841227176]}