{"timestamp":"2024-05-12 01:45:24","trueValues":[7.883841755284646,7.779798483656506,7.72025755123572,7.71657823758178,7.775897767974557,7.898771109322195,8.077385667133331,8.295500154104808,8.530925462305866,8.760008785164395,8.96218126296421,9.122692151707168,9.232900924948428,9.288733572741624],"predValues":[8.387126041163244,8.331216580421557,8.302273514587146,8.315612122961268,8.364420239904215,8.429096476746569,8.492689890225046,8.546853384673824,8.589740791441582,8.622564638801759,8.647421468407341,8.66633499579406,8.680946200698923,8.69248674818531]}