{"timestamp":"2024-05-12 01:45:29","trueValues":[7.975624191916308,8.137137370032162,8.323820211111304,8.511992798129212,8.677975214061364,8.803205038458618,8.87750282801878,8.899762104179302,8.876586388411845,8.820164752750623,8.746311096190224,8.672251719138014,8.613602507970494,8.581523666474073],"predValues":[7.762722619681139,7.7250704539046176,7.720348450987916,7.765812945467049,7.853406817201476,7.959329215285829,8.061917027723837,8.149851906423372,8.220395164113597,8.27515801219162,8.317164595044822,8.349437196539345,8.374506657144217,8.394325726799156]}