{"timestamp":"2024-05-12 01:45:34","trueValues":[8.910459038176015,9.011031640318263,9.052506911461997,9.0362767872863,8.968884455216783,8.860623381929006,8.724087701510829,8.57208922903564,8.41588252329578,8.265079568614091,8.12880834800128,8.016260102190348,7.9358683081905745,7.893987974993198],"predValues":[8.901185402930793,8.975283053562872,9.018492330505804,9.03207094612037,9.019834032111314,8.9888738954599,8.947927543926902,8.904532746437091,8.863554500254198,8.827355933146562,8.796627830073124,8.771142675864642,8.750266032776992,8.733241997607701]}