{"timestamp":"2024-05-12 01:45:39","trueValues":[8.751361879789574,8.618756683393249,8.485801443214344,8.367143245638854,8.27471308182561,8.218167322818552,8.204675620124942,8.23737321782929,8.313454981473484,8.423035695900598,8.549454127583873,8.67154153160039,8.767707356282386,8.820577522677992],"predValues":[9.024518824603138,8.936917510783738,8.854636224566537,8.793326202231668,8.755204919312966,8.733272031736352,8.720055154609323,8.711043852859472,8.704166303187483,8.698617431472298,8.694103541146152,8.690490143101991,8.687676503403905,8.685555774974752]}