{"timestamp":"2024-05-12 01:45:49","trueValues":[8.634885276266786,8.800714597879448,8.940887863117954,9.032454213496589,9.058776868053515,9.011579696718933,8.89157926596043,8.708189281694022,8.478618502269626,8.226414481914707,7.9791482849407664,7.76488321642266,7.607890041774182,7.525182961980906],"predValues":[8.303902799619195,8.350061800099756,8.395944911858738,8.444715818376809,8.490653948406859,8.52633980901746,8.549230067668372,8.561351097782818,8.56622805554025,8.566946482529097,8.565631094009747,8.56355608124544,8.56141010288512,8.559516889625204]}