{"timestamp":"2024-05-12 01:45:54","trueValues":[8.968992365448921,8.879471791072191,8.739923395182846,8.567070340086183,8.382126289003722,8.208064160887353,8.065802593447087,7.969857373426853,7.925123798007773,7.926300976377584,7.95991448211137,8.007898653932074,8.051953404885923,8.07777451607328],"predValues":[9.227030183058073,9.23321455567238,9.2188024265406,9.187605206324982,9.14413917745041,9.093608483624475,9.041517609841264,8.99232914919834,8.948646768281993,8.91140737243284,8.880474080445088,8.855169396797253,8.834623394913496,8.817969071894218]}