{"timestamp":"2024-05-12 01:45:59","trueValues":[8.08652295275026,7.915272338021984,7.798539514145052,7.7470772307534865,7.761894953516409,7.83564309194341,7.9553325498654495,8.105632366445073,8.271898910550025,8.441452464115228,8.602404030604212,8.741741390226764,8.845375081392522,8.900848648585669],"predValues":[8.618438800049312,8.505091593258552,8.421126003738237,8.383437159114337,8.38702557301608,8.414093765014265,8.448420116173166,8.480905614455725,8.508173679593241,8.529855662590695,8.546752384949162,8.559922749045096,8.57032572068529,8.578719063593457]}