{"timestamp":"2024-05-12 04:31:04","trueValues":[2.128092835652377,2.10233152693357,2.160533149847588,2.3117700046622005,2.5593483705219717,2.8987136914221394,3.3153520411400152,3.7831907394372086,4.265974323801977,4.723288468718056,5.119144131671091,5.428426020108788,5.637993272486363,5.743199635680611],"predValues":[3.0291875278393467,3.115438103235768,3.275358276483828,3.4737895782983483,3.681298894838746,3.877180219394299,4.049458373426636,4.193562654264488,4.310058029117684,4.402249057809815,4.474390895702141,4.530656876750692,4.574680787903747,4.6094281152176455]}