{"timestamp":"2024-05-12 04:31:09","trueValues":[2.9665444420333147,3.340621640672968,3.746162977879535,4.147312089559859,4.5067024767779005,4.794675007662021,4.996179525111728,5.112022986610543,5.1550923257770656,5.144820188648621,5.102693668622382,5.049417310570948,5.002853713167054,4.976118388353537],"predValues":[2.614097131796292,2.731108236493543,2.915995275889318,3.1266609002725927,3.336113996382424,3.5290202810219937,3.697557524857785,3.839148507284046,3.95480379034849,4.047544129631947,4.121146183917719,4.179351162414694,4.225478982552624,4.262293631368902]}