{"timestamp":"2024-05-12 04:31:14","trueValues":[4.829584167100534,5.045184093163861,5.174256026823884,5.227644481280256,5.222324453678056,5.177066344162607,5.109849764903439,5.036151926997206,4.96748228064665,4.910515611931783,4.867445508622606,4.837519057640079,4.818916071183103,4.8100420825457615],"predValues":[5.518495780488369,5.871179842053661,6.116846921018578,6.235672033928509,6.250862392517685,6.203965429575219,6.131505702109531,6.056452673818771,5.9899872800117775,5.935929968168269,5.894330573678703,5.863651907312598,5.841906666592855,5.827178647532756]}