{"timestamp":"2024-05-12 04:31:19","trueValues":[4.983245713002503,4.895532834355662,4.821058461395309,4.779065666333466,4.783414169610479,4.841794336116712,4.955899074066031,5.121806404676559,5.329783575862579,5.563643388331375,5.800802303648507,6.014175916702096,6.176120735746507,6.263663443146729],"predValues":[5.3118589819641135,5.2007873919960526,5.123486721148437,5.092925201173503,5.10221558110992,5.135309669180755,5.177776133017106,5.220709521238459,5.259966253693363,5.294285561450412,5.323816485550669,5.349257651721172,5.371426161023875,5.3910730660165775]}