{"timestamp":"2024-05-12 04:31:24","trueValues":[4.562980243896294,4.615228273583317,4.739291941537949,4.938584465346775,5.210875271074175,5.546860091321591,5.930081685427211,6.338472743154556,6.746911775751116,7.129907250078429,7.4639555999470115,7.729611454683173,7.913065494038118,8.006414489557038],"predValues":[4.847899304342223,4.844571595979764,4.8669880197382,4.91825029709606,4.989590522350493,5.0670312638688895,5.139611659426674,5.202128628471252,5.253678090572527,5.295468387831141,5.329370872382397,5.3572198852782815,5.380559924939877,5.400601193989073]}