{"timestamp":"2024-05-12 04:31:29","trueValues":[5.526269436927984,5.862284424198424,6.213943405005584,6.5597576912198,6.880035791785705,7.159330330393734,7.388344016599994,7.565006090260164,7.693844794292842,7.783410286968172,7.843080924298524,7.880934026369374,7.902986253094342,7.913098717631757],"predValues":[5.232673868885303,5.359577564377268,5.472312726126013,5.560635789293626,5.620099576529983,5.653744976913661,5.669276209573571,5.674554907025284,5.6752745300635015,5.674810462907554,5.6748713285311005,5.6761645236898985,5.67885988739463,5.682870240935587]}