{"timestamp":"2024-05-12 04:31:34","trueValues":[7.176426660102783,7.403856511153092,7.576319388366063,7.697874151729361,7.776815802313986,7.822601369602045,7.843836561712246,7.84762538033082,7.839548060245345,7.823877155597777,7.804118154200137,7.783760064962001,7.766725398242746,7.756923109175544],"predValues":[7.257347373713287,7.40456271185948,7.462251894065211,7.440176543719072,7.359243338037361,7.245496384967938,7.122088808234588,7.004609383761403,6.900996158329326,6.8137440909262565,6.7422785462766175,6.684642388926333,6.638479401614536,6.601527057614423]}