{"timestamp":"2024-05-12 04:31:39","trueValues":[7.927942221903343,7.964859481788574,7.974784565257867,7.95881145880256,7.916799560174375,7.8485128489641,7.755113885160346,7.640460858245206,7.511544543897788,7.3779253634236035,7.250725778606691,7.141611789223018,7.061546649595902,7.0191485599152585],"predValues":[8.009013903523343,7.955599933347056,7.824782166288498,7.663990870415228,7.505207874330239,7.362243561437323,7.2394544751231535,7.137019757004632,7.053182809238885,6.985372923044515,6.930855132193173,6.887075738383401,6.851815671348875,6.823233812424505]}