{"timestamp":"2024-05-12 04:31:44","trueValues":[7.845438204714387,7.772359853935145,7.683667743089392,7.585186898402643,7.484282326112751,7.388737649737427,7.305724381305175,7.24068693755278,7.196019543532229,7.170166537694978,7.158151557291429,7.153768435029844,7.152262741766132,7.151616609317044],"predValues":[8.070198739357378,8.072994571209273,8.016203754975535,7.920362458356204,7.806146122355852,7.688919197194322,7.578489553502552,7.480129376907897,7.395724970162799,7.325004962954416,7.266575027504913,7.218616105615375,7.17928495231072,7.146912680035282]}