{"timestamp":"2024-05-12 04:31:49","trueValues":[7.397483694315666,7.310359737089667,7.239022568405849,7.185831329201317,7.149469567801727,7.125548846170512,7.108857844303857,7.0960750002041255,7.087036056424369,7.083581865840926,7.086956851377133,7.0957988456938,7.106076099255664,7.112872051781676],"predValues":[7.735047897757484,7.739982797462223,7.714951344648474,7.667317482399098,7.60491666303788,7.535957772081105,7.4677133212819395,7.405139207656301,7.350612645776238,7.304610460657653,7.266543398643769,7.235364517851837,7.209918700378225,7.189119667605315]}