{"timestamp":"2024-05-12 04:31:59","trueValues":[6.890758507291079,6.847773556052399,6.818164955190214,6.806785475685788,6.821021652665657,6.871242171021377,6.968605639806866,7.120413541748944,7.324900773764765,7.56791860337292,7.8232873703635,8.057286987714328,8.235973308487726,8.332571837253273],"predValues":[7.273479421840562,7.270784855502077,7.257725059525773,7.23864222470587,7.21413410993912,7.185279817546912,7.154820426898824,7.125681474756318,7.099774779591748,7.07788681031373,7.060033514247214,7.045831092438483,7.034733083219365,7.026176280230494]}