{"timestamp":"2024-05-11 23:32:04","trueValues":[6.914948738713893,6.9044803830414185,6.9042823704233305,6.916791717900226,6.944591094747215,6.989420885693471,7.050395216838213,7.122984250530342,7.199872948816836,7.273211240992708,7.336720931015217,7.386498113737421,7.420527313074816,7.437789494963309],"predValues":[7.072470832973101,7.0512505250328505,7.042682027339019,7.052256801236984,7.076051007423622,7.105325777616924,7.13295265756574,7.155763711169418,7.173448762957747,7.18690644469147,7.19725971383558,7.205465941464373,7.2122284046079965,7.218030573001084]}