{"timestamp":"2024-05-11 23:32:09","trueValues":[7.022206459473777,7.07968301068022,7.143641086322479,7.205892532406695,7.258150587313099,7.294363507013188,7.31174263595129,7.310478544660519,7.292985658137797,7.263473804380289,7.227802827939637,7.192896259941429,7.165414766438378,7.150371920604957],"predValues":[6.9277087249812,6.888854130903701,6.868262679143847,6.873432801891548,6.900282249749214,6.937809494813655,6.975915627773658,7.009154637159947,7.036013121835083,7.056999535676116,7.073282817601635,7.086044664390186,7.096258660229761,7.104654661025419]}