{"timestamp":"2024-05-11 23:32:14","trueValues":[7.417236316783326,7.452313521158464,7.457460254496244,7.429894240170975,7.368744488451822,7.275605731833448,7.154817237433835,7.013122331606671,6.859305864087564,6.704222913178945,6.560446349868746,6.440641273840843,6.355246671110933,6.311010918018939],"predValues":[7.301625121427641,7.297488651125231,7.292931968810477,7.289630606757773,7.285817069785532,7.279363453168375,7.270110283656834,7.259448433775007,7.248981141257529,7.239801595229492,7.232411339060468,7.226885325177707,7.223060625078004,7.2206727789559935]}