{"timestamp":"2024-05-11 23:32:19","trueValues":[7.339961427444374,7.248505910974119,7.135409874551268,7.005483562957229,6.864676923129593,6.719999335959909,6.578356923410695,6.444902000383462,6.322433588195095,6.212455120904939,6.1169225379177,6.039239131271364,5.983856330936041,5.954927750588455],"predValues":[7.366675854617492,7.328773050050559,7.297632177049751,7.278578047414753,7.269962770901078,7.266833905746546,7.2653005704529265,7.26377255093429,7.262093297617408,7.26057431491624,7.2595156783285315,7.259076329526252,7.259281784229314,7.260077821532901]}