{"timestamp":"2024-05-11 23:32:24","trueValues":[6.761548496375893,6.633904911453591,6.512700191872871,6.398475616421297,6.290120453916334,6.186818068426341,6.089338582851865,6.000032101312544,5.921960908881257,5.857954061003538,5.809825831680817,5.777619943162321,5.7592500866619085,5.751355097658324],"predValues":[6.905473635596845,6.8394094499066345,6.800661171328779,6.798971286461933,6.829146017359724,6.876648579967038,6.927462073022026,6.973332426921051,7.011320018098951,7.0414790674605445,7.065040708491711,7.083458274072589,7.098022168580111,7.109758070797095]}