{"timestamp":"2024-05-11 23:32:29","trueValues":[6.098415002845247,5.995346245665722,5.910414912725512,5.849976013015856,5.819715166563354,5.823330026445634,5.861154290437205,5.929144381403472,6.0191173282311885,6.120321976018825,6.2211675432064135,6.310176075557981,6.376708846812875,6.412316166848114],"predValues":[6.535721484377095,6.5329885115643656,6.552364777163286,6.597729202178379,6.661366072117336,6.729630457072686,6.791599103927849,6.842477449437619,6.8820238916290535,6.9120234677411805,6.934687805955349,6.951977629873751,6.96542149059252,6.976143408731646]}