{"timestamp":"2024-05-11 23:32:39","trueValues":[6.133110534576662,6.205425407174084,6.262318950759353,6.299315548586194,6.315694780250142,6.314359324680235,6.300391195653845,6.279326374131824,6.255907993236428,6.233465854416515,6.21394181027309,6.198380277695781,6.187465795607924,6.1817971860612655],"predValues":[6.1136869585804,6.1208931560406645,6.144878863021037,6.190793869429914,6.253604136359137,6.321749713743634,6.384840254908793,6.437662712223934,6.479408157631136,6.511477962310085,6.535901954937742,6.554589827676466,6.569093786821063,6.580588884431353]}