{"timestamp":"2024-05-11 23:32:44","trueValues":[6.357823493033562,6.346979843647342,6.324237762224058,6.292697674522087,6.254243092511999,6.209827134648107,6.160269094749545,6.107115730441761,6.053225466827069,6.0027641438646535,5.96022864140072,5.928755931146647,5.909018059954562,5.899806752171006],"predValues":[6.407091158723721,6.380907378788202,6.364495455108114,6.367076795439477,6.388202615479418,6.420040652369144,6.453897221913991,6.484409770311901,6.509675250119242,6.52979187027881,6.5456291586833215,6.558181032360075,6.568310640271808,6.576690826636895]}