{"timestamp":"2024-05-11 23:32:49","trueValues":[6.162690031570819,6.113169069202757,6.066144527660718,6.026042188300519,5.998213441796754,5.987658837675193,5.99700729245329,6.025085747486844,6.067223762876482,6.1168505091666905,6.167004713229508,6.211151161301801,6.243766497388301,6.261003163556881],"predValues":[6.304395303159199,6.296463635308236,6.298036307336724,6.31623473009396,6.349166221897527,6.388582693390647,6.426471278259503,6.458619490619441,6.484154878901504,6.503877998818014,6.519069154773437,6.530931705329372,6.54042461629261,6.548252892320168]}