{"timestamp":"2024-05-11 23:32:54","trueValues":[6.027916397664873,6.031533915434645,6.047207876652827,6.06928535330896,6.090819956445034,6.105366574683863,6.108075094931676,6.096512221190364,6.071470003932276,6.037116143637842,5.999827311081354,5.966170083098341,5.941243218157366,5.9281159118387885],"predValues":[6.0211617752893485,5.982536158219208,5.967465404567132,5.986356738593299,6.035921556104965,6.102604232214356,6.171795555432229,6.234143881515497,6.286026908496906,6.327379252344173,6.359675774826115,6.384764106432173,6.404349414882269,6.419833470039212]}