{"timestamp":"2024-05-11 23:32:59","trueValues":[6.114826527842212,6.125501800055869,6.122740786530107,6.106523420214368,6.079887533616612,6.047785435604645,6.0151343509313895,5.985285211251259,5.959647494300789,5.938269440737941,5.9207469187696935,5.906910886751612,5.897064343857681,5.891856213318857],"predValues":[6.116359464452708,6.132977507307732,6.156995507621122,6.19209663298368,6.235179261587658,6.278929817318151,6.317282735131704,6.347868907013118,6.3710765174304695,6.388404747823117,6.401450324101344,6.4115207940164,6.419574724691953,6.426273930113289]}