{"timestamp":"2024-05-12 03:33:04","trueValues":[9.440077407527752,9.313804362290242,9.189573637800894,9.07263190396716,8.966077726026173,8.871598330957283,8.789792806600992,8.72014552278402,8.661342951508264,8.612017609659546,8.571352196834356,8.539320665735278,8.51671586420091,8.504870457019292],"predValues":[9.762538696878853,9.70603041408542,9.660521001307687,9.638915565469976,9.638007631103012,9.64671805998887,9.656596364638318,9.664103302068202,9.66868284221538,9.670920251905391,9.671602265835611,9.671384850638836,9.67072356823105,9.66989909153131]}