{"timestamp":"2024-05-12 03:33:09","trueValues":[8.87119300311489,8.793156363220987,8.728302313705477,8.675096456119746,8.631759334788494,8.596853298367783,8.569519849197986,8.549534661574853,8.537088837608994,8.532068088138294,8.533196627167019,8.537885938067578,8.54306828709774,8.546290444103208],"predValues":[9.138704329108595,9.091320042494631,9.068953919256966,9.086333313983818,9.135408017042124,9.196379424510624,9.253653710478993,9.30055532472457,9.336371421822236,9.362849828586144,9.382238586256271,9.3965167578585,9.407207844502729,9.415413274765276]}