{"timestamp":"2024-05-12 03:33:14","trueValues":[8.527037770272624,8.492313533356306,8.47203890178539,8.46919070954992,8.486244247270363,8.523904386709358,8.580465827252613,8.65210546353292,8.733441339169534,8.817716572582563,8.897029530049696,8.963423559577553,9.01058458364226,9.034856412211052],"predValues":[8.972010130906323,8.971372237908458,8.98541332594648,9.024348719803708,9.08025950948914,9.137619911012225,9.18601206856281,9.22254420055058,9.24854950334107,9.266596027828191,9.279088630613892,9.287870290884513,9.29422795776324,9.299019597332208]}