{"timestamp":"2024-05-12 03:33:24","trueValues":[8.897262095205168,8.889838615442507,8.844102484861782,8.760998582466083,8.647141327065778,8.513092631973032,8.371046619208293,8.232898930026762,8.108778507868298,8.005868293677617,7.92769822783166,7.874125050194657,7.842143487380411,7.8276247769602385],"predValues":[8.914452514131401,8.927385263085633,8.942992378433413,8.968971102348991,9.00097313089692,9.029965367649917,9.050809584510176,9.063320260930816,9.069592875409828,9.071939258486978,9.07213062638634,9.071313060194074,9.07015156336046,9.068995382301829]}