{"timestamp":"2024-05-12 03:33:29","trueValues":[8.426359649996975,8.285405763202332,8.159823768712508,8.062562097017928,8.002871259742644,7.985037366254813,8.007757254317546,8.064358828961918,8.144040967001565,8.233943479810767,8.321369373055756,8.395505563056458,8.448518192221588,8.475911443859934],"predValues":[8.714111852390456,8.615497847540402,8.549991020857076,8.5377004175207,8.571943311012378,8.630442085747902,8.693147233226851,8.749227596134215,8.795208252364123,8.831386619526826,8.859416966796791,8.881149715445328,8.898192355827057,8.911802334514018]}