{"timestamp":"2024-05-12 03:33:44","trueValues":[8.67725040814254,8.767200762926581,8.84444960496812,8.90704418432744,8.958718035563297,9.007549807704915,9.06167821803881,9.125421270583036,9.19835582964901,9.27676085274918,9.35503776567228,9.425971467034948,9.4808605647688,9.511084466585174],"predValues":[8.602029800045464,8.593896398533927,8.594769248786006,8.61504706982191,8.650046398093558,8.68792900271556,8.720243598832441,8.744403264549106,8.761246031791504,8.772644913874615,8.78036049547255,8.785721986119611,8.789627751787794,8.792652161963925]}