{"timestamp":"2024-05-12 03:33:49","trueValues":[8.940028833880827,8.976646018268314,9.0270709281721,9.094221924057424,9.17804159555448,9.27656682696233,9.38571191362965,9.49879971060128,9.607435014447804,9.703807888565358,9.782779573278631,9.84221525335477,9.881764087644946,9.901526544296324],"predValues":[9.050322659521804,8.965667348197545,8.898184382164583,8.86271141834202,8.855438109222604,8.863343995564902,8.875818258926916,8.88760758468247,8.897073650982048,8.904220444656886,8.90956333009151,8.91365488209532,8.916933120526853,8.919700778771343]}