{"timestamp":"2024-05-12 03:33:54","trueValues":[9.352414962296056,9.463484359506936,9.56920608708571,9.65853928039432,9.721543971793515,9.751942231029307,9.747980915512562,9.711751782698778,9.648339371358444,9.565662059905067,9.474651739589572,9.388713731762106,9.321725930168736,9.285068877468884],"predValues":[9.206806848715736,9.174298226812002,9.149279531858213,9.138981280985169,9.139549005753269,9.142834686269776,9.143842557206405,9.14155730554155,9.1368501867948,9.130923629267128,9.124711083045414,9.11878505709524,9.11342888222316,9.108739305533852]}