{"timestamp":"2024-05-12 03:33:59","trueValues":[9.751729600030018,9.76501106382308,9.750502187586626,9.71221744458722,9.656152497427303,9.590380413572364,9.524516366810236,9.467851268654826,9.426657733585152,9.402274273741735,9.391361519280748,9.388301759200983,9.388191722658853,9.388471864000415],"predValues":[9.862445498204584,9.859360222404906,9.836202580272388,9.798543503988387,9.751959241509253,9.700810323052886,9.649116006083348,9.60023958143188,9.556271743398987,9.51805610547435,9.485567151938053,9.458296694701794,9.435534546227952,9.41653862432901]}