{"timestamp":"2024-05-12 02:11:04","trueValues":[8.649894101140319,8.600775542938411,8.551734063473745,8.51509907124007,8.499337532629054,8.507333255568552,8.53640257105879,8.57954938764568,8.62748651485779,8.67128451388,8.705121282163038,8.727628273437734,8.740644745847932,8.746531700851985],"predValues":[9.106344548904364,9.11005814930694,9.115634397263282,9.131787974279234,9.15413017652948,9.174266863739607,9.187894916061513,9.194943102110429,9.197086954160756,9.196149251453894,9.193533358585146,9.190174851951385,9.186632419503235,9.183209591992188]}