{"timestamp":"2024-05-12 02:11:09","trueValues":[8.358506971813998,8.367482923660218,8.40455460680868,8.466644984910937,8.550828521205524,8.65622651808788,8.784305332086852,8.936446533120314,9.110048580911972,9.296047015962152,9.47938331090124,9.6414783005889,9.763319052646242,9.828897642291828],"predValues":[8.415056186074795,8.3871247122195,8.384940194490557,8.426512478527714,8.502863220386008,8.591193061166722,8.673341718798117,8.741388422767944,8.794440920245439,8.834638013294697,8.864821515221209,8.887576487398825,8.90496013474566,8.918504463611594]}