{"timestamp":"2024-05-12 02:11:19","trueValues":[9.446167690924876,9.69567209495508,9.931764798705151,10.134087978725717,10.28456640534474,10.370567139316996,10.387657887462314,10.341424466132004,10.247465485433874,10.128618046269017,10.009456976380209,9.90994460555816,9.841430113389896,9.807307622201565],"predValues":[9.189615100845757,9.251726210470444,9.297343001902815,9.330044054860906,9.348335636574705,9.351298117972291,9.341813712249026,9.324742100893644,9.304416172094152,9.283729833750863,9.26427462889346,9.246749050354596,9.23133170817368,9.21792319735854]}