{"timestamp":"2024-05-12 02:11:24","trueValues":[10.455850243666651,10.50783267564023,10.494491143589867,10.426405634462672,10.320358049877488,10.19421152008455,10.061169898562186,9.926634544269817,9.789940453757172,9.64994898802306,9.510654951966613,9.3833655305525,9.284482015910848,9.230102700997792],"predValues":[10.511725417659704,10.524394504174818,10.481089543282208,10.39708913543576,10.291218034579984,10.177937806554,10.067042766762537,9.964773103457212,9.874356555207232,9.796696803759566,9.731209645443675,9.676546999724067,9.631082239456184,9.59321531637038]}