{"timestamp":"2024-05-12 02:11:29","trueValues":[10.256347613851656,10.149246442664996,10.039327379160266,9.92223733520453,9.792369231346546,9.648739649214605,9.497618545400227,9.350936645273505,9.221681450270967,9.118988119699562,9.045696872132282,8.999115267540635,8.973494295281359,8.96268945105251],"predValues":[9.898462000019078,9.768954305704888,9.638559408546168,9.543095000373077,9.49034975468955,9.467059749759976,9.458831461665005,9.45672003584207,9.456372384158232,9.45604440084183,9.455229492537056,9.453917027693947,9.452249469082028,9.450379379443284]}