{"timestamp":"2024-05-12 02:11:39","trueValues":[8.986853369389161,9.044504543803772,9.157607224945348,9.315468731437171,9.504079338313613,9.708126424160907,9.913138323167471,10.107131683790906,10.281272219588262,10.429536625927197,10.54810658163798,10.635237980948954,10.691376285803624,10.718522885482798],"predValues":[9.169040925354594,9.153949971757584,9.15585248762372,9.187257023063646,9.239548301563689,9.295462812291609,9.343337213358929,9.379565814595214,9.405072497692371,9.422230224602464,9.433405578347577,9.44049363270886,9.444870110251715,9.447486003120463]}