{"timestamp":"2024-05-12 02:11:44","trueValues":[9.973884341776728,10.194290193554288,10.373358984337656,10.492445633376713,10.53709654849482,10.498065470687909,10.3730469483462,10.168742578989766,9.902067690189517,9.59958733584156,9.295020539813088,9.02496375496915,8.82330983101885,8.71569196650392],"predValues":[9.67750224448837,9.746610508722146,9.792569104485878,9.815751199183314,9.816731959667532,9.79905647627417,9.769196705044076,9.733833511974897,9.697874420530209,9.664152207198038,9.633951694791584,9.60760033504975,9.584914733735651,9.56548504459816]}