{"timestamp":"2024-05-12 02:11:49","trueValues":[10.613827102475591,10.550344522905494,10.408519646380014,10.197570558295812,9.934257897171811,9.640836686548546,9.341619154884675,9.058657263116418,8.80789036252794,8.597617706810226,8.430100626640709,8.304896849540869,8.221433866545121,8.179655596227404],"predValues":[10.711423136416553,10.705329131976942,10.651078990395952,10.56298224634821,10.458770198864386,10.351008276847438,10.247483559068812,10.152944627320124,10.069729891016046,9.99832627514495,9.938040071071658,9.88757901389799,9.845450434008946,9.81020790903186]}