{"timestamp":"2024-05-12 02:11:54","trueValues":[9.579792452962792,9.300924239508335,9.051439503845568,8.848040145179857,8.698290511310892,8.601734508745203,8.552814494738879,8.543174868386131,8.562282155770951,8.597621427852713,8.63637794588179,8.66859154227401,8.68955509828262,8.699276587570093],"predValues":[10.090502876491543,9.988254476286148,9.884614406190408,9.803894894662983,9.753075554255515,9.72402324924522,9.706820338247775,9.695136796414369,9.685867679577882,9.677734012277597,9.67030255885246,9.66346115645035,9.65719066828133,9.651480994372934]}