{"timestamp":"2024-05-12 04:37:04","trueValues":[8.31109530895888,8.07883846843597,7.875526820057466,7.715541927248998,7.608766613068749,7.560442231649184,7.570956568775255,7.634953715363632,7.740657635096214,7.870714714754817,8.004876635854684,8.123632377901098,8.211316086232724,8.257621004736546],"predValues":[8.646105282521745,8.564839840903645,8.466121115286441,8.368162013914194,8.282129119503296,8.210380244047105,8.151368497025798,8.102993084166403,8.063408368395098,8.03106586445956,8.00465363909418,7.98305963217268,7.965346406776945,7.950734670294584]}