{"timestamp":"2024-05-12 04:37:09","trueValues":[7.4525891440912915,7.42978526678384,7.465782631808398,7.554476337386645,7.684961868508813,7.843686656857748,8.017311828270579,8.194823362772905,8.367856622641467,8.529437045310846,8.672431923909912,8.789051787568471,8.871733351641833,8.914621024198338],"predValues":[7.684343378089633,7.654458091139624,7.631605042913586,7.6259153031613724,7.634724871250647,7.6492095607109345,7.66259175843991,7.6723273345310865,7.678479015129254,7.682001247632469,7.683885158286166,7.684884523982822,7.68549158548579,7.685995786742854]}