{"timestamp":"2024-05-12 04:37:14","trueValues":[7.94025701201589,8.099672319535014,8.246846726213844,8.371086221731911,8.464568377414135,8.521474545964988,8.538159434690414,8.514594604194258,8.456190716042165,8.374548651766576,8.285769096422367,8.206255734238404,8.148269134422417,8.118219855814207],"predValues":[7.879009184248314,7.9862496287395075,8.055760562928185,8.087163769424366,8.083656421091101,8.053863097048284,8.009217231916411,7.95975314834066,7.912004199562919,7.869244105605987,7.832561005608722,7.801846191972739,7.776447419107718,7.755535691905186]}