{"timestamp":"2024-05-12 04:37:19","trueValues":[8.652765948574459,8.706155731974576,8.7118276638806,8.668528284551723,8.58043951416645,8.456151113518548,8.30539865869919,8.135803642089126,7.952551602183504,7.761465970475344,7.5728558951764,7.403108847401844,7.272769500091687,7.20148548915769],"predValues":[8.36640621343757,8.36075713936397,8.324858381965331,8.268089626197769,8.199612610243133,8.127507046285634,8.058209540462492,7.995904936628452,7.942440200801085,7.897943708946213,7.861597097505323,7.832204317107416,7.808518818519163,7.789408341669354]}