{"timestamp":"2024-05-12 04:37:24","trueValues":[8.556966912366237,8.438312435833234,8.296090205127834,8.130124533886876,7.940104183485152,7.729921364364637,7.509984895518006,7.296237051905669,7.10622972515265,6.953712964616694,6.844319631257705,6.774854678522623,6.736564353959485,6.720213561691693],"predValues":[8.256652204746038,8.130175299537957,8.002503673902623,7.898210826639069,7.826109781090307,7.781049019721072,7.753948135706747,7.737564385634064,7.727413647516776,7.720997772901994,7.716966554944231,7.714564622018518,7.713334285898885,7.71297387635509]}