{"timestamp":"2024-05-12 04:37:29","trueValues":[7.714644358643251,7.506464257747285,7.309478381597616,7.1410124355937725,7.013888068992859,6.931951776572004,6.889264774521077,6.873355457365557,6.870399354897947,6.869546173013302,6.8649857696560606,6.855990415231157,6.845658940764475,6.838729828075158],"predValues":[8.19786478342898,8.189953581311698,8.167998633268907,8.140581194854391,8.111128080410435,8.08039864839325,8.049469609025484,8.020014899849034,7.993417685514274,7.970371674656382,7.950972817013786,7.934952400161139,7.921869480563662,7.91124191743047]}