{"timestamp":"2024-05-12 04:37:34","trueValues":[6.962253820280618,6.911500129694181,6.881532182443198,6.858019978119367,6.830251166978526,6.793426401577985,6.748910772933177,6.703126135905739,6.665411376878801,6.644734208247359,6.6454519707643325,6.663922694095032,6.6887999894342975,6.70602775167978],"predValues":[6.873948166276074,6.857869010109871,6.86798360095728,6.918485855387058,6.999805252121227,7.091286815888896,7.176593043859727,7.248348564034645,7.305531152884573,7.35001408951324,7.384438782509311,7.41128158564825,7.4325558487045695,7.4497922490844]}