{"timestamp":"2024-05-12 04:37:39","trueValues":[6.681161220784855,6.624903045204335,6.578831090539109,6.556756138876093,6.571792738673908,6.631460983905519,6.733506720189716,6.865332358184901,7.008129224165877,7.14337157653088,7.257832969757912,7.3449489533214365,7.402953626772364,7.431900679438012],"predValues":[7.17299665629551,7.236455580666937,7.287008334959046,7.329186883132924,7.362434663547933,7.384810089391818,7.396859888121503,7.4014035467875505,7.401640098774258,7.400020116348429,7.398062316422479,7.396552902116279,7.395811351506261,7.395895340750979]}