{"timestamp":"2024-05-12 04:37:44","trueValues":[6.512740325973986,6.592581139896854,6.711790450443624,6.856898881175617,7.014861387392102,7.177419381080712,7.341626593957553,7.506992379991768,7.671435879066569,7.828831989458699,7.969776839435871,8.084493921439549,8.165229380291922,8.206885653573798],"predValues":[6.215609767568134,6.107138189591061,6.046712446424485,6.056033126278299,6.129333011979925,6.241246554257983,6.363992184111672,6.478739034455249,6.5769703035065845,6.657077570650435,6.72082142056091,6.771095362455201,6.810826793616016,6.842542567681152]}