{"timestamp":"2024-05-12 04:37:49","trueValues":[7.278038762042807,7.439400706360418,7.588204398071297,7.719195459394274,7.824027060452275,7.892680028558825,7.917069601543471,7.894114756226524,7.826925220972578,7.725014372478554,7.604308006802417,7.485795993038938,7.391597005100361,7.339630520451731],"predValues":[7.363864607018149,7.420540868301019,7.452482297014149,7.463813402966237,7.458586401426226,7.441525953198307,7.418140264319051,7.393352273999488,7.370443144347388,7.351027807802348,7.33554827105414,7.323788182060987,7.315240150100838,7.309318110981902]}