{"timestamp":"2024-05-12 04:37:54","trueValues":[7.968340251246929,8.024051965159277,8.03074053903065,7.987039552901864,7.897049861382953,7.770681397984511,7.622847835207886,7.47029253530331,7.327226425319484,7.202626786046372,7.100659590337537,7.022916381222652,6.9702992457162,6.9436759840840265],"predValues":[7.745741642289205,7.787398447148578,7.799002518146003,7.78658779146379,7.756297176671388,7.71496144462094,7.669602999852701,7.62583556653664,7.58696608828919,7.55426875637359,7.527722041901161,7.506660144055379,7.490192936315476,7.477425773751943]}