{"timestamp":"2024-05-12 04:37:59","trueValues":[7.805834883730643,7.670675191666614,7.529528873817615,7.394644273108915,7.272694281875689,7.165361342899805,7.071826826834005,6.990994620876957,6.922564117953414,6.867144240087589,6.82558737179788,6.797805271219584,6.781991903802493,6.775214822277668],"predValues":[7.908379372602547,7.83676392309841,7.760810269631287,7.693921341452587,7.641186195741529,7.601127312841809,7.570510043676749,7.546857502893387,7.5286156236756705,7.514750487789561,7.504460210578991,7.497065436001232,7.491974252512016,7.488681927276781]}