{"timestamp":"2024-05-12 00:39:04","trueValues":[8.861604408201973,8.879793927036115,8.888934402118032,8.890203543395035,8.889106101649958,8.89488222274563,8.918376885012023,8.968116325731852,9.046159876133231,9.14634256618054,9.255815104586762,9.35836118819116,9.437817140005317,9.481173132337757],"predValues":[8.968461851105697,8.988271618154418,8.998476311387773,8.999551161089176,8.990026355476045,8.970258583049684,8.943626018811294,8.914496103486258,8.886265883076959,8.860841860280775,8.83895601731275,8.820627225174075,8.805514742688388,8.793144668516028]}