{"timestamp":"2024-05-12 00:39:09","trueValues":[8.899460699737812,8.906446425430689,8.934825487539488,8.98753538331938,9.060143022223947,9.142488629318432,9.222029633532305,9.287165950699368,9.33009933892072,9.34886934038292,9.347568570244771,9.334408306121304,9.318790559223558,9.308691118334847],"predValues":[9.207401683936244,9.176038079963682,9.1386734976137,9.100881526955142,9.064315374007489,9.028826197071227,8.994964178857025,8.963911016143424,8.936605474792282,8.91340450909366,8.894175224672995,8.878501662137937,8.86585277556776,8.855689811168013]}