{"timestamp":"2024-05-12 00:39:14","trueValues":[9.14387604658879,9.22434996931204,9.290480867978276,9.334366311498943,9.353906037178568,9.35302361853152,9.339738965273469,9.3232611259836,9.31139259518081,9.308596497540163,9.314948848643912,9.326665879859709,9.33830636391576,9.345305644834845],"predValues":[8.963196575985812,8.968244967486422,8.970764113250492,8.972453466539841,8.970323967081967,8.961554533093807,8.946634215873727,8.928220371335337,8.909021386832073,8.89086828105656,8.874690517264439,8.860783918333468,8.849083897597614,8.83935044781643]}