{"timestamp":"2024-05-12 00:39:19","trueValues":[9.40660609877474,9.397161029786345,9.378599938280946,9.356700008509218,9.334144643682183,9.309792546911163,9.279584060842236,9.239145365820036,9.186700461423008,9.124600514925785,9.059026177900185,8.998498106065199,8.951914375163561,8.92657248109085],"predValues":[9.54176924609251,9.501499592714744,9.443666618795744,9.379364878300889,9.31663182300328,9.258835527931655,9.207362347201377,9.16287303164273,9.12539947590561,9.094458476044132,9.069259044740946,9.048902816024054,9.032512687021391,9.01930564407808]}