{"timestamp":"2024-05-12 00:39:24","trueValues":[9.339345066347285,9.317751325214534,9.284337426831332,9.235805464398712,9.172797051957026,9.099742887953951,9.02358643767126,8.952087669427982,8.892163735419725,8.8485350438307,8.82268496166969,8.812243450660876,8.811468144879719,8.81344960000434],"predValues":[9.203540836566663,9.182737551173767,9.16072758485991,9.142516802925838,9.12675074590609,9.1101001439293,9.09144708951671,9.071791479942473,9.052624390089104,9.03503342751796,9.019548574994769,9.006281463794158,8.995098667964074,8.985746625037866]}