{"timestamp":"2024-05-12 00:39:29","trueValues":[8.96701117611305,8.879724024595099,8.81134907152012,8.773917510405358,8.776746300062143,8.824599969607032,8.916145322674488,9.04342916252487,9.19311075447406,9.349097387129657,9.495300867507986,9.617585486776342,9.70497257486396,9.750326235434716],"predValues":[9.38881792095176,9.3639985675598,9.333108599138152,9.302013441802192,9.271962834250235,9.24210306302014,9.21259466451637,9.1846108302775,9.159286478262231,9.137225480508542,9.118522989388618,9.102949895000725,9.090114956306168,9.079580153446416]}