{"timestamp":"2024-05-12 00:39:34","trueValues":[8.882452877682217,8.952847293672939,9.046057281676076,9.148136108659536,9.243895542344143,9.320132792406566,9.367969983049012,9.384299512216876,9.372467128683963,9.341580349727309,9.303635284749264,9.26927464684173,9.244835902938496,9.232508620754745],"predValues":[8.765190868405806,8.702332892396118,8.662403182828466,8.656900292566878,8.679392665460371,8.714403156859483,8.749505611165786,8.778989291315888,8.801755160832219,8.818698927799277,8.831209870008667,8.840557128737393,8.847720401314676,8.853397383206932]}