{"timestamp":"2024-05-12 00:39:39","trueValues":[9.33741916107123,9.391102109461617,9.412555514134835,9.404183700115349,9.37400498238632,9.33285822613649,9.290286842191426,9.251745878837877,9.218967215565048,9.19224109368697,9.171960880552325,9.158398212262703,9.150872138042883,9.147793241173185],"predValues":[9.322458443961285,9.348733256543374,9.3577514688007,9.35054008845983,9.328521616906,9.295153965765142,9.255770983654411,9.215547045941491,9.178008637749588,9.144905712202846,9.11672572586713,9.093232658333235,9.073864632185536,9.057958770283754]}