{"timestamp":"2024-05-12 00:39:44","trueValues":[9.32937001459316,9.29129896574804,9.258871143624038,9.233651512375918,9.215515682869096,9.20414842964713,9.19879544424004,9.197445237394556,9.196922165136307,9.194177630512993,9.187841226734191,9.178910193186573,9.17017212227081,9.164784052748836],"predValues":[9.317385599895758,9.222387916766104,9.13785965246392,9.079391975012044,9.047177315464827,9.032066161922888,9.025383701192744,9.022117689043672,9.020058357815564,9.01844236222097,9.017092155375488,9.016011989899102,9.015227381511728,9.01474258283335]}