{"timestamp":"2024-05-12 00:39:49","trueValues":[9.197757273386014,9.19110245468578,9.18893893426802,9.188385562092371,9.18669992984551,9.182797619431067,9.177893817009974,9.174872330510084,9.176807804181106,9.18541457545481,9.200060067108309,9.217659003341923,9.23351649169137,9.242920097634908],"predValues":[9.257060590665096,9.225939386031722,9.197447363704551,9.1779150801099,9.165483077158996,9.1550508687564,9.14370594178936,9.131244702076051,9.118561794545988,9.106550800973675,9.095763498802269,9.08641677165104,9.078506898477505,9.071904705949596]}