{"timestamp":"2024-05-12 00:39:54","trueValues":[9.124588288643324,9.110370716875895,9.103143389210077,9.108499564082155,9.130665282602992,9.171183182672426,9.228395274073504,9.297815042721238,9.373217184533956,9.447981433348808,9.516055247771044,9.572259468235494,9.612314364303977,9.633127218091843],"predValues":[9.43323122092816,9.430841248496154,9.419602637028758,9.40316413447376,9.38183618209012,9.355499706518234,9.325890839867302,9.295759432535617,9.267389673033035,9.242075420990233,9.2202674541257,9.201880720039718,9.18656490916096,9.173867649038444]}