{"timestamp":"2024-05-12 00:39:59","trueValues":[9.37188558290091,9.437400914824208,9.491369851908637,9.520365278126624,9.511771264712875,9.455989648359513,9.348143205520348,9.189563537828429,8.989399094028144,8.765566693697048,8.543163439469922,8.349540056785251,8.208036253068698,8.133867636840602],"predValues":[9.175066887874433,9.155040237206435,9.138299798632447,9.130876850447285,9.129847716410726,9.129123707858149,9.125427649513016,9.1187372151204,9.110342543268487,9.101529519925474,9.093156111173492,9.085665121068557,9.07921070708515,9.07377107454585]}