{"timestamp":"2024-05-12 00:11:04","trueValues":[9.374081529546064,9.532561792245817,9.699793946876287,9.867433289870394,10.024912060563498,10.159706824674998,10.26033072404583,10.320051861238513,10.33886704678806,10.3232232525929,10.284453179337618,10.236687220079936,10.194427872126328,10.169801481366225],"predValues":[9.613781518199067,9.696175498845893,9.735820548663249,9.736170858234576,9.703809483297851,9.648829485811806,9.582376451181643,9.513721090976354,9.448833552078456,9.39067631588554,9.340163695694546,9.297051697433792,9.260553586405909,9.22969923367664]}