{"timestamp":"2024-05-12 00:11:09","trueValues":[10.268075276617417,10.387232625463737,10.45628773194769,10.470470751177736,10.431420536580893,10.346223016208448,10.226087033187902,10.084811807795584,9.93698382658269,9.796066884424176,9.672858383463907,9.574889713696695,9.5069525146915,9.472120367543042],"predValues":[10.12524890808529,10.171029425387117,10.168008470464724,10.12185584891414,10.043211615939772,9.945545413769045,9.84154014993203,9.74078441934164,9.649035206303616,9.568777635622144,9.50030248018875,9.442703400368966,9.394554705312563,9.354316946584692]}