{"timestamp":"2024-05-12 00:11:14","trueValues":[10.459498991614446,10.360668634722614,10.231579823477023,10.081718558333431,9.91930568530184,9.75037833002954,9.578990834095473,9.408685098370286,9.244537687961994,9.09420012938,8.966644919216776,8.869185234904108,8.805085759647323,8.773826610653161],"predValues":[10.554085765337977,10.49188694542608,10.37632252889024,10.236054111279554,10.097436241800846,9.97166660045415,9.86138234320814,9.766554233300418,9.686204699711755,9.618832036009673,9.562680441717545,9.515965411173845,9.477020980499146,9.44438265368585]}