{"timestamp":"2024-05-12 00:11:19","trueValues":[9.73142280802046,9.576263841529595,9.428820722425415,9.29378834317221,9.177480781293855,9.086382219113656,9.024041999587237,8.988675085475567,8.973582005568566,8.970282504037105,8.972013851948812,8.975120390848417,8.978054167061103,8.97986897264003],"predValues":[9.921250195790332,9.881983629151712,9.822935469071776,9.759299263604692,9.700317550712036,9.647367647691697,9.599487930849392,9.556245164524077,9.517612769840834,9.483533868007356,9.45377031230444,9.427930861693394,9.405541349045803,9.386111128330814]}