{"timestamp":"2024-05-12 00:11:29","trueValues":[8.96532554386619,8.98474353829872,9.00906055095486,9.036535665527932,9.06490648818551,9.092212561114149,9.117790475596069,9.1424987292909,9.167785870881293,9.19410852543822,9.219951165514257,9.2423539675993,9.258484155205332,9.266771979980104],"predValues":[9.261148421626418,9.29271827766829,9.308937770294024,9.316958743164689,9.317597699317549,9.3096915471865,9.294352878475324,9.274518127284184,9.253090769908376,9.232093458728633,9.212646759111196,9.195219522409506,9.1798882957833,9.16651912170303]}