{"timestamp":"2024-05-12 00:11:34","trueValues":[8.994198175682087,9.004929130638683,9.023606106038692,9.055867544405752,9.106305743746994,9.176928472273204,9.26699683726185,9.373806172401984,9.492993821165705,9.617718912728396,9.737910711386256,9.841379081950068,9.916779097452793,9.956289658163096],"predValues":[9.368177829850817,9.381466204151357,9.378579738336011,9.369296268907076,9.35633534634544,9.338827841441518,9.317114495371666,9.29317596589426,9.269153447172137,9.24654173513029,9.226105238211169,9.208089013641445,9.192421298458868,9.178874577494192]}