{"timestamp":"2024-05-12 00:11:39","trueValues":[9.241071802673591,9.319205721249668,9.402724519882728,9.485873872154526,9.561529576433896,9.62090678298523,9.655116984460768,9.658483996334503,9.631405438575102,9.580814144914372,9.518302225856026,9.457151145193126,9.4093384071156,9.38334479903007],"predValues":[9.234706693709889,9.217793492448976,9.195541126795929,9.180846198435097,9.174829804310225,9.171823733557783,9.16742811922499,9.160571301075432,9.1519432667018,9.142586971155604,9.133322106939104,9.12464357270314,9.116784199391937,9.109805649995284]}