{"timestamp":"2024-05-12 00:11:44","trueValues":[9.72195807066463,9.783651891953212,9.80855523458989,9.791986495547826,9.735252823895149,9.644293535019482,9.527426753612996,9.393262440414388,9.249565347940171,9.10368612983576,8.964253883629777,8.842468947209746,8.75125024851495,8.702212755881519],"predValues":[9.600631354048067,9.651991840348725,9.672166269561224,9.666763315869302,9.640831902351064,9.600145492214692,9.551493924844973,9.501122172691009,9.453320597740944,9.410319699177318,9.372861027610147,9.340818067594856,9.313643294308278,9.290640341227745]}