{"timestamp":"2024-05-12 00:11:49","trueValues":[9.666481579795244,9.570922550827468,9.460702614458745,9.34151656042752,9.21777169777155,9.094321329049592,8.977921804264046,8.87669536179898,8.797589453767404,8.743638856106664,8.712911816188221,8.699589155139048,8.696290185185084,8.696516371410578],"predValues":[9.825296204741376,9.780774994532836,9.720447327414684,9.658775832381025,9.603513035665928,9.55522772519248,9.512721725279697,9.47537309025466,9.4429325102707,9.41512197029625,9.391525776727695,9.371627767814276,9.354879355577811,9.340755341450066]}