{"timestamp":"2024-05-12 00:11:54","trueValues":[9.037413299977498,8.916362472082511,8.816627370288707,8.747340761804278,8.713494159337523,8.714543227530264,8.745086075845574,8.796762584968922,8.860280780231403,8.926945116917103,8.989502751640298,9.042246934168825,9.08059706120051,9.100884716420133],"predValues":[9.462396751945576,9.455161450617284,9.44307018884274,9.434353912604402,9.428410876174286,9.420607318500396,9.40860908278804,9.393134861814817,9.37600743482212,9.35883695005207,9.342647757343736,9.327946450052924,9.314885059344125,9.303412553777507]}