{"timestamp":"2024-05-12 00:11:59","trueValues":[8.582028399308635,8.587772625754415,8.625349307526191,8.691427314231355,8.78342982394728,8.899652333425921,9.038428081421602,9.196605876524869,9.368136898383456,9.54355640964153,9.7104297494607,9.854420272713934,9.960968071724944,10.017802211524788],"predValues":[8.732264426588472,8.720177417433913,8.722625597601972,8.753043525205198,8.80517719097702,8.862733744596945,8.913438795842293,8.952894072492782,8.981622646806663,9.001876812643896,9.01601571094159,9.025946110185863,9.033056490802077,9.038300502822027]}