{"timestamp":"2024-05-12 03:52:04","trueValues":[7.126205344380815,7.227149253405575,7.234628548805549,7.169878156902193,7.060105542998223,6.93309174451694,6.8136590385265405,6.721775602170217,6.670514122178604,6.663446400656626,6.693182845907133,6.7430756467352,6.792279257336824,6.822253583517785],"predValues":[7.510970174410959,7.643803417554022,7.696383874213097,7.673362581708872,7.591603836172423,7.476239824353411,7.351768029468621,7.235170757853735,7.134779689427127,7.052694821095519,6.987671729935574,6.937130936137175,6.898261989467224,6.868510128469268]}