{"timestamp":"2024-05-12 03:52:09","trueValues":[6.804122803997197,6.66619784578742,6.567691751169503,6.527125477547732,6.553394841460464,6.643573375885618,6.783706241234258,6.952839316998368,7.128449398789557,7.291010581943155,7.42660510440073,7.527774668073484,7.592950321975418,7.624297447045536],"predValues":[7.277763670687477,7.159428140653407,7.0365481545870425,6.932618906332271,6.856580732042932,6.805589692103539,6.772792955195771,6.752075785357588,6.739224101971837,6.731587991209886,6.727520891770993,6.725966027588695,6.726212679547871,6.727760899011441]}