{"timestamp":"2024-05-12 03:52:14","trueValues":[6.757103976913264,6.889775886285617,7.034873419678895,7.166559252792048,7.263275260184702,7.311115108714639,7.305462579387301,7.251150774816519,7.160860742011114,7.051765889417377,6.941539839907424,6.845359131055478,6.774707963133114,6.737361720206819],"predValues":[6.509122276626718,6.523905446852256,6.541472621330353,6.567231139267295,6.598049078937933,6.626904700273888,6.649278132702156,6.664605771180247,6.674434240439237,6.680679212888343,6.684875884342427,6.688048604640561,6.690805232651963,6.693468967495551]}