{"timestamp":"2024-05-12 03:52:19","trueValues":[7.484206576319256,7.514666498544842,7.483452533638028,7.395226882046966,7.258754725139828,7.083845528280044,6.879580761447228,6.654590984008129,6.418661208761259,6.184154998054626,5.9661896185714,5.781508299667436,5.646571737258286,5.575096225530555],"predValues":[7.544111905115073,7.63576091579468,7.683053505290198,7.68400051060328,7.644882519875411,7.579447987731845,7.50323465865684,7.428192660599168,7.361023856867654,7.304243937972629,7.257879217000257,7.220787599695609,7.191439471807553,7.168319305888659]}