{"timestamp":"2024-05-12 03:52:29","trueValues":[5.871041499009749,5.5932745812372335,5.353507613819453,5.174436829620467,5.076565239193866,5.073919112854907,5.169357207941838,5.35152449751515,5.595703491720983,5.868811265615961,6.136016801653813,6.365973639236293,6.533704413560095,6.62196514926604],"predValues":[6.49444940873206,6.4001850367612025,6.346311384943329,6.345761468021419,6.390198157407742,6.458589456490792,6.531296234598777,6.596968248989676,6.651601259263757,6.6952783244051215,6.729694512161221,6.756858919686584,6.778566949981452,6.79625545702352]}