{"timestamp":"2024-05-12 03:52:34","trueValues":[4.9917167326725975,5.037855433537445,5.168607683669345,5.3650711520326375,5.60175191339012,5.852888924811735,6.097089780142181,6.31927309417942,6.510733355129451,6.668205215315078,6.792188623373377,6.8846769949226765,6.946933225204378,6.978564744236045],"predValues":[5.13823314607941,5.052819207218003,5.038426414217722,5.102980654024234,5.232023085133106,5.396864669306887,5.568241865926926,5.725936789320244,5.860469352830747,5.970101630275186,6.057168442920126,6.125495819809014,6.179017035745567,6.221185351052604]}