{"timestamp":"2024-05-12 03:52:39","trueValues":[5.828352636437579,6.061654425427617,6.273291906372014,6.456057287078013,6.608523414857263,6.733264320850527,6.834406242493374,6.915152598684461,6.976532523460344,7.018281557015659,7.0412220497401545,7.049151325492375,7.048538416636925,7.046127181104993],"predValues":[5.976475776056359,6.157863307886968,6.317885544014687,6.441014574138968,6.521987249449923,6.566448922978662,6.585656412721898,6.590422270782202,6.5884271275370025,6.5842270008291806,6.580171463200874,6.577280346082422,6.575858774957803,6.575862363105917]}