{"timestamp":"2024-05-12 03:52:44","trueValues":[6.797706132016167,6.905614769422622,6.986558872443048,7.038998992642592,7.060287874080114,7.049428277368948,7.009414312767827,6.947426529122728,6.872929398000732,6.795344598980318,6.72283875716666,6.662184036992724,6.618726247569377,6.5961040368719415],"predValues":[6.744733371163404,6.708192202358164,6.666831619059675,6.631150143963433,6.605356807700359,6.588535968029763,6.578025484840554,6.5716274180719605,6.568032625240239,6.566527862237148,6.56668893021911,6.568209906335896,6.57083563338836,6.57433992515101]}