{"timestamp":"2024-05-12 03:52:54","trueValues":[6.806368187349684,6.7582444764356975,6.719773681311914,6.691030754405583,6.67034189106918,6.655186483700512,6.643450847272277,6.634296152492283,6.628051844515049,6.625352892662205,6.626295246672177,6.630013498377862,6.63464938573985,6.637840711250423],"predValues":[6.879877381691236,6.842852743151363,6.808688523129421,6.786363597147867,6.776388279604992,6.774121898941325,6.774946641429816,6.776432400537344,6.777858357176323,6.77925800072914,6.780840506941345,6.782768538527394,6.785112529505803,6.787866898312837]}