{"timestamp":"2024-05-12 03:52:59","trueValues":[6.503786966171443,6.477386302616651,6.4693177535598965,6.485867355812024,6.53313217038326,6.6152787017046615,6.733056208259974,6.8826078295108495,7.054816612679669,7.235694893266983,7.4081625546774355,7.554892828356501,7.661190254365849,7.716869807839554],"predValues":[6.655807499112809,6.659035104787636,6.664983456992733,6.677351139066353,6.693614353941314,6.708841524272241,6.720071896288417,6.727126195478564,6.731199939636184,6.733634298789289,6.735427043902041,6.737179920702426,6.739193536265689,6.741576598190216]}