{"timestamp":"2024-05-12 01:57:04","trueValues":[9.133377390998918,8.946516205669123,8.768579940745717,8.623214226504585,8.52869788679957,8.497924865427532,8.538183089889085,8.64968147014103,8.82315461038937,9.038438181394069,9.266307912824155,9.473824073424844,9.63085100324446,9.715158662884878],"predValues":[9.686002168684931,9.581500411464576,9.487874198280334,9.426487628785722,9.397521970907636,9.38881738937426,9.389222983005403,9.392465074167056,9.395886838523108,9.398685062473746,9.400806056691648,9.40242258386374,9.40372601188938,9.404863587735573]}