{"timestamp":"2024-05-12 01:57:09","trueValues":[8.390679636738854,8.383024920764466,8.448083627616791,8.583152951506122,8.776134985939189,9.006916167327034,9.251939373047229,9.489624151404476,9.704033809002102,9.885846071253788,10.031088459515331,10.138888655112153,10.20973305145512,10.244683208808183],"predValues":[8.85580091086514,8.781713891783022,8.740425470129917,8.750916417846065,8.805073267576116,8.878985663450068,8.9521418903328,9.014489020366696,9.06374658608439,9.10125947855638,9.129438933314596,9.15062229661872,9.166722184307352,9.17918023455567]}