{"timestamp":"2024-05-12 01:57:14","trueValues":[9.167984149288127,9.411916557981977,9.627445186213354,9.7933393602808,9.896332500561204,9.930891948453072,9.898093085235312,9.804983565379342,9.664738537178575,9.496350201489474,9.322672138115571,9.167210704028218,9.050735695237922,8.988502322788644],"predValues":[9.03996434039146,9.177088477100169,9.289011056195694,9.373494667988028,9.426946911744183,9.450530879030278,9.45137555567495,9.438445464608211,9.419035975415651,9.397843043716565,9.37742940462986,9.358958149721664,9.342795004310744,9.328886810647276]}