{"timestamp":"2024-05-12 01:57:19","trueValues":[10.02475577677902,10.029405485155964,9.971296622515386,9.85814237835648,9.702374755630151,9.519620006474115,9.326155033883918,9.136456819446114,8.961594932983672,8.80888255192837,8.682714227458007,8.585849112577101,8.520212315195462,8.487078292365073],"predValues":[9.978347998029292,9.952467615950884,9.903938311405756,9.845568444213551,9.786301274204348,9.72981850713083,9.677955148516856,9.6319444581583,9.592322797750867,9.558958336074998,9.531281222052602,9.50851588411377,9.48984528764374,9.47450980839755]}