{"timestamp":"2024-05-12 01:57:24","trueValues":[9.43696130023318,9.245844837030122,9.06976563809675,8.922401192462306,8.812886925222472,8.746121854600858,8.723473463711635,8.74302435251872,8.799303791199169,8.883010236689103,8.981027280008654,9.077126391714623,9.15401748209986,9.19681106543918],"predValues":[9.85334808090002,9.767370736337686,9.684897550643626,9.622263368760692,9.581694968828923,9.555722092265826,9.53712485349055,9.522009447328625,9.508827388527727,9.497099725761966,9.486701006741756,9.47756956847731,9.46961663752642,9.462725798416976]}