{"timestamp":"2024-05-12 01:57:29","trueValues":[8.60305308672954,8.547863116131696,8.544935187271491,8.595594522851997,8.697790031096318,8.845352755137597,9.027682773872552,9.230565173421244,9.438242402003892,9.635848894882736,9.810944675444397,9.95351801308737,10.055024331105248,10.108110317965131],"predValues":[9.134654240149644,9.11617022738149,9.11615268532405,9.143626205164626,9.189603937718292,9.23809815814854,9.27868941591273,9.308505066210472,9.328775710950149,9.341897169916248,9.35010632122128,9.355112186522032,9.358099652062036,9.35984694729869]}