{"timestamp":"2024-05-12 01:57:34","trueValues":[8.772213804523558,8.928701714759978,9.10851019563212,9.299931252741658,9.492834879493737,9.679861917002976,9.85589752658149,10.016416388986922,10.156339281223763,10.2707703745334,10.356989055279929,10.415736342495869,10.450682247228944,10.46651847247846],"predValues":[8.870390586881324,8.90494578215321,8.948171006421086,9.00500780410842,9.066689399114544,9.121034693067712,9.161982107755712,9.189821352915066,9.2075648782282,9.218436701221824,9.224961815012492,9.228872630666906,9.231276424113863,9.232847235621108]}