{"timestamp":"2024-05-12 01:57:39","trueValues":[9.85687562917822,10.04011517701263,10.18685608224166,10.285675807583528,10.32640314918726,10.30321042293986,10.217132078652863,10.076816882222332,9.897790617638824,9.700663607663376,9.508373952921744,9.342908230317864,9.22236505893368,9.159073315685443],"predValues":[9.739162576394566,9.748181320229392,9.74084342444394,9.721444566801347,9.692790944914718,9.657362899390757,9.618683194310169,9.580362304040884,9.54494595322188,9.5137078015389,9.486967327068369,9.4644815988936,9.44574508681379,9.430174118735888]}