{"timestamp":"2024-05-12 01:57:44","trueValues":[10.319311373783489,10.27205838681159,10.178509783942086,10.05123152565544,9.90608588449857,9.75939228966688,9.624784109257256,9.510671962446557,9.41909976471544,9.34664522013036,9.287765038539863,9.239261781292146,9.2026626705396,9.182523325441984],"predValues":[10.469403875138806,10.431574694055376,10.357994268329064,10.26545300481869,10.169391635115094,10.077449459445218,9.993079605237504,9.91810963593084,9.853217312835458,9.798140568244737,9.75199485720163,9.713600077660091,9.681712869851784,9.655163763280612]}