{"timestamp":"2024-05-12 01:57:49","trueValues":[9.7441732258928,9.619413050215227,9.519654027434004,9.446831631220157,9.39680699917253,9.362566497779593,9.338589694722312,9.323193615641326,9.31691355907734,9.319024984900274,9.326122076079027,9.333851212903166,9.339362608404729,9.341967869723511],"predValues":[9.95500643008239,9.874312434274875,9.797590385534075,9.740806214019068,9.70594110906572,9.68530314427477,9.6714560820236,9.660363654368211,9.650444418251402,9.641265669589613,9.632806676860415,9.625118471503637,9.618224974506704,9.612098012262202]}