{"timestamp":"2024-05-12 01:57:54","trueValues":[9.414791329092356,9.395361639954864,9.378947589964785,9.36406129370459,9.34815117918282,9.326493117172786,9.29428749444304,9.249511127035356,9.193955962696233,9.132334967524905,9.070860687743089,9.016262362900765,8.975116669805931,8.952929156607667],"predValues":[9.826348728187856,9.91358537984348,9.976039356954518,10.011801764724863,10.019921079432695,10.004174159202885,9.97240974579666,9.93292523238377,9.89191349681849,9.853038702796056,9.818027945608195,9.787396323850684,9.761007753683977,9.738416241587064]}