{"timestamp":"2024-05-12 01:57:59","trueValues":[9.178769325149544,9.135790752840844,9.096521528314732,9.068345794599,9.060911683286374,9.083814699797246,9.144585170971418,9.246908523604064,9.388656852969795,9.55993803340422,9.742412109641194,9.911490432922989,10.041575420400246,10.112171038474044],"predValues":[9.577068118284403,9.609489029900931,9.63690248148421,9.66217899152464,9.681113782011288,9.689344727993747,9.686994092296612,9.677269945121648,9.663729603086953,9.64899852745624,9.63465178235674,9.62147716564082,9.609765450200006,9.599531520204248]}