{"timestamp":"2024-05-12 03:34:04","trueValues":[9.604280101995858,9.537520347149226,9.477933699063591,9.431387710164326,9.398969456435292,9.377337973300168,9.361219480399097,9.34648999950088,9.331873213032283,9.318396128719876,9.307515268908784,9.299704269149917,9.294575609447076,9.291906558828508],"predValues":[9.953761475581556,9.924500260614458,9.883919102822736,9.839729065395588,9.796019042449334,9.75337323765452,9.712284423351996,9.673867317555532,9.639118628074296,9.608532721981632,9.582117041362512,9.559568587042955,9.540422760289516,9.524173499323885]}