{"timestamp":"2024-05-12 03:34:14","trueValues":[9.307706636808142,9.28076947866327,9.25155451093852,9.221026546793158,9.191181659733015,9.162874626375224,9.133295528064192,9.096282318440531,9.046045055393616,8.981448820964744,8.907822945362334,8.835774791774643,8.778114314753816,8.746066836329792],"predValues":[9.46601785786346,9.455401723646482,9.450156116894032,9.45570631755296,9.46710280753733,9.476768481187491,9.48110881146047,9.480347592483016,9.476140156584592,9.47013970978467,9.46352848043929,9.457025161326047,9.4510018566937,9.445606876664252]}