{"timestamp":"2024-05-12 03:34:19","trueValues":[9.13336197525147,9.117041482901076,9.100516333213864,9.078152336286191,9.048075681436822,9.01373471189672,8.982513039116183,8.962548051437983,8.958990734819885,8.97131801700364,8.993534766964306,9.01736379147708,9.036026414284638,9.045932360963992],"predValues":[9.055508198016955,8.998003207414357,8.965973005259023,8.972712344781474,9.009937122249427,9.059402003191426,9.107100452106836,9.146881585763737,9.177764643677904,9.20096534358778,9.218232575462508,9.23116745072673,9.241028744896235,9.248740339662934]}