{"timestamp":"2024-05-12 03:34:24","trueValues":[9.198494039798549,9.192188467514647,9.179729354111332,9.15856034339966,9.120707241328809,9.05404263885436,8.946777741798247,8.79270797760124,8.594413623439696,8.36382965730369,8.121564009855518,7.895680783536284,7.718658831909819,7.620771493499832],"predValues":[9.494904310694311,9.490769700913145,9.485473594298366,9.483859193436269,9.483361636897932,9.479644847030368,9.471399548455455,9.459889300886466,9.447001736019583,9.43421410772237,9.422400860979396,9.411949515786864,9.402939277192012,9.395284561217622]}