{"timestamp":"2024-05-12 03:34:29","trueValues":[9.43299466894145,9.3989375617854,9.28807122717884,9.085786320738148,8.786264460956547,8.393867506995688,7.92460152311577,7.406252330937576,6.8752218259618125,6.370326860263603,5.926605301483217,5.571843303477377,5.325680329153808,5.199970290934099],"predValues":[9.189185586227191,9.244360141077587,9.292294610402209,9.33523703544103,9.368292119012937,9.386833542150898,9.391427434890527,9.386135580895733,9.375357315541796,9.362347487850323,9.34909579239716,9.33663880530384,9.325419330626378,9.315539962821934]}