{"timestamp":"2024-05-12 03:34:34","trueValues":[8.416118277916242,8.012237389472556,7.573276107188745,7.1308125265579,6.715789242173996,6.352152624282535,6.053566739580926,5.823167629519927,5.655131729712146,5.537935901834262,5.459051927408194,5.408666686475212,5.379965289060929,5.367498268442329],"predValues":[9.11542282941899,9.08541846910938,9.066291779145876,9.067355997297314,9.083945999439306,9.10539249360505,9.124240636959488,9.138028694108357,9.147122921947927,9.152767211824042,9.15617515516514,9.158256281070678,9.159614993156133,9.160618079895276]}