{"timestamp":"2024-05-12 03:34:39","trueValues":[6.032792956739182,5.721079499930246,5.515372829133504,5.42130314742137,5.436877172069887,5.555197552145258,5.765947963139499,6.053366201969722,6.392497362981924,6.748708507695103,7.083076601428866,7.36079474696592,7.557133161722756,7.658176741528432],"predValues":[7.273897773331662,7.210167478647392,7.222916301787237,7.322946694881303,7.48599241092453,7.673146495455845,7.852770518936104,8.008253747700884,8.135035512604196,8.23508690300944,8.312848983125512,8.373078308406496,8.419959988495888,8.456869274718645]}