{"timestamp":"2024-05-12 03:34:44","trueValues":[5.391114329719877,5.538541900182235,5.767467876101288,6.062354645887149,6.399793795722511,6.753144256129012,7.09976494540803,7.425359086744899,7.722696163008811,7.986887787526122,8.211692443101464,8.389258995874858,8.512096189952615,8.57483907943394],"predValues":[6.551905759993572,6.703293184134555,6.917252595591185,7.163110643772336,7.400368831187261,7.602850952879792,7.763038110926334,7.884692279281801,7.975492094908,8.043124168429214,8.093919056271764,8.132668132215866,8.162858810438603,8.186975684166663]}