{"timestamp":"2024-05-12 03:34:49","trueValues":[6.821529043387709,7.144288547715312,7.431040055468392,7.673765517452525,7.86851983126466,8.012280713038662,8.103162391599588,8.142675078619884,8.13750601902718,8.099588596079045,8.044403409678685,7.987942968860091,7.943422556017799,7.91929053233104],"predValues":[7.521847047390817,7.837278224327939,8.097791066768808,8.282825751814714,8.392218819384954,8.442741805337164,8.455988185015343,8.449478486972124,8.434493317297262,8.417298114173544,8.400948916638246,8.386686426572215,8.374812048416945,8.365187572022897]}