{"timestamp":"2024-05-12 03:34:59","trueValues":[8.361273566903492,8.25483128602588,8.106543756065774,7.917428947932269,7.689016210087749,7.4274367573966975,7.146711212163456,6.868293510638743,6.615857988283349,6.407874039484226,6.252561447096375,6.148028991275497,6.086340219973147,6.058451139423334],"predValues":[8.442577282101464,8.320863842854946,8.214112449662117,8.146665099321535,8.120283173873554,8.121409586592286,8.135377582724301,8.152867279782033,8.169550042197466,8.184010544881584,8.196149914419717,8.206333078764397,8.215006297225377,8.222559481897605]}