{"timestamp":"2024-05-12 01:01:04","trueValues":[8.092670646517192,8.144091201075147,8.208638264585433,8.28267504959397,8.362540050293005,8.444183975089839,8.523524043009381,8.596924263963796,8.66128713587095,8.71402706577949,8.753486063472469,8.779687784148551,8.794552817308816,8.800942644626186],"predValues":[8.213875100309162,8.242602611468044,8.268052681561644,8.291560367476741,8.309079301296876,8.31678637765484,8.314911238029863,8.306529324037907,8.295029708018882,8.282869872747067,8.271458498592748,8.261435339075033,8.252970764782106,8.24599035486421]}