{"timestamp":"2024-05-12 01:01:09","trueValues":[8.462047902706319,8.53968426474406,8.60863597940461,8.665317290673716,8.706881866837147,8.731761554275154,8.74054401191202,8.736297239278729,8.723693802584648,8.707349389246833,8.690568816571728,8.675377660616306,8.663475108853628,8.656783877094767],"predValues":[8.444566976677308,8.457610293751166,8.462455622647454,8.46147991214947,8.453452560348827,8.437627498226774,8.416012759782845,8.392032501471828,8.368610133745195,8.3474783334584,8.329344364472822,8.314264574003277,8.30196466806068,8.29203852143639]}