{"timestamp":"2024-05-12 01:01:14","trueValues":[8.761179850392976,8.775963020618514,8.775469716700165,8.763018311170574,8.741810761090282,8.713837824190124,8.680119331900439,8.641905554497047,8.601501677800982,8.56184652801116,8.525524103346438,8.494585761372452,8.471332701079003,8.458608064715328],"predValues":[8.85070520896719,8.860798270925919,8.85351486183404,8.83102674156053,8.79545995430953,8.750608900263344,8.701798657010404,8.654010371497796,8.610497032225883,8.572708251032319,8.540852406296402,8.514461975608452,8.492787966273468,8.475026101536645]}