{"timestamp":"2024-05-12 01:01:19","trueValues":[8.812661802151975,8.794827908664146,8.763847040490301,8.717741197759564,8.65517824726139,8.575037623629525,8.476930212135276,8.362785639097183,8.237991442459723,8.110913854678653,7.9914030067960145,7.889557276545522,7.814912101090272,7.775312766937764],"predValues":[8.786742614916196,8.768403988593805,8.74460898504092,8.720598958390003,8.69654853184922,8.671094740713134,8.644482376419674,8.618299260956029,8.594103447969484,8.572796227108274,8.55465003184024,8.539525057283344,8.527077107007493,8.516891550564072]}