{"timestamp":"2024-05-12 01:01:24","trueValues":[8.69379549198593,8.629954363393283,8.543595080398475,8.434011708083872,8.302740239630584,8.152659964557728,7.987604353993724,7.812629507312909,7.634157943848795,7.459757200866059,7.298202293916593,7.160043973185097,7.057535897371821,7.002514436840913],"predValues":[8.690789952810988,8.699806038758322,8.701517452513846,8.699077777585758,8.691179067539686,8.676453041895208,8.656271170597732,8.633643777019689,8.611294132684467,8.590898301443957,8.573182152371984,8.558258379898167,8.54591010040323,8.535787535893348]}