{"timestamp":"2024-05-12 01:01:29","trueValues":[8.425238287264477,8.312468639425536,8.16810175930356,7.986219063033359,7.761659464684696,7.491574240444605,7.177922519182778,6.829681315900433,6.463204745224724,6.1005623101493125,5.766986665571023,5.488214734090933,5.287519111475551,5.182484115577292],"predValues":[8.339765675536704,8.322846892712061,8.312453755255586,8.31603260076236,8.330054020432947,8.346223278985098,8.358958546898737,8.366889948960951,8.370896714353794,8.37237742347509,8.372499686299681,8.372049440158689,8.37148384170058,8.371036785024575]}