{"timestamp":"2024-05-12 01:01:34","trueValues":[7.362758925821848,7.077829665732672,6.782344605472563,6.495153616022829,6.2383655371119975,6.033839367044431,5.899638773681568,5.846390655684727,5.87376716263188,5.968439254543873,6.105051615016167,6.250637269447188,6.371328219375878,6.439457184963555],"predValues":[7.871748367200109,7.871854416911003,7.883586863874249,7.915327090504301,7.961654335263049,8.010276665870366,8.052101980796676,8.084165672334397,8.107324111833163,8.12368580143967,8.135305022395794,8.14377331773121,8.150200089684708,8.155318649415081]}