{"timestamp":"2024-05-12 01:01:39","trueValues":[5.751173298153932,5.565605972454808,5.484208168039651,5.519271617847022,5.670347604021236,5.923661159509318,6.254527619367922,6.631719330569654,7.022040607294333,7.394006380111049,7.720539021521028,7.980785809424038,8.16073170307947,8.252417126817708],"predValues":[6.793597835321162,6.739445238211097,6.732187079050382,6.78772842237455,6.895991090394822,7.030142379944725,7.164162369852567,7.282598368033801,7.38013805475995,7.457441383495057,7.517607716842501,7.56422440554903,7.600521846071334,7.629124436518135]}