{"timestamp":"2024-05-12 01:01:44","trueValues":[5.937184358169697,6.225519169501229,6.547458449749076,6.8720116294500535,7.172109453450978,7.427585864884948,7.627071218431255,7.768375946374724,7.857089054531656,7.903956913606094,7.9220122091219345,7.92392615390428,7.919850815014166,7.91631077466476],"predValues":[5.858910634711587,5.967820764124693,6.133083822807376,6.336603716670809,6.54581786869519,6.7340050740942985,6.889076330297957,7.010430688944426,7.102927831522448,7.172765420083783,7.225599970787008,7.265982052805647,7.297356022539425,7.322252188879876]}