{"timestamp":"2024-05-12 01:01:49","trueValues":[7.536780919837101,7.743363896139661,7.879508335519144,7.946723918070504,7.952206874175908,7.906631279999646,7.822267804721911,7.711634566848321,7.587155064089808,7.461620114208576,7.347820534966829,7.256392394737732,7.193718344542429,7.162179585784202],"predValues":[7.639731002340148,7.774238448813859,7.863182261605019,7.906733608668054,7.911842068425962,7.890468134588725,7.855569806041739,7.817271507816129,7.781616212911675,7.751312308681816,7.726995561814426,7.708254265537131,7.694256501065215,7.684092207721723]}