{"timestamp":"2024-05-12 01:01:54","trueValues":[7.786374097309506,7.698429650215003,7.598808571794567,7.504161729813739,7.430716590560724,7.393158248212638,7.40163371984428,7.458795311383027,7.559276482195584,7.691071554484621,7.836820270313222,7.975112814363019,8.083466647924237,8.143012364542507],"predValues":[7.963676456066283,7.852763874217377,7.749078088456791,7.674988943064681,7.634893381317584,7.619922564235173,7.618866585534956,7.62389876392187,7.630911600067156,7.638150888226685,7.645032158941161,7.65145547564092,7.657481969738257,7.663203072562864]}