{"timestamp":"2024-05-12 01:01:59","trueValues":[7.31609439514048,7.293787277005116,7.322165541747666,7.400351289129821,7.521727176664967,7.674874388113814,7.844325081433112,8.012774548534509,8.164800131462108,8.290234081618678,8.385413564252724,8.45184081737422,8.493270372853104,8.513086253043053],"predValues":[7.331075577984105,7.189444461456728,7.083676752424358,7.039467578207274,7.056137848551499,7.112589252552622,7.184355404277506,7.254788359636849,7.316194065921396,7.366665223067528,7.407039863001191,7.439083088805231,7.464632829679745,7.485274249724434]}