{"timestamp":"2024-05-11 23:58:04","trueValues":[10.0590738884867,10.151081979766357,10.22728946148888,10.28739386605778,10.332260070062668,10.363728926379876,10.3840458183619,10.395692149770433,10.401664954540449,10.40535888657559,10.409563133009025,10.41522762283007,10.421152054047749,10.425004927754856],"predValues":[10.153933361466816,10.142605976557215,10.101647398741754,10.044928079681528,9.984023650977804,9.923912867478924,9.866991548969374,9.8149182172436,9.76864280129093,9.72839866363308,9.693891310336037,9.66452803248928,9.63960130044268,9.618396674038628]}