{"timestamp":"2024-05-11 23:58:09","trueValues":[10.38287687944331,10.406654872516253,10.420185114578484,10.42561092610283,10.425456237050849,10.42172881563332,10.414821497621428,10.40335962360478,10.385392304164895,10.36024815692152,10.329916344873007,10.29911887093605,10.273958244790231,10.259844862212454],"predValues":[10.487297836883936,10.46335983898403,10.400145174473034,10.31729084771275,10.232695073068292,10.153411352363564,10.08138472766455,10.017333360171357,9.961416191555944,9.913298859571936,9.872286592429155,9.83748952939558,9.807975283539331,9.782858778325869]}