{"timestamp":"2024-05-11 23:58:14","trueValues":[10.44647002713304,10.450527558176963,10.44966799736234,10.440431838330742,10.420296745853111,10.389163846514776,10.34961129118211,10.305790700116226,10.26168730982129,10.219971765648364,10.182285578911957,10.150432923641027,10.126963777094552,10.114458948026387],"predValues":[10.396665999747174,10.380418865091537,10.338107954120598,10.281998354450833,10.223145283312745,10.165934255066665,10.111922791782376,10.06222933251614,10.01761350151292,9.97832248230938,9.94417500697863,9.914713387294704,9.88936033009453,9.867505584410154]}