{"timestamp":"2024-05-11 23:58:19","trueValues":[10.385138210120743,10.352697098559286,10.31834283958173,10.285750760010778,10.256897264984817,10.232287884704654,10.212121960732128,10.196903428535546,10.186818871816786,10.180946535193934,10.17754284447282,10.175119914235928,10.173163177464977,10.17196925440397],"predValues":[10.769897192798409,10.782326006284324,10.752200977882616,10.690957934312523,10.61404877029235,10.532010946569333,10.451280271914444,10.3760057087013,10.308477292792238,10.249486011504612,10.198803818091688,10.15565301467356,10.119022009271124,10.08787422576284]}