{"timestamp":"2024-05-11 23:58:24","trueValues":[10.255935109713036,10.232855077895255,10.210920064008649,10.189710121829613,10.16803292302964,10.144372408583806,10.118131616961602,10.090490118631584,10.06433650571909,10.04342424693906,10.030844997021148,10.027128738731085,10.02932309064374,10.032375408638528],"predValues":[10.506083254093584,10.524126057538217,10.51545974958471,10.486076271793024,10.443093446864337,10.391933365280508,10.337281351110864,10.283249687881646,10.232699857265777,10.18713197096324,10.147011159284975,10.112158812191586,10.082067804749766,10.056104496581634]}