{"timestamp":"2024-05-11 23:58:29","trueValues":[10.059036678061824,10.02623515695657,10.001352014264826,9.990524843781053,10.00039730107802,10.036069872251163,10.098610496494416,10.183484817747942,10.281331224690565,10.380770769395358,10.471366990839735,10.545191410637734,10.596959085302029,10.62355922331303],"predValues":[10.4069700979727,10.420615160774544,10.413124170669608,10.391192346247989,10.360029146992254,10.322366349665767,10.281000583486671,10.239054334679516,10.199011133315992,10.162340791178686,10.129639738220597,10.10093508489414,10.075934463575289,10.054203043870496]}