{"timestamp":"2024-05-11 23:58:34","trueValues":[10.066469194641956,10.118100785466703,10.185328328511773,10.258459039674593,10.326566343479216,10.380696348545603,10.4156374690812,10.430187808362517,10.426681523184246,10.410258436376695,10.3877519766795,10.36595995713991,10.349786180179027,10.341470713374347],"predValues":[9.988551096530156,9.927200674305425,9.87492109051034,9.847904727318234,9.844553662769446,9.853005213413669,9.863469316466158,9.871495073534303,9.876109166218868,9.877790014268244,9.877378041707122,9.87564775695041,9.873179111048673,9.870362813463093]}