{"timestamp":"2024-05-11 23:58:39","trueValues":[10.432251392210611,10.48394039340517,10.512908177593248,10.51872735646628,10.503362108880188,10.470309151618276,10.423236369418277,10.364604966096945,10.295484475580713,10.21721606789758,10.134052363033334,10.05479628435851,9.991675177487204,9.956528336459796],"predValues":[10.561930786056728,10.581564600953536,10.57010432166938,10.535250911420992,10.486084245455498,10.429304858137971,10.370202477153216,10.312994106794626,10.26040514489558,10.213716161649293,10.17315892484499,10.13836026707892,10.1086578427883,10.08330319085563]}