{"timestamp":"2024-05-11 23:58:44","trueValues":[10.440721548067271,10.404340384088997,10.362978338952388,10.318021766772803,10.270363186169762,10.2228002895164,10.181474391649669,10.154621222749514,10.148755796634138,10.16475149513312,10.196667408126334,10.234027737856334,10.265816072249976,10.28377754433738],"predValues":[10.602053724044982,10.56068955259838,10.49860927446859,10.43217112400838,10.371993361744725,10.319340078968391,10.272717011331885,10.231231108638193,10.194554919148402,10.16245295403081,10.13459722996901,10.11055238499196,10.089827241491305,10.071929558703689]}