{"timestamp":"2024-05-11 23:58:49","trueValues":[10.193772437071022,10.141382816733808,10.104356317672693,10.09086541234533,10.103753508789708,10.139229927866012,10.18893986603469,10.243675869449053,10.296325431182895,10.342744904637584,10.380938216307296,10.40991663204534,10.429207047878297,10.43877384811379],"predValues":[10.766546659827116,10.782176633007325,10.764169445255073,10.719775282068609,10.659117505324058,10.590361145394104,10.519752237882848,10.452033517229424,10.390173843761396,10.335502692801816,10.288181663910144,10.247697784800597,10.21322976823842,10.183872337744145]}