{"timestamp":"2024-05-11 23:58:54","trueValues":[10.13985453142642,10.181784301331133,10.226651568491013,10.267808424713309,10.301966531594022,10.328413043708036,10.347876222227915,10.361972594325753,10.37301080107632,10.383474372551312,10.39503511998263,10.407548985868262,10.418822149873044,10.42563750497774],"predValues":[10.209447594338574,10.228637010446873,10.23479427260877,10.23509886651525,10.230032401379702,10.217531293354028,10.197925652064626,10.173826054605255,10.14810408262132,10.122857872498289,10.099288257804648,10.077932131813602,10.058901657377277,10.042074571671076]}