{"timestamp":"2024-05-11 23:58:59","trueValues":[10.454990151274531,10.491627004029452,10.510996624909644,10.510120585192574,10.486365981529554,10.4371865577041,10.36000947862482,10.253006117697836,10.117156703829863,9.959018777038969,9.792523388821031,9.638024641582955,9.518264483853653,9.452766693987796],"predValues":[10.659674598542193,10.670876531162214,10.650678180962297,10.608463485518538,10.55410543370541,10.494179107598413,10.433466578371547,10.375677193807398,10.323137668615686,10.276842052718084,10.236849882794392,10.20267954963122,10.173609170985983,10.148858391091297]}