{"timestamp":"2024-05-12 05:01:04","trueValues":[5.2686569477645975,5.439502766227978,5.592582201545801,5.721222095594143,5.819498947415951,5.882027876954241,5.905355358097442,5.889750103270903,5.839812517038611,5.763763312516184,5.672786614477451,5.581168767528675,5.505785496717145,5.462931379990215],"predValues":[5.366625551084624,5.480500547883931,5.579623870424469,5.655881121090263,5.706662985284106,5.734977992304369,5.747293313994414,5.750285829520651,5.748948513429501,5.746332354772004,5.744028232105963,5.742720684354714,5.742599086001995,5.743613335868602]}