{"timestamp":"2024-05-12 05:01:09","trueValues":[5.888164540488083,5.91995446961422,5.914203731344086,5.874779950660366,5.80880254499674,5.725984897083833,5.638820008390471,5.5621747061509765,5.510294004821122,5.491646266183515,5.504781811953315,5.538237106934192,5.574806449346838,5.598024624866966],"predValues":[5.943371255777121,6.013815374263928,6.053355836208508,6.061776688252207,6.044393971165992,6.0107654483678825,5.971022189607732,5.932596046993798,5.899426674259777,5.87282985860814,5.852634033401337,5.838009007481521,5.827938404672089,5.821450368411923]}