{"timestamp":"2024-05-12 05:01:14","trueValues":[5.603091488685639,5.49456343059938,5.406898792610503,5.359768998723816,5.367133739172925,5.432417236859809,5.547544231561802,5.696199148020366,5.859227322006152,6.019362651246618,6.163287125995696,6.281028751069878,6.364661971759431,6.408150193994552],"predValues":[6.064512451846804,6.07434397767641,6.065942129528271,6.043497997292739,6.01188561505101,5.976384211832291,5.941722302377639,5.911073404351434,5.885880484872601,5.866323748713034,5.851886502544463,5.84177058275331,5.835137160047379,5.831222224667353]}