{"timestamp":"2024-05-12 05:01:19","trueValues":[5.535643872556307,5.641160544115141,5.764405591028409,5.883386987722819,5.979307755178134,6.039328834974189,6.056682713981126,6.030016660360346,5.9636889451253925,5.868498698047008,5.760840965219711,5.659501163853151,5.5815616032998605,5.539410364919954],"predValues":[5.304413973312774,5.33118069442228,5.365507577158677,5.409552826164747,5.45892926590048,5.506535353225573,5.547468215979556,5.5802939903081645,5.605771170854172,5.6254255843790375,5.640775017534556,5.653056982736588,5.663193501155797,5.671841203896864]}