{"timestamp":"2024-05-12 05:01:24","trueValues":[6.120003295308642,6.161677908014205,6.155199041465883,6.100720321560659,6.004284588403941,5.877378168577298,5.734301692832257,5.588817569703396,5.452039224157283,5.331986499462396,5.233846728187942,5.16020915788057,5.111580315448899,5.087483375877023],"predValues":[5.930484222487739,5.949544199475218,5.958764676970618,5.95659278420726,5.943530729026588,5.922925987829277,5.89942733873165,5.876896692258284,5.857558966027985,5.8422389025292425,5.830899557125932,5.823088291578317,5.818208410144645,5.815667336808772]}