{"timestamp":"2024-05-12 05:01:34","trueValues":[5.170271654133153,5.143072428281656,5.16106931671988,5.223002945907348,5.324682425295271,5.458042395291884,5.610086649879109,5.763973019839232,5.902915417380605,6.014894343690942,6.095459299060762,6.147227771091304,6.17656540032377,6.189560476739665],"predValues":[5.354662133698402,5.289511131702948,5.254139699182545,5.257604321974391,5.295246653567196,5.352770382276606,5.415224027151711,5.472919787628983,5.521813488549142,5.561420929258498,5.592864602091731,5.617726481683548,5.63752349087231,5.653525169618145]}