{"timestamp":"2024-05-12 05:01:39","trueValues":[5.570653765930732,5.724158795483068,5.865352556623783,5.9736076496647055,6.033898903724232,6.040315841494012,5.996349066616117,5.912360752157753,5.802252845746779,5.681395379166772,5.565575140959911,5.468990300314943,5.401387729344878,5.367109220160819],"predValues":[5.142242303570996,5.123783872969943,5.126981643857681,5.156788988257014,5.208372803554111,5.270386900285372,5.331780978312146,5.385981816080174,5.430796656409294,5.466610361408218,5.4948443028600025,5.517110157292066,5.534848831960529,5.549228335523355]}