{"timestamp":"2024-05-12 05:01:44","trueValues":[6.123592506576633,6.0998240818986575,6.030501060355601,5.925491646624444,5.79580414622148,5.6529736579637415,5.507645685724983,5.367443914643136,5.236843097651041,5.1197724562739895,5.021592118991703,4.947621482158102,4.900088951869325,4.877504250609108],"predValues":[6.158921014214055,6.175361377290298,6.172965291717065,6.150356769140209,6.110728331119674,6.061629175496451,6.0114058663588645,5.965970077064635,5.928090927696372,5.898265443214912,5.875786492653249,5.859483808149045,5.848127186477042,5.840608421447823]}