{"timestamp":"2024-05-12 05:01:49","trueValues":[5.529151118545842,5.386077832265791,5.264689652000997,5.173443709959415,5.119142736280159,5.108111107801131,5.1438605583699575,5.223199230898566,5.334905457952317,5.462352757883401,5.58791534979454,5.696263601792026,5.775530312016813,5.817389647903009],"predValues":[5.617808211723899,5.482450174805845,5.38059354721664,5.328533770717073,5.324951602850933,5.355188063185705,5.401432780537853,5.450454724529459,5.495232487328078,5.533235361359052,5.564343210107783,5.589443236418803,5.609689029910439,5.626172716552787]}