{"timestamp":"2024-05-12 05:01:54","trueValues":[5.046003719218931,5.056739458373012,5.112623137606034,5.206062966429964,5.324797777612385,5.456024394214261,5.589247416557896,5.716826348366976,5.833273848021738,5.934713585957963,6.018723960882505,6.083903867404424,6.1289670208724,6.15221542986274],"predValues":[5.101532504024704,5.018160221439591,4.9709324843988565,4.971474793117824,5.015139332964386,5.085555410738161,5.164481911364087,5.239158582786107,5.303553681579089,5.356293810829193,5.398347172502239,5.431519203123751,5.457694743608048,5.478529724309276]}