{"timestamp":"2024-05-11 23:44:09","trueValues":[8.164501650696856,8.127455217479557,8.089462842104174,8.0482693070345,8.004581610343172,7.96315710485052,7.9314588728428275,7.916135885667845,7.919487747582881,7.938371506629698,7.96596675771737,7.994582106024127,8.017621206374542,8.030380926853102],"predValues":[8.119278492401916,8.075220817771825,8.048659750706943,8.04529273883321,8.059041990824706,8.079225456854676,8.098247160262282,8.11320973789347,8.124055779378432,8.131730961086502,8.137267340730478,8.141473447685154,8.1448973383512,8.147880285482469]}