{"timestamp":"2024-05-11 23:44:14","trueValues":[7.888814131203009,7.845448038898104,7.825038652431391,7.833089659430703,7.869639865053413,7.930608614634422,8.010078653252279,8.101658824645869,8.19864779708386,8.29387086907276,8.379978715910909,8.450289142656912,8.499691031665371,8.525066149331721],"predValues":[8.223580908060438,8.18816615197393,8.164579526800345,8.156664869429328,8.159435451350058,8.165372906216442,8.169938891137415,8.172031445959163,8.172225471746014,8.171444584401126,8.170419171407058,8.169588315777338,8.16915773800378,8.169182722146195]}