{"timestamp":"2024-05-11 23:44:19","trueValues":[7.97267074733619,8.042969479377232,8.117583823337586,8.18898504710994,8.249962301930921,8.294233404926548,8.317576036028447,8.31895335332634,8.30103493901629,8.269789079459583,8.233167376663364,8.19915598517216,8.173862198863038,8.160634424397296],"predValues":[7.959575867245002,7.955253344818216,7.961968231775748,7.982382668228695,8.010148024115797,8.036486625997673,8.05650663194694,8.06970516965028,8.077656771657425,8.082232590762114,8.08490297032443,8.08663644454613,8.087999940829068,8.089293800459739]}