{"timestamp":"2024-05-11 23:44:24","trueValues":[8.293855984902809,8.325027157821017,8.336301650769544,8.329873549872302,8.310844670168468,8.285871159302026,8.261216594934515,8.240893855600012,8.225912672756387,8.215149557361148,8.207083400403135,8.200939693467442,8.196672455100469,8.194470395314086],"predValues":[8.300702171502405,8.314575812628485,8.321139465787773,8.321027302935649,8.31285908309798,8.296706569237022,8.275299146017398,8.252289548218133,8.230512412848496,8.21150798570958,8.195792162763414,8.18326713375032,8.173548568139088,8.166156983026319]}