{"timestamp":"2024-05-11 23:44:29","trueValues":[8.298563369438309,8.273375101262586,8.250743189275807,8.231287718629652,8.213625258884997,8.196185530112098,8.178445991630202,8.160996694462334,8.145112893026727,8.132410848706726,8.124281965603924,8.120978743029976,8.121077616444646,8.122097713663733],"predValues":[8.303408964123348,8.241666769282425,8.191317609172135,8.160224046568668,8.145965543333876,8.141149716988739,8.139796320678267,8.139081614731907,8.13824119070722,8.137338306326491,8.136611108308923,8.136234751440183,8.136284985513765,8.13675835527593]}