{"timestamp":"2024-05-11 23:44:34","trueValues":[8.122221039643321,8.09847175175528,8.08300523865578,8.0799356443923,8.093417512902192,8.126640043386036,8.180390767907445,8.251963425422975,8.335235306308112,8.421936393634276,8.503377521615537,8.571818124511548,8.621107053301635,8.646901585614081],"predValues":[8.299717689975697,8.28576537537988,8.27479600791533,8.269174044294141,8.265665367017132,8.260191979306693,8.251489524083311,8.24065491151456,8.229362344931094,8.21887246036994,8.209846274450141,8.202487912931012,8.196729599681529,8.192371727351109]}