{"timestamp":"2024-05-11 23:44:44","trueValues":[8.420029625148155,8.456565212389663,8.476469866021816,8.48016831646569,8.471024386130036,8.455114803185765,8.440239670053035,8.43388678737179,8.440631708457975,8.460300873258415,8.488140384206517,8.516968895090063,8.539960685043138,8.552499269282436],"predValues":[8.406083689482315,8.417202430223863,8.421801107160977,8.41972609439667,8.40920856780561,8.39032507454754,8.36600248032767,8.340105885135566,8.315612122961268,8.29412788679315,8.276186614650678,8.261681193667961,8.250202840748866,8.241243367805092]}