{"timestamp":"2024-05-11 23:44:49","trueValues":[8.439624369098844,8.414306396013554,8.39681430685708,8.392891796497704,8.403923890107041,8.42705734546339,8.457240315812404,8.489817511213406,8.522122273146572,8.553328530179659,8.582991883524162,8.609568366336491,8.630140415517662,8.641470192526004],"predValues":[8.639115304208882,8.601035218546292,8.561387776630195,8.524774844862694,8.491455833062926,8.460268181242274,8.43111992649355,8.404804448232845,8.38204362870275,8.363089967214915,8.347771764237418,8.335670402490406,8.326271049166856,8.31906020040348]}