{"timestamp":"2024-05-11 23:44:54","trueValues":[8.39621601638283,8.418609515861656,8.445366469234632,8.475333619119368,8.509334910638106,8.548551774780641,8.592823409353766,8.640101380468083,8.687189312626785,8.730892159276813,8.768698216739072,8.798797463632113,8.819800090586842,8.830619553196893],"predValues":[8.367805856990387,8.358090480844142,8.352440077826797,8.352479414561666,8.353974742064164,8.352193425867622,8.345800674874011,8.336166630084996,8.325299059711357,8.314731033257965,8.305316529975714,8.297388317378491,8.29096287436874,8.285892953979452]}