{"timestamp":"2024-05-11 23:44:59","trueValues":[8.571062752886574,8.61266507105238,8.653679464505153,8.690328011965033,8.719144828143618,8.737818614078638,8.745363825088393,8.741976347480978,8.729006388101872,8.709082597679785,8.685995921143277,8.664055857270435,8.647148769150753,8.63801626773131],"predValues":[8.488047623933078,8.457679664614684,8.431453757162432,8.413477932482575,8.401338562944442,8.390885357230665,8.380113470806707,8.369126827073467,8.358738739603224,8.349620324987482,8.342095579711408,8.336197993157391,8.331788557809645,8.328647200583905]}