{"timestamp":"2024-05-12 00:01:04","trueValues":[7.667240669450605,8.049864571106662,8.409652435016625,8.72559073688705,8.982599154670895,9.171611102558494,9.29054306254557,9.344973940475953,9.347151281908667,9.313431726463987,9.26129779490342,9.206840869675622,9.163045794329651,9.138873370753029],"predValues":[8.020324543741747,8.295432909551284,8.526846136584515,8.699269145485118,8.809045480431575,8.866309134849981,8.887794434173095,8.888745160528664,8.879746350850024,8.867069024883689,8.854010026273631,8.84208541404478,8.831841649865304,8.823336941471258]}