{"timestamp":"2024-05-12 00:01:09","trueValues":[9.226211553710812,9.361905215371802,9.430378776072704,9.441014578657118,9.406916540033704,9.34219485331525,9.259839677825797,9.170508079249686,9.08220880417512,9.000615910818114,8.92973483562777,8.87271172002731,8.83242532195835,8.811462829104737],"predValues":[9.627083713514562,9.692747887137362,9.707416236623285,9.679296850122366,9.620589431218791,9.544745548505052,9.463660311658847,9.385775171351938,9.31574727804624,9.255311700695946,9.20442059732622,9.162137328385192,9.127197271004595,9.09831241290624]}