{"timestamp":"2024-05-12 00:01:14","trueValues":[9.304914791787484,9.222720684279992,9.138401861512108,9.061199266712912,8.997708713480343,8.95231252670973,8.92772627005074,8.925334437097494,8.944946988894372,8.98393341419143,9.036212466409015,9.092004182734843,9.139171054152031,9.16626555923638],"predValues":[9.52715086489142,9.412607077152163,9.295977910887384,9.20372104133856,9.142556139660709,9.104413327853326,9.079718363595951,9.062274647991815,9.048860821401696,9.037945940630712,9.028802807661306,9.021051876159738,9.014454467829314,9.008822935813155]}