{"timestamp":"2024-05-12 00:01:19","trueValues":[8.898553562737098,8.861322672127915,8.849959405737184,8.86685347020816,8.91214520200037,8.982434365646448,9.070146247585477,9.164409822190088,9.253575568586754,9.328454638141224,9.38463281130826,9.422515150141514,9.445178425200686,9.455696749157994],"predValues":[9.309104154050967,9.321405388937308,9.32567342467053,9.327673219218838,9.326291117723462,9.31861088602916,9.304517703396312,9.286287784672307,9.26652745433092,9.24713072299832,9.229169782488412,9.21309913156218,9.198998506844362,9.186740861312874]}