{"timestamp":"2024-05-12 00:01:24","trueValues":[9.017449907031793,9.106748547803011,9.198489787178564,9.279760012994146,9.340308284774064,9.375078237355227,9.38449832220121,9.37258779677606,9.34451465751749,9.305455406103174,9.261050079789246,9.21809117584798,9.184007489817018,9.165161472772574],"predValues":[8.807464834740614,8.79554075408926,8.795493177903168,8.817264997497825,8.854974307855406,8.895744707236496,8.930575259652457,8.9566852832101,8.974887559904197,8.987105868700816,8.995198072956242,9.00059305298569,9.004291237640818,9.00694753039943]}