{"timestamp":"2024-05-12 00:01:29","trueValues":[9.359348859182855,9.374649254314164,9.372166255819971,9.357224675499964,9.334739478902694,9.309545894951988,9.286978303842496,9.27229028598914,9.268956763497792,9.277188772635249,9.293832464104565,9.313594389178444,9.330744142426065,9.340610220793051],"predValues":[9.745346949008876,9.768748585213077,9.764590586021988,9.737639606862162,9.6945297349114,9.64173505252054,9.585418669203968,9.530565718739997,9.480300282085675,9.43604060800626,9.398027501108444,9.365841546746132,9.338766178451722,9.316002435245387]}