{"timestamp":"2024-05-12 00:01:34","trueValues":[9.311652004999942,9.28345660291678,9.26141686826302,9.2492883960636,9.24785951574838,9.254886970274868,9.266335554854065,9.278051522914865,9.287179240136824,9.292943666527536,9.296390415026003,9.299059997222074,9.301548843068744,9.30322703323063],"predValues":[9.675889438358766,9.660628911539826,9.635358248851876,9.606368138408872,9.57569239571901,9.542893532501248,9.50856000504612,9.474435919125296,9.442218070113093,9.412962702498474,9.387087636195048,9.36457267125788,9.345143513697884,9.328415301406356]}