{"timestamp":"2024-05-12 00:01:39","trueValues":[9.333443492962031,9.358144836149386,9.376397612705814,9.381902629277397,9.370419492160815,9.339945217342777,9.289943443127576,9.22054812704476,9.132968076325287,9.031122611863545,8.9232102534146,8.821804137755137,8.74199043428468,8.697788436363822],"predValues":[9.374810322296124,9.384470148593806,9.39133440882834,9.399321360739116,9.40510067129978,9.404204963215276,9.3958586649157,9.382221575776327,9.36601590416555,9.349328623341382,9.333415850932123,9.318895811568204,9.305971567853948,9.294618135646935]}