{"timestamp":"2024-05-12 00:01:44","trueValues":[9.433046231958777,9.40260757283312,9.345812238190648,9.25954518389178,9.143189248461088,9.000689268512868,8.841309576686125,8.678563936140645,8.52751114003479,8.40107862154781,8.306674976272419,8.244682674218584,8.20981969557523,8.194860307409032],"predValues":[9.411422722486126,9.386371601304944,9.36333515884202,9.35019615781848,9.345045171860717,9.341882817323794,9.337038551582502,9.329947839333729,9.3214378151647,9.31250731319458,9.303886720905922,9.29598854243735,9.28898554047578,9.282892599191165]}