{"timestamp":"2024-05-12 00:01:49","trueValues":[8.864892746605971,8.701215516494855,8.550585856077586,8.432852337560252,8.364850817677773,8.356170954498065,8.406699522014005,8.507008195928389,8.641198556424413,8.790505652026106,8.93605635523662,9.060687357582124,9.15074509102081,9.19761481061649],"predValues":[9.501496934827257,9.48522694233919,9.466402719972171,9.45134047156007,9.439057841886164,9.42580029908052,9.409965136986004,9.392327927172516,9.374371770860092,9.357293780574732,9.341773312359162,9.328074560229997,9.316187424214768,9.305960404726484]}