{"timestamp":"2024-05-12 00:01:54","trueValues":[8.557627928985275,8.606815060684454,8.679441836378956,8.752985051680394,8.803744589619312,8.810891914871647,8.759694888651694,8.644699525827699,8.47243652175406,8.261613417536937,8.039695493565686,7.8374246739287,7.683548935518541,7.600444235756594],"predValues":[8.340746436020922,8.249987286073337,8.199179374582082,8.21025638649002,8.275341140639757,8.367801072792902,8.462825866374967,8.546742550765446,8.615272724469905,8.669093085643581,8.710687961724414,8.742792318940747,8.767785498174625,8.787549815347246]}