{"timestamp":"2024-05-12 00:01:59","trueValues":[8.86813855881011,8.857183543938014,8.785428289551845,8.654985018840785,8.47861504701589,8.276487221725922,8.071113052654319,7.882779397654451,7.726171085114684,7.608094167533499,7.527211461714119,7.476653657435776,7.448228613873381,7.435631024531781],"predValues":[8.873450612749838,8.92935555508279,8.976371192701734,9.015718027542588,9.04355089377196,9.057119409414064,9.05817299601554,9.051033910214423,9.039864935399294,9.02755785316047,9.01575523796746,9.005217245642719,8.996185212370438,8.988621927725745]}