{"timestamp":"2024-05-12 00:17:04","trueValues":[7.853312196406792,7.755721478240813,7.633426227422492,7.495202256869966,7.353249270167415,7.221530745038123,7.11383633336345,7.041660335387438,7.011662088219056,7.023126620123199,7.066739895964776,7.125903408361825,7.180696290568498,7.213331162128057],"predValues":[8.025925775840507,8.019987789396625,8.020802697701399,8.033859570001463,8.055153767213966,8.076794818744059,8.093715993667443,8.10494291042988,8.111649292147442,8.115438110766014,8.117608275902503,8.119019348371532,8.120172339965174,8.121321876305078]}