{"timestamp":"2024-05-12 00:17:09","trueValues":[7.153234997010379,7.027798123177568,6.942113412028005,6.906221830925592,6.923117224340313,6.98716806025601,7.084948020011355,7.19858945494738,7.310544991847797,7.407952581565638,7.4847235354362756,7.540343552230181,7.576533879886594,7.594511565087695],"predValues":[7.658114812749888,7.591685964895898,7.55501588854734,7.5614835919682,7.605270162074198,7.668322695448235,7.733513765097618,7.791199226260861,7.838309750463238,7.875308341705697,7.903948674154872,7.926146818903101,7.943557045124849,7.9574694914083]}