{"timestamp":"2024-05-12 00:17:14","trueValues":[7.039117534424696,7.139832333547721,7.25046317932257,7.351549019539354,7.428588420046594,7.474444155564418,7.488508367223613,7.473745131154258,7.434307928138708,7.37545166753563,7.304976983342675,7.23409059237735,7.176168579227397,7.143505002482934],"predValues":[6.954104471444135,6.963301027952115,7.003679388928266,7.082947693885547,7.189747992208213,7.302896654803387,7.405450977859008,7.489964357991241,7.556006217426527,7.606310193449469,7.644334197685996,7.673202311093158,7.695404974250122,7.712806961020648]}