{"timestamp":"2024-05-12 00:17:19","trueValues":[7.603427182887864,7.6432612085058365,7.644274926794944,7.6047183846310435,7.523708366000839,7.403373838784708,7.250630892023259,7.077031502119093,6.896704201608686,6.7236775864588525,6.570029761901056,6.445403942436158,6.357380556083169,6.311707284541608],"predValues":[7.586660962805211,7.577325398781446,7.577217488549307,7.591893545908954,7.617262816222823,7.645115616608382,7.669548778947883,7.688597592807898,7.702718683259402,7.713163383733206,7.721148740911488,7.727593586499925,7.733114816185202,7.738095431554788]}