{"timestamp":"2024-05-12 00:17:24","trueValues":[7.463116770654818,7.337045990655379,7.189293227658484,7.030332153111591,6.869700596276536,6.714403951213631,6.568862019031839,6.435896147302969,6.3177522509570085,6.216382548356173,6.133201168540109,6.069231796876014,6.025605896068853,6.003468616944171],"predValues":[7.7143793672603875,7.683405941171519,7.6613943801251665,7.656416422643071,7.666120104084355,7.682330559892617,7.698228979709423,7.710892484660803,7.720089572746282,7.726622128621925,7.731411376092151,7.735175210568308,7.73838779917881,7.74133140957521]}