{"timestamp":"2024-05-12 00:17:29","trueValues":[6.515126843152252,6.367231617385833,6.2570180599470895,6.193514881748935,6.183967749880877,6.232335720655296,6.338046550895357,6.495097800385516,6.690739317042183,6.90471906133812,7.111782052121573,7.287525294076067,7.41361255297795,7.479101306026337],"predValues":[6.99996605431444,6.95788372166774,6.946312608475205,6.977487502435899,7.044632119391245,7.128734855906101,7.211901218657841,7.284209047853412,7.342792609199902,7.388586947516682,7.423881035511094,7.451083450827579,7.472256979947986,7.489013100058173]}