{"timestamp":"2024-05-12 00:17:39","trueValues":[6.986562859274285,7.254034582744371,7.511679564582335,7.746998025706251,7.948305626916461,8.103843608163558,8.203808617225341,8.243664171731993,8.226767980951024,8.165239480264388,8.078404435408673,7.988751764023635,7.916791320723153,7.877159294554504],"predValues":[7.1650378779921375,7.345194276336866,7.487665551100182,7.583259664182841,7.631830431772832,7.642389155620004,7.628670469334654,7.603259204398427,7.574726516392642,7.547760918851614,7.524381077324838,7.50508507992815,7.4896297299561105,7.477473615726783]}