{"timestamp":"2024-05-12 00:17:49","trueValues":[8.247795060470672,8.111009538628332,7.957896613928121,7.800394188036346,7.646759520021632,7.502644873422565,7.37169474356695,7.25563064418278,7.154901492467303,7.069850421695619,7.001229879816461,6.949769456946139,6.91569374457765,6.8987879854017145],"predValues":[8.295993989600657,8.182731569420863,8.070717824784392,7.978390521217053,7.911512490377064,7.865898356832181,7.835019817326746,7.813783296272799,7.798947234086189,7.788549046643478,7.781360258346281,7.776558253016098,7.773549524376165,7.771890205215467]}