{"timestamp":"2024-05-12 00:17:54","trueValues":[7.531857449048574,7.418071956610531,7.319832448107972,7.235543925257487,7.162892165420567,7.099464869910284,7.0425329198507685,6.98889834501272,6.935416332916661,6.880073533788079,6.823404714590183,6.769647079561297,6.726372950163585,6.701966632487744],"predValues":[7.603657887522092,7.536144089994231,7.494490474599847,7.489373509601968,7.514772282466987,7.555225064292889,7.597237228709824,7.63385733677355,7.663217956732815,7.685917910639365,7.703324150029877,7.716804158018524,7.727469197365341,7.73614587108006]}