{"timestamp":"2024-05-12 00:17:59","trueValues":[7.214095038993001,7.171831969996907,7.121860761487851,7.0563039665196925,6.968613613469339,6.855651268787292,6.719648229022335,6.568743078566611,6.415381641385983,6.27325469594714,6.153933089653869,6.064294505072533,6.006035205999959,5.977715281887837],"predValues":[7.164642384333462,7.1301847335325,7.125465654292039,7.158723800468264,7.221356653407455,7.295659492953851,7.366608875852717,7.42678132234139,7.4747038311723,7.511787474814474,7.540280560296642,7.562334913331602,7.579696234423514,7.593684164711712]}