{"timestamp":"2024-05-12 04:51:04","trueValues":[7.895857533054443,7.905082528958578,7.899434783828724,7.880652821872816,7.851194657442628,7.814605646662548,7.775500945372135,7.738712593030223,7.708133863233783,7.685886813355719,7.672005464355913,7.66473481312399,7.661555182318378,7.6604425906146],"predValues":[7.928463965217848,7.9197118074983806,7.913772226322004,7.911472622064698,7.909317606886908,7.904129942081765,7.895589883784089,7.8852480435561905,7.874852514000972,7.865581270854492,7.857986091559905,7.852177544236839,7.848020608200747,7.845271820957445]}