{"timestamp":"2024-05-12 04:51:09","trueValues":[7.806946678068174,7.766624132729335,7.729292242395491,7.699174921867509,7.678724072355934,7.668258640359699,7.666209143315307,7.6700816853898495,7.677651083175774,7.687382140858215,7.69787734119435,7.707417030977432,7.714391061965348,7.7179552890909235],"predValues":[7.946726044380496,7.912428132617751,7.886498579620756,7.873159173880387,7.869094466540238,7.868433981498697,7.867477407790648,7.865305382132915,7.86236921382149,7.859367395689032,7.856807318457598,7.854944405115081,7.853838192341282,7.853437648696373]}