{"timestamp":"2024-05-12 04:51:14","trueValues":[7.7128856344903856,7.712196178475192,7.712021555267026,7.708564972584842,7.6990133223080495,7.6812610259661955,7.653762256194452,7.616283916259848,7.570847063810621,7.521763058146098,7.474629410322549,7.434900637049225,7.406671745583673,7.392171640375938],"predValues":[7.660764726578522,7.630282212309262,7.614560010433116,7.618646246661944,7.637249864367199,7.660696153081252,7.68197387139131,7.698514436825969,7.710489814705902,7.719018709876115,7.725248532366521,7.730053461372945,7.734020624242172,7.737511227884243]}