{"timestamp":"2024-05-12 04:51:19","trueValues":[7.67651350732958,7.657500309161945,7.631309751613324,7.599591319660698,7.565827377494916,7.534258053030542,7.508424981349474,7.489983494781176,7.478309521342735,7.471200735459021,7.466313411940373,7.462338541197422,7.459184426111725,7.457381315237757],"predValues":[7.711467385725131,7.699359113470642,7.694170119721754,7.699110600990224,7.710171133995717,7.721232730156207,7.728879472468122,7.732818993307442,7.734183552745376,7.73423298945271,7.733881350937637,7.733656759444639,7.733804537989144,7.734390070603435]}