{"timestamp":"2024-05-12 04:51:24","trueValues":[7.595341091773669,7.573440896213193,7.55206563343221,7.528311561346688,7.497994633468123,7.457458128186251,7.405177215447424,7.342393394498737,7.27294784434234,7.202821077621972,7.139253977229657,7.088903488175621,7.05556055538843,7.039488575518455],"predValues":[7.635971686272725,7.603421601324133,7.583784596962335,7.582380435000783,7.59493709287502,7.612927270147328,7.629950242161622,7.643474371082624,7.653442246540522,7.660700937278737,7.666166617115449,7.67054787885579,7.674315700163183,7.67775367763293]}