{"timestamp":"2024-05-12 04:51:29","trueValues":[7.473707123363135,7.437363435598485,7.392532847285979,7.341521075824156,7.288115079310343,7.236735987797249,7.1907130711562335,7.150235836765413,7.1120518277019205,7.0721377996704655,7.029538507906746,6.988083702496696,6.954706217172121,6.936090904761905],"predValues":[7.595207931610364,7.584400163705276,7.582470803175481,7.592106442696991,7.6086467423429,7.625100394856599,7.637354585134348,7.644853814690508,7.648794664473572,7.6506376436599055,7.651504380770756,7.652093102850037,7.652774053625258,7.653703251092149]}