{"timestamp":"2024-05-12 04:51:34","trueValues":[7.085343513670032,7.027559710669616,6.99182122388669,6.980650654339065,6.995161656885514,7.037987932240975,7.113936269933115,7.227169453350507,7.376760411336251,7.5534131823902015,7.7390886841102144,7.909826060763956,8.040807553691966,8.111887438866646],"predValues":[7.358213406634556,7.304736444524732,7.273694710727341,7.274045551876167,7.300833070955291,7.341013950890852,7.382726305598791,7.419518378983191,7.449464797345495,7.472979393768069,7.491276822834349,7.505630212652576,7.517103515585438,7.526506589951477]}