{"timestamp":"2024-05-12 04:51:44","trueValues":[7.550949586474696,7.6891950859159,7.803575413574453,7.88223851755001,7.922296603083483,7.930427612496278,7.920158598385636,7.90661214320971,7.900974763841072,7.907343593847263,7.923103271937034,7.941922444317818,7.957466567732061,7.96588888161388],"predValues":[7.265960789705717,7.30071665548318,7.335068788150744,7.370131108355932,7.402014063544257,7.426052795380078,7.440893641764173,7.448271405861988,7.450893411871966,7.451060858783905,7.450295387186466,7.449453900006782,7.448940661932249,7.448894680478652]}