{"timestamp":"2024-05-12 04:51:49","trueValues":[7.913184567397719,7.888989817566172,7.86014828303392,7.839291042524955,7.832507050492653,7.839679094098656,7.85735085644953,7.882215659717586,7.913276530304913,7.951179600660595,7.995101191451141,8.040090455646865,8.077628598050019,8.099034958114647],"predValues":[8.180528978056982,8.141502950236307,8.08827476639565,8.028050491100899,7.966828976419485,7.90895560261062,7.857414911538065,7.813782233117802,7.778321761366447,7.750403311159857,7.728958411726609,7.712810682063136,7.70085417518439,7.692138430523552]}