{"timestamp":"2024-05-12 04:51:54","trueValues":[7.921829080673797,7.948797336102316,7.974757720594207,7.995397811695149,8.0082494950809,8.010058719096095,7.994703837271221,7.954395378736086,7.883721884558797,7.783761659694496,7.6641732014971184,7.542767279833321,7.4424360138752625,7.385319606423864],"predValues":[7.749187859210174,7.728540857601756,7.713032084091145,7.706363975953455,7.7054167048516256,7.704940942990717,7.70215733742128,7.697077051270778,7.69084483668163,7.684576740611352,7.6789789637663315,7.674374173687988,7.670824033366117,7.668248008809735]}