{"timestamp":"2024-05-12 04:51:59","trueValues":[8.275655834518705,8.29954678781002,8.274341243365603,8.1833335809376,8.016508348882017,7.774140106976688,7.468237190906436,7.121607730598698,6.7642486442781085,6.427550247686519,6.138127430110501,5.913759066766824,5.7629608962826175,5.687768594687324],"predValues":[7.755071358960489,7.726122445773598,7.705623222709685,7.69807748012243,7.699865175248949,7.704755156655088,7.708839532362672,7.711095813053873,7.711945008107282,7.712120162892946,7.71220255740517,7.712535059130309,7.713264915035366,7.714417906629008]}