{"timestamp":"2024-05-12 03:09:04","trueValues":[9.658371833482375,9.55223653860999,9.487487209861628,9.46662491936643,9.48840418104606,9.549227809970056,9.643946414913142,9.765923782387528,9.906333068035243,10.053445014358031,10.193292422590126,10.311899588725788,10.397652076006375,10.442549111506157],"predValues":[9.703619178553488,9.610106191376367,9.530745391934394,9.489831998206284,9.48648837574247,9.504261669395504,9.52820019887291,9.550364854238753,9.5680137587572,9.58098212340381,9.590048177635977,9.596171950415489,9.600197586809518,9.602777863985883]}