{"timestamp":"2024-05-12 03:09:14","trueValues":[10.25208702020341,10.365045112265474,10.436103734340222,10.455657812612298,10.418837034042994,10.32609855528078,10.183704359254708,10.003576666094885,9.802137499453863,9.598201513303696,9.410493525019236,9.25546320028294,9.145676499575266,9.089018311927337],"predValues":[10.254330808823404,10.327768771780192,10.360534145615564,10.35716128638935,10.325377204615696,10.274399454113755,10.213551904202342,10.150574854833051,10.09058420784877,10.03624157178309,9.988476675680404,9.947200746098506,9.911814695196902,9.881525940925744]}