{"timestamp":"2024-05-12 03:09:19","trueValues":[10.319036548216909,10.205477773581856,10.062538179042608,9.905074292519457,9.74885376576464,9.607893234251272,9.49223526007574,9.406509883247564,9.34957155425807,9.315727078101308,9.297459948952426,9.288239737245776,9.283846249222975,9.282097359253829],"predValues":[10.616494558361666,10.60116120542547,10.546523543848275,10.470384635623024,10.389590171668347,10.311619978961724,10.239224971056444,10.173835091422728,10.116114280355852,10.066026922163434,10.023035591994775,9.986336013095066,9.955028224759818,9.928240439891944]}