{"timestamp":"2024-05-12 03:09:24","trueValues":[9.649526383911972,9.543456473071863,9.4644220622138,9.409292691450752,9.37025098209388,9.337739170725158,9.303562990209508,9.26257623878664,9.212813674445638,9.155177915778475,9.093457515614984,9.034392876632602,8.98697031643877,8.960300010198004],"predValues":[9.786266721666964,9.727159556484724,9.675443976415258,9.651312484305995,9.653900735144838,9.66966838689708,9.687106786726236,9.700923549060008,9.709961429684768,9.714830147990977,9.716597643172564,9.716268065123668,9.714619643301685,9.71219937095228]}