{"timestamp":"2024-05-12 03:09:29","trueValues":[9.41485564996964,9.3943048638884,9.36050982443897,9.308086183141873,9.234465357525696,9.140342650958113,9.030282719416356,8.912654984821167,8.798192262650389,8.697195195875807,8.616606186624194,8.5587115497154,8.522240017562426,8.504793112493301],"predValues":[9.527310338140886,9.575339959837688,9.616905067578616,9.660338670225798,9.701356253143558,9.73214681657304,9.7499121365636,9.756610544618688,9.755721747041662,9.750343777492157,9.742684277320285,9.73414342165636,9.725528145142684,9.717266367665328]}