{"timestamp":"2024-05-12 03:09:34","trueValues":[9.135605232293964,9.033135695849309,8.925668533555125,8.823620272277811,8.736562230661592,8.670228535179783,8.62518797375548,8.59796907953655,8.583584858223428,8.577584145634756,8.576715282213911,8.578632948038745,8.581410706255703,8.583354153589198],"predValues":[9.533235832513562,9.535248384921829,9.537584668026511,9.553722297717515,9.581004981236234,9.609071741564827,9.63091319781175,9.644972359484711,9.652552654609348,9.655623046239077,9.655885113945695,9.65456042282013,9.652443149644714,9.650011182590353]}