{"timestamp":"2024-05-12 03:09:39","trueValues":[8.589332539922946,8.535027911648392,8.506592236536031,8.502310911365356,8.520810871458458,8.561252224368149,8.622466562753337,8.70183852532277,8.794486635910287,8.893190211568793,8.989150315758977,9.07299709770844,9.135602042828976,9.169211561731522],"predValues":[8.75255899231557,8.693943270530436,8.664257059353513,8.68725044403908,8.756190198205921,8.845836756449728,8.93385589018273,9.00911158239469,9.069036313769193,9.115141093344931,9.150170455745233,9.176825877816048,9.197335732429924,9.213402130736169]}