{"timestamp":"2024-05-12 03:09:44","trueValues":[8.415018444072421,8.444376671932943,8.50254002126709,8.591486226156992,8.71124797861879,8.859895120756441,9.033500889590588,9.225707086665,9.427459884029968,9.62742817573341,9.812669644426125,9.96925111230223,10.083427048412716,10.143791394378248],"predValues":[8.680392828523274,8.662772629189728,8.664610824178578,8.701691278355764,8.766515293742625,8.839667268005371,8.906085750098146,8.959766837967289,9.000646742313013,9.030990780643986,9.053420693181438,9.070172294882893,9.08294397585516,9.09294985910418]}