{"timestamp":"2024-05-12 03:09:49","trueValues":[8.77711760694465,8.920268503539443,9.08484170752381,9.266440275621212,9.459230676366168,9.656217349882088,9.849278855151136,10.029535721643027,10.188514604036111,10.31967603594727,10.41969606328012,10.48903024795064,10.531208796124517,10.55076712701658],"predValues":[8.918424992775611,8.943424550939467,8.968796744929577,9.004266785075899,9.045597467140114,9.08293759692518,9.11059610573514,9.128326873188316,9.138414619372064,9.143447595125224,9.145457489646,9.145813646569808,9.145362337273818,9.144591549901396]}