{"timestamp":"2024-05-12 03:09:59","trueValues":[10.281465182220115,10.326197428695451,10.355260896833208,10.37932966279768,10.40772865906266,10.44612024913921,10.495588319546195,10.553304877993089,10.614470842825938,10.674349858535592,10.72907841986498,10.77518373101822,10.809002159877569,10.827025294954767],"predValues":[10.505965243888978,10.486149097910278,10.425914456854317,10.33907595674486,10.240888808625876,10.14148062699348,10.04704960547693,9.961425228373416,9.886463764306722,9.822454391435889,9.76866938016584,9.723874407545718,9.686674082642684,9.65572883016122]}