{"timestamp":"2024-05-12 04:44:04","trueValues":[7.30643722673029,7.353395188190678,7.344887556120392,7.283600923195447,7.176324065645627,7.035202731939044,6.876540935523648,6.717019578293629,6.569377516310739,6.440430769151547,6.3326502419221615,6.247551993647511,6.187813978869259,6.156799621313027],"predValues":[7.141349987305144,7.098722256145269,7.034269813429665,6.960521675002664,6.887699810366312,6.8222142467829165,6.767043147186259,6.722773107345629,6.688598122879347,6.663087585845327,6.64466217949635,6.631843055232364,6.623353895480143,6.618150416244428]}