{"timestamp":"2024-05-12 04:44:09","trueValues":[6.828608858297772,6.659578111202068,6.51366899186338,6.411147360823899,6.365203649230119,6.382263167197416,6.463928487988553,6.6075881042491424,6.804541687065795,7.0373912364992215,7.279622065621259,7.499144169808027,7.664976415096931,7.753871854335752],"predValues":[7.263621582924794,7.167912117525022,7.068232565579782,6.981042958532753,6.913570624049754,6.864917993525037,6.830847065354032,6.807205156120634,6.790941808351299,6.779997690817916,6.772975286277662,6.768885594795094,6.76699822888766,6.766757424280965]}