{"timestamp":"2024-05-12 04:44:14","trueValues":[6.460023519686619,6.510385171868117,6.604629078105294,6.733420073057506,6.880898807854068,7.024904481066001,7.141045127609914,7.209684274701509,7.222510442367345,7.185167388906038,7.114780946577789,7.034162966352523,6.965689405651624,6.926723446088246],"predValues":[6.694250120629187,6.743784505329078,6.783814417255146,6.815952529642617,6.838389618476296,6.849763250628242,6.85172450580793,6.847737142993771,6.841082058504788,6.833991346256012,6.827681255563375,6.822660771881422,6.819025579159835,6.8166669698002265]}