{"timestamp":"2024-05-12 04:44:19","trueValues":[7.284029108870264,7.435754350511369,7.515725932498797,7.504781549176664,7.398045040153787,7.203934732480747,6.940196277780669,6.629841134374063,6.298697855533261,5.974080620743749,5.682758742555335,5.447503140470585,5.284047245940292,5.200755298004598],"predValues":[6.578727167138206,6.685214632103168,6.767775926767557,6.822562430044251,6.84850846194369,6.849865047719152,6.835106064269782,6.812914298451532,6.789486614949917,6.768216604513583,6.750481584440421,6.736500298870951,6.725934398727552,6.718242206539538]}