{"timestamp":"2024-05-12 04:44:24","trueValues":[6.939688887058617,6.684407697460868,6.418788920255206,6.176931391431295,5.991874247236089,5.891839468627663,5.894939495702916,6.004372431585522,6.206658268286834,6.473187504852573,6.764018471221379,7.033906480209631,7.240461814482282,7.35198092625666],"predValues":[7.298950223456591,7.199267216257613,7.096886453255161,7.009066926872739,6.94260777910135,6.895583636242435,6.863166711457147,6.841011358697525,6.826031770586393,6.81617871586811,6.810072219357291,6.80674613895092,6.805491881843866,6.805776807382913]}