{"timestamp":"2024-05-12 04:44:29","trueValues":[5.678634498535384,5.611797266268385,5.660754889382707,5.823493619420711,6.084607543117695,6.41806637354075,6.791722429907436,7.173463381338948,7.536627293940114,7.861857304690702,8.1356763292783,8.348498696466235,8.493682876991723,8.567193931854518],"predValues":[5.912836248229912,5.739881794725462,5.627095402195325,5.598064493179333,5.647020255772411,5.7464964793245805,5.865066036352243,5.980257019695583,6.08093886101372,6.16400635035079,6.230514137463267,6.283097650692956,6.324639900601463,6.357716513062044]}