{"timestamp":"2024-05-12 04:44:34","trueValues":[6.511671456519438,6.863085645888668,7.204766651265462,7.508324247413562,7.7545267578135615,7.932576248744088,8.038763106633805,8.07599957880672,8.053671463360175,7.986975497813328,7.895530878681786,7.801129625505136,7.724518676461463,7.681835927030522],"predValues":[6.088457891831687,6.2576750897348905,6.40815245319892,6.5286193432121085,6.612546792046927,6.661875057571884,6.685257689880524,6.692670670987596,6.691899484932051,6.687864545931802,6.68325630059972,6.679346813889051,6.676610385822581,6.675110672805724]}