{"timestamp":"2024-05-12 04:44:39","trueValues":[8.036070666605315,8.171201121906941,8.231496362797705,8.221088872748776,8.149325378911383,8.029903836048447,7.879356835932151,7.714772734609071,7.551320627568454,7.400694156616174,7.271106991466,7.168361300511019,7.09691648738381,7.060199632215409],"predValues":[7.896977566843196,7.965354380439418,7.977373347674206,7.93782132391904,7.858854954980748,7.758106134897835,7.652738172144128,7.554722191979573,7.469964020409408,7.399923900821251,7.343620541153381,7.299070359971189,7.2640907000669745,7.2366753879624515]}