{"timestamp":"2024-05-12 04:44:44","trueValues":[8.232507423199321,8.12678516404305,7.992451011833758,7.83512905650263,7.656385325359425,7.454804227526381,7.228493347109827,6.9778922987007945,6.708026615967468,6.429961350324076,6.16137464305147,5.9256913868694,5.74885601894481,5.653703646763174],"predValues":[8.111598260707613,8.012207621132656,7.891101243389107,7.769335443759013,7.660887786769361,7.570460341180665,7.497617479233135,7.440113285996784,7.395313794967925,7.360727502412395,7.334189824757435,7.313908282679044,7.298434859072065,7.286630383357811]}