{"timestamp":"2024-05-12 04:44:54","trueValues":[6.576774284304116,6.322047131353888,6.067653543283795,5.823785189678485,5.595591594657607,5.381811723501002,5.177045878428925,4.976291483276396,4.779018821066435,4.590713231697293,4.42147733306382,4.282861893060396,4.184830131688862,4.134158536602307],"predValues":[6.86512025876311,6.840402702462061,6.831919788745443,6.8470686842897575,6.880916349911509,6.9220777245425404,6.961133254914367,6.993787794841361,7.019498337909088,7.039360996918881,7.05482857317338,7.067177915823311,7.0773794195916775,7.086116958929944]}