{"timestamp":"2024-05-12 04:44:59","trueValues":[5.388364878004701,5.205795317159609,5.032119679108042,4.865204278219323,4.707886459225604,4.566514453505016,4.447834477863895,4.356168340421766,4.292218321500966,4.253382631648248,4.234641684218686,4.229487243007181,4.231041343046826,4.233487529799266],"predValues":[5.7037969852024455,5.73497015153627,5.807507223527949,5.921891670912114,6.060266609474136,6.199036244328586,6.3218136359377946,6.422396736735636,6.501353404384586,6.5621232110868855,6.608692589396073,6.644605965175913,6.672694520181933,6.695102239358835]}