{"timestamp":"2024-05-12 03:03:04","trueValues":[9.126119231838205,9.119543086607706,9.09574170412484,9.058649821031445,9.014789361653191,8.971745405312209,8.934987352887696,8.904715077518983,8.875916334975336,8.842384692176278,8.801816292244514,8.758286208281408,8.720745142202013,8.698899433335106],"predValues":[9.4593114761459,9.500183406829148,9.524077283796704,9.531751668138526,9.523385701471518,9.501239651318116,9.470191804379496,9.435582919780291,9.40139982875716,9.36992512508747,9.342125748240482,9.318158513578172,9.29775391130894,9.28046754264428]}