{"timestamp":"2024-05-12 03:03:09","trueValues":[8.85571107426794,8.814666646686518,8.793974195202,8.79275236432234,8.808203727463141,8.839990201335539,8.891897149304368,8.969496832494734,9.07526533889335,9.20397460380521,9.341308182048216,9.467218691431942,9.56229930065132,9.613000099276684],"predValues":[8.913608900641725,8.799935836844554,8.718523148259447,8.68974620039323,8.707726809270572,8.75136320873332,8.801582132356547,8.847842929928017,8.886406485325239,8.917090733255076,8.94107763628482,8.959831690422071,8.974668549974929,8.986634359459895]}