{"timestamp":"2024-05-12 03:03:14","trueValues":[8.829358385582363,8.853864905616618,8.89836458693648,8.967398164531755,9.059071893565031,9.163730466147362,9.267230199783569,9.357030118135617,9.426892159261868,9.47731281654567,9.512543646817791,9.537045648443314,9.553328930368831,9.56173423377071],"predValues":[9.18111942926918,9.18696252912963,9.1918737736357,9.20006591446079,9.208158650293711,9.211290173335737,9.208091139951438,9.200126514295588,9.189685269075522,9.1786029413926,9.16800807027555,9.158460406829995,9.150150787377797,9.143062201439015]}