{"timestamp":"2024-05-12 03:03:19","trueValues":[9.11924221374371,9.212714269453471,9.29563929602102,9.363886404707674,9.420196940671769,9.470967907526898,9.522389525239852,9.577903226534112,9.637555258652029,9.698928538709184,9.758476381637443,9.811885036038747,9.853494264712031,9.876704533016872],"predValues":[9.19071918730956,9.277709718583507,9.340647962795426,9.380531690909482,9.396535894648435,9.390862899587416,9.369839541110256,9.340863251682206,9.30968304194653,9.279768518234118,9.252784049691904,9.22926918748058,9.209155358102878,9.192090657254973]}