{"timestamp":"2024-05-12 03:03:24","trueValues":[9.328205328294558,9.363506326796449,9.41716057000193,9.49497394734658,9.599936050680396,9.732719325538625,9.89103692552392,10.067951232706996,10.251170580596476,10.425113369564494,10.575013439865456,10.690562972231346,10.76722761060234,10.804916986803738],"predValues":[9.610172106986145,9.589152469551474,9.55350647725324,9.512295400126124,9.47031566193658,9.42907056384958,9.38979761828098,9.353887431966127,9.32228089707688,9.295268254927258,9.272642190292965,9.253920030805602,9.238520762259624,9.225861244139484]}