{"timestamp":"2024-05-12 03:03:29","trueValues":[9.84567635444569,9.994524964455168,10.144952359634363,10.281496013715014,10.386781316167747,10.446393479973295,10.453301329562684,10.409883142662952,10.32711546303488,10.221522377210675,10.111287025094502,10.013069045480623,9.940127575907171,9.90143564454413],"predValues":[9.681625691142074,9.661429998829648,9.63092489251671,9.596657812248862,9.561131956465225,9.524412177620585,9.487315510329704,9.451567986729309,9.41870799209925,9.389593492521662,9.364434461108342,9.34302889840996,9.324958984512918,9.309734604963856]}