{"timestamp":"2024-05-12 03:03:34","trueValues":[10.53250584522018,10.56817947954832,10.549839524282184,10.483797930635646,10.381189652463956,10.254491345227866,10.114960225607213,9.971566132306984,9.831092525781983,9.699023159503868,9.580843381676775,9.482971990591736,9.412454514410175,9.375429078504055],"predValues":[10.483870225175403,10.492924053125112,10.458049379776796,10.387945470888852,10.2955174333856,10.192987297106148,10.090147782722733,9.993896108274772,9.9081090684568,9.8341666384542,9.771792929545391,9.719830697516748,9.676775046470803,9.641093970057684]}