{"timestamp":"2024-05-12 03:03:39","trueValues":[10.233562607545393,10.111043562600315,9.991752256224444,9.882107486708795,9.78621728495963,9.706970774679776,9.646829159685996,9.607503587945075,9.5885767711209,9.586356903488326,9.594414555206368,9.60582858724818,9.61546077151595,9.620696278295934],"predValues":[10.330727000557795,10.2670642162158,10.182763998660352,10.096648443948482,10.02087100842202,9.95689831439856,9.902703988454885,9.856527445916884,9.817199216288468,9.78382305990764,9.755594168442087,9.73175185449186,9.711588588406824,9.694464882456618]}