{"timestamp":"2024-05-12 03:03:44","trueValues":[9.722706000204628,9.657994413458642,9.610888673453749,9.580733345134645,9.563949848783295,9.55469880558175,9.547228015421744,9.538226282066864,9.527580379509985,9.517438412421416,9.510416273669913,9.507784965053716,9.508518010423764,9.50998569589635],"predValues":[9.986694296328867,9.980448792302266,9.966643193095956,9.950602310509629,9.932552596557516,9.91070369822562,9.885163525746073,9.857812268730086,9.830709258405768,9.805296132948294,9.782314442967689,9.761989045745691,9.744237015192589,9.728810104616704]}