{"timestamp":"2024-05-12 03:03:49","trueValues":[9.634069173418691,9.64224961953882,9.642697207792322,9.631677606254192,9.6075849193023,9.569580849221955,9.516340173310091,9.44576953937871,9.35642784083013,9.250297861732722,9.135208143902792,9.025100370386197,8.937474072424376,8.888679244918885],"predValues":[9.840448289750682,9.884938136886827,9.914642155909942,9.930721843653645,9.931771177635133,9.91819628306305,9.893898938774344,9.864104019999033,9.833082751935326,9.803498337849309,9.776663774161594,9.75301442284322,9.73249393667938,9.71480303753857]}