{"timestamp":"2024-05-12 03:03:54","trueValues":[9.695820405077082,9.667422471967097,9.611816807765642,9.5218074478793,9.393411813691388,9.22897097250408,9.038310602794494,8.837245135134724,8.644031864489932,8.475089890836433,8.341388315850025,8.246727121276745,8.18864377435608,8.161701566224975],"predValues":[9.493663077235963,9.44335989857927,9.40695587676857,9.39603249075762,9.405808200949911,9.424003567136534,9.441591340242688,9.455018987847762,9.464007431765188,9.469477895799384,9.4725217085542,9.474035641269134,9.474653334322069,9.474788355006616]}