{"timestamp":"2024-05-12 03:03:59","trueValues":[8.923325074154217,8.711980758200088,8.524332040806677,8.390104735674528,8.335746683861402,8.378964200255552,8.524858302529918,8.764560683281664,9.076364109582174,9.428395992004337,9.781938086098949,10.095514589144774,10.330240075569424,10.455858748906625],"predValues":[9.857067528655076,9.857854263352444,9.84866807260568,9.834790710437112,9.816970637964234,9.794366368007363,9.767937929528289,9.740044463464116,9.712914342687387,9.687967410695856,9.665846876262368,9.64666064961906,9.630219489176572,9.616195411618492]}