{"timestamp":"2024-05-12 02:17:04","trueValues":[8.011245200072127,7.933449364784917,7.877956926590585,7.843057269099853,7.826848673812835,7.826947813016253,7.839432176350733,7.858858410234486,7.879726813870914,7.898424786582103,7.914064062368528,7.927282002650552,7.937979999802259,7.944339261413482],"predValues":[8.25906609816546,8.19521673012159,8.179398046929517,8.233034748077557,8.343018132459573,8.477611694487996,8.609204767327707,8.723299372080966,8.81596342999343,8.888747818416157,8.945135167328743,8.988781932552708,9.02284222917375,9.049812345123511]}