{"timestamp":"2024-05-12 02:17:14","trueValues":[7.669083914425688,7.827832889550791,8.053228659304157,8.342523765386225,8.684011808131167,9.059274424591854,9.4467588051029,9.825124505209452,10.175623849704245,10.483451342106806,10.738084937417346,10.93278316980342,11.06378193900012,11.129477475695314],"predValues":[8.152096226620863,8.11758276018259,8.110633713337089,8.151028287426936,8.231390844664308,8.328435632739613,8.42170223374631,8.501032733270883,8.564292847657974,8.613216051129287,8.650682962147679,8.679489412565047,8.701932614539956,8.719765710661541]}