{"timestamp":"2024-05-12 02:17:29","trueValues":[10.832826400192856,10.875279242355818,10.925552121095114,10.98282800179598,11.041435484129888,11.0921819984201,11.125019135217732,11.132628667104772,11.11359606635845,11.073471002060202,11.022911603049366,10.973895905093364,10.936242144584348,10.91606931010434],"predValues":[10.808721486958508,10.71472901687799,10.570729988384787,10.4162652621066,10.27920119365519,10.164634016506014,10.069407755052122,9.990010808340273,9.923783694146856,9.86860913929646,9.822676590830142,9.78439078467574,9.752360582520408,9.725396845500624]}