{"timestamp":"2024-05-12 02:17:34","trueValues":[11.15752031503649,11.211242068584244,11.236695593931582,11.228985593897375,11.189677564213897,11.12525621878194,11.04380791450445,10.952145880176136,10.855006471306147,10.756208540641708,10.66058731710664,10.575405744059143,10.510188627112347,10.47451127174172],"predValues":[11.064460231887852,11.071579117744031,11.026327520052938,10.940680816694496,10.83251223789141,10.716245075902918,10.601629525201403,10.495032821060557,10.399959122348656,10.317605541591696,10.247605821893403,10.188737866585369,10.139435116780325,10.098099650518623]}