{"timestamp":"2024-05-12 02:17:39","trueValues":[11.306160546666664,11.258930949104688,11.186976618945431,11.086871539212868,10.95404254868979,10.785690360270568,10.583480937834624,10.354893045204438,10.112643079292464,9.872677833467849,9.652047655986038,9.467491922266028,9.334255743379313,9.264315028783322],"predValues":[11.224362995972845,11.19697824957447,11.085079591466362,10.940522406600026,10.804645882279644,10.688043826467275,10.589467563619593,10.506242195765552,10.436133502680123,10.377236310609682,10.327830966347484,10.28635091100627,10.25139384314573,10.221749892379911]}