{"timestamp":"2024-05-12 02:17:44","trueValues":[10.879432457349422,10.72016280206481,10.533499363564353,10.326356901944916,10.107513356434628,9.885879560636177,9.669760349804276,9.466642993001368,9.28268794185435,9.122199910943817,8.988008487292797,8.882678266541463,8.809379576889206,8.771553319482017],"predValues":[11.157234326342444,11.176708136412287,11.140178130734512,11.063972775321982,10.96997871050897,10.8718473780273,10.776788031907852,10.688995350189092,10.610656774276196,10.542408070857046,10.483845772610486,10.43400028217976,10.39167342388388,10.35564894840691]}