{"timestamp":"2024-05-12 02:17:54","trueValues":[9.01230051580652,8.889286837999352,8.79060638596202,8.71999561792952,8.681034974141127,8.6754387920286,8.701857396323959,8.755929193654293,8.831204022656188,8.919769883846111,9.012130411007089,9.097130716127694,9.162883131615196,9.198904417627176],"predValues":[9.35752182732147,9.35158357508884,9.367186969394131,9.41940542177692,9.496971615584894,9.57770388497228,9.646745170441278,9.69964935779677,9.73777143808172,9.764301407862956,9.782401621677396,9.79461301996654,9.802807287101622,9.808296887925756]}