{"timestamp":"2024-05-12 01:12:04","trueValues":[7.731392505090964,7.762274234061389,7.747826755025978,7.697531550031757,7.623627925186525,7.538605028022248,7.453402191874821,7.376427112244867,7.313414978760694,7.267700377068648,7.240090241811027,7.228202308429551,7.226457405291639,7.227981969556538],"predValues":[7.738651461617927,7.760911535144698,7.764619022406045,7.75051334770199,7.721194722365084,7.681868353257913,7.638988920152631,7.597944492571209,7.561903538191794,7.532039248552966,7.508257002860037,7.489842360955399,7.475874364823383,7.465446674829523]}