{"timestamp":"2024-05-12 01:12:09","trueValues":[7.506096140329767,7.427227581651147,7.362416058335495,7.318083823927573,7.297677892714597,7.301305111773711,7.3248478818036915,7.359778105000571,7.394971990636568,7.420261790114454,7.430072850210378,7.425473110118267,7.413610958245457,7.404208149668166],"predValues":[7.520278362193565,7.419786559831044,7.341298876429899,7.298211064945313,7.288222457964984,7.2990974704235985,7.318556130534743,7.339026382625002,7.357240885601561,7.37239722323085,7.38474709745828,7.3948539804319635,7.403275762736285,7.410465348399731]}