{"timestamp":"2024-05-12 01:12:14","trueValues":[7.359369321904439,7.385503798026997,7.416202664338034,7.438246917400528,7.439713008140623,7.41396844411301,7.3621271459652124,7.292910439921799,7.219525368926082,7.154531514528541,7.105379998521743,7.073240291401777,7.055164530152256,7.047325888363482],"predValues":[7.115340697683417,7.046078010186408,7.00674154110677,7.008800340757382,7.046393235642853,7.102718921565646,7.161786484224267,7.214446145930577,7.257660472859738,7.2917295405095,7.318201036765931,7.338807106906986,7.355050786308888,7.368110848073941]}