{"timestamp":"2024-05-12 01:12:19","trueValues":[7.267346346454832,7.203496446833462,7.138090619874799,7.089968503693307,7.076733818720088,7.10941573488824,7.190266280268979,7.313818711870594,7.469057149197443,7.64094672007858,7.811531533990333,7.961636261628109,8.073404417460402,8.133043160140861],"predValues":[7.711759487560403,7.759045166548443,7.79261322240613,7.809327347893959,7.807590684207268,7.790170889590552,7.763310544394172,7.7334276495429055,7.704965129766886,7.680175810503576,7.659762437205626,7.64356500504607,7.631041304976722,7.621538028252268]}