{"timestamp":"2024-05-12 01:12:29","trueValues":[7.603660545409584,7.741686769132771,7.865081322217415,7.967727608180228,8.048712642668017,8.112284527257817,8.166358716686894,8.21967381344851,8.27834109825097,8.343249102882549,8.409738550571337,8.469718300216904,8.514841256153431,8.538940056246553],"predValues":[7.45015691124818,7.487001079227405,7.517634029928663,7.539668714596189,7.5497232371862975,7.547258046538296,7.535530649561284,7.519209625633391,7.502100272275636,7.4864710964616785,7.473318540211935,7.462843805609482,7.454842235317503,7.448945180340984]}