{"timestamp":"2024-05-12 01:12:34","trueValues":[8.095646151563486,8.135681910842033,8.173482918318058,8.216590398170077,8.26788337412846,8.325212412579146,8.38339170923824,8.4371567863521,8.483266615914076,8.520869610772012,8.550463327464247,8.572580938221495,8.587309090175967,8.594628912326476],"predValues":[8.185977647413752,8.158866663426961,8.117261155796164,8.065790632953377,8.00898147729595,7.951567120656799,7.897897195915119,7.850890329324896,7.811710409818485,7.780199027301416,7.7554881157190945,7.736454186029029,7.721977736019964,7.711065513136475]}