{"timestamp":"2024-05-12 01:12:39","trueValues":[8.351771087545286,8.40959715095681,8.459490217573627,8.497347838053212,8.521687176964276,8.53277747830967,8.531510994920158,8.519102647167923,8.497582263729928,8.470040967758326,8.440152491343326,8.411730105668424,8.388881310062372,8.375917729613246],"predValues":[8.146401171093668,8.155810358600936,8.152930005926823,8.137195311979468,8.108320819642328,8.069229407789372,8.025441774528376,7.982313031576428,7.94329657215072,7.909880015880026,7.8822337333525265,7.859842625972442,7.8419226169298994,7.827656140032634]}