{"timestamp":"2024-05-12 01:12:44","trueValues":[8.70844124942818,8.721563771549274,8.704591299397311,8.652806348464324,8.563255739958946,8.435327096603222,8.27153584311874,8.079006978502907,7.870664746469984,7.664413208737566,7.479626770383328,7.332333821922395,7.231964282384464,7.181710274646355],"predValues":[8.383335627812176,8.339598228624764,8.290217336927483,8.240330649240647,8.192299698600099,8.147292892346934,8.106563690221957,8.071192523490303,8.041613956756768,8.017621206374542,7.99860721084066,7.983797195951462,7.972410008573312,7.963735726957335]}