{"timestamp":"2024-05-12 01:12:49","trueValues":[8.333696123662012,8.18454345132355,8.023544574437224,7.866093711562778,7.731023590307199,7.6363772799038685,7.593892011513518,7.605151088714596,7.661583887503282,7.747732931597542,7.8453300286935,7.936492645962235,8.006087569395632,8.043518864721644],"predValues":[8.466990510284782,8.445844091616785,8.418200732765523,8.386166012201457,8.350034158069848,8.310947796203124,8.271584748248575,8.234769551243003,8.202308505525362,8.17485970403845,8.152291847140209,8.134067244191185,8.119502020739917,8.107915226011185]}