{"timestamp":"2024-05-12 01:12:54","trueValues":[7.655110070941192,7.595897653414307,7.583696620886378,7.610355763999682,7.661815921081255,7.7223827980736095,7.778044543701124,7.818841256168376,7.840487623473451,7.844579707054759,7.836852696540613,7.824296570243874,7.812782867421147,7.806126188199668],"predValues":[7.671099656298944,7.554343708800839,7.477795751690705,7.456246928856554,7.481756535629953,7.53350533929306,7.592274686975179,7.646845901365093,7.692920646812185,7.730079508670357,7.7595060442394015,7.782783557097769,7.801383985338035,7.816504707274944]}