{"timestamp":"2024-05-12 01:12:59","trueValues":[7.804336100974408,7.869775417315459,7.912298161919436,7.924279918729347,7.904154128857934,7.8551474677194015,7.782972001320888,7.694092775195763,7.5954373073008465,7.494903776104715,7.401366336362674,7.323538606425572,7.268319133276577,7.239857410866805],"predValues":[7.739320717688188,7.774437258798194,7.81338541051538,7.853693869050515,7.888177035571391,7.911398732792445,7.92310433509203,7.926372207762347,7.924776146323937,7.921026398651483,7.91678892862441,7.912931802297315,7.909820479200226,7.907539480155357]}