{"timestamp":"2024-05-12 02:27:04","trueValues":[8.934147194651757,8.968833955354452,9.028889454793516,9.10424534936389,9.183353117916708,9.25474876012533,9.307893752087516,9.334376943048907,9.32996166034868,9.296692351044994,9.243665900864912,9.18522054966796,9.1366104453431,9.109423445774064],"predValues":[9.032973564712352,8.969830663163616,8.939023089254192,8.960433436150058,9.02561546898197,9.109905586564947,9.192221956897033,9.262288123782604,9.31786933541914,9.360491219226535,9.392784020665989,9.417301438038958,9.436133102490947,9.450866836009151]}