{"timestamp":"2024-05-12 02:27:09","trueValues":[9.300517582722197,9.37783127721852,9.428814875072934,9.44619905399727,9.428169008412596,9.37931597317105,9.309156248645792,9.228305437476305,9.14456656575898,9.061936564702949,8.983185484651433,8.91319214388312,8.859600095244929,8.83033622239034],"predValues":[9.297549253972129,9.305088086051905,9.3216169567816,9.354486519806624,9.396401937118885,9.435451620138233,9.465059423634168,9.484635296583669,9.496326812079552,9.5026791631833,9.505732544333082,9.50689882536418,9.50706574069862,9.506762209947135]}