{"timestamp":"2024-05-12 02:27:14","trueValues":[9.54439683366622,9.50609135914438,9.44401480205708,9.358483451015752,9.245765100405388,9.101559288265374,8.925498960333194,8.72319411973632,8.505252395451764,8.285453339388424,8.079704142391824,7.90514472352587,7.778107801423413,7.711222328498451],"predValues":[9.845285113406998,9.82247140191583,9.797388386084751,9.779248303957946,9.767527020122165,9.757177206231791,9.74529166494906,9.731799164889203,9.717744787413723,9.704152350784204,9.691667721660975,9.680582204513064,9.67093885711783,9.662640400793096]}