{"timestamp":"2024-05-12 02:27:19","trueValues":[9.042958184861444,8.885151430851938,8.71337242809043,8.539039727027468,8.375371533733823,8.235878421904292,8.133071333748267,8.07615187575996,8.068069239899502,8.103656227095435,8.169845067708978,8.247681302886052,8.315833524989277,8.3554729932429],"predValues":[9.630195036611653,9.661726619073654,9.688759992745704,9.715363320221694,9.73728132362836,9.74908074935638,9.749940841748504,9.742653445825386,9.730746109865226,9.71698144212628,9.703103016802714,9.690045878713905,9.678217747800977,9.667715371168615]}