{"timestamp":"2024-05-12 02:27:24","trueValues":[8.125608251461987,7.995942944419575,7.919462497651715,7.904464570116895,7.951570310121788,8.053360490523715,8.195609565892775,8.359827410319582,8.527042820258856,8.681769614243668,8.814027424744907,8.918312298345988,8.990950768745453,9.028509908459784],"predValues":[8.826215699412877,8.771741497916388,8.75023068287336,8.779391429693293,8.84994239525724,8.937616003616402,9.0220204103615,9.093397447357685,9.14983875138634,9.193065570386713,9.22582031267212,9.250719402688812,9.269883834654692,9.284922693656874]}