{"timestamp":"2024-05-12 02:27:29","trueValues":[8.050900881439444,8.181723698484234,8.331883710181826,8.483205484501779,8.621542681061428,8.738837648142729,8.832069696612042,8.90050445215557,8.943902970687866,8.963062086878763,8.961636396028533,8.947008446432475,8.929014813906429,8.917097377973803],"predValues":[8.073227402153496,8.06616007931464,8.09836437310064,8.185157157545246,8.31237747388459,8.45086643581998,8.577487664318827,8.682140655337427,8.764015816345987,8.826403612058499,8.873546030910768,8.909293022933664,8.936720827109397,8.958146058175211]}