{"timestamp":"2024-05-12 02:27:34","trueValues":[8.829115986243174,8.926347092231605,8.988163707922277,9.01107204020813,8.993141399615624,8.93638805959551,8.848273507701576,8.741085955171457,8.629697345672893,8.528537616183856,8.448226090386314,8.392975254164924,8.360734547320295,8.346497838762929],"predValues":[8.876488312363424,8.872386128809648,8.87859947239761,8.903552783319121,8.940579016591489,8.9779648620414,9.008604989038885,9.030990249066488,9.046432043812322,9.056903057372288,9.064116032445654,9.069310607758274,9.073300628459924,9.076593751061406]}