{"timestamp":"2024-05-12 02:27:39","trueValues":[8.853591408993783,8.760064335012958,8.656750919289877,8.561617683898175,8.491790461098056,8.459681585472985,8.469814781532833,8.518352857106683,8.59582629064122,8.690686295198834,8.790917890375978,8.883744876791646,8.955807117183037,8.99533309364079],"predValues":[9.300683966479138,9.270707779776934,9.24389926338663,9.23060557331111,9.228913030556772,9.231028177422196,9.231611849515245,9.22929045058051,9.224718884095804,9.218990073397473,9.212987500287555,9.207260284321718,9.202086972109027,9.19755846340168]}