{"timestamp":"2024-05-12 02:27:44","trueValues":[8.487782100972716,8.484915569313557,8.513472975673011,8.56386147251817,8.625276215620186,8.687556101100558,8.741077449931485,8.777027770347452,8.789530738894369,8.778434058618995,8.750178854067283,8.715525848535727,8.68556188811598,8.668512868804275],"predValues":[8.4392490753851,8.340965977527688,8.284866212041639,8.293896650581424,8.359501553313171,8.453928056420986,8.551545885039374,8.638167235740806,8.7092120368006,8.765217713069465,8.808635368391698,8.842219903151829,8.868397171262995,8.88910211481872]}