{"timestamp":"2024-05-12 02:27:49","trueValues":[8.679898195661181,8.737592427853144,8.779780012844494,8.80057984298365,8.799566124694543,8.782569997343908,8.759354944841581,8.739601259218924,8.72974209135941,8.731861490844821,8.744146512617466,8.761979077161552,8.779229298556334,8.789824435462137],"predValues":[8.598389291548894,8.577334304210591,8.579422074834856,8.615097303895492,8.674972598562661,8.741127949793816,8.80056203513746,8.848379557412471,8.88477693450444,8.911875160631276,8.932038160927563,8.94725509839165,8.959017845272294,8.968390088143437]}