{"timestamp":"2024-05-12 02:27:54","trueValues":[8.738019018795468,8.717799937073117,8.707564146556114,8.715040784068599,8.743103823354705,8.789924637820551,8.84975448261162,8.91393316291564,8.972241898695549,9.015176350071895,9.037267647742985,9.039912777374134,9.03138999534515,9.023043697045576],"predValues":[9.078854018583844,9.030488971485664,8.996949089235383,8.989034431864365,9.001637071192198,9.022603019299549,9.042993800553823,9.059235619434483,9.071011124175085,9.07921655443763,9.084924633613532,9.089012464574855,9.092103587727014,9.09460306512365]}