{"timestamp":"2024-05-12 02:27:59","trueValues":[9.069779459111706,9.146946969796016,9.196827544341623,9.198800228437523,9.134358683060634,8.992129807636507,8.772671492749527,8.490552417104698,8.172487273663888,7.852066178750961,7.562518307568488,7.329896804881799,7.169787522938747,7.088836243622096],"predValues":[8.82958935600534,8.809012522626686,8.805074596519862,8.827132670597308,8.867715157332778,8.912077691658098,8.950058106539771,8.978502286892102,8.998270059318463,9.011463281246822,9.020108857677894,9.025774410653938,9.029548079313813,9.03214643012512]}