{"timestamp":"2024-05-12 02:25:09","trueValues":[8.975429237374884,8.712174783986939,8.487268331320685,8.325865455535713,8.248364645760017,8.266111892115637,8.378609638064239,8.573313717802794,8.828004191905643,9.114250169457916,9.400385047313057,9.653888508862378,9.844144879673314,9.9463656378488],"predValues":[10.008032348684974,9.999259725231829,9.998285343677589,10.01502737698407,10.043329626144375,10.071465491547738,10.092660549556824,10.10581549790531,10.112475100803028,10.114680615843149,10.114141064682451,10.11206791243939,10.109242578036344,10.106137102291733]}