{"timestamp":"2024-05-12 02:25:14","trueValues":[8.096685385572508,8.15616757867974,8.306036020119556,8.5330228013251,8.818903053558593,9.142640128905429,9.481559057601462,9.81253037112159,10.114016143970373,10.369020248797172,10.567897211896764,10.70922400030641,10.797655638178032,10.839699165667362],"predValues":[8.50956295738484,8.432976460906087,8.412424877458598,8.473221927507684,8.601201336514485,8.759151616448513,8.913961336523045,9.04808524983179,9.156728527340787,9.24172989561639,9.30725585908965,9.35766801113348,9.396726730970297,9.427397157885178]}