{"timestamp":"2024-05-12 02:25:19","trueValues":[9.240075094864428,9.567866511790193,9.872266924061725,10.129186834192112,10.320417586557287,10.437105226346873,10.48130376901399,10.464418741360486,10.403376102507224,10.31671408612718,10.22214538603859,10.135463169713612,10.069780922455877,10.034510223871385],"predValues":[9.115550408018564,9.210463038748504,9.301917757852513,9.391628902762353,9.470374667038882,9.529575921438306,9.568305594803723,9.590837038643338,9.602472738501906,9.60750784056506,9.608867084228011,9.608361022449706,9.607038989211627,9.605470304014377]}