{"timestamp":"2024-05-12 02:25:24","trueValues":[10.390493853415323,10.447170114698196,10.451997369959546,10.422673960425156,10.377520172993734,10.332681079441258,10.300716261318206,10.28960894949287,10.3016746955475,10.33306859943746,10.375014848244614,10.41683883422718,10.449354366638389,10.466815624299963],"predValues":[10.859217628247055,10.862365098614028,10.813209064198494,10.729821033629996,10.630890208591,10.528675297767991,10.430702906958292,10.341558423661557,10.26345958920036,10.19680987089586,10.140877286532998,10.09436585017112,10.055805218450136,10.0237755478723]}