{"timestamp":"2024-05-12 02:25:29","trueValues":[10.336268164399254,10.291304681712194,10.26338144730812,10.255506126671971,10.265196784464546,10.285795944098126,10.309521842576244,10.330781221462614,10.34792884840024,10.36264876090349,10.37752389403622,10.393330882523331,10.407795637827435,10.416699560922645],"predValues":[10.468193473175356,10.387756229299484,10.298747829842291,10.223097441337904,10.168153059544238,10.12840169422724,10.097181616179196,10.070749456657634,10.047533872577809,10.026942686606704,10.008715957347688,9.99265062219644,9.97853192384368,9.966124373457692]}