{"timestamp":"2024-05-12 02:25:34","trueValues":[10.182975034927146,10.198161140896335,10.22194498132176,10.256636792010688,10.3074731428981,10.379564088474394,10.474470871851851,10.588185930271385,10.71148320467385,10.83234744886696,10.939283299451672,11.023910968746025,11.08165835868781,11.110749468855476],"predValues":[10.493164857731806,10.538451007960289,10.55884869972204,10.55702857836813,10.536168945760425,10.500631395271824,10.456289858257684,10.408961387281035,10.362901260215146,10.3205334704519,10.282870673125414,10.250044167877746,10.221720124040012,10.197354206254037]}