{"timestamp":"2024-05-12 02:25:39","trueValues":[10.527105017838249,10.627873506288594,10.729925754397144,10.818756075392436,10.877969556074316,10.893503313727344,10.857254512546126,10.768838821999449,10.635551611672906,10.471574306064046,10.296887308598516,10.135268612349265,10.010743393925903,9.942960352395191],"predValues":[10.439476593566438,10.419699784322606,10.39182226558338,10.366654728930088,10.34647073132262,10.32802658686683,10.309076380632735,10.289540375995598,10.270229760217708,10.251942431123894,10.235175945252491,10.220136023095314,10.206817348877376,10.195095001886596]}