{"timestamp":"2024-05-12 02:25:44","trueValues":[11.0110063933992,11.01493953530854,10.961913085128456,10.852801487843523,10.694326009341257,10.49852847468886,10.281608708144637,10.061493097681105,9.854568582835938,9.672985962063482,9.523804052962618,9.410149062800388,9.333352593209836,9.294504378062314],"predValues":[11.12921859745368,11.16139604657602,11.144050672809056,11.088706544736729,11.011304076798202,10.924137061794848,10.835836191987788,10.752305698649767,10.676947146191903,10.61109904675472,10.554714621518372,10.506982151643076,10.466755024465169,10.432827090641188]}