{"timestamp":"2024-05-12 02:25:49","trueValues":[10.464344852088232,10.255405658524808,10.049740982350423,9.86437671925562,9.711435494087336,9.597020879680148,9.522143936435672,9.484685264868505,9.48087544893875,9.505288677122069,9.54971632969092,9.602434996499532,9.64928451615028,9.676867540955495],"predValues":[11.10497653722479,11.071437718129506,10.997414488347175,10.908726630121407,10.825495414914888,10.75238809316199,10.688460051648384,10.632565740865395,10.583955636540535,10.541982277280972,10.505941854479056,10.47507899650982,10.448632484395803,10.425889472711898]}