{"timestamp":"2024-05-12 02:25:54","trueValues":[9.46879216082668,9.377075374016048,9.3349776256219,9.344050058784044,9.403986484863506,9.510759672733762,9.654984090086211,9.82198075588497,9.993936508164635,10.153477267973342,10.28724449278078,10.38787796054658,10.45355648676183,10.485600509932116],"predValues":[9.810891517694571,9.778053849319445,9.76712089491352,9.793167660748876,9.846421094520698,9.906387288940062,9.958927345709272,9.999263977851813,10.027962783825792,10.047404699245742,10.06009876990327,10.068103795448987,10.07294699803528,10.075701632631066]}