{"timestamp":"2024-05-12 02:25:59","trueValues":[9.494753342684817,9.618693294282636,9.762236229282363,9.909368907127586,10.045388957372486,10.160478143624918,10.251559695325174,10.321578020235906,10.376671775306573,10.422743597077424,10.463024413582652,10.497421730337564,10.523379722730713,10.537525531535884],"predValues":[9.542474649432648,9.54911298923044,9.570964013872327,9.618779409837348,9.68264631993866,9.745578185220602,9.79726133906268,9.835479634874806,9.86211485700069,9.880081644863075,9.892009180768168,9.899894601376785,9.905139144974235,9.90868636161987]}