{"timestamp":"2024-05-12 03:00:04","trueValues":[9.808386192945456,9.7446516456412,9.663372383008149,9.56070031553667,9.43418699726996,9.284784483507336,9.118258263794504,8.944768910432469,8.77654084535908,8.624818793182966,8.49767715031336,8.399651601753837,8.332992580843115,8.299162723067553],"predValues":[9.914700629434748,9.895170472150092,9.838175795945784,9.757343589988736,9.667506461211817,9.577538032792834,9.492359117632828,9.41493591817187,9.346723893600098,9.287952685396736,9.238037558313742,9.195967451949503,9.160586185245382,9.13076468759516]}