{"timestamp":"2024-05-12 03:00:09","trueValues":[9.234877330086816,9.069629554257208,8.904188018429496,8.752359650753736,8.626505754373571,8.535027911648392,8.481651949263227,8.466345706779439,8.486540070148124,8.537115150695158,8.60896529166476,8.687835976653371,8.755644533903997,8.794963992503689],"predValues":[9.825177131381777,9.838844520438547,9.819596630805448,9.775667597929926,9.717315272795163,9.652274639577778,9.586322882528442,9.523672753320556,9.466825855660758,9.416812386740594,9.37365839385748,9.33681847849824,9.305502184923018,9.278855268092174]}