{"timestamp":"2024-05-12 03:00:14","trueValues":[8.360973491405746,8.279014872729967,8.250208422312596,8.279565321229374,8.369556341692029,8.517700345727615,8.714174578535246,8.941711808240196,9.178582209870171,9.403230050083538,9.598163771301325,9.751515905875737,9.856428040924715,9.90952306460207],"predValues":[8.644952025139354,8.595445681152494,8.572456549086912,8.589449752761304,8.636646126729644,8.694006794041474,8.746849318407172,8.789338307840012,8.821140463248607,8.844069261268142,8.86032011696627,8.871799267251612,8.87996562656804,8.885868794685788]}