{"timestamp":"2024-05-12 03:00:19","trueValues":[8.573493390997193,8.748439266704352,8.94169320302776,9.131011871131832,9.295839169160349,9.4216523998619,9.501903591613392,9.537626131071372,9.535883620032202,9.507910948920792,9.46690878175048,9.42546327894665,9.393244898356947,9.375971819129738],"predValues":[8.331465624479474,8.309085148649356,8.311079627422682,8.349167155170248,8.413428495775241,8.484491370469977,8.548272962382825,8.599472912279019,8.638282588057919,8.66696890196069,8.688074920738822,8.703753533260114,8.715634556134113,8.724883738814416]}