{"timestamp":"2024-05-12 03:00:24","trueValues":[9.439182231020748,9.534336729512376,9.586546145077694,9.601360678375627,9.587905920318144,9.55671933165249,9.51730020227188,9.47604287790242,9.435548367242903,9.395807633475872,9.356691503269246,9.320211465876303,9.29098533502409,9.27452025359418],"predValues":[9.580706234682234,9.63073405619485,9.642613218547602,9.620627173221166,9.573403423011667,9.511105198107607,9.443235509444689,9.376948326993972,9.31645852873886,9.263555936115864,9.218470190604211,9.180593167545942,9.148972811641736,9.122583178320031]}