{"timestamp":"2024-05-12 03:00:29","trueValues":[9.482729059675048,9.44106188905446,9.406523704262518,9.38431918058431,9.376558680687776,9.38428622277942,9.409221460065991,9.453700144074674,9.51847445696545,9.599839303575717,9.688435198894291,9.771064136795328,9.83447176393818,9.868718644261094],"predValues":[9.566948477450763,9.496148733617648,9.416532245399033,9.345060056030665,9.28890793016104,9.245759253052906,9.211371504692965,9.18292254014315,9.158923410830944,9.138551234789109,9.121256360884471,9.106591732441036,9.094153350560156,9.08357761623304]}