{"timestamp":"2024-05-12 03:00:34","trueValues":[9.40214084778968,9.416998438864972,9.446494611086283,9.49141663072848,9.548735569206702,9.610571853264808,9.666129143913924,9.705525415462107,9.723105214905791,9.718740432067897,9.69738962185183,9.667686665983712,9.639869747079285,9.6231872504526],"predValues":[9.657281036456029,9.671313087676578,9.663742360946909,9.638361661716829,9.599229584185258,9.550787989927334,9.498109723008586,9.445882765385829,9.397324755655797,9.354044247328105,9.316471818176316,9.284345400493804,9.257067501172571,9.233932716872475]}