{"timestamp":"2024-05-12 03:00:44","trueValues":[9.90752061216627,9.824360096767007,9.702176477223317,9.546558227773986,9.363599352858635,9.158925537140938,8.937531482794185,8.70470266488319,8.467623619085163,8.236583825244432,8.02487564449277,7.847419925627757,7.718794384171865,7.651005229499926],"predValues":[10.047704508954736,10.03143611119917,9.985556188905177,9.920301861533506,9.846807551361906,9.772281449266256,9.701199969359084,9.636452766920716,9.579484138013822,9.5305641240075,9.489194636785914,9.454492194547024,9.425453178974184,9.401102145358156]}