{"timestamp":"2024-05-12 03:00:49","trueValues":[9.292479599371587,9.111891560098304,8.913166893951953,8.6964948425219,8.464230028336518,8.221448750715071,7.975527179022882,7.735402991526296,7.51081149852774,7.311223550524277,7.144503039235844,7.01602474474696,6.928890953337245,6.88485533917333],"predValues":[9.270883731928844,9.192834865752484,9.13022035223698,9.09837513905103,9.094613696673616,9.105795429348705,9.120581789039228,9.13336463313896,9.142568897520665,9.148448676228492,9.151802930242267,9.153434873161808,9.153976550632496,9.153872361442843]}