{"timestamp":"2024-05-12 03:00:59","trueValues":[7.243883844627083,7.038165213336632,6.841034748107447,6.655759258454846,6.489097220691217,6.350596564050867,6.250130543197009,6.195418062086942,6.1905886805156,6.234839051988796,6.319675232556824,6.425820760296054,6.524074887179813,6.58336318739457],"predValues":[7.600459385715293,7.553501158466158,7.550260130459502,7.610914451950313,7.724661405019735,7.861895578270573,7.995622668976896,8.111314132534813,8.205025132330022,8.278404887550757,8.3350745041149,8.378807916471075,8.412844292104696,8.439736531950969]}