{"timestamp":"2024-05-12 01:08:04","trueValues":[8.362379513888541,8.369319258127822,8.370479691806441,8.368966822246502,8.367490099956443,8.36917387168206,8.377325081039787,8.394205590284557,8.419986567370799,8.452652004636505,8.488497870074072,8.522650395391054,8.549674466456885,8.56466521769548],"predValues":[8.360226890809495,8.308350242758065,8.268859350415195,8.249091843777583,8.245503695664588,8.249865023248745,8.255942814574661,8.261048084867578,8.26470028806911,8.267259567934296,8.269221886268982,8.270969181505635,8.272733753010982,8.274626700482148]}