{"timestamp":"2024-05-12 01:08:09","trueValues":[8.3590595466234,8.362410079594689,8.37455609385155,8.396305055613784,8.426433539269228,8.462143852444747,8.499508434794732,8.533973793469418,8.561312558414198,8.578872689490444,8.58642959520516,8.586219356304614,8.582219767207995,8.578775942385768],"predValues":[8.511702291026435,8.486054739892246,8.463707753444515,8.448695473317244,8.438449317039026,8.428592807067004,8.417171332940217,8.404627698714688,8.392166990578879,8.380765716397025,8.370933393201172,8.362809028507105,8.35629773573139,8.351196186480959]}