{"timestamp":"2024-05-12 01:08:14","trueValues":[8.514574670038073,8.55652650040896,8.589997543373222,8.6087284738893,8.608230385773467,8.586950806942166,8.546673977268174,8.49220137050418,8.430361365403586,8.368478834103135,8.312892572480367,8.268202320627392,8.237265041808403,8.221535397847282],"predValues":[8.400271155328014,8.382179446753545,8.369395805287567,8.365611770866478,8.367057130084142,8.36800812222846,8.365716225844878,8.36047008751493,8.353683171806388,8.346653325181158,8.340200505930248,8.334712499838611,8.33028924347591,8.3268704027961]}