{"timestamp":"2024-05-12 01:08:19","trueValues":[8.655703977407128,8.633328817351993,8.592506057587329,8.536657462469188,8.469369585378072,8.393267887577695,8.309749620522133,8.219593013668781,8.124000761107366,8.025837002398305,7.930733269557755,7.8471381895537,7.784613778424145,7.751157088052336],"predValues":[8.724321064032548,8.718912262988145,8.70622085021811,8.688290209625603,8.66486491822273,8.636417814194157,8.605409569779155,8.574914563438686,8.547181102201478,8.523294933107646,8.503456195085274,8.487367736312853,8.474510737152121,8.464318535989971]}