{"timestamp":"2024-05-12 01:08:24","trueValues":[8.409315414882752,8.341931056475708,8.270001178881374,8.193186635655882,8.112142596065791,8.0296492104268,7.950782512269424,7.881443277612671,7.826039612860542,7.786013156188213,7.759999879735249,7.74497484174802,7.737468967473134,7.734549278064152],"predValues":[8.512341247179297,8.492202433659177,8.476289661249918,8.468526503465892,8.465644290270536,8.462494162016077,8.456698106764218,8.448650820807394,8.439699055737345,8.431014142571403,8.42328872678975,8.416807733931435,8.411592692885133,8.40752878291123]}