{"timestamp":"2024-05-12 01:08:29","trueValues":[7.9887392719524275,7.907629848330055,7.84074809644758,7.794004094930226,7.770122710033879,7.768555087991625,7.786334494785888,7.818994616276613,7.861269645766418,7.907609116807624,7.9525290101398305,7.99094425541505,8.018711206034647,8.03316984819752],"predValues":[8.353489677597036,8.333908223083803,8.322884900503183,8.32366312996058,8.331338843246149,8.338927112033259,8.342785833092849,8.342796996220311,8.340316655613611,8.336748707445548,8.333070722735354,8.329821455277475,8.32722576235366,8.32532218333253]}