{"timestamp":"2024-05-12 01:08:34","trueValues":[7.814807114534373,7.827995552265247,7.848912063665264,7.871037116507487,7.888166404021426,7.895077443075803,7.888184211867617,7.866362689776878,7.831695863230367,7.789391862766909,7.7464372114456275,7.709477425360538,7.683126862984952,7.669617618233902],"predValues":[7.909607316623439,7.901575446414062,7.90799318155009,7.934060944696621,7.973177074903246,8.013934982213126,8.048559814137278,8.074774824250817,8.0935198415706,8.106696053019014,8.116081053750113,8.12301627958066,8.128410196455112,8.132848868565262]}