{"timestamp":"2024-05-12 01:08:44","trueValues":[7.771989344418884,7.74131652540526,7.719578460981742,7.707763619506272,7.705203808063587,7.710670285266547,7.72278626539476,7.739974823799749,7.760808143321295,7.78460633633917,7.810998893337116,7.838187487638647,7.861715639287426,7.8756326039796125],"predValues":[7.899276905311753,7.842476254894297,7.804445340150292,7.795125989240223,7.810389971312903,7.838177121877432,7.867849246250654,7.893910630467207,7.914864352292099,7.93113514214641,7.943729010445523,7.953641336054859,7.96166576417926,7.968376132728059]}