{"timestamp":"2024-05-12 01:08:49","trueValues":[7.698937306725804,7.708594209347243,7.724202919427519,7.744879955164588,7.770516608960062,7.801277669838391,7.835779973149203,7.869763456821749,7.897144747966386,7.913086225560549,7.916783612849429,7.911869976244619,7.904240244412646,7.899064805889962],"predValues":[7.804446403305288,7.782355637211701,7.772750031818839,7.781816617628504,7.805034859595819,7.832701342068253,7.857492787641554,7.876704530004776,7.890588536892072,7.900430960060391,7.9075453275078385,7.91293632070605,7.917286485162746,7.921019488144005]}