{"timestamp":"2024-05-12 01:08:54","trueValues":[7.78642938136932,7.82715778612805,7.87089013532923,7.911648574216609,7.94427414316995,7.967089449393613,7.982203526611794,7.99327841220974,8.002559755328686,8.009512789005422,8.012076587279346,8.009392386702075,8.003597926182712,7.998972936159436],"predValues":[7.723647155153129,7.672436042129473,7.640627242002149,7.638004970203423,7.6601714860905075,7.694631794778959,7.730277255499695,7.761347960270738,7.786316952728447,7.805723518244766,7.820739253625776,7.83251980835261,7.841993848314662,7.849846842695887]}