{"timestamp":"2024-05-12 01:08:59","trueValues":[7.959870361179018,7.971118806830132,7.978262145251232,7.984027369008192,7.988494746303245,7.99032257553088,7.989424741136384,7.988684253681361,7.992994018248192,8.006101656199336,8.027598118649912,8.052464782439213,8.073660106237046,8.085574352704684],"predValues":[8.10505640222575,8.093148534688092,8.080777397360734,8.070834240256502,8.061631039029795,8.050598148054208,8.037281334357514,8.022977912824121,8.00926241600376,7.997197733104127,7.987241552351188,7.979422844718599,7.973533231827053,7.969269980291318]}