{"timestamp":"2024-05-12 03:47:04","trueValues":[7.347186894588949,7.248827781149291,7.138244511560535,7.015711114023009,6.881527398245715,6.735672898494968,6.578781653831774,6.413797806230031,6.246844463997379,6.086693054537592,5.943364478164019,5.826561884740445,5.744277143269506,5.701862840475167],"predValues":[7.493963947087859,7.47608752740017,7.479882193371224,7.515569382925571,7.576850434286785,7.64773124368838,7.714367938344175,7.770126165287619,7.81398024573589,7.847523051662412,7.873024418984588,7.892574776214177,7.907838758286855,7.920047232899758]}