{"timestamp":"2024-05-12 03:47:09","trueValues":[6.746262188048289,6.611286820481768,6.472508148809847,6.334328564978422,6.202800743276615,6.084194108718453,5.983512001611567,5.9033360280760725,5.8433230548368655,5.8007072841707,5.771645942342935,5.752599387687286,5.741054056003415,5.735580934081726],"predValues":[7.133825773606569,7.153888837333192,7.192034307028063,7.256169132188479,7.338884451432978,7.424451949744184,7.500373176983915,7.561654759922627,7.608651526540385,7.643913985673652,7.670309732136586,7.690284819787253,7.705705085644411,7.717920204976041]}