{"timestamp":"2024-05-12 03:47:14","trueValues":[6.121163728987259,6.03040418035655,5.957941130531498,5.901581024965695,5.856514947821477,5.816853684890427,5.77727096253474,5.734056502711202,5.6855578967665945,5.632307253776638,5.577054025456505,5.524862816420503,5.482958097105396,5.459273794566514],"predValues":[6.513785806018614,6.497584121239072,6.518387805315092,6.5877037834562975,6.696442080443103,6.822287072900172,6.944074135630194,7.049723037091711,7.135644831805482,7.203092182146065,7.255172955956812,7.295239546730256,7.326228654355322,7.35048931979665]}