{"timestamp":"2024-05-12 03:47:19","trueValues":[6.206179981432809,6.213110157277122,6.178176213037755,6.083857885950827,5.915657197118598,5.664395929456775,5.329052656802524,4.9196544922812055,4.458905497066131,3.981230268635541,3.528765389611596,3.144885370327242,2.8670605106074207,2.7215879492891464],"predValues":[6.040158361660164,6.055489854075117,6.11243310015647,6.215549300627711,6.350986210357063,6.495565721478325,6.629855486966515,6.743912083928652,6.835699570546547,6.907409906634117,6.962696624336637,7.005238505730549,7.0381827553940735,7.064024332315112]}