{"timestamp":"2024-05-12 03:47:24","trueValues":[5.613938859114345,5.334413482977713,5.001748530324658,4.636843153227521,4.2691525758284525,3.932095763108686,3.6562554150840993,3.4623085674917617,3.356376933248378,3.329446419822233,3.360328281687033,3.420708375635949,3.481317446592224,3.5182856050229097],"predValues":[6.004749054243012,6.025093854043692,6.07450677328524,6.160105235985718,6.272869700944052,6.394181932073788,6.507487675819686,6.604058695449702,6.681981046181488,6.743033120535342,6.79027760226727,6.826816378973769,6.855304680258451,6.877844895126786]}