{"timestamp":"2024-05-12 03:47:29","trueValues":[3.645410901884446,3.323989112331117,3.1096896241700005,3.021025952720404,3.061318862613716,3.220043385173901,3.475854823326126,3.800430395729215,4.162369686668854,4.530079097692567,4.873134185219823,5.162845981613311,5.373398379989464,5.48441348984834],"predValues":[4.976221846624129,4.935847040572496,4.966823689349948,5.066249844946504,5.216466469647656,5.392095754675968,5.568943481777391,5.7302340618158665,5.867873297120349,5.9803432681446695,6.069829821561513,6.140005759200466,6.194742161297953,6.237510361811733]}