{"timestamp":"2024-05-12 03:47:34","trueValues":[3.114311026045163,3.311896787401576,3.576863252569732,3.8849665672466847,4.213794144999063,4.543727329194656,4.857741860404917,5.1413728421254685,5.383693707186268,5.578847169252381,5.726614816419225,5.830957366178864,5.897145542320535,5.929259600826212],"predValues":[3.604091316500506,3.807768291514664,4.1235348606295705,4.452295208363746,4.746016330443262,4.9918973693512125,5.190673930750828,5.347755347264011,5.4700452158601625,5.564443412466198,5.637101817021845,5.693141514250597,5.7366452851275405,5.77077907233771]}