{"timestamp":"2024-05-12 03:47:39","trueValues":[4.4739357708840695,4.765370801364756,5.029600633014751,5.259432483437961,5.453296139151828,5.615474852295455,5.754147607150856,5.87786602382629,5.992267880373522,6.098482380293147,6.193549832969443,6.272181573872604,6.32868467378543,6.358318923261904],"predValues":[4.559715768338427,4.698179555095738,4.879606440273012,5.072709508257704,5.252833945505351,5.406764967975325,5.531217160939868,5.628707543853056,5.703962837381891,5.761874484770628,5.80667317843324,5.841735498638427,5.869649829119405,5.892357756688429]}