{"timestamp":"2024-05-12 03:47:44","trueValues":[5.465336834616854,5.578376922508016,5.689220465729341,5.810105042761757,5.948816602774527,6.108272177289142,6.2872202999804125,6.480931260057915,6.681241356092712,6.876569109131054,7.05308579634546,7.197251740173106,7.2984824352581565,7.350419417355634],"predValues":[5.837356496102453,5.782918840558967,5.751612912744962,5.756362026114072,5.794303237155252,5.851803310665992,5.914591650023413,5.973507845989415,6.0246289895214975,6.067305360022459,6.102412731420621,6.131316859203288,6.155384694907136,6.175793815585101]}