{"timestamp":"2024-05-12 03:47:49","trueValues":[6.216930737651214,6.37898160640652,6.537414558708932,6.681502360644338,6.798810484268721,6.877140289152893,6.907813639744015,6.888966293755825,6.827183964813788,6.736738445590154,6.63661476064515,6.546007508967681,6.479632217546635,6.445269852012231],"predValues":[6.377245607191703,6.413262640583697,6.437193860870503,6.458028509335794,6.478357361811526,6.496566681907476,6.511153168458672,6.5221597463480965,6.530522789338865,6.537291764306842,6.543278921669311,6.549003479747657,6.554751294341551,6.560653797987427]}