{"timestamp":"2024-05-12 03:47:54","trueValues":[6.643521414185166,6.673781596165796,6.684558665470362,6.690243621025092,6.711051291932348,6.76856106673243,6.879581558813475,7.049841578873815,7.270139520419237,7.517595756348792,7.76199914270606,7.973631839452974,8.128490730446092,8.21013066841169],"predValues":[6.999996620020587,7.107641329199177,7.176616964847147,7.205833793093141,7.199964380146531,7.16947256327105,7.126800711178824,7.081949125555139,7.040841174462679,7.0060151404554505,6.977931103858165,6.956019745170226,6.939324224894836,6.926835077362873]}