{"timestamp":"2024-05-12 00:46:04","trueValues":[9.531491726741898,9.699904514995918,9.815811267440612,9.861988341556112,9.828670127122589,9.715018326425348,9.529068264927506,9.28685125682042,9.011115097985485,8.729065658992925,8.468553082340804,8.25368972334845,8.101943484396166,8.023750294929037],"predValues":[9.14596248826931,9.175973759086396,9.20099830139267,9.221370477434508,9.233108771750237,9.233635565050973,9.224528047773944,9.209516830801668,9.192103946692429,9.174660762665791,9.1584880488599,9.144134393252926,9.131708769232,9.121088382395032]}