{"timestamp":"2024-05-12 00:46:09","trueValues":[9.683564354278088,9.53095589662369,9.334742136790188,9.116638547157422,8.900914829984197,8.7102284129772,8.56103666969262,8.460725337890743,8.407583269604798,8.392899770160177,8.40389757702088,8.426763648895625,8.449320076877655,8.462832776882443],"predValues":[10.126694267302952,10.095941445875846,10.028724002803244,9.943605687478035,9.856601335189136,9.7748091002703,9.70087145446518,9.635881321110126,9.580015183934544,9.532766449582631,9.493217083714956,9.460277884037666,9.432853800904422,9.409940684421084]}