{"timestamp":"2024-05-12 00:46:14","trueValues":[8.62794367150626,8.460562940965037,8.347986521546698,8.292378199457755,8.289138766183592,8.329399382743887,8.402468696705661,8.49779648946171,8.605995102393447,8.718787608064812,8.828132567871464,8.925046853670956,8.999062641368312,9.039598615072684],"predValues":[8.831680581883344,8.701851814760227,8.615290798104844,8.594768982997257,8.630722492878213,8.69602918063346,8.76713830257054,8.83137678534311,8.884466759034229,8.926468823478697,8.959083229304575,8.984332628892595,9.004023322581713,9.019605985364578]}