{"timestamp":"2024-05-12 00:46:39","trueValues":[9.827276330922253,9.905964153251478,10.002771326185076,10.103520677845488,10.192930949891338,10.25743681614551,10.287661781116883,10.280177701519424,10.237864132661,10.168972752046496,10.08576652098239,10.0031226989114,9.936583017149031,9.89943319210833],"predValues":[9.591861920059907,9.538031724702517,9.48986867705366,9.458321147266712,9.442372759165073,9.434320954799514,9.428057908715468,9.42114686966109,9.413327364662257,9.405073029269872,9.39691065678468,9.389212883032936,9.382174265378984,9.375860187855112]}