{"timestamp":"2024-05-12 00:46:44","trueValues":[10.357394648911068,10.408911418996205,10.415315333117276,10.374828796120235,10.290798619933888,10.170874204757634,10.026317019891298,9.870904490933782,9.71895412622218,9.582923444427315,9.471573374297371,9.389284645995197,9.33648305309686,9.311124680121706],"predValues":[10.400276474115095,10.446500327050437,10.449636634289943,10.41356910103562,10.347877285382914,10.264544007296733,10.174831799231892,10.087355937702071,10.007368408389697,9.93721134175193,9.877261626235011,9.826798974328849,9.784614047224991,9.749381622220376]}