{"timestamp":"2024-05-12 00:46:54","trueValues":[9.638800213152862,9.657159836786434,9.709403273311636,9.781634023769964,9.85657581946922,9.917762515824505,9.953693965239282,9.960067047865458,9.939391872649631,9.898955303937427,9.848571857078502,9.79878165070759,9.759303516224678,9.737566780744906],"predValues":[9.629249360242316,9.57211753704347,9.529753999900212,9.51471726720802,9.522241746695348,9.539041190371638,9.555188388457612,9.566763488481383,9.57346242811397,9.576309557194444,9.576522188193731,9.575109786780958,9.572790514156218,9.570035347982936]}