{"timestamp":"2024-05-12 00:46:59","trueValues":[9.926979006488663,9.973765799994624,9.99260596968659,9.985025142984451,9.956863761861175,9.916034888955284,9.870793391236653,9.82833257541122,9.793552522857588,9.768312691664535,9.75166900019522,9.741175128802832,9.734661178139628,9.731327124070782],"predValues":[10.208318523732352,10.284492516072486,10.321921419299755,10.321359541884137,10.28873875712828,10.234004348446412,10.16808395446947,10.100016518977212,10.03564992602757,9.97793070969319,9.927801888455912,9.885056147091433,9.84892482453732,9.81845108129678]}