{"timestamp":"2024-05-12 01:30:04","trueValues":[8.549971618278391,8.511331781510174,8.444443119120221,8.350156686683187,8.232263429127638,8.096879942936857,7.9524633603188,7.809702641607702,7.680471101803839,7.57554009575367,7.501497463392653,7.458233168178658,7.438827665817335,7.432962505490709],"predValues":[8.679801714345253,8.708854019355549,8.733842945969439,8.755983414559111,8.771531259015841,8.777284256490343,8.773974389197669,8.764835508848243,8.753179609044743,8.741310015086956,8.730482844603182,8.721216651442935,8.713595424850935,8.707487067818873]}