{"timestamp":"2024-05-12 01:30:14","trueValues":[7.636997365055544,7.797653906033015,8.017309701960585,8.26840325692172,8.517481601587097,8.732621115089778,8.890135501475264,8.978502286892102,8.998950478516186,8.963564427614582,8.89209968033119,8.808229243183057,8.735578014923636,8.69363495558147],"predValues":[7.577760494963741,7.499230019573989,7.465348598781101,7.492734142545723,7.572075007831513,7.677756069731672,7.785356126400412,7.880715548017605,7.959052263409255,8.020883231692379,8.068811853664519,8.105817089625706,8.134555232334552,8.157160033868921]}