{"timestamp":"2024-05-12 01:30:19","trueValues":[8.96698406566064,9.15885058471369,9.26019424001711,9.26229556586758,9.167480745397311,8.987270126147767,8.740278754740407,8.450130998351192,8.14333104525269,7.846648606677838,7.583918554491886,7.373405359956227,7.227196298014167,7.152405736113153],"predValues":[8.672186069316982,8.795844550629493,8.875200831662731,8.907837829532284,8.899281292332162,8.861679360629221,8.80898993058301,8.752443905787205,8.698966146311133,8.65183329585383,8.611977209769682,8.579081067869748,8.552278398831923,8.530555218578355]}