{"timestamp":"2024-05-12 01:30:24","trueValues":[8.993663940296376,8.77849279793255,8.527552071502154,8.265146015801369,8.014324096941824,7.793571922424173,7.614233356060458,7.480192368841436,7.389635484131924,7.337064064290319,7.314375007722482,7.311535320726984,7.317798101022279,7.323742200607391],"predValues":[9.222028570377306,9.133407690916316,9.03587916731763,8.946892030960365,8.874395225964177,8.817611320237916,8.773256227997571,8.738488667515146,8.711237878646322,8.689960691913763,8.67343660538155,8.66067396122675,8.650856256412098,8.64332460062855]}