{"timestamp":"2024-05-12 01:30:29","trueValues":[7.672727080809748,7.484614030471642,7.355126801891133,7.287023750706495,7.278838254600132,7.325229820236164,7.416811054784749,7.540460765068539,7.680501401721237,7.820649682817326,7.946390353190369,8.046961360600125,8.116039059127754,8.150927021913525],"predValues":[7.999579200296159,7.88425611994451,7.812836025170968,7.804794320777875,7.85191707126271,7.928766432814336,8.011382612855417,8.086010246253226,8.147783538377793,8.196717904976566,8.234751477608063,8.264210705193248,8.287184155722633,8.305357727231828]}