{"timestamp":"2024-05-12 01:30:34","trueValues":[7.227606941631543,7.287562770289691,7.384021759961956,7.506532033878308,7.644811554279399,7.790649309338951,7.939191996498204,8.088717038874169,8.23871864047729,8.38705879660972,8.527564297784613,8.649644791293653,8.740568730265686,8.789205413465456],"predValues":[7.56582923801616,7.588475236806641,7.634475561403981,7.709502409502955,7.802437306150761,7.895199705900394,7.975175008930311,8.038325086775272,8.085961075334641,8.121276426428981,8.147499410204993,8.167258411602633,8.182500864786634,8.194605150209885]}