{"timestamp":"2024-05-12 01:30:39","trueValues":[7.721600847573725,7.843985137622999,7.969510784898012,8.101604072163552,8.242796105677398,8.392000606821934,8.543639998697076,8.689242796502414,8.820347083832512,8.9307573249456,9.017316481079735,9.079639158548716,9.119262945266142,9.138346577452293],"predValues":[8.001104030349808,8.061026369625568,8.114943743692669,8.16282399211247,8.20043177116789,8.224325913924195,8.235371828548487,8.237353283673109,8.234307610397048,8.229206061146616,8.223826496864616,8.21905824670557,8.215242849212085,8.212421767429024]}