{"timestamp":"2024-05-12 01:30:44","trueValues":[8.466552756214996,8.616143448411993,8.74954920052064,8.85595320781838,8.927507791698972,8.960589719934536,8.956053237564713,8.918884541522823,8.85730447781886,8.781661265610698,8.703403223688786,8.633826639679079,8.58237339310498,8.555244069694501],"predValues":[8.194725020935735,8.17020627461902,8.151345904982124,8.146216713701785,8.152533183324401,8.162853228874873,8.171675023246607,8.177253397512942,8.180025042588667,8.181028395116561,8.181171389463582,8.181057100301466,8.181018560932845,8.181203018324727]}