{"timestamp":"2024-05-12 01:30:49","trueValues":[8.973968462409772,8.9874093994523,8.971130370146767,8.931785661615908,8.877374452052958,8.81621725824883,8.75580427294221,8.701322629360748,8.654644809241923,8.61484108354135,8.580173459628591,8.550278604283616,8.527138238419788,8.514211868395538],"predValues":[9.103212494284843,9.092559149642987,9.058483968851998,9.006959756681889,8.944885857482078,8.87882034284812,8.814469963012176,8.755862480678267,8.705006993000922,8.662299791005061,8.627176605176327,8.598635146141822,8.57556521429651,8.556918804602647]}