{"timestamp":"2024-05-12 01:30:54","trueValues":[8.950364826756246,8.909307109737368,8.861866475908595,8.804239222481407,8.72994568554123,8.632584608854483,8.50896546427684,8.361151038290153,8.196707539215351,8.027350935113239,7.866880180471396,7.729402013148874,7.628161749668857,7.574227099333062],"predValues":[8.82358173290919,8.75850920504191,8.70103212225797,8.660125639037336,8.634813247515776,8.618862467315395,8.607124172999669,8.597204405305359,8.588425137133484,8.580739855452947,8.57421102061979,8.568837569479019,8.564539499617151,8.56118604296962]}