{"timestamp":"2024-05-12 01:30:59","trueValues":[8.700871054276009,8.59653169398136,8.46416092326175,8.307848167810995,8.13542887995288,7.95676408806816,7.782451055372631,7.623272565628965,7.489602619503701,7.389562392225918,7.32586452376904,7.293619032726928,7.282026656434464,7.279676020737329],"predValues":[8.780388403291207,8.783766046714906,8.786945677520517,8.790739014547825,8.7912394947624,8.785056982669337,8.772462317003978,8.756071656423817,8.738626346087186,8.721999665097815,8.707161210812462,8.69443870075878,8.68379253241315,8.67500289848006]}