{"timestamp":"2024-05-12 04:04:04","trueValues":[7.019805855491809,7.049017367962822,7.054240382671598,7.01528053624945,6.912508000630809,6.734067800239089,6.48136755228958,6.1705867482012735,5.82973314320046,5.492378115504191,5.190344552043492,4.948106214389292,4.780826350678357,4.695884668588729],"predValues":[6.510487633430899,6.450184418877663,6.394687595168971,6.354837223542928,6.332572631607421,6.3235530904063495,6.322151985015412,6.324356304006162,6.328047843942561,6.332323321760756,6.33686950541992,6.341601209625964,6.346499031800201,6.35154915092768]}