{"timestamp":"2024-05-12 04:04:09","trueValues":[6.750313605950984,6.539900746668113,6.280224075631946,5.996109989636292,5.715990176962274,5.464494284282173,5.256982509195846,5.098016650451468,4.983679546688239,4.90572520163578,4.8551407520353385,4.824021108910865,4.806335226532696,4.79831322373063],"predValues":[7.012165757898622,7.04157873824146,7.046155620501148,7.025223161776184,6.982545462331476,6.9265193203289295,6.866801106812487,6.810751575400019,6.762279149647199,6.722547984275132,6.691129494925878,6.666891820211347,6.648523292654681,6.63478852615001]}