{"timestamp":"2024-05-12 04:04:14","trueValues":[5.535436756673562,5.338272802061988,5.183171445282492,5.06320696245231,4.9671853613903005,4.883609484623368,4.803054197319298,4.719501676738695,4.631320577986702,4.541447401610683,4.456135392734559,4.382888548500177,4.328885357890706,4.300082246444498],"predValues":[5.51242928518429,5.37415122662132,5.300989484622043,5.305776539335089,5.375356977281661,5.481841252781633,5.598235129556262,5.7070502394915605,5.800466346669632,5.876960348663696,5.938094817529776,5.986502257933438,6.024881223044403,6.055587398546041]}