{"timestamp":"2024-05-12 04:04:19","trueValues":[5.00061995807234,4.93878327533111,4.863681840264418,4.768619337903574,4.651484990285719,4.51416072710778,4.361280703951927,4.199606690419266,4.038134842453897,3.88757860617857,3.758244604811924,3.6574753189953295,3.588982953740431,3.5543474902663155],"predValues":[5.107479992416367,5.148228065542532,5.217743916823069,5.31318885597029,5.421812664453416,5.527911147584053,5.62073228664724,5.69647437227007,5.755980486364724,5.802011642456961,5.837618696703451,5.8654632576377885,5.887649441892307,5.905757097791722]}