{"timestamp":"2024-05-12 04:04:24","trueValues":[4.611856618712372,4.474132203304985,4.318918994106318,4.151013795915912,3.976968811173861,3.80351939257138,3.635715991471884,3.477048347704008,3.3317741976869444,3.2065306851691124,3.108493840587752,3.041226695019066,3.002319341874868,2.985456507581913],"predValues":[4.672996768812964,4.634868143480066,4.638534782333033,4.6903864130184525,4.781874123150945,4.8943882815548045,5.008982403038424,5.113062818644251,5.201178566587556,5.272738532690316,5.329557921214584,5.374252824370667,5.409421393628312,5.437317318238415]}