{"timestamp":"2024-05-12 04:04:29","trueValues":[3.6593210225163424,3.4910910304745237,3.3504930348149395,3.24661282458438,3.189775495319547,3.188786362489732,3.2457735966090624,3.3528258626658847,3.493196542497791,3.645913242620265,3.790654486195361,3.9109819700096415,3.995805226599744,4.039271886722593],"predValues":[3.860097046228331,3.837746803868424,3.8784964717270825,3.9751824782146814,4.110334694970142,4.2618926392054775,4.410389801735546,4.543341486989932,4.655428265391119,4.746339529562181,4.81838037395927,4.874786859661794,4.918799184086567,4.953259326657051]}