{"timestamp":"2024-05-12 04:04:34","trueValues":[3.135141023207345,3.161448262016825,3.236825286792752,3.348227052834396,3.4794668259793533,3.615894396823828,3.747239820996557,3.8684739766812406,3.9788759783431047,4.079425921994495,4.16959744624139,4.245593144166262,4.301268112784046,4.330774733825557],"predValues":[3.1853603455136947,3.2022533468296737,3.282556766070368,3.408990679948279,3.562888478824614,3.7254608251056753,3.880984055077197,4.019375638659631,4.136358004948385,4.231877979581839,4.308196810178442,4.368452207674534,4.415820812752297,4.45312834396258]}