{"timestamp":"2024-05-12 04:04:39","trueValues":[3.5945542181577284,3.708366754600994,3.810297005673703,3.90142932302504,3.9852435458527378,4.064353473939144,4.138585580454682,4.205621672541406,4.263228759247257,4.310786738808761,4.348896177516332,4.378041998636823,4.397977301034107,4.408128491822858],"predValues":[3.641753914485432,3.8007676152046495,3.9836354242498366,4.157217903344842,4.302310453199075,4.414589455007159,4.498203781854304,4.559776725326856,4.605391838967751,4.639740018027672,4.666198972377504,4.687138590786898,4.70421578370601,4.718591699120723]}