{"timestamp":"2024-05-12 04:04:44","trueValues":[3.965391750958065,4.0237338764495805,4.083548604505545,4.146890316038615,4.217414171150154,4.299427575531845,4.395855509449956,4.506819087438624,4.629191194811404,4.756426411932495,4.878707509499925,4.984272886847035,5.061849977993726,5.102901448977],"predValues":[3.796278576126544,3.8042642655407626,3.845425839513356,3.91586318038706,4.004670477431957,4.09840506597865,4.186486959080037,4.26328269775153,4.32722153693307,4.379076847131485,4.420620708384284,4.453842588931576,4.4805800068314925,4.502384007629536]}