{"timestamp":"2024-05-12 04:04:49","trueValues":[4.150451453369981,4.211847840436512,4.297962199099014,4.412815331718641,4.557540453544925,4.729744444210361,4.92377876952475,5.131876475908491,5.344937056262816,5.552448033982895,5.742398016813293,5.901822361149887,6.01781509625492,6.079202463115779],"predValues":[4.188538615658016,4.145037303327002,4.125632365766771,4.13913054706114,4.1835940811111225,4.247583968344289,4.317518503351863,4.383663007079695,4.441322786405057,4.489378372340287,4.528558524411854,4.560293053195597,4.586113175981044,4.607393253166251]}