{"timestamp":"2024-05-12 04:04:54","trueValues":[4.682116695102216,4.851954642628967,5.035757297151965,5.227520756617545,5.420641134094523,5.607637273661679,5.780352650186304,5.930454985725337,6.050428040242679,6.135569346294686,6.186325163191115,6.209152429908489,6.214737581787928,6.214068591506416],"predValues":[4.635048182133995,4.71862759721365,4.7853142269306845,4.834838710999672,4.869425003555202,4.89192315735399,4.9056086200457,4.913747503450188,4.9189793224112766,4.923077884593345,4.927066775692811,4.931454383139537,4.93643935079989,4.942054935491101]}