{"timestamp":"2024-05-12 04:04:59","trueValues":[5.667212227042351,5.841245782868191,5.985319232211146,6.0898503590882775,6.14848561634647,6.160808247227116,6.133617526615591,6.079569251589552,6.013624139258942,5.948957337917181,5.894232497630281,5.853305548675966,5.82677876835972,5.813892798225334],"predValues":[5.341258938658247,5.386912874068309,5.410134239053427,5.412200879472137,5.397959785400411,5.374133551669504,5.3472101480923975,5.321837488971978,5.300499303721496,5.28403900648907,5.272336792996036,5.264821483220556,5.260776842930963,5.259503183245225]}