{"timestamp":"2024-05-12 04:55:04","trueValues":[7.594561533372527,7.625936300472553,7.645067508844793,7.653190810383863,7.649856224737521,7.633208546436971,7.601633108831367,7.555008446462365,7.494819255282497,7.424187224150069,7.3487550482087025,7.277436484737322,7.221251401062807,7.19022720932286],"predValues":[7.606002410077998,7.613447418729338,7.612857633495061,7.602843510794817,7.582467347921742,7.553852265403734,7.521514811454429,7.489863092477829,7.461715266580757,7.438253030541758,7.4195622341267935,7.405163128643721,7.394363865978603,7.386454258593817]}