{"timestamp":"2024-05-12 04:55:09","trueValues":[7.675120242706741,7.659306077923404,7.627102049926152,7.577613247996733,7.511140544999138,7.430258104968507,7.340862717092609,7.25141948724187,7.170370397665547,7.1036095796639165,7.053606476504968,7.019951773515071,7.0003184901957605,6.991622148113607],"predValues":[7.568761153707601,7.566015555929287,7.561158532328037,7.554263440598607,7.542953863535198,7.526249040653589,7.505916998712866,7.484841545640881,7.46533079093491,7.448615868080836,7.435059047143694,7.424506436437752,7.416562808093079,7.410763829164982]}