{"timestamp":"2024-05-12 04:55:14","trueValues":[7.355389135386506,7.26414864201428,7.182044902681485,7.120127818843649,7.086388329242785,7.084410595160653,7.11339698456117,7.168595726187734,7.241985315592185,7.323629240389019,7.403436033351999,7.4724300084236575,7.523198051602547,7.550147436029879],"predValues":[7.623651048807698,7.608277030192887,7.59414823186766,7.581876499532469,7.568761153707601,7.552805057732237,7.534587099501941,7.51607198945014,7.499042106928368,7.484502664985765,7.472763839092541,7.463696721705378,7.456959774281668,7.452144213725281]}