{"timestamp":"2024-05-12 04:55:24","trueValues":[7.3966065914436,7.476617244377148,7.542126463159215,7.5870811748175555,7.607343048528512,7.6015448669666625,7.571558580291991,7.522177157017213,7.460281602068054,7.393956146037468,7.331472400586527,7.279904333272816,7.243916536643224,7.225639573310625],"predValues":[7.258024337657272,7.273150109580413,7.288938227066339,7.304475971550603,7.315877777309954,7.320357912464964,7.318376988917842,7.312381592104152,7.304897512506692,7.297660084868408,7.291576711978761,7.286969529801676,7.283826312054693,7.281973764473391]}