{"timestamp":"2024-05-12 04:55:29","trueValues":[7.534998806274313,7.508022045605823,7.471013088602149,7.43288143992223,7.403054360708277,7.390023269916876,7.399495715146433,7.432746153448933,7.486144176300272,7.552075201827179,7.620696541072584,7.681981313476285,7.727537770862612,7.751690526071801],"predValues":[7.611329348187675,7.600006747475558,7.583371029668719,7.562974135273213,7.538586688598559,7.510873693095032,7.482153624021125,7.455082508346699,7.431460267480736,7.412018617849533,7.396713172731993,7.385090762310879,7.376540072463239,7.370447131178625]}