{"timestamp":"2024-05-12 04:55:34","trueValues":[7.39122064823162,7.391164035228059,7.412271648738687,7.451468312936292,7.502174427336638,7.556116785546156,7.605373022320103,7.644130071926679,7.669613099825168,7.682010284449939,7.683735785009166,7.678598620066353,7.671170887683705,7.665969667652358],"predValues":[7.340959729986034,7.27191977346078,7.220571513442582,7.194987485819432,7.191918157344702,7.201935203721186,7.216473848297543,7.230720391038625,7.242914778847826,7.252874680643251,7.260994526928584,7.267763634790936,7.273595039946425,7.278785894216558]}