{"timestamp":"2024-05-12 04:55:39","trueValues":[7.6374162481241425,7.694758841801034,7.73319907121867,7.746750044803331,7.732642775366781,7.691071022907122,7.624930024268419,7.53980878526697,7.443789410185734,7.346380757312897,7.256839451413736,7.182911108214837,7.1304194249979655,7.103225514921451],"predValues":[7.508082379651871,7.542090315889336,7.566144197683856,7.577615374306726,7.574325706958982,7.557804544103009,7.5330830009707235,7.505747159702184,7.47978783836529,7.457257723469421,7.438799492209929,7.424259252901079,7.413129349032067,7.404799263846188]}