{"timestamp":"2024-05-12 04:55:44","trueValues":[7.699911954068793,7.652901100647333,7.590705735989178,7.519919281593516,7.447688265346439,7.379998781455416,7.3204892121070255,7.270245835918881,7.228128684946047,7.191498742698604,7.15784350813121,7.126949021300827,7.1018888633021735,7.087546105033912],"predValues":[7.648663364831512,7.620684314790125,7.592727856792412,7.567672217202494,7.544678832516926,7.522463145711256,7.501158848526286,7.481778064518631,7.465200022870349,7.45179177784396,7.441472529659736,7.433898879253826,7.428622175217731,7.425185526691729]}