{"timestamp":"2024-05-12 04:55:49","trueValues":[7.389553621197198,7.336431752856184,7.292991771279027,7.257376344686939,7.225991211825699,7.195160514295103,7.163368458858974,7.132364467063958,7.105844597255189,7.086643752230682,7.074842731770165,7.068267649694665,7.064563086109559,7.062701501710787],"predValues":[7.423836383001244,7.382228217482957,7.352693240104276,7.339993853671766,7.340395194682923,7.346680035444395,7.3535461562001725,7.358891433733538,7.362565697401244,7.365097069447775,7.367050616753739,7.368826351386547,7.370652585881688,7.372630054175071]}