{"timestamp":"2024-05-12 04:55:54","trueValues":[7.192893867842686,7.157341698972888,7.12190009822272,7.090574767830029,7.066678498763732,7.050941146928886,7.041989381858837,7.038379173279666,7.040027063524152,7.047697726823488,7.06117959533338,7.077928539147341,7.093372194414419,7.102642374405903],"predValues":[7.429316681219158,7.461021557945578,7.487643756422756,7.506612567869289,7.514361107272114,7.510183173924842,7.497204443517017,7.479983458884635,7.46223754147276,7.446159182672805,7.432685287825387,7.421975861757469,7.413795947214837,7.407755366313798]}