{"timestamp":"2024-05-12 04:55:59","trueValues":[7.014382436066205,6.996817255003725,6.987088323631276,6.986866655814518,6.998803494325829,7.024512176872312,7.062952140501199,7.110415366373646,7.161901304963882,7.212737921640042,7.259269823735604,7.298375056603515,7.32689578411559,7.341990192966337],"predValues":[7.095825956146209,7.0882576215152815,7.091755401453579,7.109485105751758,7.136461866420248,7.16463972644597,7.188608555840775,7.206823856183579,7.219993157124517,7.22948473914401,7.236555251447854,7.242127778361709,7.246812039276036,7.250980670017089]}