{"timestamp":"2024-05-12 04:29:04","trueValues":[7.351248412464111,7.346949545235994,7.345592162094285,7.354512032514441,7.377165739178645,7.413049346618585,7.458505867435246,7.508123576907984,7.556013925300251,7.596728774832776,7.626300431058834,7.64359503917472,7.650966158553807,7.652888342787376],"predValues":[7.28712395306491,7.198268913715953,7.114020259177835,7.048266780535334,7.004525128727936,6.97858733627972,6.964259196392659,6.956746145821546,6.95316730031477,6.9519773640850016,6.952363820926209,6.95387270365491,6.956215365689571,6.959183428650891]}