{"timestamp":"2024-05-12 04:29:09","trueValues":[7.396268508154731,7.435896015914644,7.480345994738422,7.524652181848932,7.564442086534552,7.596896753322214,7.621984553350774,7.642954222500613,7.6647722893376145,7.690915270700144,7.720908999459791,7.750552684436858,7.774240043546354,7.787324026298828],"predValues":[7.240697303313995,7.23328658141129,7.219829431255065,7.2045497676461885,7.187632047976543,7.168410737218354,7.147698883155151,7.127339464973271,7.108957249296024,7.093429073206728,7.080970757169663,7.071384288566737,7.064277628993015,7.0592066454487306]}