{"timestamp":"2024-05-12 04:29:24","trueValues":[7.738264738987971,7.809749420427545,7.898212155582815,7.998455711253667,8.101361141246864,8.196652255155536,8.276217446145575,8.336235203582266,8.377383554564592,8.403581554198187,8.420041054064367,8.431178400018354,8.439086678459393,8.443525084780793],"predValues":[7.690289869773487,7.65645868305418,7.621356228747876,7.588312839880934,7.556942325400895,7.526480808442813,7.497522858438451,7.471350640313519,7.448911425169847,7.430516451632643,7.415974086013799,7.404820261157369,7.396491770703983,7.390435774055496]}