{"timestamp":"2024-05-12 04:29:34","trueValues":[8.516783906120683,8.513834979949298,8.491538227575148,8.447311777089373,8.37941896480528,8.289838587960002,8.185708669199652,8.0781128651509,7.978707075617243,7.896164253270917,7.834339132340273,7.79266398805721,7.767985236913532,7.7567519412211166],"predValues":[8.267108334136053,8.213324651809753,8.148395915655744,8.080589484715112,8.01537183619082,7.955754622399038,7.903463078110246,7.85926373807688,7.823022910558135,7.793982831830299,7.771092838968133,7.753255490226564,7.739456269950234,7.728822327887064]}