{"timestamp":"2024-05-12 04:29:39","trueValues":[8.29719429159164,8.199865109554787,8.099875913716833,8.008213082022271,7.932603359196499,7.875693203814409,7.83549983180764,7.807348816445578,7.78622047141252,7.768606385220203,7.753198611434255,7.740346928048504,7.731024919250944,7.726113674744877],"predValues":[8.52598365209365,8.513134095017893,8.47917639285401,8.427319944747513,8.362671084146317,8.291933003302994,8.221808628681368,8.157275917763533,8.100920729289587,8.053385474666133,8.01414601847992,7.982146116241987,7.956184137017601,7.935117720763085]}