{"timestamp":"2024-05-12 04:29:44","trueValues":[8.039250828988424,8.020735187359124,7.998752065708926,7.961481572576126,7.898862806440638,7.80422181181229,7.674882361776287,7.512427228333584,7.3233121544113295,7.119613783402869,6.918847328085849,6.7419752813138825,6.609832956024132,6.539121188266972],"predValues":[7.776821118088968,7.743402435508282,7.718879968149079,7.709610851312592,7.7118735109337715,7.718082601901747,7.723166343305987,7.725657847040152,7.725994867174024,7.725085072285818,7.7237005786917,7.722338677141257,7.721262498496108,7.720573839847162]}