{"timestamp":"2024-05-12 04:29:49","trueValues":[7.860854483740307,7.762025190003473,7.630646608684293,7.469383271992601,7.285470215467942,7.090746998939453,6.900077060834901,6.728395336755568,6.587540323375594,6.483906499315459,6.417342364988172,6.381571053294731,6.366500964114528,6.362060830166259],"predValues":[7.824176433729276,7.814582523041375,7.805076322640682,7.798499645832686,7.792396338786856,7.783759267595754,7.77214615978086,7.759036129730974,7.74615255169533,7.734657719873789,7.725081882820829,7.717513282401152,7.711791116421548,7.707649596132904]}