{"timestamp":"2024-05-12 04:29:54","trueValues":[7.09549079653358,6.909651568944116,6.743435524701496,6.608220814366401,6.509742627567142,6.446995884148956,6.412693321083102,6.395644966243268,6.384700317132387,6.372647196043339,6.358030010891621,6.343777753692431,6.333519636920503,6.328620087119396],"predValues":[7.427412836409277,7.351495861789532,7.296871489649796,7.276431803265684,7.287148671418577,7.315910203537346,7.349883055659928,7.3815711876951555,7.408215712427257,7.429643069803065,7.446674547057331,7.460326254577905,7.471494166238038,7.480871459095415]}