{"timestamp":"2024-05-11 23:54:04","trueValues":[9.663127325781469,9.614132359347895,9.574581398747725,9.557164793595998,9.569678127904131,9.612396227238705,9.678838098741402,9.758835728026243,9.841825075471077,9.919148338362366,9.984988995714572,10.036050735461233,10.070672377920392,10.088108119862056],"predValues":[10.11151454026374,10.10880083713532,10.083256412035787,10.04112304794926,9.988990711121184,9.93211510827648,9.875053453307398,9.82142206793434,9.77338606730756,9.731760891309332,9.696451387567471,9.666856873508989,9.642181577619048,9.6216031495079]}