{"timestamp":"2024-05-11 23:54:09","trueValues":[9.690904907951028,9.755965741113346,9.824095371172897,9.88220210750348,9.91980111553018,9.930455523327034,9.912006063096262,9.866213319511976,9.798489283083567,9.717603919376698,9.634702282219072,9.56132810856207,9.507158235183311,9.478583818343916],"predValues":[9.617760375773257,9.617575918381371,9.616800878388968,9.62003978008563,9.623887338017756,9.623224992454972,9.616489905552507,9.605180062700349,9.591583905028338,9.577536969637835,9.564170453445058,9.552043575978134,9.54133866831895,9.532026493705107]}