{"timestamp":"2024-05-11 23:54:14","trueValues":[9.948186822357709,9.944459932517676,9.914901565729076,9.863413500828845,9.79667181961715,9.72318601468552,9.651456010230518,9.58793728339054,9.535972393474406,9.496142886265169,9.467420690881267,9.448175990713157,9.436681158891616,9.431406315376766],"predValues":[9.977994498992976,9.96802582616883,9.943069325782329,9.910679245660702,9.875195916076922,9.838175264368289,9.801219465114436,9.766190634291636,9.73447246812776,9.70672093325561,9.682995566354991,9.662996557716903,9.646258245452907,9.63226659412222]}