{"timestamp":"2024-05-11 23:54:19","trueValues":[9.7369113456896,9.671236008939337,9.613563571424798,9.566401484205096,9.529308006379203,9.500101012316923,9.475966330742676,9.45410414297332,9.43219996058161,9.409046039491578,9.385178209821436,9.36295508093079,9.345690506943557,9.33627999049254],"predValues":[9.919596458193366,9.857814926617577,9.798732745577755,9.754773944362334,9.726685389356312,9.708100376863497,9.693568642794617,9.680612504430464,9.668585031955706,9.657515462132745,9.647548384041093,9.638756623798006,9.631116791993568,9.624535330988088]}