{"timestamp":"2024-05-11 23:54:24","trueValues":[9.465508075042669,9.44515344105827,9.432509870263072,9.426179845414252,9.425405336999344,9.430468612669902,9.44253223241454,9.462558351505034,9.489793724626413,9.521002107969494,9.551285546465673,9.576073005207736,9.592777828089345,9.600931695334562],"predValues":[9.596478670631962,9.56800791140472,9.54911936816042,9.546881958470404,9.55610961226203,9.56734131322195,9.574933834629046,9.577773521624549,9.576898545062472,9.573756922047984,9.56952662831714,9.564984298594837,9.560579647444571,9.556532747950612]}