{"timestamp":"2024-05-11 23:54:29","trueValues":[9.452907562024826,9.46154410163843,9.47436309300804,9.49007811858796,9.50527007190963,9.515367386488348,9.51678882471859,9.508733299310542,9.493385593781891,9.47460177130474,9.456153374228965,9.4406610796208,9.429601078192803,9.423826551829626],"predValues":[9.707629399200073,9.705356905395174,9.70124515344643,9.700305324429577,9.700023588355515,9.69604792024632,9.687116355121203,9.674629068110484,9.66062412734234,9.64668829164897,9.633766174244704,9.62227825293064,9.612317553768968,9.603797961204972]}