{"timestamp":"2024-05-11 23:54:39","trueValues":[9.427171769025932,9.397267876863486,9.371815946248644,9.35353446450731,9.345156271557842,9.34865405149614,9.364056509507105,9.388870547124082,9.418718623649216,9.44879953111857,9.475280064192471,9.49594194997084,9.50992934868154,9.516988697857922],"predValues":[9.624841519627063,9.587266432587784,9.556293006498915,9.540693864813608,9.537425726354542,9.53846655509606,9.53854682329829,9.536227550673551,9.531993535900217,9.526776102755177,9.521344443878348,9.5161876105681,9.511549065318622,9.507512797374629]}