{"timestamp":"2024-05-11 23:54:44","trueValues":[9.339378555729674,9.35279982440477,9.37631893923608,9.405990000454302,9.437468425166482,9.467347864764012,9.493749192790675,9.515980826921291,9.533694583894526,9.54641948604695,9.55397798649416,9.557157883088522,9.557672981684298,9.55736466673533],"predValues":[9.467098554917346,9.441559977170291,9.42434537146789,9.42320035353672,9.433481062352325,9.44596622305305,9.455011545762789,9.459429486350505,9.460180605355491,9.458654446358096,9.455989648359513,9.452939988252217,9.449939233274758,9.447204267046407]}