{"timestamp":"2024-05-11 23:54:54","trueValues":[9.48373267799169,9.470763250190084,9.46002538472601,9.45670780955961,9.465466080420306,9.489339225865432,9.528674366001322,9.58045001432809,9.63868060821576,9.69603941500635,9.746010889304152,9.784466268680488,9.809892683575416,9.822392196868597],"predValues":[9.741651953818735,9.724117870039905,9.704161919179173,9.687588927517124,9.673334676902314,9.657906703171436,9.640075999148593,9.620845119995437,9.60177584040174,9.584039225596085,9.568245526546423,9.554571226982176,9.54292595872864,9.533089117124051]}