{"timestamp":"2024-05-11 23:54:59","trueValues":[9.533668005019615,9.572865998160966,9.61874910991995,9.6638646237715,9.699781720593828,9.719528761497758,9.71947719848043,9.699875809811012,9.664113933618165,9.617599307791297,9.566987282608135,9.519656685321491,9.482935311744358,9.46285922436903],"predValues":[9.541174942449498,9.495344988440335,9.460700488148753,9.446403711334083,9.448191406460603,9.45608639546419,9.46321484971534,9.467268659716776,9.468428030240396,9.467629600838068,9.465770674326787,9.463497117366895,9.461197513109587,9.45907864520168]}