{"timestamp":"2024-05-11 23:57:04","trueValues":[10.05029807556856,9.88231001773562,9.70379247281791,9.5271567122439,9.360935618015048,9.20812675564382,9.06714496103052,8.934094568479434,8.805219717176875,8.679409410151564,8.560184019385472,8.455823130202146,8.377272454867462,8.334840610015682],"predValues":[10.574202784180669,10.55856749522548,10.526427256528017,10.488608175417053,10.450757731233692,10.413333080626408,10.376476686364724,10.341215556175202,10.308660155451626,10.27948239815175,10.253876310062424,10.231695707371635,10.21260197521302,10.19618473575795]}