{"timestamp":"2024-05-11 23:57:09","trueValues":[9.270216602168578,9.146127808871256,9.026319277589614,8.90391159813042,8.774337722417702,8.63764256875006,8.4990552649775,8.367450763221575,8.252695407638026,8.162729105529039,8.100817603254931,8.064257031871009,8.046086915615552,8.039089229428965],"predValues":[9.410383488477104,9.364164419739245,9.346592593958036,9.374950658755656,9.439147146905864,9.515626796307478,9.586409529660653,9.644079840865196,9.688054589405564,9.72050899040448,9.744160468032844,9.761402715765154,9.774096786422682,9.783605644710867]}