{"timestamp":"2024-05-11 23:57:14","trueValues":[8.839708465261483,8.727006593553563,8.601894513572166,8.4658941316947,8.3189493664951,8.157846034630374,7.97633783470767,7.768456214576956,7.534133663895957,7.283531020754431,7.036902185200858,6.820166610259767,6.658848388191385,6.572814297731116],"predValues":[9.223536124162262,9.21467206937942,9.227718575918267,9.273993991870938,9.342545694464077,9.41393229985523,9.475306111489884,9.522821166168406,9.557674044839295,9.582653934635715,9.600500054406009,9.61339612451286,9.622921993280986,9.630174305089222]}