{"timestamp":"2024-05-11 23:57:19","trueValues":[8.153891629621107,8.007144611250846,7.843504591564606,7.660866257880682,7.465602161247752,7.27223978311471,7.0990239263755095,6.962090360199915,6.870751790779268,6.825083702118316,6.816281576114016,6.829742713101478,6.849637798338662,6.863122856313543],"predValues":[8.285376260651182,8.221210603995868,8.206480325731404,8.264037676717576,8.38130207809273,8.525122230757784,8.665888204906805,8.78783234878755,8.886634000494478,8.963962047583252,9.023599727108714,9.069511544052602,9.105112883840984,9.133102565432338]}