{"timestamp":"2024-05-11 23:57:24","trueValues":[7.109865449451736,6.916988401574569,6.776270800977885,6.703661035763325,6.705530992507693,6.7780951749517815,6.909346443460137,7.082356579707525,7.278198766869771,7.477697941431032,7.662513350758922,7.816312276220588,7.926090737477038,7.983113587288749],"predValues":[8.10096485022194,8.033792591236686,8.012922327079014,8.060550873553408,8.16573783416897,8.298045347166292,8.429502070377712,8.544619696026299,8.63867622119535,8.712801513857341,8.77031500969991,8.814844193570924,8.84956922785349,8.877028395101616]}