{"timestamp":"2024-05-11 23:57:29","trueValues":[6.473761342761904,6.542575113061665,6.676303665606108,6.870052234791609,7.119311581595131,7.419392926693611,7.764446791296621,8.146206879518068,8.552092612496295,8.962792045509666,9.350932392653515,9.68319012371934,9.926378855493171,10.054755352891148],"predValues":[7.228345302776573,7.280286005916539,7.394754575439796,7.570861682191822,7.776069999083981,7.974301361311983,8.14453878932865,8.28100695940455,8.386444027233026,8.466575879836169,8.527282295921806,8.573548409268259,8.609258988232526,8.637317509109899]}