{"timestamp":"2024-05-11 23:57:34","trueValues":[7.438207314876911,7.724533826420162,8.029983572673181,8.345015800697889,8.65641230442351,8.946342911404702,9.194578971524148,9.38426868072198,9.508386179204203,9.572569377916958,9.592296218875957,9.586569002910116,9.572372694242617,9.562003743562308],"predValues":[7.809330271570198,7.926904848415564,8.044964489728057,8.166887902086373,8.282143472095747,8.378724193015106,8.452379836957416,8.505532802582076,8.54304383453282,8.5695756648353,8.58872813630747,8.60302650785463,8.614154285413647,8.623207315997107]}