{"timestamp":"2024-05-11 23:57:39","trueValues":[9.07293702945114,9.3298064397192,9.514022495417844,9.61380490760899,9.630630930160194,9.577176560094042,9.471890726063812,9.33439448510635,9.183703959065534,9.037589783706906,8.910845229228471,8.813061814219388,8.74813254648788,8.716129986362454],"predValues":[8.820938463799283,8.926998806244423,8.99646003793702,9.038133587487586,9.05667820009054,9.056029143965212,9.042023671619573,9.020979050042484,8.997770908047634,8.975353753370136,8.9551607189452,8.937667566633728,8.92283655443335,8.910386212058757]}