{"timestamp":"2024-05-11 23:57:44","trueValues":[9.54721791544928,9.455146034869836,9.338138385426324,9.215385446382031,9.103934908104929,9.01671154588676,8.960087910776213,8.933280191752157,8.930265881548493,8.942855231438871,8.963160960293433,8.984671243758964,9.002276558922558,9.012162305656982],"predValues":[9.945448666664369,9.837552255540372,9.69909651719862,9.572187705273237,9.473865536469702,9.400942140531193,9.346251321204178,9.30429125138207,9.271484414501836,9.24549824850128,9.224728984068271,9.208006619129222,9.194442356107103,9.18334620740923]}