{"timestamp":"2024-05-11 23:57:49","trueValues":[8.894324332161247,8.819223329001272,8.784961830297156,8.790746456632801,8.833543229437112,8.909854102983036,9.015928000654384,9.146797064941516,9.295143334215176,9.450736067944591,9.600628164583078,9.730270348004318,9.82572571935994,9.876289370990763],"predValues":[9.055411450912278,8.956238758111592,8.88344400392765,8.858730168669089,8.876799550988633,8.916842486563406,8.960879961248564,8.999761134200973,9.030785060152173,9.054327032815904,9.071788290477484,9.084666286949396,9.094220860902428,9.101416825495852]}