{"timestamp":"2024-05-11 23:57:59","trueValues":[9.393361313829056,9.53883440672483,9.680950587719334,9.814917154088604,9.938459485717754,10.050846663546723,10.151537010104834,10.23972837494726,10.314851438573411,10.377006137552954,10.426683117916742,10.464132221088944,10.489209921145038,10.501746113285597],"predValues":[9.346581962408072,9.360228619942411,9.375292463087012,9.394687068109622,9.412906886861162,9.423832399182109,9.42600974061482,9.421414253142697,9.412808013446492,9.40242843121622,9.391732028797009,9.381533182916131,9.372210908329825,9.363883746820184]}