{"timestamp":"2024-05-12 04:35:04","trueValues":[5.536764637264119,5.601890920905905,5.6981723636937645,5.814254536712873,5.936550319108694,6.050151354154854,6.139962568528736,6.193240454865478,6.203437971802609,6.173291547406598,6.11493324202498,6.046662876822776,5.987877714710086,5.954204938085249],"predValues":[5.50115851327825,5.480648060639688,5.492614069466214,5.545156917017289,5.630944289071198,5.732276249669659,5.831957529241768,5.919754330686139,5.992235852829254,6.050016732153429,6.095371854562304,6.130898374817813,6.158933240496514,6.181380827985783]}