{"timestamp":"2024-05-12 04:35:09","trueValues":[6.3463326480432585,6.482788060259201,6.556530218439349,6.548237742361469,6.4479535210120025,6.25686695904322,5.986175736455155,5.654417954026409,5.28513299298041,4.905788824817598,4.547186578070231,4.241559068979448,4.01865634785735,3.901138483686326],"predValues":[5.770708106741697,5.812244642192098,5.85914585775455,5.913189082794355,5.970533271203742,6.024384862555439,6.069858659640792,6.105699209303376,6.13305126368561,6.153856276705375,6.169958423598375,6.182810771455999,6.193460395055367,6.20263050558281]}