{"timestamp":"2024-05-12 04:35:14","trueValues":[6.450595594072538,6.252013257801334,5.985975730421449,5.665069438147021,5.303807310492928,4.918929287679257,4.528887969566377,4.151820398322276,3.803278521517498,3.495362920144605,3.237353541931609,3.036671474542432,2.899273176739017,2.8294480802488904],"predValues":[6.532015990531368,6.481461907295515,6.436405797229389,6.404636466731309,6.386613863231609,6.378334277908062,6.37543239634527,6.3751212906144366,6.376089559027447,6.377848150285938,6.380240116133559,6.383203926474893,6.386682968306378,6.390605611560129]}