{"timestamp":"2024-05-12 04:35:19","trueValues":[4.844221751538747,4.479905214620382,4.144840752547035,3.855461889785402,3.622877663970776,3.452906755622281,3.3465293271994514,3.299958885735268,3.304419485417218,3.34628918706463,3.4084205630814366,3.472912408979096,3.5244596118760025,3.552700330940889],"predValues":[5.459898464574112,5.343932640579926,5.281065229069644,5.286616293542009,5.353531999937183,5.458418021241565,5.575277028327138,5.68574913177158,5.781012470755971,5.858988245026327,5.921062675803637,5.969889132170272,6.008257199942524,6.038625159260919]}