{"timestamp":"2024-05-12 04:35:24","trueValues":[3.2959058731000788,3.1526774990849207,3.080004476148072,3.076639324795581,3.137045133805974,3.2518868707329838,3.4096911661965605,3.5988292972927995,3.808325849863111,4.026630342566609,4.239114875642626,4.426660869837454,4.567726068129634,4.64359603136438],"predValues":[3.9337734549166665,3.976578334277824,4.094773095945646,4.267131136108888,4.466730427893104,4.667980271962247,4.852321464326334,5.010143002835009,5.139217029581431,5.2417653059430105,5.321920813744824,5.384149534890993,5.432493850466741,5.470307084225224]}