{"timestamp":"2024-05-12 04:35:29","trueValues":[3.231969990818372,3.3487408224864272,3.4888261116489763,3.644475591276325,3.809230993448208,3.9754892316547488,4.13293109093532,4.270139565736479,4.379058150554165,4.458678023426384,4.514451936058974,4.553679639398935,4.580592303449398,4.594977272293378],"predValues":[3.4967538591158887,3.68454118534196,3.942735187064807,4.210164533841207,4.448995183560686,4.6459341417667135,4.801356338789979,4.921145766505278,5.012458388299294,5.081890715465423,5.134887463752792,5.1757044426121634,5.207570653109294,5.232895403807687]}