{"timestamp":"2024-05-12 04:35:34","trueValues":[4.01514046106052,4.176392568177562,4.313278325601909,4.416182966534756,4.482670611324471,4.517133038536136,4.526453701778154,4.515395427977028,4.4855235342882045,4.438365928100692,4.379620999759899,4.320110641351159,4.27238910203817,4.246162812514591],"predValues":[3.7391415700470896,3.7659724791395055,3.843482392179858,3.959676229697188,4.0980229282046166,4.240929149644055,4.374436026065841,4.490624076448453,4.587005187940754,4.664553141995824,4.725863679296393,4.773962987480851,4.811697846781941,4.841493396805531]}