{"timestamp":"2024-05-12 04:35:39","trueValues":[4.2869440760108,4.289583906478764,4.299822504389431,4.3273073036400485,4.3801239717439975,4.467568130697826,4.5994881808019965,4.781250383403969,5.007680802310435,5.260519559421824,5.5116356399794455,5.730397787685319,5.890850734480971,5.975400394777457],"predValues":[4.587252213665358,4.503739629920782,4.456720113447281,4.457221569604919,4.500878758731389,4.572039495597663,4.6530791912028855,4.731292547391353,4.800221885961587,4.857937049017545,4.904961490888804,4.942836155071925,4.973334384100977,4.99810018105999]}