{"timestamp":"2024-05-12 04:35:49","trueValues":[5.232341632948915,5.492434861402126,5.740922889255728,5.966931036287045,6.164342706012789,6.329988500494193,6.46271742155323,6.5637103686022,6.637627681568011,6.692580568601648,6.736995197521795,6.775070498986901,6.805070606676526,6.822010121023599],"predValues":[5.559043249556141,5.832017863287815,6.037010492610071,6.151595211816691,6.181656982496109,6.153145026012755,6.095459963532634,6.030199788808483,5.969282602244801,5.917626293066385,5.876213083595571,5.844195905088945,5.8200747787409,5.802271185170468]}