{"timestamp":"2024-05-12 04:35:54","trueValues":[6.263315658568518,6.382965912650064,6.476108124522177,6.550439004781604,6.61721577010818,6.687755838333416,6.768422856582893,6.858359656140729,6.951561404692644,7.0406056856309664,7.1189830667012295,7.181661369516519,7.225092845853705,7.247219227639674],"predValues":[6.297826068436177,6.304292841596416,6.282868275002474,6.236588473535443,6.173371018242582,6.104104609703086,6.0383618955049245,5.981782780009853,5.936290643500812,5.901505009383449,5.875998857863788,5.858063300179422,5.84607596180578,5.838647564951259]}