{"timestamp":"2024-05-12 04:35:59","trueValues":[6.696760495364538,6.763741519344806,6.835298761112888,6.905981557896396,6.9696714526908,7.02203236784311,7.061133348091035,7.087412679081858,7.103512566770491,7.113579847220558,7.121726538169551,7.130191909828726,7.138374748047598,7.143644807364966],"predValues":[6.471800884948463,6.358335535058723,6.247069188384751,6.154930461934907,6.087513012828598,6.04196904751348,6.012596732849255,5.994251063125011,5.9832759812023575,5.977300119861726,5.974807021395068,5.974800110887591,5.976596178359706,5.979704577780557]}