{"timestamp":"2024-05-12 03:02:04","trueValues":[9.382303438711055,9.261964393086188,9.131860800396492,9.002385532309694,8.883998439258296,8.785188813888896,8.71096092676975,8.662821268530816,8.639945096683606,8.639924896738673,8.65815481546268,8.686807374194313,8.715270957125329,8.732888498571384],"predValues":[9.650475249746298,9.630293378448822,9.604628285257196,9.582135114997453,9.56375741772894,9.546208981357656,9.527519248097688,9.507916796273276,9.48845840195088,9.470086552034848,9.453356745010822,9.43848267503309,9.425443079001717,9.41408752048471]}