{"timestamp":"2024-05-12 03:02:09","trueValues":[8.724370234951135,8.641819970519833,8.591057508904676,8.573803034889906,8.590115287789079,8.637426748285783,8.709093229229747,8.794345502084509,8.880531225026147,8.9566252149528,9.015990195221676,9.05698279399702,9.081512969229948,9.09269044928505],"predValues":[8.880385838580384,8.808542873907008,8.762527665139716,8.761431552338383,8.799297146480441,8.855698050619235,8.912940973515209,8.96222006812158,9.001320251003257,9.031134306568504,9.053518503441111,9.070325920779876,9.083086438624685,9.092961022231645]}