{"timestamp":"2024-05-12 03:02:14","trueValues":[8.71122644973011,8.784704546788017,8.862713544652012,8.93003039271678,8.973564463511124,8.985580241280921,8.964818418932886,8.915581318948876,8.845847387999694,8.765389944178889,8.684276533725281,8.611996878137116,8.55726459576524,8.527572803024583],"predValues":[8.526808128793393,8.488081113315467,8.471814310292393,8.49500225234231,8.551362225013738,8.621301610665984,8.68818017308347,8.744218275579726,8.788101327001652,8.821416086181436,8.846493520448782,8.865489442347723,8.88011739194378,8.891650763133942]}