{"timestamp":"2024-05-12 03:02:19","trueValues":[9.068841756404844,9.066396499913024,9.029459837449108,8.962093021099506,8.8699201407954,8.75906842457004,8.63588809721718,8.507469073619347,8.381991799896673,8.267813205898694,8.171797551859946,8.09833487054949,8.049398111851973,8.025171201581783],"predValues":[9.177631217725851,9.18775192171449,9.188197383658,9.185583085521746,9.180183321294813,9.170072185701144,9.155360246860369,9.138030288840849,9.120262842540296,9.103568651208652,9.088721691683329,9.075962768571015,9.065221713641954,9.05627792223438]}