{"timestamp":"2024-05-12 03:02:24","trueValues":[8.743285622859098,8.630733656005676,8.517721608827545,8.41229278045029,8.322013644983599,8.252154793322335,8.204605983472675,8.177901656272024,8.16793192029288,8.169361597974346,8.17740011290245,8.188454798555464,8.199200106104511,8.20595565874066],"predValues":[8.842793475272412,8.78257850258388,8.735871711491402,8.719011933769062,8.729682820468359,8.754457787139216,8.781445179357672,8.804750865823443,8.822863305920343,8.836274474622972,8.846049121660268,8.853220633688773,8.858603387435764,8.862784244459275]}