{"timestamp":"2024-05-12 03:02:29","trueValues":[8.013409252067385,7.937856142245173,7.906726166583079,7.925608862474901,7.99832627213285,8.12731700733002,8.312606849575072,8.549013184049098,8.823645522208977,9.115777923187805,9.39904228255255,9.64480225468528,9.82620094964335,9.92249727660116],"predValues":[8.437388022563827,8.41032036214314,8.399248400221435,8.419465089845044,8.466133873146397,8.522843889600406,8.575889742359173,8.619265668847795,8.652368328605789,8.676854117117614,8.694828612853726,8.708134263422956,8.718180812350592,8.725978256883254]}