{"timestamp":"2024-05-12 03:02:34","trueValues":[8.130650795610116,8.274833749917704,8.459094989703699,8.672998851311764,8.900333549989892,9.1215168338586,9.316973095757138,9.470897207719634,9.574929050431564,9.63034175200116,9.647289505799456,9.641158290934971,9.627516949175613,9.617862438652915],"predValues":[8.261185763439618,8.240154165511237,8.236875661290956,8.264085784481166,8.31585611703295,8.376060192382768,8.43159781466445,8.47688449647043,8.51156567560939,8.53743967875782,8.556697668363388,8.571228605066018,8.58246588758967,8.591432005252173]}