{"timestamp":"2024-05-12 03:02:39","trueValues":[9.13609959936731,9.340257784911731,9.5032463563739,9.615677655135226,9.677483639275934,9.69721632758741,9.688506430279052,9.665178151769606,9.637227806913122,9.609628303205463,9.584175309435626,9.562213716674108,9.545781593049083,9.536961127621096],"predValues":[8.906841653300617,8.976783165262855,9.022164999441014,9.04502176870954,9.0465877960193,9.030180124959198,9.001933159858707,8.968466103725682,8.934752129844732,8.903646872536306,8.876372694257562,8.853153389135247,8.833702436897827,8.817522546795713]}