{"timestamp":"2024-05-12 03:02:44","trueValues":[9.72410670691244,9.724323590531714,9.7087563434963,9.685948479357611,9.65919577860462,9.628521099069754,9.593594331126612,9.55512938335531,9.514541846633607,9.473416885061203,9.433742598481448,9.398437347359572,9.371358258022674,9.35649375643991],"predValues":[9.964625856490205,9.892910736205152,9.78342543993897,9.662960410447026,9.55106122076142,9.45390480141149,9.371661257196662,9.30302397062631,9.246357809315905,9.199935146396228,9.162071412775411,9.131213339003658,9.10600221299551,9.085288764199811]}