{"timestamp":"2024-05-12 03:02:49","trueValues":[9.716230854698791,9.6890603340322,9.649035206303616,9.594166840092196,9.522959376317944,9.43516456828919,9.33292733121126,9.221461377186705,9.108884957768364,9.005046077688291,8.919173453893107,8.856969849783729,8.818930961377252,8.801636884838864],"predValues":[9.727571529045846,9.710595070062649,9.676263668917514,9.630758508759769,9.57893767634565,9.523966715677073,9.46886286063394,9.41652958751154,9.3689890171131,9.327166625863033,9.291139492498573,9.260483418176143,9.23453818364295,9.212582438233913]}