{"timestamp":"2024-05-12 03:02:54","trueValues":[9.37028978725125,9.274849300065576,9.180304520964407,9.096510365187267,9.034191408760776,9.00215057505548,9.003910096574593,9.035634641668448,9.087146627556098,9.145864678009636,9.201141295739692,9.246298804213602,9.277902149637864,9.294156726378478],"predValues":[9.669043783336672,9.66121949414035,9.640807981363643,9.613082493788909,9.580402172353253,9.543771166950812,9.505138240690073,9.46709377071986,9.431701872465776,9.400081516561572,9.372568659986126,9.34900010844748,9.328968142004506,9.31196882518888]}