{"timestamp":"2024-05-12 03:02:59","trueValues":[9.07352016996669,9.06897996655438,9.083569642570566,9.10512936274343,9.119979511733746,9.117747949396213,9.093896598628517,9.04944183560725,8.989676045904718,8.923264474319419,8.860749100007334,8.811304950587765,8.779394884947031,8.764494767671884],"predValues":[9.010980608878436,8.935482783116038,8.883198946700972,8.869625115283887,8.889109822692443,8.924634083743587,8.96198404771237,8.994215717739529,9.019558674967236,9.038618917743465,9.052719542461285,9.063170887653817,9.071037703049996,9.077108318079684]}