{"timestamp":"2024-05-12 01:18:04","trueValues":[7.128654056126372,7.1180086851469895,7.104872873588439,7.099718963954434,7.111310277091901,7.14433399759141,7.19847622894026,7.269095236423981,7.34879465073232,7.429118402812321,7.502047380314563,7.561183250681704,7.602337980594008,7.623331836520016],"predValues":[7.260625612144818,7.227059682597124,7.199246750523932,7.182779011206529,7.176206852807269,7.174597501931403,7.1740630007569415,7.173100579696412,7.17169030459363,7.170268334785888,7.1692267086781225,7.168778588847122,7.168981917240192,7.16979230713623]}