{"timestamp":"2024-05-12 01:18:09","trueValues":[7.0570954854145445,7.094738348584848,7.155856205654109,7.236987955531406,7.333725757601488,7.441731142112621,7.557303798099685,7.67724256586839,7.797852450228601,7.913671758174839,8.017217739053393,8.100596732804421,8.15800657103484,8.186909236979385],"predValues":[7.065052934774171,7.033656904574216,7.016245615197471,7.019483719527887,7.03950797809714,7.066891927129268,7.093763701241859,7.116430963132268,7.134263527676354,7.1479824797504525,7.158623598109849,7.16710279078398,7.174110311154283,7.180126173701655]}