{"timestamp":"2024-05-12 01:18:14","trueValues":[7.602471406546062,7.721093191062924,7.824126997021941,7.90233533644777,7.94585824411465,7.944968649171376,7.892807872947147,7.789022682194394,7.641942896310248,7.467943494338669,7.2886511752173,7.127409898991784,7.005803572611159,6.940462332318528],"predValues":[7.409529506214111,7.4317922376283745,7.448009072366617,7.457226360397026,7.457212273593324,7.447790594014847,7.431804463910834,7.413181709415642,7.395040829922588,7.379143739049527,7.366157034979229,7.356081515077939,7.348595309170487,7.343260397398337]}