{"timestamp":"2024-05-12 01:18:19","trueValues":[8.102732611192275,8.096090550351999,8.029214380033254,7.90233826012401,7.722763939139834,7.502858567576849,7.257643728168546,7.002753115137615,6.752927638298488,6.521181245068245,6.318758527161141,6.155615665330114,6.040665752382216,5.981118042348328],"predValues":[7.798164752008806,7.825967052532034,7.836531357942938,7.8283721749227375,7.8019054628637905,7.761811761637936,7.715489035287925,7.669644197108814,7.628435246291692,7.593579178155814,7.565220847569446,7.542709869463513,7.525110401652398,7.511468794104291]}