{"timestamp":"2024-05-12 01:18:24","trueValues":[7.4766244206733745,7.256066006153824,7.035580151962781,6.829241701309403,6.647968990218411,6.499198389206796,6.38719354849342,6.313296036789418,6.275514033208955,6.267803235808504,6.2803131148628975,6.301458603270274,6.321013744697345,6.332280131089025],"predValues":[7.693733163018216,7.610611718565076,7.543563051348158,7.500995388445583,7.480225858223824,7.473032019940394,7.472176711745755,7.473567584269851,7.475496679010897,7.477464047331814,7.479430884075234,7.481471610090907,7.483646559424879,7.485979918853323]}