{"timestamp":"2024-05-12 01:18:29","trueValues":[6.442218995855564,6.317822286292399,6.2356870509928335,6.196492380210847,6.197018774828461,6.2300878123096926,6.2862314329393465,6.356297334036168,6.433074135259286,6.510904655978254,6.584258231007201,6.646999392861654,6.692986826704663,6.717317261692633],"predValues":[6.809328808226029,6.776575394884366,6.775530845100361,6.813183276665632,6.880042170715685,6.957840398101634,7.031365805556882,7.093270663112259,7.142259782193349,7.179922579519836,7.208646369636232,7.2306842437687475,7.247856057482543,7.2615311544130385]}