{"timestamp":"2024-05-12 01:18:34","trueValues":[6.273875179781938,6.323057128600508,6.378714488713664,6.432612991779579,6.478768537006401,6.512332340244102,6.529162083837793,6.526670845892378,6.505216776747284,6.46896372294608,6.4254412139623245,6.383640085812184,6.351502372107836,6.334256403333038],"predValues":[6.47621178213433,6.547878130183922,6.631273602837395,6.723867359625718,6.815457630991773,6.895039035095508,6.957409820328076,7.003256253239681,7.035985479805175,7.059298874144672,7.07620436753186,7.0888652145957485,7.098746442921438,7.106808347259464]}