{"timestamp":"2024-05-12 01:18:44","trueValues":[6.427932584802114,6.444765384966419,6.486071215782593,6.55333490609754,6.642425832961331,6.744681276568578,6.84912748394037,6.945524810622841,7.027333524444122,7.09294161664086,7.144219176851793,7.183508601322838,7.211293359788625,7.226047293251762],"predValues":[6.6074457743739945,6.552086097659843,6.515900952884037,6.510161776424489,6.532935619603292,6.572739876881364,6.617145734772789,6.658239864850296,6.692858716527592,6.720708194553788,6.742713110881413,6.760095429284505,6.773985017735533,6.785296986897685]}