{"timestamp":"2024-05-12 01:18:49","trueValues":[6.701900451089215,6.802048854387886,6.898559407077478,6.98658518552921,7.066074892514501,7.140074201309412,7.211415888401966,7.280059022324798,7.342614530737998,7.394088243045775,7.430716058983226,7.452200826728841,7.4619305554675375,7.464965331404883],"predValues":[6.604732204139948,6.6319641220075845,6.659415581381987,6.689503798041942,6.719681452615973,6.7454510007860025,6.764407320161328,6.776943246513135,6.784786938288141,6.78972476166912,6.793096026162841,6.795753913653948,6.798178704412085,6.800612266198943]}