{"timestamp":"2024-05-12 01:18:54","trueValues":[7.201002019423059,7.268761671543846,7.325036591815561,7.364633002291828,7.381418890741915,7.37156610181238,7.336210350828175,7.282062803704344,7.219702650021739,7.160481727254883,7.113298908512748,7.082246277376644,7.066041403132113,7.059987532793619],"predValues":[7.011401615244928,6.9810852189438615,6.952252189651582,6.931016731752631,6.917774870483187,6.909786323839915,6.9044479568140265,6.90046856766234,6.897481899488584,6.895469081291568,6.894446857762489,6.894370842180242,6.895138440087674,6.896612238701493]}