{"timestamp":"2024-05-12 01:18:59","trueValues":[7.339766870080025,7.31525423690454,7.278851278248839,7.241519122126245,7.214199493971401,7.204335276125656,7.21330033063316,7.235693830111986,7.261289286651348,7.279389234677039,7.283690228215148,7.275065117517756,7.2607438881381725,7.250276329831945],"predValues":[7.442455682242697,7.447331576845133,7.437995481243869,7.414531916261124,7.37851222498164,7.334339463823184,7.287956669215873,7.2443928300816305,7.206537070123289,7.175347026203895,7.150572059533038,7.131392477608459,7.116817154184727,7.10589217344128]}