{"timestamp":"2024-05-12 01:00:04","trueValues":[8.241683779762369,7.954099290069577,7.650233113183759,7.369883393241761,7.155119970819072,7.043359522860502,7.059127706190245,7.206924058541994,7.46791027074503,7.802546279537896,8.158761942659812,8.482432039241868,8.726547842172598,8.857326804073786],"predValues":[8.682878219116208,8.595034505957619,8.483646693825303,8.369754354310118,8.267421167493756,8.18145046765015,8.111703247263511,8.056290014116414,8.01287023248419,7.979162903321968,7.953148032136509,7.933131481440981,7.917740186557477,7.905883084670899]}