{"timestamp":"2024-05-12 01:00:09","trueValues":[6.850068907689719,6.788053482014712,6.862933614724176,7.067163829019608,7.374782943042868,7.748719007856743,8.149877687932037,8.544388194025823,8.907283128412889,9.222735036872445,9.481905646130304,9.679964511460131,9.813832204414734,9.881352115083825],"predValues":[7.343312491993162,7.201488412833931,7.104474190464774,7.074011610351697,7.10428999886164,7.171082445724414,7.249578900154279,7.324095433854959,7.387945865053827,7.439909957603714,7.481221502877993,7.513867005987517,7.539806127379479,7.560691275707101]}