{"timestamp":"2024-05-12 01:00:14","trueValues":[7.801564721687431,8.173717078206025,8.52491704184347,8.830248512103134,9.075793726926584,9.256958527785436,9.37583998791018,9.439123225918443,9.45708469800585,9.44294473655316,9.411330759578934,9.375783640695367,9.346667546385287,9.330550648216713],"predValues":[7.697882125391834,7.914907144280706,8.079435695755222,8.17987513773417,8.2190941281867,8.212228539008422,8.178197479149784,8.132488990598965,8.084957457017998,8.040753864364646,8.001987512151851,7.969071170306983,7.9415981820439026,7.918832844105072]}