{"timestamp":"2024-05-12 01:00:19","trueValues":[9.465558574904996,9.617158630045273,9.694687081850873,9.699433005754994,9.635689953210768,9.51040192107746,9.332136343893904,9.110687537064834,8.858236067384492,8.591221766351627,8.331173522644201,8.103410372502507,7.933563122369536,7.842701909542292],"predValues":[9.238306536527844,9.19683232853911,9.095548741492989,8.965658311380077,8.83265576080383,8.709480749225952,8.601391109681352,8.509799243582801,8.43403057908506,8.372333834120237,8.3225516014118,8.28253418155694,8.250338658799661,8.22431554816298]}