{"timestamp":"2024-05-12 01:00:24","trueValues":[9.613502971590002,9.483852814506289,9.310262992997089,9.098444775703296,8.856797884463054,8.597668738250055,8.336793891532897,8.090903682913103,7.8742616656117,7.695769636413902,7.558271800723946,7.460139670876029,7.397754267262259,7.367602659985642],"predValues":[9.374039003346205,9.25826036107858,9.101497093698082,8.944658873890337,8.812375813457933,8.707397231221673,8.624758193348168,8.55925588507358,8.506919688274936,8.464835229318243,8.43081187733333,8.403146458015893,8.380495940816678,8.361793715485502]}