{"timestamp":"2024-05-12 01:00:29","trueValues":[8.501635807942614,8.24358097985352,8.013629856729148,7.82906774407916,7.700904675046722,7.632556035057904,7.620755014597388,7.657394791028548,7.731098542734448,7.8282387489706835,7.933657211586722,8.031524350051775,8.106869347283435,8.14782340669016],"predValues":[9.07712798644712,9.020066863055536,8.951361002987912,8.883485998550011,8.823177999799292,8.770876355538032,8.725332124434166,8.685733853436655,8.651612691192067,8.622519986291907,8.597924161237952,8.57723596237342,8.559857896590314,8.545227554895515]}