{"timestamp":"2024-05-12 01:00:39","trueValues":[7.74510640717883,7.851710021827153,7.962374888561888,8.070965539898562,8.174658767744123,8.273831460544809,8.370621622998465,8.466915823646282,8.562735857165684,8.655524038423982,8.74042121750993,8.811344021533884,8.862405495491792,8.889122580552401],"predValues":[7.694347135028662,7.712965371115118,7.742466061745164,7.787844174880837,7.841900822252473,7.893188748224622,7.934713456075688,7.965282085899661,7.986757816827806,8.001692752429086,8.01227832093992,8.020103673291237,8.02622691449325,8.031318097982465]}