{"timestamp":"2024-05-12 01:00:44","trueValues":[8.282649002296557,8.369812030468674,8.452857459339569,8.532113272225644,8.60587735797759,8.670792007327897,8.72298148873703,8.75945966560873,8.779231690655077,8.783751694122454,8.776746565850893,8.763556001810025,8.750140048909913,8.741821126851496],"predValues":[8.355137302052773,8.328859300005695,8.301115473007272,8.279168232838202,8.262748867073139,8.248361190506277,8.233987069165622,8.219657068757316,8.206161113443722,8.194173775070078,8.184021973797796,8.175730959558035,8.16914551172132,8.164027749357192]}