{"timestamp":"2024-05-12 01:00:49","trueValues":[8.79770746397201,8.863635300033927,8.901020879695093,8.90378588005209,8.86864408901092,8.795670193210077,8.688532608964792,8.554483913872044,8.404081502835265,8.250434874326839,8.107766384311683,7.989363609724088,7.905488654167219,7.862290806140502],"predValues":[8.641496239823416,8.660552761557156,8.660340130557866,8.644208879796839,8.614527984394897,8.57492227131241,8.530586315862001,8.48650179656825,8.445994262260031,8.410614856077155,8.38067189296859,8.355790610798088,8.33530467717163,8.318479983564172]}