{"timestamp":"2024-05-12 01:00:54","trueValues":[8.763988440104828,8.67632652645063,8.57086713236723,8.45800685056484,8.349476799062963,8.25660994433493,8.188080833785465,8.147744999009172,8.133681053138726,8.139244011657615,8.155685172100105,8.174846148812247,8.190677855653025,8.199459515923644],"predValues":[8.765839392953636,8.723353858774534,8.67358597865855,8.624825703690444,8.5803504749355,8.540168266056192,8.504068040785727,8.472328079944424,8.44518785919523,8.422557010363448,8.404047747664126,8.389113077851597,8.37716241832533,8.367633891669712]}