{"timestamp":"2024-05-12 01:00:59","trueValues":[8.194550929305066,8.116587115528421,8.072389636016297,8.062692333504993,8.083472229487967,8.12821670224576,8.190182159635935,8.263408554748432,8.342417449886582,8.421470731745833,8.494384559289376,8.555137754194856,8.598676874975432,8.621393307784427],"predValues":[8.352507588169072,8.28732528954841,8.235170094887913,8.208194928951917,8.204405844544594,8.213561469585212,8.226437073958381,8.238256168053837,8.24756834266768,8.2544817738208,8.259576678352502,8.263443638863315,8.266540343579203,8.269174841660389]}