{"timestamp":"2024-05-12 03:40:04","trueValues":[7.895372468587317,7.917611810591657,7.97428461662079,8.059838559705792,8.168019630580087,8.291460696695824,8.420780478364392,8.544807077094422,8.652903095569002,8.738168126283718,8.799088236523641,8.838544310540378,8.86125808546188,8.871438060341571],"predValues":[7.944216732800141,7.925362742093224,7.915125091054977,7.924889903908555,7.951314355556394,7.983255784269524,8.01192854294609,8.033997248573503,8.049633600683684,8.060268871690601,8.067420715351673,8.07230219151784,8.075764887341254,8.07836988287129]}