{"timestamp":"2024-05-12 03:40:14","trueValues":[8.791597246418704,8.801726189858565,8.788511173252779,8.758241289982807,8.716691597989325,8.668497187268077,8.616902541079451,8.564188392679576,8.512636804268308,8.46513530481599,8.424777409573519,8.393896212180593,8.373481775727646,8.363452768857451],"predValues":[8.879209191788071,8.862557792445033,8.821311099625536,8.76384438260281,8.698325861214524,8.631238654628987,8.567512878353451,8.510386105140839,8.461306352096301,8.420343521660854,8.386773073704425,8.35953770058305,8.337527734269191,8.319723609121262]}