{"timestamp":"2024-05-12 03:40:24","trueValues":[8.496174114937139,8.47201524658672,8.45084570429755,8.42978646433926,8.405871590060524,8.376830713966442,8.341031361559969,8.296942589646232,8.243154920488696,8.179618385802529,8.10964099235916,8.041122513359662,7.985479107155835,7.954109921619541],"predValues":[8.46096826880743,8.433666714287527,8.404146886867546,8.380332214947225,8.362353466591129,8.346767614343277,8.33140130360219,8.316143434670739,8.301707118762792,8.288737425172435,8.277557553018593,8.268209231134868,8.260558501991717,8.254386887237366]}