{"timestamp":"2024-05-12 03:40:34","trueValues":[8.09182464092877,8.026415890293867,7.976982904001762,7.955325107780474,7.968766842189251,8.01787928724993,8.097450591381198,8.199537392027134,8.316118184739574,8.439569882405277,8.561161590404701,8.669628384184291,8.751964422883809,8.796535335588432],"predValues":[8.52615402268183,8.53558739696527,8.533005525056407,8.522564014047592,8.504950459432774,8.48064965989033,8.452027932653595,8.422367502985333,8.394302071600485,8.369305702901618,8.34788738234328,8.329971360131974,8.315187392540189,8.303062907172006]}