{"timestamp":"2024-05-12 03:40:39","trueValues":[7.99657206638872,8.05708924088499,8.137953607280682,8.233043784895028,8.337404674078353,8.445698439382271,8.550618016516228,8.64338998466083,8.716446009185148,8.766216015611125,8.794095394871597,8.805400187737522,8.80725060900883,8.806214032887299],"predValues":[8.004391305598809,8.015566925132667,8.02732967201331,8.047923515871908,8.074359130647208,8.098897279542609,8.11679310180898,8.127616817039018,8.133037046999632,8.135015312659263,8.135085746677778,8.134264193654277,8.133149209851757,8.132062399656643]}