{"timestamp":"2024-05-12 03:40:44","trueValues":[8.588532249999375,8.70758035966981,8.799696892759105,8.851675337901444,8.854759284757375,8.80645590064899,8.710492606993817,8.57579831102948,8.415225759296728,8.24426272799499,8.079671184586935,7.937976544548521,7.833891544086771,7.778719647123866],"predValues":[8.127383720306046,8.106689408300287,8.087409092439795,8.079475829856339,8.082261561735768,8.089548160292638,8.096350491748629,8.100891492527186,8.103343127948982,8.104478311696434,8.105013610237144,8.105437011714477,8.106018025920033,8.106870144649681]}