{"timestamp":"2024-05-12 03:40:49","trueValues":[8.954091716596277,8.894418687167182,8.786329844988828,8.635496856178488,8.449621215530396,8.237846321802708,8.010294207927808,7.7777853996707424,7.551716918593378,7.343818022193971,7.165435497960807,7.026143056636856,6.9320267289992525,6.885099599033763],"predValues":[8.88756904531385,8.869611028480183,8.831214122628653,8.780493389847106,8.724066172622152,8.666684773787889,8.612090169988054,8.562960714447431,8.520604885177898,8.485170726512704,8.456097955768726,8.432514254271384,8.413475274595084,8.39810550860026]}