{"timestamp":"2024-05-12 03:40:54","trueValues":[8.048736829444186,7.829731684374439,7.632376361863505,7.473831512497719,7.369644183367561,7.331787626042972,7.365953175008661,7.468593613618994,7.625352628379505,7.812751504348752,8.003069272360731,8.170043611904564,8.292850771853672,8.357650600464364],"predValues":[8.287625365046157,8.192911810089301,8.116559739287261,8.076284504345766,8.07098095564601,8.08700456196365,8.110684744776918,8.13399973384891,8.15381295615137,8.169624994624716,8.181980716204624,8.191668450320961,8.199409813427561,8.205767746095038]}