{"timestamp":"2024-05-12 03:40:59","trueValues":[7.152364273068292,7.1369397545911495,7.200344192269009,7.337292111037056,7.534379784277634,7.77405611773197,8.03904564007411,8.31471163067928,8.58872175737749,8.849196857815986,9.083101854372131,9.276141033386256,9.414358093431304,9.486573428142188],"predValues":[7.5561308723498595,7.512386296866222,7.493882615730631,7.517484125074164,7.578277985658259,7.656835039922921,7.734700777651145,7.801978820558545,7.856061781016343,7.898065174404557,7.9303242206728735,7.955193276560916,7.974637849868358,7.990159912816424]}