{"timestamp":"2024-05-12 01:34:04","trueValues":[9.200010098823476,9.21954344557312,9.244844939755968,9.267446020247847,9.279828586491416,9.27648921664759,9.254480845066226,9.213161326129477,9.15350876243406,9.078288951703234,8.993625666716502,8.910373188410052,8.842900322349553,8.804975457316443],"predValues":[9.231185524361669,9.239655148640832,9.246344519878448,9.253659026253978,9.257816493867566,9.254839128300029,9.24455948263942,9.229448860674978,9.212289007454892,9.19510417009239,9.179055313843588,9.164660726769249,9.152046392736455,9.141120348838012]}