{"timestamp":"2024-05-12 01:34:09","trueValues":[9.37134496858522,9.372796175155363,9.348750798600816,9.295564343593767,9.210983453119262,9.096213213365765,8.957963195515823,8.808062062059866,8.660296541203014,8.526613837217791,8.415032530876124,8.329756868611442,8.272485506319311,8.243768626710393],"predValues":[9.465299165085865,9.489042074043926,9.498760905443907,9.495832976583705,9.480452844827663,9.454323684480087,9.421482826639966,9.386477916804589,9.352702014145096,9.322040092470186,9.29522041295242,9.27226583342422,9.252841460061711,9.236467278383998]}