{"timestamp":"2024-05-12 01:34:14","trueValues":[9.111482245424677,8.986970848016268,8.852384462284071,8.72014259910778,8.6002705443151,8.498342153763634,8.41570603956637,8.351005881736597,8.301853036786053,8.26593142155499,8.241253467777558,8.225805825679243,8.217330088258851,8.213723600722169],"predValues":[9.517989126709573,9.520572061773432,9.513474970594675,9.49976133429556,9.479582120885578,9.45293626720973,9.421835794098786,9.389363851042432,9.358111346766997,9.32962091917232,9.304531524411264,9.282891004458673,9.26442984952294,9.248741402817933]}