{"timestamp":"2024-05-12 01:34:19","trueValues":[8.45384645927501,8.366034640766312,8.300565024507863,8.256853141040365,8.234285018353374,8.232212929265307,8.249288793240673,8.282896185833229,8.329202433280797,8.38348367214543,8.44009454939602,8.49227313346644,8.532636078695143,8.554704784322556],"predValues":[8.663055428418783,8.609838141916839,8.58271147639385,8.595534986172193,8.640531958241642,8.698616368317303,8.75436741896452,8.800795663447929,8.836774954837548,8.863728326096115,8.883703147958034,8.898574294259529,8.909818753079406,8.918521739880287]}