{"timestamp":"2024-05-12 01:34:24","trueValues":[8.190862047256159,8.194897517833908,8.217434809026003,8.256832675306683,8.310868856944637,8.376509906946264,8.449418418714824,8.524065720480067,8.594796093449666,8.65709963412871,8.70816031072037,8.746611969054218,8.772061773359066,8.78466148901066],"predValues":[8.418902680851925,8.406007408111321,8.411415411789477,8.445046193791953,8.499437203409972,8.558944912237118,8.611916078357385,8.65403322933022,8.685655977333166,8.70887209299049,8.725926428077177,8.738667277554548,8.748455214029299,8.756238571758258]}