{"timestamp":"2024-05-12 01:34:29","trueValues":[8.470121235960557,8.550457745900516,8.622371144592405,8.676624475638384,8.705514915300471,8.703980782640603,8.670017764701738,8.604904571155846,8.513453041516826,8.40409186859648,8.2886284517853,8.181512662217441,8.09822111296487,8.052445114071778],"predValues":[8.38303847599067,8.373458652106473,8.375764103716259,8.400228894916903,8.441779650065383,8.487624222455745,8.528074346394156,8.559658023450982,8.582839852359669,8.599468659659033,8.611444834905214,8.620279918714402,8.627045039745518,8.632462611818642]}