{"timestamp":"2024-05-12 01:34:34","trueValues":[8.870346997526472,8.866465418634458,8.81772986202002,8.721534534786873,8.578744047735874,8.394374631928992,8.178035348012825,7.943688876344408,7.708324699555645,7.4894705224953935,7.302098756978556,7.156344725374974,7.057456958113335,7.0076112018938606],"predValues":[8.806056951736576,8.802234112158114,8.794472017529085,8.78905497703346,8.785152135041518,8.779244182726286,8.769930413379948,8.758207534811671,8.745772076607027,8.73395670355406,8.723500308375295,8.714668679819844,8.70743736532279,8.701635994295948]}