{"timestamp":"2024-05-12 01:34:39","trueValues":[8.510362184153418,8.328554440310466,8.122685106799267,7.903724614239371,7.682411359672347,7.466733092375218,7.260471720459083,7.06421915546821,6.878446109277274,6.706338857410615,6.554416533412045,6.430939585815178,6.343682069742751,6.298475789033379],"predValues":[8.715037860392359,8.665900696978014,8.627242786574856,8.609442116680665,8.609897678596639,8.619072174638443,8.629249491630642,8.6371226859568,8.64224257463092,8.645244392763376,8.646915938206533,8.647877030323318,8.648532199589875,8.649113213795431]}