{"timestamp":"2024-05-12 01:34:44","trueValues":[7.562274579285553,7.37737358598045,7.195664981340915,7.0131055869154775,6.828080736053288,6.642531351094728,6.4610410919125885,6.289429270274272,6.134215817089839,6.002455297338186,5.900239057571435,5.829904311154888,5.788597815866842,5.770319656484872],"predValues":[7.676808267052344,7.601067510373259,7.568806603583699,7.59867328532127,7.681699311613479,7.791398833611444,7.90258331735069,8.000826812684483,8.08138791411744,8.144923119859863,8.194172180337585,8.232223560815271,8.261813556465018,8.285134127100742]}