{"timestamp":"2024-05-12 01:34:49","trueValues":[6.534156918905456,6.358039579286588,6.207171107678243,6.091344889224528,6.019749772559697,5.998757378471809,6.028375680623337,6.100104754817719,6.198423468367511,6.305103763069953,6.403870596450746,6.483423428263951,6.537925138895973,6.565359986473556],"predValues":[7.264016545005973,7.240766142600014,7.253703675751728,7.316302507731033,7.419156108918153,7.538747225003021,7.653570622506343,7.752095056547947,7.831426885016267,7.893244298073187,7.94078912109161,7.977358729293004,8.005748422951768,8.028140859275595]}