{"timestamp":"2024-05-12 01:34:54","trueValues":[5.989282275354761,6.0118634216904585,6.075961700897873,6.166810953231407,6.267209596637365,6.362152660179077,6.441784564145142,6.501768566410696,6.541473551590975,6.561779280445537,6.564549330788768,6.554062901481354,6.538220164407486,6.526806929731922],"predValues":[6.322145606085433,6.265204486314074,6.270342581517507,6.349825776678445,6.490370348799458,6.662716943434692,6.837492581448048,6.995351961629877,7.128063473525848,7.234943508473246,7.319006908253234,7.3844361246218195,7.435312343821597,7.475123511607146]}