{"timestamp":"2024-05-12 01:34:59","trueValues":[6.527345816420745,6.628822764781845,6.6949739962873895,6.718303603740583,6.693078656717482,6.615751141206205,6.487554981474503,6.317019205586961,6.119573780690079,5.914106319767537,5.7194867608512,5.55331928950248,5.431603591051594,5.36714995228662],"predValues":[6.845305707516906,6.960690716647099,7.078198048938939,7.195423379367973,7.302491858538492,7.390070580314218,7.455592556956243,7.502043659272076,7.534298718709156,7.556837604633745,7.573028923652071,7.585173343176438,7.594767253864338,7.602753408408868]}