{"timestamp":"2024-05-12 04:02:04","trueValues":[4.211868522123552,4.382959921085212,4.639873228026367,4.960854771740388,5.31535948623709,5.672019415253143,6.0045653942173765,6.293948077692278,6.528652699700122,6.705129385707787,6.827444703576666,6.904887305616306,6.948404631719455,6.96742101935208],"predValues":[3.983169629467021,3.935206521404684,3.951597580667968,4.02506451459841,4.135670077218499,4.260565356639606,4.381940729209052,4.489731507993549,4.580318649014494,4.654007890315872,4.712936312564333,4.75978667941672,4.797139965744868,4.827215889675176]}