{"timestamp":"2024-05-12 04:02:09","trueValues":[5.749516503986351,6.075692855578146,6.347062238159567,6.549927361439566,6.679494459539182,6.740049376037826,6.743101162455115,6.704306902423664,6.640645579919788,6.568014817394048,6.499053135655407,6.44201407273,6.4015604935378505,6.38050882855891],"predValues":[5.758053638607787,5.987950142144218,6.142054193089863,6.210304757030259,6.2077534508275445,6.161648538357429,6.097375901730599,6.031792926570653,5.973472230297034,5.925463473017038,5.887850112397885,5.859414437285526,5.838540186296618,5.823646580845825]}