{"timestamp":"2024-05-12 04:02:14","trueValues":[6.843479473021766,6.861448918771644,6.828076483433302,6.755965337912073,6.65673377290346,6.539426712434074,6.410118492576092,6.273536033338073,6.135663701300619,6.004916235366203,5.890691659914628,5.800681369767662,5.739346629079128,5.708455065924985],"predValues":[7.0029125883870815,6.958848269038263,6.868599433488969,6.755289171334336,6.639858978116795,6.535356556424567,6.447542478711503,6.377348068754486,6.323177398009482,6.282470655033804,6.25256011815263,6.23105395441271,6.215961007400084,6.205692259078191]}