{"timestamp":"2024-05-12 04:02:19","trueValues":[6.55110958979561,6.436247652923668,6.316332141670509,6.196056353767931,6.081924405695422,5.980810657659981,5.897358040425448,5.832644991841343,5.785028937438158,5.751830327941734,5.730156717289875,5.716930537556628,5.709348647699495,5.705774985073328],"predValues":[6.495669910667976,6.402210214135051,6.31860795783477,6.260515175413513,6.22867660694629,6.2152332778050186,6.211891382968075,6.213247702954787,6.216557836036212,6.220649919617521,6.225100685115754,6.229782952614463,6.234661239315641,6.2397152123799815]}