{"timestamp":"2024-05-12 04:02:24","trueValues":[6.203602362143934,6.142602781068028,6.077389783846844,5.99750033058289,5.8921197428636,5.752220771614178,5.572157532226013,5.351836998636917,5.099304795624033,4.831862009904007,4.574140198505751,4.353287057487031,4.193004065984638,4.10919768392504],"predValues":[5.934150911176096,5.854437808747178,5.80744276975629,5.80383202959962,5.836299852930364,5.8878883859777575,5.943356238712797,5.994064346528761,6.0369570690715,6.072038127383499,6.100511278709483,6.123823211210861,6.14326685425768,6.159873335302118]}