{"timestamp":"2024-05-12 04:02:29","trueValues":[5.651426900338292,5.501122299561184,5.331245812665811,5.151341315608053,4.977925718623896,4.831781841372556,4.73245397777778,4.691813515871412,4.709600447809635,4.773412439310662,4.86295955933871,4.955653584932634,5.030881834456245,5.072838349353836],"predValues":[5.634993580663899,5.617627076691379,5.626514786672893,5.667603202292293,5.7328797230245145,5.807017374863338,5.877193711185415,5.937128675426758,5.985664624690616,6.024141267166879,6.054632419570487,6.079122194913547,6.0992320374600135,6.116192017540769]}