{"timestamp":"2024-05-12 04:02:34","trueValues":[4.848072166699926,4.734156088927085,4.673060757454312,4.664894497808666,4.698475427808888,4.755758418358792,4.817531378247423,4.867691363215534,4.895932580634325,4.8995539191173645,4.883621411893484,4.858364138313772,4.834769174018185,4.820973641560749],"predValues":[5.160923000013495,5.051178028139432,4.991916306799586,4.998270784213325,5.0632181920269606,5.163931064181555,5.27550805145605,5.380742854046453,5.47158984717562,5.546299077719405,5.6062745747449885,5.654036015593936,5.692190389211904,5.723017099911263]}