{"timestamp":"2024-05-12 04:02:39","trueValues":[4.671135915333252,4.730842982334029,4.789322952515553,4.83921684972221,4.880190677167151,4.918568246887183,4.964134970363944,5.025131926775953,5.104110588443891,5.196458689980848,5.291663954123558,5.376585785115987,5.43944389402005,5.472547085355542],"predValues":[4.818503400926514,4.9273744593935005,5.059692969400317,5.200234551397903,5.330842744027785,5.439545358875023,5.523628759258382,5.586281745695318,5.632523340029664,5.6670070381280375,5.693348563686154,5.714143078050329,5.731182396072693,5.745680374970435]}