{"timestamp":"2024-05-12 04:02:44","trueValues":[5.029357834992439,5.072573092182223,5.116316338722116,5.15959678060262,5.195268355067956,5.2120114515294365,5.198376488700056,5.147521399705834,5.060560769666164,4.946982326663678,4.822485614083659,4.705800283333834,4.615386027511812,4.566062969785159],"predValues":[4.970770386485493,4.90345533249478,4.865930147293145,4.869939803138636,4.91277149393986,4.980405693771068,5.056448286798361,5.129142639282326,5.192754990209178,5.245817321870391,5.289068194752556,5.324080081542599,5.352551305900152,5.376002046575753]}