{"timestamp":"2024-05-12 04:02:49","trueValues":[5.172835585301449,5.178931583156678,5.15795433902749,5.111091064808973,5.0466113787465865,4.977364073773432,4.917330668024137,4.878203906267548,4.866109554698795,4.879355137010728,4.909080319462991,4.943234605630435,4.971313858030237,4.986767580046188],"predValues":[5.24056613355421,5.343058262042539,5.430304747881878,5.498883560927425,5.547528682919979,5.578210472303885,5.595590664396985,5.604770874896895,5.609722917975951,5.612977501208811,5.6159369260357845,5.619276162985237,5.62325342582693,5.627909247345103]}