{"timestamp":"2024-05-12 04:02:54","trueValues":[4.7880158034474265,4.700168668258692,4.65048245173587,4.653124541408203,4.71429291495159,4.831790014376591,4.9976653838900384,5.2014311987935855,5.430886625900868,5.670637579546516,5.90112785514846,6.1002219676560765,6.246784395740079,6.324472453689523],"predValues":[5.307721448506707,5.2808436941472605,5.259075861383842,5.251252768236892,5.25890090593974,5.277446116567378,5.300706220262679,5.324194171363155,5.345713159410218,5.364631869677545,5.381093695195279,5.39552117362732,5.408373787273693,5.4200536745118]}