{"timestamp":"2024-05-12 04:02:59","trueValues":[4.743833955636111,4.868236163704023,5.031175298458858,5.225968616769926,5.44408097743141,5.67378956832222,5.901133170923442,6.112569316890389,6.297561608630812,6.449905473585472,6.567636998687187,6.6519697753644,6.705736712999505,6.731782016996737],"predValues":[5.164201437786588,5.334343381195135,5.474928353206012,5.572624323716639,5.625878355513147,5.6439817587925765,5.640558931281529,5.627230688668623,5.6114151949415385,5.596947914644319,5.585384974455819,5.577053560326194,5.5717078841097045,5.568888662847888]}