{"timestamp":"2024-05-12 04:25:04","trueValues":[5.720363332145768,5.760271247035992,5.832787454610866,5.936843218310213,6.0754173655396935,6.25301116165987,6.471385457133604,6.725452789514163,7.001470950211905,7.278619510459613,7.53324832157267,7.743596195506383,7.892855980710736,7.970117846400981],"predValues":[6.061140921564335,6.095324942848086,6.149325243004911,6.221601177550587,6.3003795009488845,6.372375161258624,6.430549407931483,6.474282820287659,6.506107567739929,6.529181752205227,6.546207382107012,6.559184916465466,6.569495792304092,6.578055917652328]}