{"timestamp":"2024-05-12 04:25:09","trueValues":[6.281634350734727,6.465941704868692,6.673457200997506,6.891612752330721,7.102675066422043,7.288339139225844,7.43462687463764,7.534895946028408,7.590391839476478,7.609043299156573,7.603039131314162,7.5855454474251935,7.567675406667483,7.556915746525983],"predValues":[6.235053809298078,6.1887390566105385,6.166307948023714,6.176208844716838,6.213081584986593,6.263573207866407,6.315378624533075,6.361591447235329,6.400006692510549,6.430967892316958,6.455764919453992,6.475815358215032,6.492346089465972,6.506316211907981]}