{"timestamp":"2024-05-12 04:25:19","trueValues":[7.632370780299774,7.605492627257203,7.572031418476659,7.539083713559396,7.510554215018601,7.487387536068613,7.467760631679281,7.44791551472693,7.423884224976083,7.393404634383063,7.357249125052783,7.319683340619721,7.287783640740202,7.269267201744655],"predValues":[7.569926105794953,7.463967826229471,7.357090449169563,7.266290367754615,7.198116882551462,7.150401954733607,7.117957919495909,7.096075531781624,7.0814156875356735,7.0717893506203815,7.065769767030522,7.0623878709868375,7.060957395939123,7.060970685376579]}