{"timestamp":"2024-05-12 04:25:24","trueValues":[7.618629236182,7.615668615305656,7.599856045254812,7.561813435805846,7.4941010940824,7.393307089912139,7.2614288257446304,7.106225472532664,6.940101656985986,6.777685860278151,6.633057709815801,6.517491299864341,6.438138208296093,6.398118396342492],"predValues":[7.370324868354034,7.329788097283412,7.293864355742357,7.268254015033045,7.25118931418514,7.238253109977172,7.226666846825939,7.215801136973543,7.205970940087683,7.197571749827036,7.190793870935963,7.185617369258283,7.181891808361998,7.179401899360329]}