{"timestamp":"2024-05-12 04:25:29","trueValues":[7.381473111646734,7.27067030055121,7.143508191947923,7.011469657164701,6.887124643513237,6.781183108638949,6.700165913712519,6.645165051809666,6.612210835068051,6.594536281935312,6.585764057165287,6.5818828769563975,6.5807955351837855,6.580888295457226],"predValues":[7.593270065840597,7.610635107974998,7.616446578974303,7.610256890585013,7.591124087480278,7.561254747855216,7.525769026172695,7.489905618677687,7.457159115843501,7.429131160672278,7.406123689183007,7.387749978745733,7.3733386469802,7.362165685333833]}