{"timestamp":"2024-05-12 04:25:34","trueValues":[6.619890136501732,6.525495528043811,6.47447684607451,6.469070702917598,6.508077726842712,6.589084290219178,6.709306388794436,6.863920754138373,7.043454409443935,7.232978000673572,7.4140463202164995,7.568075950312393,7.679492467629613,7.737735287799742],"predValues":[6.901889474315087,6.827368156416922,6.781138987706597,6.774806039181536,6.802620565987223,6.848664214150669,6.898223184309853,6.942999817506289,6.980178879309394,7.009890340417485,7.033370915880173,7.05203965182896,7.067135389623453,7.079629055564151]}