{"timestamp":"2024-05-12 04:25:39","trueValues":[6.666900724134443,6.769635119067587,6.892207587551231,7.023646502916459,7.149013474308253,7.25192475165393,7.318462041317558,7.340726101675566,7.319017805591948,7.261922395451729,7.184145165376958,7.103254220106356,7.036710817301499,6.99913493289597],"predValues":[6.832568047504524,6.869668967415391,6.910381690637923,6.953115471508694,6.991438222299222,7.019805855491809,7.037263923688398,7.046228978195902,7.049903507652358,7.050867789234131,7.0507944315393765,7.050619276753713,7.050789647341893,7.051467940229623]}