{"timestamp":"2024-05-12 04:25:44","trueValues":[7.475649241752887,7.578013260064145,7.616482460455433,7.5816705132519076,7.472508681893395,7.295337622778678,7.062230258258614,6.789841974507478,6.4985929224363215,6.211066241796461,5.949483998323545,5.7334986121268185,5.57921621693052,5.498694319338058],"predValues":[7.190101757033279,7.274122099035911,7.334698810211982,7.368345007961908,7.374160200003701,7.35702878617977,7.32606785216211,7.2902164051608125,7.255534960233101,7.225075835373762,7.199822183165756,7.179633932938303,7.163876381158524,7.151772893101521]}