{"timestamp":"2024-05-12 04:25:49","trueValues":[7.218100741230849,7.006943008978596,6.772134330675475,6.53529741842789,6.318509217314476,6.1411845323027725,6.017336942295271,5.954234307742025,5.951798088067677,6.001639458772791,6.086526272097525,6.18251760646573,6.2642144232236365,6.310841610585754],"predValues":[7.382448290567221,7.327720526604081,7.270922002496619,7.221670018342657,7.182955494935939,7.153578661862978,7.131420917004615,7.114824004355145,7.102641842828405,7.0940284268359735,7.088302008236383,7.084888749120303,7.083295877146883,7.083108761867509]}