{"timestamp":"2024-05-12 04:25:59","trueValues":[6.012283899491552,6.185067185041574,6.372952853104817,6.552843462700434,6.70665115919082,6.823719940046629,6.902067286988242,6.947649791671981,6.971211964280646,6.9837760642398585,6.992830689555813,7.001053130298303,7.007795393496994,7.011583946326818],"predValues":[5.821124910088637,5.9193923264098505,6.028305911076695,6.144223162176981,6.255686591208419,6.351381305332616,6.426635934389577,6.482819290437222,6.523892954781047,6.553981038546628,6.576431416817763,6.593687086881904,6.607439528338389,6.618829373604031]}