{"timestamp":"2024-05-12 05:02:04","trueValues":[5.946488027543568,6.054001835763221,6.161644817314941,6.267480966950207,6.367405709016501,6.456859171734081,6.53277335557196,6.594377473157719,6.642766839926441,6.679970620083214,6.707996847627568,6.72818562943252,6.74122549125264,6.747574387102649],"predValues":[5.826155095059932,5.794367026455038,5.760490124070885,5.729732518446294,5.704422253234728,5.684761194991136,5.6699930418299225,5.659222617244083,5.651701858799246,5.64683792469052,5.64414521887328,5.643209509582036,5.643674905681728,5.645238142209623]}