{"timestamp":"2024-05-12 05:02:09","trueValues":[6.494694997536239,6.57131232550989,6.628918980309024,6.667306583554336,6.687470514111245,6.690893208727919,6.67916155913092,6.654249977043021,6.6191794173866105,6.578261771038514,6.5366718120495415,6.499714019380071,6.472101492023707,6.45735220986368],"predValues":[6.317582146157577,6.333465814698808,6.326319818390218,6.295397822424302,6.244346581333236,6.181737117803966,6.117452919366549,6.05879320954344,6.009326069397073,5.969780956149384,5.939337379931868,5.916563138069941,5.899935261031201,5.888079089405244]}