{"timestamp":"2024-05-12 05:02:14","trueValues":[6.86142606093922,6.874118536864254,6.857930141522167,6.808677891579457,6.723637718146486,6.602087340297548,6.445775913790538,6.259567904311683,6.05225520499844,5.8372451306165765,5.632246255258717,5.45703126844308,5.329615730267515,5.262787800606735],"predValues":[6.463402359159688,6.431099989325267,6.389133806361928,6.341382332591071,6.29087330054819,6.241273930499141,6.196232970391716,6.158077134935628,6.127506378801662,6.104083479497532,6.086826613384019,6.074606576960531,6.06635636129376,6.061156071523034]}