{"timestamp":"2024-05-12 05:02:24","trueValues":[5.750173533774152,5.622985643662201,5.540774791463514,5.509403944747538,5.527035572997296,5.586334371867642,5.677896403179104,5.792536938023037,5.9214244142911765,6.05494498713944,6.181980978981275,6.290619339398415,6.369937878429279,6.411763060461214],"predValues":[6.079726332740276,6.001645306125272,5.946335066118455,5.922057788880307,5.925289514280745,5.9454547737814005,5.972021289515639,5.9983236112332605,6.0214601231602245,6.040795324397408,6.0567019836654366,6.069855071492679,6.080920388695656,6.090447453513155]}