{"timestamp":"2024-05-12 05:02:29","trueValues":[5.570583265465031,5.641957644573724,5.733233089166458,5.837363273715556,5.9473894500861775,6.055714711356865,6.154691783638205,6.238148387703974,6.302718309046684,6.348313837379129,6.377709541453276,6.395257844930188,6.405037674848091,6.4095004008400345],"predValues":[5.702596683211461,5.758607010783436,5.81828469151564,5.876124443047742,5.925004721636073,5.9605332353072,5.983098168529202,5.995985866290457,6.002851056785612,6.006499273155907,6.008725121035334,6.010543248973626,6.012461446375958,6.014693008713492]}