{"timestamp":"2024-05-12 05:02:34","trueValues":[6.073951141905224,6.173516670477095,6.255360734202009,6.315472846644635,6.353239301583274,6.371139775152757,6.373590746102682,6.365224912330048,6.349654874512767,6.329614535724194,6.307912219887431,6.28781300889093,6.2724748717572485,6.264219606104244],"predValues":[5.932027391965076,5.971135282720478,6.001407823877941,6.02095326401567,6.028400797660128,6.02503631077951,6.014677460071669,6.001545369555606,5.988699533522336,5.977776014617009,5.969370179637634,5.963478174647348,5.959813612268984,5.957994155386945]}