{"timestamp":"2024-05-12 05:02:39","trueValues":[6.385958295281927,6.391613083813633,6.38536585216016,6.370135758152992,6.3479241910729325,6.3208477596235255,6.291624951130675,6.263139573522233,6.237852299037464,6.217580458248415,6.203351457564773,6.195074795917465,6.191406778285363,6.190326081231479],"predValues":[6.229420682549425,6.17601375577499,6.124889555672293,6.082151655075911,6.049295780171467,6.025062623865671,6.007468737618288,5.994853872007995,5.986045632862465,5.980222600052573,5.976772130511618,5.975206236096232,5.975121183696517,5.976181946594218]}