{"timestamp":"2024-05-12 05:02:49","trueValues":[6.29149524622111,6.315712189413208,6.34154977950301,6.362022955269511,6.369817343231557,6.359070042266891,6.327011932292901,6.275301402209666,6.21060469963363,6.143281073955758,6.083752899394929,6.038641505268989,6.009686478940868,5.995813236497909],"predValues":[6.108282144367234,6.08393496468807,6.063489829634601,6.050250759147021,6.043050807722361,6.039053876513234,6.036258044661339,6.033976248250223,6.03222868722482,6.031199553188263,6.031008849760776,6.031669600591066,6.033113763759359,6.0352290435191565]}