{"timestamp":"2024-05-12 05:02:54","trueValues":[6.350172630996035,6.3236336243973295,6.280014501203272,6.225933401266718,6.171356472418697,6.125886795058957,6.094839213909086,6.078140902851831,6.072435880246544,6.073790339712012,6.078868499552521,6.084937121166592,6.089908699718707,6.092592235824104],"predValues":[6.2271363611451935,6.230370212855624,6.227807610631072,6.218923488797672,6.203034105798335,6.181525815748423,6.157654397930168,6.134693971049489,6.114741741231246,6.098650092993836,6.086433511824085,6.0776775001677565,6.071808485904268,6.068244258778694]}