{"timestamp":"2024-05-12 05:02:59","trueValues":[6.240596302083283,6.214623691308933,6.189508647933589,6.157758985802943,6.111977538240494,6.046746201595622,5.959433534357755,5.851070265295944,5.727365403846714,5.5988439186861,5.47896016918846,5.380391547767315,5.311741038206696,5.276912678547913],"predValues":[5.971161861595389,5.89575267638082,5.841268773594988,5.8167659746032205,5.819682341652838,5.840044816405333,5.867423316768106,5.894936572026675,5.9193999013892,5.9399629137529,5.956878374218179,5.9707787271135455,5.982334158769883,5.992123025505257]}