{"timestamp":"2024-05-12 00:04:04","trueValues":[7.720718694715427,7.507839980312682,7.350113494505408,7.2484418558855825,7.198797035960435,7.193858946790708,7.224564457820472,7.281812430702681,7.357803560383427,7.445951335871001,7.539078131995664,7.627227502215731,7.697424437165866,7.736657514422099],"predValues":[7.979457663044732,7.839727733439743,7.75591417508392,7.757591036302059,7.836173340497886,7.957739798566146,8.088437163321355,8.207734317049708,8.307725904986404,8.387897891690661,8.450876004214948,8.500085462169052,8.538727425247263,8.56944702308073]}