{"timestamp":"2024-05-12 00:04:09","trueValues":[7.012184363111059,7.003742646650554,7.035182797782861,7.107199056720656,7.222169169613487,7.381376630330807,7.581534695201112,7.812994435265439,8.061002182849398,8.308696565498156,8.539043979647452,8.7348109485937,8.87860239607385,8.955111282237866],"predValues":[7.503546694648296,7.541053739767804,7.609022036056645,7.717244569975801,7.850451777888862,7.983691943606814,8.099734779891055,8.192839515549544,8.264391175753893,8.318409283756909,8.35913689114939,8.390151248705623,8.414192638428935,8.43326803116386]}