{"timestamp":"2024-05-12 00:04:14","trueValues":[7.356612560998663,7.528395019013908,7.727351984526983,7.941326014364813,8.157254123086105,8.3630796014537,8.547537524914036,8.69980630454707,8.811144945760802,8.878050352841948,8.904568627918222,8.902071808409076,8.88651120609239,8.873716667287697],"predValues":[7.293044663240099,7.234091655532346,7.212827758237242,7.251089643404224,7.34226103170168,7.460849061047405,7.581402598192804,7.688773013382312,7.777667389466137,7.84851019107661,7.90404754756954,7.947496831752916,7.981755938358292,8.00917869254779]}