{"timestamp":"2024-05-12 00:04:19","trueValues":[8.722810852360102,8.94341126150201,9.094732238455718,9.153798472170593,9.103983813234764,8.939446756520276,8.667437487525373,8.30831250075569,7.893567497192105,7.462152489073045,7.055708333932936,6.713445516984337,6.467380153578879,6.339117812448648],"predValues":[8.160778216110565,8.159638513954377,8.153899071706082,8.15703458157934,8.1698830755001,8.186041436713538,8.200155616657565,8.210424896556955,8.217253275310359,8.221711881576692,8.224791841601387,8.227192445583354,8.229340284464918,8.231465265514059]}