{"timestamp":"2024-05-12 00:04:24","trueValues":[8.740479159457237,8.502607797398113,8.21210335250759,7.904956013514001,7.621320347266747,7.399321889304515,7.268566582601999,7.244253556777096,7.323341922751231,7.484294020817712,7.690833939342916,7.898915166824213,8.065602986096504,8.15775486908943],"predValues":[9.239019913530456,9.193819878856688,9.12340287082229,9.044347196864296,8.968114730999357,8.899294315980868,8.839239082330554,8.788187974133862,8.745720779378448,8.71096331886849,8.68281841664766,8.660155673165985,8.641927880751972,8.6272294971374]}