{"timestamp":"2024-05-12 00:04:29","trueValues":[7.231632578025573,7.042451056916042,6.9662720145896735,7.009285139435759,7.16072146870658,7.395812946238755,7.681565354083927,7.984035608459415,8.275055949311962,8.535549654962896,8.75431054017221,8.924524047201455,9.041211421202288,9.100610954008548],"predValues":[7.807764244260438,7.638879149399248,7.525831752317485,7.497797949793782,7.546270375546601,7.639193577489446,7.744967931240543,7.844143281928719,7.9286638383571795,7.997249561910204,8.051642697838213,8.094488641561108,8.128378301805219,8.155499917341976]}