{"timestamp":"2024-05-12 00:04:34","trueValues":[7.308373497767562,7.557136351187745,7.824353980613681,8.087079514390897,8.332580874070743,8.556735144577011,8.75992346697593,8.943588808386417,9.108489995687188,9.253948204413009,9.3776271514592,9.475894036202916,9.544602554158027,9.58006143117689],"predValues":[7.377063144721489,7.5362825659325186,7.698142864154712,7.854516751017762,7.988840803254588,8.090628325769025,8.160727450459484,8.206138787188795,8.234546554482499,8.252034125230239,8.26279644325923,8.269532859105441,8.273909602437048,8.276931620514436]}