{"timestamp":"2024-05-12 00:04:39","trueValues":[8.62689832435601,8.821508580666126,8.985328805124261,9.117316840045152,9.215982407912536,9.2796547606495,9.307327622051911,9.299865868709375,9.261248358196084,9.199541247470044,9.12680124576842,9.057116219949071,9.003325892904048,8.974325682488576],"predValues":[8.802568208615748,8.845113545263398,8.854624795650325,8.838288887552483,8.804087722894414,8.760040945603036,8.713380135964155,8.669277808824214,8.630482219849018,8.597883495559337,8.571277244407106,8.549946899924723,8.53301695397262,8.519635287821142]}