{"timestamp":"2024-05-12 00:04:44","trueValues":[9.151890640529476,9.177528091691196,9.18399207406957,9.179642175401623,9.17599661691882,9.186832292642569,9.225329135063763,9.299892447584288,9.410664161396165,9.548462869950114,9.696416303452589,9.83348196663649,9.938820426839046,9.995983613110289],"predValues":[9.32792040275551,9.306488792759716,9.257515621003574,9.19217836754218,9.120289421415208,9.048063986731862,8.979596273383443,8.917593605568392,8.863370840228562,8.817085058514676,8.77816933302488,8.74570908467349,8.718691924115133,8.696153569768043]}