{"timestamp":"2024-05-12 00:04:49","trueValues":[9.287350939668748,9.319910061434811,9.374033687571224,9.446886915279968,9.527415058908035,9.598644848937214,9.64190249943248,9.641840836442688,9.591123558914878,9.493623208923598,9.365133485518502,9.230879335722694,9.119814191131798,9.057051367494292],"predValues":[9.517847195517549,9.453761275486968,9.367912041101706,9.278731942112586,9.198450450443694,9.129705253641204,9.071411933608744,9.022179883610963,8.980830064756814,8.946296664162357,8.917570747735969,8.893703183854576,8.87383866432354,8.857228993814111]}