{"timestamp":"2024-05-12 00:04:59","trueValues":[9.45932051296337,9.299086576096984,9.143183401108608,9.015211434186782,8.930229202701117,8.892020741072706,8.894181072025477,8.923850538511207,8.966359993677727,9.009265739869177,9.044774585172869,9.070075547778217,9.08569967360594,9.093089663986213],"predValues":[10.196006125718547,10.173285971867063,10.10005319782459,9.997308835813351,9.88648236951916,9.779388640417476,9.681398175972836,9.594899885462244,9.520511461938636,9.45767953322636,9.405194228939466,9.361576700477904,9.325335872959158,9.295110376410287]}