{"timestamp":"2024-05-12 04:05:04","trueValues":[6.144540912626543,6.127501993287302,6.088324332985259,6.041876287240041,6.000608597109365,5.971675897036169,5.956532450161212,5.95245020076362,5.954481358384324,5.957160907658484,5.956257491700256,5.950530275734419,5.942408568927842,5.936518557353175],"predValues":[6.420191753273013,6.448259709650978,6.436246855557421,6.388525415915213,6.315896513910717,6.232531474069017,6.150875854567222,6.078609621310887,6.018786952816043,5.971451837120669,5.935175261015169,5.908042349456576,5.888164274699334,5.87388942545647]}