{"timestamp":"2024-05-12 04:05:09","trueValues":[6.16466683539233,6.172226398994537,6.171803927777826,6.150607939508118,6.095762431129122,5.997182181450205,5.8506871308141015,5.6601898225020975,5.4377425137898046,5.201576917475286,4.97344790912044,4.776147206197449,4.630811658979342,4.553748902285774],"predValues":[5.8879335700651065,5.860910030576772,5.836858806669744,5.823792764657835,5.821294350416195,5.8246193676675695,5.82966576575256,5.83453886957313,5.838851424921827,5.842811810177951,5.84672594819173,5.850816835723667,5.855197432992136,5.859895249132668]}