{"timestamp":"2024-05-12 04:05:14","trueValues":[5.992822049915418,5.880559527009779,5.733691441864298,5.5622780315271925,5.3808322919605285,5.205475373952868,5.05143557743732,4.93058611774338,4.848807238709186,4.804424737004088,4.789268798057922,4.791938180912428,4.8011990250741,4.808264121932179],"predValues":[6.075406601095354,6.128964894562408,6.169345381848552,6.192767217997686,6.197397656690319,6.186225359515824,6.165712847014455,6.142231872868644,6.120050074128486,6.101277813461919,6.086556704909298,6.075729800214273,6.068288246816671,6.063622591114782]}