{"timestamp":"2024-05-12 04:05:24","trueValues":[4.671471307511037,4.752253595018644,4.874985204515817,5.029924396934762,5.2065366684280665,5.393897403711815,5.581349238089322,5.759345903505963,5.9204076394314535,6.059726393841568,6.174753252632333,6.26385308341922,6.32515034789413,6.356526576832276],"predValues":[4.820330466011495,4.863785232087822,4.9346692974015935,5.028711137742258,5.132500215655467,5.231013885252732,5.3150600087640285,5.382284428791295,5.434375701257632,5.474394383609049,5.505363822866681,5.529770672120019,5.549499905177759,5.565923390668434]}