{"timestamp":"2024-05-12 04:05:29","trueValues":[5.599289646418359,5.79808022817449,5.9638393815573885,6.081540340952957,6.139922301533246,6.132334032746135,6.056828233321264,5.91651436583448,5.720963881824383,5.488024495793757,5.244104446276746,5.021250214989565,4.851317480550161,4.759492351600674],"predValues":[5.151316730148761,5.185311974973455,5.22330116088385,5.264966005852885,5.3068119194072505,5.344382886720919,5.375155575857022,5.399086264566329,5.417478513768854,5.431900078401228,5.443672593018401,5.453758345786531,5.462805196781575,5.471229504079012]}