{"timestamp":"2024-05-12 04:05:39","trueValues":[5.493331632641626,5.2128396492716655,4.938236581097783,4.690008179016671,4.481973941636509,4.320472562568464,4.2047850027828,4.128243208649286,4.0804253209147445,4.05038969720352,4.0297505363632,4.014193987324937,4.002938232483221,3.9968852259581618],"predValues":[5.868913461389994,5.756094376843717,5.659167598973017,5.593025138496193,5.560172120820802,5.5531563609992745,5.5613401294787685,5.576200378441548,5.592717886702221,5.608564079029828,5.622947370082329,5.635797990313083,5.647321527319527,5.657786427738263]}