{"timestamp":"2024-05-12 04:05:44","trueValues":[4.16774865292617,4.036203156272548,3.9594173514555537,3.933045027626135,3.951773200583943,4.011498922632548,4.1097712560456205,4.244074659819,4.408811896991059,4.5927593067115415,4.778641733278635,4.945225429808462,5.071087598863443,5.138867251587602],"predValues":[4.226468779854312,4.144405423799585,4.134870484990393,4.197451309781946,4.313604996586363,4.456037003138473,4.600209273984232,4.730653890250834,4.840871152120269,4.930279563644874,5.001209477517868,5.056951823583551,5.100760985733223,5.135449341168412]}