{"timestamp":"2024-05-12 04:05:49","trueValues":[4.031461484988413,4.105647277814419,4.207072430593037,4.3309788595848735,4.468332948724884,4.6056409660846525,4.727169914715694,4.818672974148447,4.871362902548562,4.884806995832487,4.867364542724909,4.833616913343604,4.799806458146727,4.779246934260359],"predValues":[4.280544680298462,4.343089083725488,4.4305953614552855,4.533519625073126,4.638983051670205,4.735545931519779,4.817052260803557,4.882478852508245,4.933688669811749,4.973476049504253,5.00454798354826,5.02915935724404,5.049063147062758,5.065574010604703]}