{"timestamp":"2024-05-12 04:05:54","trueValues":[4.817779923951435,4.972509774506861,5.078408882852072,5.1175532531132895,5.08044190099402,4.96763082333381,4.7886601750460525,4.559212206635542,4.2983289211256,4.027005735951134,3.767938651411052,3.544945479055273,3.380797470622296,3.293672450241301],"predValues":[4.400732400760202,4.464751103231426,4.534842883431218,4.607378003536771,4.6769297778279295,4.73815893393588,4.788429005281513,4.828000929969268,4.858665575978858,4.882528920463859,4.901436600498097,4.916823775655989,4.929745893060254,4.940959221372892]}