{"timestamp":"2024-05-12 04:05:59","trueValues":[4.970517255925559,4.8273879878902255,4.642658378492908,4.433036523139188,4.215436304173647,4.006574488359806,3.822429198915611,3.6763626661902618,3.57618083995639,3.5217091634530178,3.504540140521087,3.510584243123052,3.524604931874579,3.5346944056851965],"predValues":[5.153814546365716,5.096625246349873,5.041874691001497,4.998866151011333,4.971796264609873,4.959358646871643,4.957182401817518,4.960863409874734,4.967366330304851,4.975001610476961,4.982962880549856,4.990919366425265,4.998768872329158,5.006504520977652]}