{"timestamp":"2024-05-12 04:52:04","trueValues":[7.610510453051665,7.326374040801086,7.028241458811085,6.750199848366364,6.525334991639348,6.378418798730278,6.320715662615218,6.348587599790713,6.445663485149664,6.587028148456058,6.7440035152583455,6.888787152138924,6.998379561270998,7.057050832904694],"predValues":[8.30414679369088,8.315331981619705,8.310313092670247,8.288919490465577,8.252829365167578,8.206921800843677,8.157726695482024,8.110758368260422,8.069234723564353,8.034324700312407,8.005909756722478,7.983247013240803,7.965388401399305,7.951396484279869]}