{"timestamp":"2024-05-12 04:52:09","trueValues":[6.285471410011264,6.193385309733743,6.189994642661338,6.264169770713785,6.397187471248731,6.567080304152174,6.752610818109547,6.936293967366225,7.105747052784265,7.253130103631147,7.373614269913028,7.464342056788219,7.524256156612756,7.553803891851395],"predValues":[6.731950792852421,6.645801748758162,6.618843726196483,6.661160883203023,6.7573830550998295,6.879048652371509,7.001058180284536,7.109111406770508,7.198343600354454,7.269281022759609,7.324659437580572,7.367674157159152,7.401228126213137,7.427693509328338]}