{"timestamp":"2024-05-12 04:52:14","trueValues":[6.795533840569684,6.995424787747134,7.167696562849493,7.291462422816643,7.351509417015738,7.338155924471666,7.247813265493936,7.084504684377839,6.861162664288852,6.59962693384703,6.329220503903637,6.083844729407747,5.897148731785524,5.7962712699480425],"predValues":[6.865591768004032,6.999002835887662,7.127893102937668,7.241432474994035,7.329607626722766,7.389229358923282,7.424619662444873,7.443208130191429,7.451739949037883,7.454964763930843,7.455786316954345,7.455807048476775,7.455827248421707,7.45619137900799]}