{"timestamp":"2024-05-12 04:52:19","trueValues":[7.316059045236848,7.261080376694547,7.145113024415053,6.9796172676825226,6.783035656220251,6.579061396490213,6.393595867881999,6.25003313162046,6.16345204791452,6.13613720395716,6.157021023341037,6.20530859301885,6.256404220831017,6.2884419979657],"predValues":[7.3999924743185215,7.436848602791457,7.460919495065919,7.474988490922597,7.4797216569667615,7.476081414258941,7.466683389879135,7.454774459186479,7.442929317793611,7.432637711639296,7.424505639071505,7.418589447305049,7.414665873790675,7.41240507469074]}