{"timestamp":"2024-05-12 04:52:24","trueValues":[6.346604549933598,6.132071433462014,5.981934146702471,5.920827186971925,5.960153556079096,6.09618304182459,6.312038590217375,6.58179569824669,6.875152189309546,7.162151412176796,7.417314192886815,7.621941761362168,7.764005050395598,7.836609765623926],"predValues":[7.227354708108637,7.138762268043802,7.072778882133321,7.043804453226514,7.049993875827056,7.078192733163957,7.114366050340427,7.149563125441414,7.179964042564698,7.204819277437787,7.224723399492441,7.240655574480384,7.253565997179688,7.264236618090237]}