{"timestamp":"2024-05-12 04:52:29","trueValues":[6.067692348441165,6.249123336732254,6.479248152804171,6.730862919502312,6.978580159983493,7.202941745714068,7.39250573683357,7.543279720541607,7.656446988349219,7.7360355687491795,7.78749333373201,7.817105655636683,7.8315597793908225,7.836917017417898],"predValues":[6.082472594990463,6.119770331470046,6.197328551615549,6.312689373969572,6.446907642284252,6.577604741250712,6.690570806975247,6.781354010804627,6.851448882875102,6.904596798513529,6.944749770630434,6.975282784762026,6.998825289003257,7.017334020125079]}