{"timestamp":"2024-05-12 04:52:34","trueValues":[7.308915706815748,7.503404497667523,7.646699717553082,7.736148794756301,7.772554145510744,7.759400260317255,7.70301503771466,7.6129036149486575,7.501432079360372,7.382563377095586,7.270050481188284,7.175753417201285,7.108500358436302,7.073688942810276],"predValues":[7.310458078926837,7.427070500500423,7.506671572971591,7.544420751641539,7.544212639050985,7.51722843629752,7.476802764924027,7.433559732809961,7.393784712294291,7.36019406439293,7.3333169745053555,7.312596349413433,7.297063920704152,7.285694009594694]}