{"timestamp":"2024-05-12 04:52:44","trueValues":[7.415776339184461,7.337751393995519,7.272166425419955,7.218550721583094,7.173862330251363,7.134432835109537,7.097682490558748,7.062640636087242,7.029412524039667,6.998647210541352,6.97157822117692,6.9499844800441695,6.935383375111773,6.928219039379493],"predValues":[7.491558824697156,7.404158712960831,7.335114238026842,7.296190273085825,7.2851329295453215,7.291165270995138,7.303927649361187,7.317384002151165,7.329156051638027,7.338806575329489,7.346638838188284,7.353121425779094,7.358665779085543,7.363574897281618]}