{"timestamp":"2024-05-12 04:52:49","trueValues":[7.089107613934937,7.048453895814708,7.014349744050064,6.988653553574789,6.973594494627674,6.971544466005783,6.984659280253153,7.013727532588396,7.057027975072271,7.110434503163582,7.168329405861125,7.223849486085365,7.268631169268033,7.293956584438298],"predValues":[7.250326032328029,7.240888937002104,7.244600145305936,7.264099205306946,7.293177291825906,7.322687285062171,7.346872466498752,7.364422763391281,7.376443325358562,7.384622176746197,7.390412118856825,7.394834843642028,7.398532230930907,7.401876384972217]}