{"timestamp":"2024-05-12 04:52:54","trueValues":[6.887288635171439,6.887316542990096,6.9107923342553,6.959617461678189,7.033256360929306,7.129174204708382,7.242487922116753,7.365029559105501,7.485777653615249,7.593535057223461,7.68028239179197,7.742886539546257,7.782273508488226,7.801018791596757],"predValues":[7.134509913846779,7.122305691853862,7.124800650841765,7.145949993186003,7.179920187421095,7.216689934550569,7.249019946414899,7.274386558841277,7.293250649520661,7.307113659096777,7.317487128185819,7.325550095678842,7.3321286330080815,7.337759367657992]}