{"timestamp":"2024-05-12 04:52:59","trueValues":[7.163397695621375,7.270632558548836,7.381111107370445,7.483050926838122,7.565071474292445,7.619792061959361,7.645777164804919,7.64690038805866,7.63003742087133,7.602742245281406,7.571933608216986,7.543459659524755,7.521907647225614,7.510374541824202],"predValues":[7.029215840365325,6.985460633331723,6.964319264649958,6.972002420020502,7.002163064114589,7.042030047537451,7.081013017580771,7.114007767106626,7.140025561968325,7.159977791786568,7.175266758001664,7.187184193934291,7.196735578422333,7.204645451595868]}