{"timestamp":"2024-05-12 02:41:04","trueValues":[8.827565640469611,8.941877128842144,9.035476763151475,9.100744379960602,9.132882492348074,9.131229286328605,9.099796045703776,9.046318286227702,8.98003907743946,8.909513893384176,8.841721283458497,8.782620497206238,8.738091313335225,8.713879818812483],"predValues":[8.843307244924443,8.860751226317326,8.88335150944296,8.923041743347664,8.974814202209442,9.025888168238556,9.067687701656205,9.09825819200142,9.1192757031261,9.13332582798159,9.142696476120236,9.149069027168917,9.153577335931333,9.156945410960065]}