{"timestamp":"2024-05-12 02:41:09","trueValues":[9.203541368144162,9.180530441401151,9.128317304793349,9.053212314802137,8.961002755650654,8.85648797478159,8.744545195741132,8.631631224611422,8.52630073807134,8.437675605990364,8.372184726631986,8.330775902675532,8.309043951393244,8.300457114275723],"predValues":[9.443344482831822,9.432278102473848,9.41440434067365,9.400507841715148,9.391469961090383,9.382889237114094,9.372022729895452,9.35899589172404,9.345107898005503,9.331583503295754,9.319186584459732,9.308256287941305,9.298843645180296,9.290839682789576]}