{"timestamp":"2024-05-12 02:41:14","trueValues":[8.809063819855265,8.70460671514476,8.607229691133066,8.52659921883659,8.472196514513612,8.449721152100063,8.457974424337447,8.488716082637092,8.52973153924486,8.569056579408286,8.598362181096485,8.614771712677832,8.620736012207876,8.621595041445001],"predValues":[9.095697583192488,9.048039534166945,9.016011989899102,9.015794043124831,9.042821037866904,9.081060065201465,9.117603360316696,9.14696344869846,9.168541242506263,9.183676848613125,9.194065999238363,9.201163621994615,9.206057324443243,9.20950088347672]}