{"timestamp":"2024-05-12 02:41:19","trueValues":[8.640450892673163,8.66775776296805,8.697860199326083,8.71100238981461,8.688274528089405,8.616124311622055,8.489512651518176,8.313255108334154,8.101029968465472,7.872507459867569,7.650166400207732,7.45686355875449,7.313714788469691,7.237446706912371],"predValues":[8.450345224082973,8.388268666995671,8.36168394473212,8.391529097581012,8.469084128261526,8.568180805479967,8.665673713386273,8.749679437007703,8.81719482926806,8.869628570537625,8.909822474121892,8.94065290586374,8.964538277591323,8.983352931563374]}