{"timestamp":"2024-05-12 02:41:24","trueValues":[8.666851423333583,8.573649940570418,8.432878916435163,8.254441373930934,8.052991044162452,7.844913006146145,7.646266216103282,7.4712653221250545,7.330486855904825,7.22894093536333,7.164980201833581,7.131047749600864,7.116594423212971,7.1120786723655804],"predValues":[9.11819022187473,9.206550096784095,9.277533766431596,9.331563303350825,9.365631042056837,9.37910653163675,9.376205713228956,9.363241069624834,9.34565914387116,9.3270565893209,9.309406090069956,9.29358847003288,9.279846660126356,9.268098265838166]}