{"timestamp":"2024-05-12 02:41:29","trueValues":[7.779590636854702,7.575684153255688,7.402495141180148,7.273103064971821,7.194755983818957,7.167385058435535,7.183896121319042,7.23259340435361,7.300706289721965,7.376983142308006,7.452211989856304,7.518441496148461,7.568305060214127,7.595296705052567],"predValues":[8.396949061752878,8.323733298190346,8.28727771336232,8.308769125826663,8.379769805954107,8.474108598774716,8.568326989291979,8.650128526817035,8.71616081785735,8.767579777682812,8.807062164785712,8.837378561086778,8.86088172859314,8.879402951786172]}