{"timestamp":"2024-05-12 02:41:34","trueValues":[7.017508909121995,7.016941184353894,7.063491425873145,7.1504452782997125,7.272245630467189,7.424133800611498,7.600320378199509,7.7921403842214625,7.987157031528971,8.170121488008053,8.326308791169229,8.445631460617495,8.524329117130437,8.562974801251135],"predValues":[7.443778247058272,7.426943985055846,7.457719132737878,7.553194969827182,7.698807601816238,7.862407487401361,8.016453064822201,8.1471384690837,8.25165085785402,8.332714300022797,8.394813714942522,8.442367840567165,8.479079645749334,8.507832672628131]}