{"timestamp":"2024-05-12 02:41:39","trueValues":[7.500007451665138,7.666593739635269,7.83654571053539,7.995499874574808,8.127365646671107,8.218190712228473,8.260800635542157,8.256939522383826,8.215569769373491,8.149482991639607,8.072901279358335,8.000134167204301,7.943921973077378,7.913491553402943],"predValues":[7.5670433610220975,7.589167084920575,7.638994767505111,7.728207026932873,7.845446178376861,7.9680691467228355,8.078395930168702,8.169047701461647,8.239947913441927,8.294176526134237,8.335461758322355,8.367122779905172,8.391787178456399,8.411419132831965]}