{"timestamp":"2024-05-12 02:41:44","trueValues":[8.227671131120502,8.288456486464625,8.306238285357631,8.288527983638136,8.245845234207195,8.189293362058908,8.129291286158415,8.074119920773008,8.028333556118701,7.992417522451371,7.964385314660161,7.942333087935194,7.926149211001842,7.917317316657643],"predValues":[8.626890084904787,8.763151737122628,8.863103456746957,8.928325889468734,8.960712514336624,8.965593990502793,8.95174745982912,8.928073921734576,8.90113862411095,8.874830056357723,8.851029737029855,8.830380874900191,8.812870712108777,8.79818269425542]}