{"timestamp":"2024-05-12 02:41:49","trueValues":[8.347784522097374,8.305437729645309,8.252027480511511,8.185727805989588,8.101049105255408,7.991361012173655,7.852564001078045,7.686026618237751,7.499623386922673,7.306995383103423,7.125523596239346,6.973121922231755,6.864426018550433,6.808308711006942],"predValues":[8.366249398075594,8.284467528917972,8.227154172003482,8.214812005649778,8.24336303307925,8.293681361694643,8.348017618830344,8.396710117667428,8.43665205351754,8.46810283619981,8.492521645946859,8.511537236213236,8.526553237382995,8.538663104369977]}