{"timestamp":"2024-05-12 02:41:54","trueValues":[7.931859682276486,7.818933750653066,7.692621102891937,7.561162784948023,7.436808202901592,7.333288269320452,7.262204928892034,7.229004193085618,7.2305638414654,7.256394255258975,7.293012502801457,7.328624474139806,7.355489869322419,7.369668635932479],"predValues":[8.231698628035778,8.27330493303282,8.319268047205286,8.377960581938911,8.442829249835622,8.501647768436325,8.547322767604754,8.579365196042545,8.600502046315576,8.613970891176761,8.62242669444097,8.627750443085656,8.63118044689293,8.633493340587693]}