{"timestamp":"2024-05-12 02:41:59","trueValues":[7.303086162181502,7.224034209265996,7.1847057138488335,7.18348122508168,7.21152512757785,7.257002911494439,7.309550676137373,7.362368747938154,7.411658474094489,7.4550014427782205,7.490363572692406,7.51625697841952,7.532425173816675,7.539908721836635],"predValues":[7.573054439371986,7.490051802489699,7.451309371264324,7.479665575540698,7.5680889739611,7.688994946987819,7.814301850122314,7.926880661639394,8.020402685633986,8.094936761392109,8.153222373550845,8.198606599827748,8.234149997668826,8.26235390499196]}