{"timestamp":"2024-05-12 04:00:04","trueValues":[6.37074016176847,6.375566353874822,6.38060451250859,6.3854724334485535,6.391524310371429,6.400904792693794,6.415381109808484,6.435580921846524,6.46057144319291,6.4877648216919255,6.513468055569052,6.534157716271704,6.547834142145945,6.554359388830987],"predValues":[6.25158866027463,6.234469339838784,6.211152357351173,6.186590951940226,6.162424774399207,6.139151514160825,6.117626745208468,6.098914552799201,6.083714360026308,6.072195341428598,6.064127589738092,6.059067237743773,6.056497326328621,6.055915381862444]}