{"timestamp":"2024-05-12 04:00:14","trueValues":[6.381844815706316,6.355206271221069,6.326324336798953,6.302399096759002,6.292526373673285,6.304964223976669,6.344747218154812,6.412604680535273,6.504854107999122,6.6135607761247845,6.726956356467882,6.83068626316082,6.910123875551286,6.953246239573256],"predValues":[6.46030100314069,6.460115216805061,6.456165463098902,6.44814714811573,6.434044795771039,6.413891363869718,6.390380488489631,6.366858848665206,6.345728377322155,6.328137813434135,6.31431600111413,6.303976552984974,6.296611812535865,6.291665882598038]}