{"timestamp":"2024-05-12 04:00:19","trueValues":[6.121096750222483,6.128542423345696,6.179442031955395,6.278254979684159,6.425304332756532,6.6161761374160335,6.841667059541581,7.088582415366695,7.340985777283447,7.581464526971347,7.792734422075725,7.960155552506813,8.074336538603534,8.13161826665688],"predValues":[6.413620790923123,6.366610336184787,6.330258674757664,6.310438674842104,6.304299884998267,6.305508559334848,6.3091808295869365,6.313058953225211,6.316571484439084,6.319825668988821,6.323071082509837,6.326501086317111,6.330214288036562,6.334230754718749]}