{"timestamp":"2024-05-12 04:00:24","trueValues":[6.675877074663784,6.875924837203209,7.083127632868695,7.281149553562399,7.4539167588931,7.5877219914916605,7.674145329575003,7.712879255560407,7.712148336500352,7.685652121890254,7.647872377514158,7.610607997522589,7.58189404158991,7.566455967886563],"predValues":[6.473927726518847,6.511714647191169,6.540082811961254,6.556968902769755,6.559670379615717,6.54906248484996,6.529887022650993,6.50767917661342,6.4864373397844926,6.468232670991652,6.453741868390136,6.442860078318419,6.43513067570553,6.429991783135849]}