{"timestamp":"2024-05-12 04:00:29","trueValues":[7.717402714281522,7.825698340106683,7.875215847221007,7.868496176065989,7.813519102256183,7.71973447897747,7.595513854460591,7.44813027203621,7.285346092122108,7.117146998022372,6.956501620172364,6.818403633486916,6.717250282927857,6.663880566578298],"predValues":[7.441646887079153,7.500220082664427,7.517035739454415,7.491093694386212,7.427577891222475,7.339435963087382,7.242371506644643,7.148891477272411,7.066039276822121,6.996297903787963,6.939411935182044,6.893852819908226,6.85770209477543,6.829098441173633]}