{"timestamp":"2024-05-12 04:00:34","trueValues":[7.703535717874169,7.6005736748774115,7.482025248055304,7.354864468395761,7.2271083219382115,7.108373045625479,7.008811503884845,6.93654380879039,6.894945211667071,6.8816034138279605,6.889474747632875,6.909009689115013,6.929980952997347,6.9432672009878935],"predValues":[7.64418057178901,7.570118802638058,7.478548731216936,7.382850694733374,7.292829108564571,7.213764663577857,7.147593896599252,7.094132350236876,7.052021046616523,7.019443585426771,6.99456815060875,6.975755888735442,6.961632140396448,6.951087769141727]}