{"timestamp":"2024-05-12 04:00:39","trueValues":[6.955276068250214,6.839878832837563,6.767442893464922,6.747430329600631,6.783064892982653,6.871585835873978,7.005297510832852,7.172218958415612,7.356695752877134,7.541006163581714,7.707939837446933,7.84331561576399,7.937496795856376,7.9854612993096445],"predValues":[7.305087817251056,7.241214262431015,7.180982013473792,7.13105466010834,7.091513267903139,7.059709251973299,7.033525073354657,7.01196296108305,6.9945391796350975,6.980843882759669,6.970416458554558,6.962752971551448,6.9573545362682605,6.953762667112779]}