{"timestamp":"2024-05-12 04:00:44","trueValues":[6.978645544015775,7.098377262348922,7.233896566590499,7.366857122544387,7.478398294784939,7.552472821795849,7.579103791301746,7.556537263347249,7.491717766369124,7.398743532986449,7.295534572241769,7.200005045825144,7.12724404681234,7.088037282642269],"predValues":[6.830449976962861,6.83939562889168,6.852202393978831,6.869339655155243,6.885810849726383,6.896743272554805,6.901003334625552,6.900297665496662,6.896981153485259,6.892887209382707,6.889116730187823,6.886193319736353,6.8842780460102615,6.883335293317166]}