{"timestamp":"2024-05-12 04:00:49","trueValues":[7.619681228050981,7.671729309845586,7.672466873624369,7.62501348193564,7.538928758718665,7.427187447550032,7.302835523391091,7.176826672170195,7.057362071529903,6.950028335187772,6.858361250873225,6.784980964074992,6.7328619166843735,6.7055064070484],"predValues":[7.472200366944426,7.528215877397008,7.554057188529297,7.5469529210543165,7.509541028306991,7.451248771429526,7.384280372414841,7.31862576718701,7.260050976869241,7.210734140260497,7.170669144219547,7.138820475779857,7.113816664996016,7.094301126092561]}