{"timestamp":"2024-05-12 04:00:54","trueValues":[7.466219588511937,7.352262928119465,7.234295515502914,7.118569765196362,7.008524717824554,6.905548853812843,6.810393292166217,6.7247907097401285,6.652032102826066,6.595792266669235,6.557956839550201,6.537004579563428,6.5281978022560185,6.525744306312978],"predValues":[7.447629791821635,7.356340924897072,7.26821095725569,7.19566046293218,7.14208010899895,7.104550471835768,7.078584239991397,7.060556852294214,7.048049365338562,7.039515951759613,7.033937577493277,7.030597676071952,7.028960683166179,7.028611702538596]}