{"timestamp":"2024-05-12 04:00:59","trueValues":[7.0385926016452025,6.965623755830594,6.890766746742301,6.811496847052524,6.725649207399756,6.6299891787073175,6.519534152190007,6.388832534814811,6.23528172315044,6.063027622999897,5.885039662164789,5.721663304917668,5.595913199044031,5.527440037026254],"predValues":[7.060626223157732,7.063946722000372,7.065175994965008,7.067039439885024,7.067242768278094,7.063057658634596,7.054452482093388,7.043373343875457,7.031935656634975,7.021560327024689,7.012926445298577,7.006198268903588,7.001255129747626,6.997847983772776]}