{"timestamp":"2024-05-11 23:49:04","trueValues":[9.32277047995274,9.264269844695974,9.219381314436164,9.188816671443426,9.169855302081867,9.158966468608302,9.153079779392996,9.149008958911615,9.14296173329185,9.13171514816198,9.11459516325426,9.09434046583953,9.076113205003017,9.065310487084158],"predValues":[9.478868743882964,9.41161302723049,9.348958113825123,9.302608808600198,9.273087652236471,9.254212930007125,9.240473777988091,9.229116093161092,9.219194199156789,9.21049971759588,9.203010322223438,9.19669146050208,9.1914554221446,9.187173033818926]}