{"timestamp":"2024-05-11 23:49:09","trueValues":[9.155136984311111,9.151555746705595,9.150880643282854,9.14930079495814,9.143433242532772,9.132263204562646,9.11798131191793,9.1049884947064,9.09772023557322,9.098495807143124,9.10650455373133,9.118363516139151,9.12964359065141,9.136421735331233],"predValues":[9.285049740678948,9.260712528077876,9.241930831910718,9.234204352974068,9.233837032922796,9.234089000656954,9.231314166116238,9.225334450838744,9.217412351382752,9.20886192732386,9.20059483407152,9.193102249234087,9.186575540710926,9.181024808474495]}