{"timestamp":"2024-05-11 23:49:19","trueValues":[9.142046356839913,9.18086799311252,9.221482108709136,9.257099927399963,9.281625850012905,9.290876893214453,9.283733023215854,9.262494375851915,9.231930796014176,9.197592484361564,9.164551753382112,9.136896434037144,9.117445481799724,9.107561329797791],"predValues":[9.185634648539075,9.170796194253722,9.160089691862044,9.159930218612576,9.16675514211224,9.173394545065026,9.175860001501778,9.173972901383092,9.169186577589103,9.163041010132169,9.156633906546103,9.150600501941293,9.14523316394175,9.14061800810219]}