{"timestamp":"2024-05-11 23:49:24","trueValues":[9.256214850865426,9.251097354290046,9.236880314100116,9.219360582913732,9.204738480670157,9.198123530282288,9.202791843871667,9.219673682060186,9.246996765468769,9.280714726180952,9.315810535768527,9.347495212550015,9.37160225209436,9.384702447960528],"predValues":[9.503683844654937,9.507001419821336,9.499790571057964,9.485079163794683,9.463357844062362,9.435213473419026,9.403142339796332,9.370435439485764,9.339679428593666,9.312293619040297,9.288750583221567,9.26894241090534,9.252469887390454,9.238834392983575]}