{"timestamp":"2024-05-11 23:49:29","trueValues":[9.130277762606788,9.124116779402405,9.136128304552214,9.167476492777327,9.217038652401502,9.282328063888055,9.360213735772462,9.446765184032875,9.536784112314187,9.623984616699932,9.701968630421511,9.765285889389665,9.809871952052983,9.832930189193336],"predValues":[9.299824937242011,9.25531116911845,9.21918835180431,9.199854346616496,9.19427012499768,9.194260025025216,9.194130851693147,9.19205610471759,9.1882866886777,9.183627943483287,9.178792182981969,9.174233905934718,9.170182753820772,9.166712084334886]}