{"timestamp":"2024-05-11 23:49:34","trueValues":[9.270542990752483,9.34004036971496,9.417559253125596,9.49881725265872,9.578765445236227,9.652523949424443,9.71635949645336,9.767977797840654,9.806196625230282,9.830800158157963,9.843056740534454,9.846177632026514,9.844666357199069,9.842703241498135],"predValues":[9.342300105659898,9.328430185576304,9.3152513162404,9.307375995604248,9.302247867478908,9.295305465352136,9.28480149398728,9.271675782401196,9.257645325913138,9.244091694440986,9.231813848964569,9.221132862292803,9.21207159225812,9.20449236028848]}