{"timestamp":"2024-05-11 23:49:39","trueValues":[9.727610334203218,9.800490672364372,9.853799390196013,9.883289183487344,9.885837566013818,9.86039945641393,9.808996443913417,9.736652999025464,9.650376376331629,9.558221569662464,9.46889050266385,9.39133919302582,9.333953275782823,9.303389164367587],"predValues":[9.740616440852202,9.747900647310331,9.73753275978502,9.71271925374554,9.676466731521836,9.632361214916903,9.58496629675298,9.53858350214567,9.496093981135331,9.458850066877442,9.427104790261158,9.400488704925207,9.378352754744274,9.359977183785755]}