{"timestamp":"2024-05-11 23:49:44","trueValues":[9.88806965992885,9.850982561032936,9.793079418884169,9.71955161933018,9.636154551944212,9.5489157739786,9.463941516155408,9.386889889365708,9.32221817093209,9.272444975041122,9.237710106574838,9.21599835523748,9.204132482322184,9.199096317104033],"predValues":[9.98890246925648,9.96850690380472,9.92952101008516,9.878820743037297,9.822567617443006,9.76476015924392,9.708601654444315,9.656716501152916,9.610677637186956,9.571001755874704,9.537455494694443,9.5094030869583,9.48605195061643,9.46660737730899]}