{"timestamp":"2024-05-11 23:49:49","trueValues":[9.5157394907371,9.430166676650911,9.35664259813941,9.300766892568864,9.265962387450312,9.252827639046757,9.259125769245683,9.280548342424009,9.311825299264363,9.347677543631908,9.38341656199233,9.415089544068858,9.439146615328369,9.452289337394394],"predValues":[9.741287823232454,9.689168775841836,9.639593858357706,9.601824745531577,9.57576096921628,9.556068680794668,9.538682907137837,9.522206662580462,9.506653236560002,9.49237612811277,9.479636341790396,9.468508298442629,9.458923956149697,9.45073022059211]}