{"timestamp":"2024-05-11 23:49:54","trueValues":[9.228633420792708,9.231945680184126,9.252732486674576,9.286717830868367,9.329566166690004,9.37734647854014,9.426505170843164,9.473342995788952,9.513673249001512,9.543603188461374,9.561256877177309,9.568005253517228,9.568029174504648,9.566351515920262],"predValues":[9.380450891129753,9.363979430769865,9.3555693431705,9.361642084510184,9.376874969299216,9.392077554170852,9.40206695851743,9.406251005005933,9.40609844226394,9.403347528710643,9.39934421857154,9.394957109478716,9.390677379040536,9.386745831863692]}