{"timestamp":"2024-05-11 23:49:59","trueValues":[9.403349655020635,9.454019622151105,9.499403582639257,9.534354271569818,9.554153407068576,9.556394006223575,9.542389597032932,9.516933413798109,9.486504323067416,9.45690555638895,9.431566320203729,9.411553490550688,9.397173256068804,9.389389366762346],"predValues":[9.502223601267325,9.49954923487377,9.495883476446036,9.495646924459326,9.49602274975057,9.492606832747,9.484162192610253,9.472143225375468,9.458633183258168,9.445249656585448,9.432930879641663,9.422087761832945,9.412795787164033,9.404951829600275]}