{"timestamp":"2024-05-12 04:15:04","trueValues":[8.744371104110463,8.703558710107016,8.663474045698631,8.62187066437783,8.574453685747729,8.517055542222273,8.447301411328159,8.36506105657832,8.272327362013591,8.173462718373125,8.075671329701567,7.988696479963821,7.923131445544439,7.887860215382451],"predValues":[8.925486734050732,8.898332958075336,8.848688403938937,8.785435200059322,8.716533453683605,8.647818025221014,8.583500868978708,8.526240138236542,8.477115201104656,8.436017084195914,8.402164368587929,8.374504796622972,8.351960063345903,8.333544624075019]}