{"timestamp":"2024-05-12 04:15:09","trueValues":[8.595600635993225,8.552026431097767,8.492587029979141,8.415025886157396,8.318793880076871,8.205902235202087,8.081177675216894,7.951317013443885,7.823224910007459,7.702888256481335,7.595581630591614,7.50683051464356,7.442740341992994,7.408967628798491],"predValues":[8.685868342543705,8.707351515556827,8.7156528955578,8.710284760192012,8.690611608560335,8.658873774029024,8.620072869278845,8.57950181145959,8.540937724484866,8.50637163187427,8.476476510740543,8.451155613979012,8.429940090236247,8.412226599051763]}