{"timestamp":"2024-05-12 04:15:14","trueValues":[8.226814493982118,8.11743258953934,8.00417521934578,7.892293040140119,7.785529154876082,7.686385964626549,7.597241747118559,7.520940176178851,7.460138873509781,7.416042925299819,7.387657218472293,7.372008374290901,7.365035140669232,7.362790554682992],"predValues":[8.506929256669903,8.476071448686898,8.45100730385701,8.435839537311507,8.426897606425175,8.418722210291278,8.408773471623316,8.397162224329666,8.384936207659322,8.373077511040249,8.362212066976603,8.352626129951176,8.344370199826297,8.337359755779755]}