{"timestamp":"2024-05-12 04:15:24","trueValues":[7.471509316196738,7.502099740698138,7.542478633251788,7.583020188519892,7.614052885499812,7.627679608877969,7.619419957710605,7.58920775059919,7.541491759626339,7.484163784330649,7.426379449752735,7.376258602177931,7.339709725498967,7.320488414740778],"predValues":[7.488373878116562,7.47044483225655,7.475914498924499,7.515103721037128,7.580219838259262,7.653845448072923,7.721821718024237,7.777911117749071,7.821574361875482,7.854736824102026,7.879850671427999,7.899091916342371,7.914151772655733,7.926265626473953]}