{"timestamp":"2024-05-12 04:15:29","trueValues":[7.598815482302044,7.597304739052099,7.579307385483565,7.549812010628501,7.516684100939342,7.488271549448155,7.470906241525006,7.467579895329885,7.477941935502716,7.498705618371995,7.524206188327923,7.547938997313517,7.56500422973892,7.573512659175453],"predValues":[7.771358627717245,7.800981846960631,7.830657958165089,7.863780552079267,7.896038269403839,7.921348800404154,7.937373735665537,7.945501024035845,7.948415929247342,7.948505234267043,7.947396097817004,7.9460376515202995,7.944910973012819,7.9442092907151665]}