{"timestamp":"2024-05-12 04:15:34","trueValues":[7.454239426434521,7.422454547294617,7.405378417530501,7.404694543079039,7.419587218269211,7.447153498383228,7.483693604033472,7.526813841745449,7.576390353962075,7.632834581666972,7.693882536295217,7.752876209681584,7.800158167627137,7.8265299931026515],"predValues":[7.561396147469742,7.50618172430698,7.469653844939197,7.465808679105812,7.4916258034619325,7.533321147689927,7.577683416226498,7.617351855453775,7.649971577054634,7.675817406595659,7.696098151307803,7.712135844429143,7.72505477236842,7.73572140644773]}