{"timestamp":"2024-05-12 04:15:44","trueValues":[7.734513928160521,7.866809746452882,8.00106735150243,8.122159110864779,8.21548684328377,8.269253249341377,8.276635000270428,8.237994631924712,8.161811602767107,8.063058058823769,7.959459717561641,7.867492823538097,7.79973875298104,7.764065118652898],"predValues":[7.483384225929507,7.473739815379275,7.471104785720591,7.484684198701407,7.511876779834176,7.543653419522856,7.572643529965861,7.595889148174335,7.613437584545621,7.626483559506971,7.636337145802753,7.644055119499431,7.650386207503248,7.655827168986293]}