{"timestamp":"2024-05-12 04:15:49","trueValues":[8.265963847782382,8.290200326447541,8.27318878334946,8.222465924257918,8.151201315902608,8.074360193802205,8.004681812701586,7.9501424929615645,7.913391616833277,7.892731059998654,7.8839230866418735,7.882125823120387,7.883263133177832,7.884545298103542],"predValues":[8.252194661634702,8.294816279653347,8.31145385798143,8.302764160618004,8.271823958122775,8.22542415303552,8.172197563927357,8.11949803390868,8.07181765862821,8.031034767175914,7.997343119549891,7.970083825441095,7.948278250675303,7.930913208540903]}