{"timestamp":"2024-05-12 04:15:54","trueValues":[8.074625450973816,8.005901251482506,7.952528212773583,7.917087409389662,7.897766693639305,7.89016779330223,7.889241785300328,7.890669336671802,7.891398395210613,7.8897736285872995,7.885686329203474,7.880422914604835,7.875814403484004,7.87322429212392],"predValues":[8.15013630038492,8.058401971516847,7.9782600189412385,7.923171313856805,7.893296924245511,7.880556872134386,7.87669124056732,7.876566585643987,7.877754927141261,7.879336901775968,7.881056289193966,7.882885181576596,7.884846702545033,7.886950952071743]}