{"timestamp":"2024-05-12 04:15:59","trueValues":[7.847079184451397,7.842750283094631,7.845456012560578,7.853792742465185,7.867572294374081,7.887717221035429,7.915804181308955,7.952890482838621,7.998189656715807,8.04857735619472,8.099125592078094,8.144092264230142,8.17789926417328,8.196063001498757],"predValues":[7.954974266631648,7.963087999775752,7.97159775815603,7.982594501861737,7.992180173098415,7.995882876162276,7.992796537207602,7.984908990288993,7.974812738865273,7.964468772327382,7.955003769182801,7.946904920208647,7.94027189618584,7.935002102657222]}