{"timestamp":"2024-05-12 02:18:04","trueValues":[8.777920023178215,8.942560737504856,9.138726123786022,9.358760402892326,9.593602304789083,9.834197469949096,10.072415952114556,10.300764634870545,10.511367134425903,10.695784657996375,10.84651717865955,10.959085624415415,11.032694223749136,11.068783020103387],"predValues":[8.988666048658096,9.019770242811529,9.055663950223934,9.109981602147196,9.1763315107427,9.239934758404896,9.291426544347612,9.32903512076928,9.35492453966516,9.372181139989925,9.38350905647702,9.390928283619695,9.395832086040793,9.399139561234724]}