{"timestamp":"2024-05-12 02:18:14","trueValues":[10.826287465387235,10.894639294841042,10.915232075544644,10.89293931000173,10.834811310571215,10.749413917059442,10.647351037400927,10.541092416548947,10.442981284012212,10.362360114321955,10.303524585241307,10.2655699518683,10.244261667852092,10.23497607211316],"predValues":[10.808414235164538,10.806563813893227,10.756021425362334,10.669880354930548,10.564986825094005,10.45430654261182,10.346500499662518,10.247151323132424,10.159214052334146,10.083532832334864,10.01956758039638,9.966045168410457,9.921426147942244,9.884180107374362]}