{"timestamp":"2024-05-12 02:18:19","trueValues":[10.759932241016749,10.656787069571855,10.547809429816477,10.445060815185254,10.35773804797492,10.29020325313588,10.241900932182492,10.209292905286592,10.188846308395004,10.17902275622787,10.17957559682602,10.188785708560204,10.201527089615077,10.210571349169816],"predValues":[11.05860224785745,11.023782326991451,10.944651169028711,10.838727442000614,10.725621039816549,10.616043249065676,10.514700125339754,10.423957720083362,10.344765430708325,10.276954747147707,10.2196017877096,10.171400466480874,10.13094210309124,10.096883932780193]}