{"timestamp":"2024-05-12 02:18:24","trueValues":[10.238378699679275,10.18761623806412,10.1586006119012,10.149678083593551,10.16089330565103,10.192968160316212,10.244174489142384,10.308021730876264,10.374213229377297,10.43242256016504,10.476069325389004,10.503773018286314,10.518283489255264,10.52396339482376],"predValues":[10.206882201332158,10.152661296513571,10.102764243065518,10.071843974726471,10.059549118770107,10.056220380476246,10.05399572864619,10.049719187673,10.043091479425172,10.03482544932783,10.025751953010689,10.016520578176577,10.007545955274102,9.999059852092495]}