{"timestamp":"2024-05-12 02:18:29","trueValues":[10.26834053378903,10.319509652190328,10.373583841619404,10.417760058031597,10.439812550545312,10.432352391935275,10.394807604813392,10.332871915763118,10.256437450448852,10.17694269347733,10.104789021756243,10.047447757023097,10.008741473067602,9.989548867494316],"predValues":[10.17716648760408,10.14394395712024,10.112198148926456,10.094743801772353,10.090480018659118,10.09103020136978,10.090514571196504,10.087144901435275,10.081269375347436,10.073840048232292,10.0657382755819,10.05758547149168,10.049759587562864,10.042450928539816]}