{"timestamp":"2024-05-12 02:18:34","trueValues":[10.385044652481056,10.357381891051112,10.313982840941318,10.265698593622869,10.224054280834704,10.198325398343288,10.193309964647568,10.208363176242202,10.237983737598098,10.27380674520324,10.307398722048347,10.332896368328036,10.348385473471213,10.355173186546002],"predValues":[10.831858397568595,10.853243760322044,10.834322259272852,10.78692415164394,10.724739152747,10.65645642836796,10.587719736805443,10.522554182875975,10.463388012591434,10.411238133705918,10.366129530361844,10.327514146158546,10.294589299073706,10.266486391475231]}