{"timestamp":"2024-05-12 02:18:39","trueValues":[10.20071590235279,10.184179589538116,10.184431025694774,10.196607339869036,10.213572635724772,10.228779473216392,10.238919313994966,10.245232328363844,10.252601587221688,10.266464596797809,10.288973182804996,10.316853891009211,10.342577457725646,10.357985231511591],"predValues":[10.294270352574772,10.236448541783234,10.181604628136732,10.14673792845089,10.132398625436366,10.12869406185126,10.12729548145344,10.124560515225092,10.119784291403572,10.113414929819882,10.106136570714234,10.09853129144718,10.090998306719886,10.083773636941558]}