{"timestamp":"2024-05-12 02:18:44","trueValues":[10.137879721020528,10.131043102815902,10.127727653959496,10.136902681578796,10.16820036994158,10.227571197562936,10.314506444777066,10.422446976833417,10.541592099397278,10.66173818239029,10.773484809333905,10.868052446267498,10.937120842188907,10.973696563531531],"predValues":[10.62501734039065,10.682192752944353,10.704465318542333,10.69597815220573,10.663757113728536,10.615563766162282,10.559163925178485,10.501144367557607,10.445943233832304,10.395898401839744,10.351839132477156,10.313690473317296,10.280918188974448,10.25281049717849]}