{"timestamp":"2024-05-12 02:18:49","trueValues":[10.257521868545226,10.33156157723,10.419413795628564,10.511085398351849,10.597059553449192,10.669752244753475,10.723533003403537,10.754673876404343,10.76218240856672,10.749024802330744,10.72221947540543,10.691074881362134,10.664609232458185,10.649593762865925],"predValues":[10.167383335326814,10.139637116229649,10.109921402501572,10.09263184437192,10.087976288642496,10.088188919641784,10.087427169086832,10.083840615706332,10.077752458619203,10.070104121574794,10.061770049557678,10.053374846128268,10.045295931310298,10.037726267735623]}