{"timestamp":"2024-05-12 02:18:54","trueValues":[10.620202842989258,10.672490400446817,10.708145961140016,10.727920112496356,10.73619783729866,10.74078003533333,10.750778476497375,10.77367724038826,10.813062880386482,10.867508642486818,10.930606891525702,10.992282107601849,11.04133023178524,11.068430052644567],"predValues":[10.745705632431848,10.755767331318184,10.731665075971325,10.685159486961926,10.628162684447627,10.567320981888692,10.50671211027398,10.449409119120704,10.397365024157336,10.351426096761038,10.311606689524268,10.277444861601069,10.24824956224375,10.223274988222313]}