{"timestamp":"2024-05-12 02:18:59","trueValues":[10.763406099967623,10.762936185459198,10.76974675636641,10.787322834767604,10.814837817653045,10.847376739474177,10.877402894461213,10.897373729491893,10.902715551771522,10.893732423629077,10.87524628455093,10.854180399873911,10.836788778864602,10.827164036681804],"predValues":[11.000601295449012,10.963529612300547,10.888580374516316,10.798882519043929,10.713478746602174,10.637640711240916,10.571011724458844,10.512733288596332,10.462147842288084,10.41859888732379,10.381324673148503,10.34950975987995,10.322333391860878,10.29902956591635]}