{"timestamp":"2024-05-12 01:19:09","trueValues":[7.416716965567564,7.3199384978188675,7.177550414934023,7.000176027426237,6.800826757719475,6.5918371971880925,6.383853115494596,6.186305627718055,6.007849347107014,5.855877320612361,5.735452292327157,5.648418969064606,5.593407342717415,5.567210273344441],"predValues":[7.4561650659218275,7.470190472423651,7.476378566080447,7.471501608323014,7.453987990277861,7.426283500014305,7.3935678286750175,7.360846575771996,7.331340569366969,7.306468058225187,7.28643635757096,7.270817547518218,7.258932537812983,7.250066090931399]}