{"timestamp":"2024-05-12 01:19:14","trueValues":[6.30345334783235,6.07374010563843,5.886067201468851,5.760047984486739,5.712785827802995,5.756067000602559,5.893449882658524,6.118108487316231,6.412137556808712,6.747480829462962,7.088177884890548,7.393884117286459,7.6250637160092225,7.7496710631560575],"predValues":[6.827062499355445,6.760339954933687,6.724584457670819,6.728405702516783,6.764356820298997,6.816349618033788,6.870181142334928,6.918057403923491,6.957488228009064,6.988804521584284,7.013378551960814,7.032731959727311,7.0481870439106,7.06078489904095]}