{"timestamp":"2024-05-12 01:19:19","trueValues":[5.532180910944143,5.598360980528966,5.762330312475353,6.0180843402577695,6.351181963770783,6.739899471183326,7.157153786327267,7.573607811547634,7.961847297894903,8.300275048982583,8.575139952297933,8.780236372126716,8.914903026061145,8.981230342612974],"predValues":[6.0489947744130985,5.998215169423624,5.990096784976411,6.034159243803986,6.121340611399792,6.230280509152799,6.339908135294128,6.437292867179546,6.517733300520407,6.581546122611275,6.631174862317101,6.669537215631247,6.699294392404185,6.722625063012375]}