{"timestamp":"2024-05-12 01:19:24","trueValues":[6.868630264983866,7.263916076858809,7.636121325338475,7.954917653628089,8.19791528329131,8.35361672461911,8.422005764497793,8.413269554103273,8.345409433835322,8.241177717984062,8.124566891142972,8.01735275973794,7.936549258965796,7.893391279251444],"predValues":[6.283580190166967,6.361912254255507,6.439549413659496,6.511740694488582,6.572302388600328,6.6172521831668085,6.647107834671292,6.665377621707664,6.676067113619399,6.682356738578354,6.686359384245588,6.689334224820009,6.691966729485577,6.694596044686154]}