{"timestamp":"2024-05-12 01:19:29","trueValues":[8.395469415786579,8.481812751456438,8.490264036311913,8.436309983397434,8.339637831148382,8.220808731407214,8.098099115929028,7.985383423206155,7.891658070818494,7.821627253836555,7.776044217575317,7.751629660448255,7.741828966113546,7.7393177940119475],"predValues":[8.25509122742251,8.255331766240456,8.20260539155812,8.108691594947338,7.990425169988036,7.86508876430239,7.746126770186667,7.641336632173526,7.553524282087331,7.482281734198196,7.425625672860256,7.381077086410558,7.3462212840634304,7.318950561038424]}