{"timestamp":"2024-05-12 01:19:34","trueValues":[8.167042325349605,8.044016687048728,7.937840460708975,7.859321414235437,7.814554881011468,7.804928809884925,7.826662887477206,7.871193134503216,7.927352170880317,7.984481867769172,8.034740128127266,8.073756853341724,8.099898239971758,8.11292321762193],"predValues":[8.114515026440353,7.989211844348346,7.855234114851612,7.734089995105689,7.636450903387372,7.562169326940905,7.506801277881157,7.465696516253686,7.43517094420707,7.412508466514145,7.39572470437405,7.383352503891695,7.374290170702016,7.367708178119038]}