{"timestamp":"2024-05-12 01:19:39","trueValues":[7.794093399949928,7.809771746682471,7.848082005401792,7.898595157170284,7.951604331081674,8.00038879282595,8.041794161528664,8.075372583147567,8.101878100363884,8.122076450563805,8.136448179805718,8.145562341801474,8.150432654840179,8.15237796269492],"predValues":[7.627635487945618,7.595489933473171,7.568877569179711,7.551427208856847,7.540095837116009,7.530268032328892,7.519753163625323,7.508705654268535,7.498065067486637,7.488615745878253,7.480752651524561,7.474549142120317,7.469881094319685,7.466535877123379]}