{"timestamp":"2024-05-12 01:19:44","trueValues":[8.010446770669798,8.048321933206823,8.076161444154927,8.09460479124447,8.104558314109916,8.106980181191814,8.103320801694057,8.095923635017556,8.0878859174557,8.082278040638213,8.080963449485111,8.083712502517162,8.088307458411789,8.091698391272944],"predValues":[8.032543649904616,8.066939637715782,8.081042654532347,8.07230830465907,8.041830043009794,7.995908923459689,7.94330853264443,7.891465373975389,7.844817587985213,7.805149148757938,7.7725791296531614,7.746402924696992,7.725618776094032,7.709205257681448]}