{"timestamp":"2024-05-12 01:19:49","trueValues":[8.024285061892247,8.014863913891269,8.010888511570819,8.018569274842621,8.04370810631101,8.090019403744812,8.157661843027242,8.242728063757625,8.33781531769573,8.433430693878318,8.520028123592327,8.590030501178113,8.638702800070263,8.66357982962078],"predValues":[8.100566432887023,8.079348517045513,8.051907689221077,8.019959615789219,7.983551607147284,7.9438749284687855,7.903796377201631,7.866312721492045,7.833333653502387,7.805552616079088,7.782831930650107,7.764604138236094,7.750153469735693,7.738766548146292]}