{"timestamp":"2024-05-12 01:19:54","trueValues":[8.087740265221187,8.145457089456826,8.218329985533007,8.299652040154667,8.381097952333413,8.45479399616559,8.515318081169337,8.56048329751697,8.590588657551244,8.607358598676385,8.613662576227792,8.613427884762327,8.610760694665002,8.608703489746885],"predValues":[8.01579922449939,7.968684181888278,7.927047842762586,7.8953541291636276,7.871516067833385,7.851540980182719,7.83327597734383,7.816463775807581,7.801511829726357,7.788752906614047,7.778259301010406,7.769889081723411,7.76337991525769,7.758426410340514]}