{"timestamp":"2024-05-12 01:19:59","trueValues":[8.45579761448223,8.512711225118057,8.553204672622574,8.577768868815387,8.588507000068208,8.588876712218223,8.583608779210849,8.577807939761506,8.575655582471207,8.579720555600106,8.5906917835859,8.606750474018419,8.62316532137475,8.633661319077131],"predValues":[8.385896768198608,8.406210470715642,8.406612609093045,8.386239369896211,8.346837250995543,8.294335999383703,8.236705556491525,8.180718751223846,8.13042567253962,8.087427697652233,8.051769744860287,8.02272408456872,7.999278859009664,7.980404136780315]}