{"timestamp":"2024-05-12 04:54:04","trueValues":[6.731390510169296,6.713621469136249,6.7104378514994005,6.71742570350227,6.730894548363456,6.748795420616062,6.771136028133816,6.799317609202024,6.834197864114071,6.874193489291503,6.915044688452322,6.951281794928579,6.978052303527759,6.992163028218047],"predValues":[6.747524684606565,6.714888484103259,6.70138774459218,6.716359624829588,6.755529178574783,6.806176553661576,6.856523055884376,6.900226434111901,6.935570224602397,6.963230328144851,6.98468134071933,7.001423905603312,7.014709090438862,7.025496126821521]}