{"timestamp":"2024-05-12 04:54:14","trueValues":[6.889855888699099,6.930055108058349,6.965060017893729,6.992269077928942,7.010360520714661,7.018543358933533,7.016070991989306,7.002702349486535,6.979820596075593,6.95102743509568,6.921407671106032,6.895867498626485,6.877736719105897,6.868496041665566],"predValues":[6.833959451606119,6.825585245487888,6.825542985076779,6.839146053256266,6.863554763030848,6.891347495159108,6.91644698989263,6.936406927584597,6.9513501026371,6.962392030430156,6.970725039292275,6.97729586874779,6.982760219640758,6.987542556603507]}