{"timestamp":"2024-05-12 04:54:19","trueValues":[7.048971386509226,7.0553059297667815,7.049091257235075,7.030146898353459,7.000321413872001,6.962909521124674,6.921205671656708,6.877384549013327,6.832554758067069,6.787825966845473,6.745437445559798,6.708950231870627,6.682257333586188,6.668245083627445],"predValues":[6.966474014038998,6.94481063625398,6.928822645628723,6.924496933736947,6.930484888465662,6.941226740760971,6.951920751081441,6.960478351436558,6.966752826436816,6.971348579697689,6.974936462021935,6.978021737821612,6.980916974665675,6.98378749315607]}