{"timestamp":"2024-05-12 04:54:24","trueValues":[6.879832729181385,6.837479557799341,6.803561192370326,6.781993232746238,6.776054448936109,6.788990918932825,6.823624787674447,6.880786910790692,6.957473078050364,7.046160936276129,7.136020391307976,7.215353282931291,7.274019504578755,7.305037051599975],"predValues":[6.963370664604382,6.911053604595676,6.874053418620722,6.860220974750753,6.8668191804474255,6.884775336759848,6.905590848435203,6.924560191459235,6.940172622581998,6.952549607261837,6.962358806836518,6.970303232547437,6.976951672317692,6.982712643454667]}