{"timestamp":"2024-05-12 04:54:34","trueValues":[6.996854997006099,7.0350544218170405,7.059929059268814,7.071699248234433,7.074892434266249,7.076318656693977,7.082128267172039,7.095795124651312,7.117863564489975,7.146499378530415,7.177932884943994,7.207176823642399,7.229413507759249,7.241295062210745],"predValues":[6.963210659777417,6.981404431231544,7.000607402566043,7.020789805441018,7.038331331304827,7.049679979314355,7.054244369502834,7.053821765391747,7.050762271100735,7.046896373744919,7.043321780858129,7.040557046289879,7.038755795937156,7.037875503600102]}