{"timestamp":"2024-05-12 04:54:39","trueValues":[6.998928415037911,6.990647234981869,6.996573260932042,7.020706879351295,7.064743822458954,7.128089255034512,7.208029473949546,7.300476914031483,7.400578006932812,7.502418155619573,7.5984120149808945,7.679777127379911,7.738439893773635,7.768965731609001],"predValues":[7.039119926523438,6.9827923800794,6.941780644514118,6.923791264608058,6.925998640169421,6.9397226422297535,6.9569813688645095,6.973297874383666,6.987103739378725,6.998336769282391,7.007475118054316,7.015070297348903,7.021582387490865,7.027347079670328]}