{"timestamp":"2024-05-12 04:54:44","trueValues":[7.179354854751736,7.247982838715869,7.319583935627554,7.388303350921381,7.448198313955983,7.493006044436064,7.516971684365879,7.517022981594458,7.494819255282497,7.456856382458264,7.412385140534557,7.37061298335807,7.338810296371976,7.321739216594093],"predValues":[7.093254449998563,7.106939646901525,7.119517833664441,7.1312109438928175,7.138967988535613,7.140276466547485,7.135584497759434,7.127285244068451,7.11785904608124,7.108992864988405,7.101539882674592,7.095769343142649,7.091622507079023,7.08888568032943]}