{"timestamp":"2024-05-12 04:54:49","trueValues":[7.496043744049651,7.521901002506887,7.523940133790064,7.503601181341864,7.467091907186518,7.423315968630485,7.381098083721739,7.347324041583491,7.326420288043431,7.320377846621147,7.328323335487063,7.3457588116399775,7.364917662042125,7.377284280960749],"predValues":[7.320941584558012,7.332512431961797,7.337975453911019,7.336956951424427,7.327850763091145,7.31104015628739,7.289550338555541,7.26709863134066,7.246417874561105,7.228892030233493,7.214888418409097,7.20419972386361,7.196359487342342,7.190836928713319]}