{"timestamp":"2024-05-12 04:54:54","trueValues":[7.388682365677613,7.342570941383144,7.308367650415082,7.2918951269001955,7.296454201313692,7.322191589045079,7.365097601025273,7.417091196126312,7.468270946077573,7.510381186542929,7.53938458642339,7.555857907304523,7.563361921058165,7.565899672034675],"predValues":[7.435509293284689,7.387664926346017,7.347320054752254,7.319363330965793,7.301932904799111,7.290567777887137,7.282031706420698,7.275006909781701,7.269231054474776,7.264743211446042,7.261563049062932,7.259612957010706,7.258743562012365,7.258770938253524]}