{"timestamp":"2024-05-12 04:54:59","trueValues":[7.318182165764744,7.361245790473161,7.413954623098056,7.466531358714644,7.510803790654016,7.542752129874622,7.562875527647293,7.574537009014525,7.581399940305314,7.585579999962578,7.587649962740652,7.587916017278512,7.587228421784562,7.586601160336661],"predValues":[7.09038924728315,7.040889016437518,7.011627269892923,7.008738943556337,7.026854041540727,7.054849038907061,7.083471563510045,7.108161743569935,7.127862803020269,7.143144592939139,7.155026944756883,7.164469090069041,7.172215503161873,7.178799090477346]}