{"timestamp":"2024-05-11 23:34:04","trueValues":[5.269294242737778,5.471450108740775,5.697186287434564,5.920175472959105,6.118179718700993,6.277469175247413,6.393398918418908,6.467898973217143,6.5061829188503015,6.514846170233192,6.501841924105451,6.4770429035528,6.451657951702733,6.4358940209929765],"predValues":[4.9756793385636,4.999612087135713,5.048935302674436,5.12451180190657,5.217183567692756,5.312950908592648,5.400485177200086,5.474280027999744,5.533512778365936,5.57978958970954,5.615509139044091,5.643035550845743,5.664380912392449,5.681144341693237]}