{"timestamp":"2024-05-11 23:34:09","trueValues":[6.310457678737665,6.43568524393055,6.51762605476014,6.559814702906484,6.566973855758156,6.5451571178649015,6.502545201135598,6.449161530876711,6.394882817005192,6.346846417695289,6.308218674315156,6.279258863789551,6.259553418824856,6.249385670227626],"predValues":[6.270271084343997,6.311033244273864,6.326009377131256,6.31284711959217,6.276679118190682,6.227659433403443,6.175986512428207,6.128576444305582,6.088691520142155,6.057047243250532,6.033012896929071,6.015420472519807,6.003011194506952,5.994638317332466]}