{"timestamp":"2024-05-11 23:34:19","trueValues":[6.242392369555399,6.149541196363563,6.05795012763126,5.974083145736865,5.907151292675183,5.866776519847145,5.859821758543538,5.887904333302704,5.946708233522207,6.026870917620246,6.115515718068656,6.19821017289635,6.2615613199300135,6.295732051776309],"predValues":[6.3234831879653335,6.310510570698737,6.297625929508097,6.286510644020287,6.2756226079129664,6.263390212312644,6.250032201359837,6.236872867496992,6.225163809943668,6.21560352153253,6.208377522810457,6.203344679951671,6.200207043768419,6.198620152041853]}