{"timestamp":"2024-05-11 23:34:24","trueValues":[5.844127863169173,5.819926601513271,5.829234656401503,5.869566504346559,5.934060675895773,6.012947175314958,6.0953404914899085,6.171547574529308,6.235165440572704,6.283742055515175,6.317858832245402,6.339707066105426,6.352034348289181,6.357399958661854],"predValues":[5.955656144655394,5.893973619388648,5.857259953685235,5.852317080318023,5.87413621031002,5.910927885011296,5.951475287631882,5.988987382737623,6.020806017048663,6.046696897782661,6.067453670144463,6.084130053629917,6.097706144251369,6.108983029298639]}