{"timestamp":"2024-05-11 23:34:29","trueValues":[6.014287680871098,6.090738359299057,6.15929604213905,6.213884399903282,6.252682115188471,6.277242457444421,6.291075698680638,6.298560575644345,6.304108915782031,6.311156968936575,6.321006435506745,6.332319733612643,6.342117902954235,6.347684848304359],"predValues":[5.886216176062727,5.908054044161537,5.9374566587431605,5.971958430476474,6.005643832066894,6.033210909547159,6.05286027308579,6.065684978913506,6.0737789107958005,6.079038737246327,6.0828068243424696,6.085909642199588,6.088808201403015,6.0917302829107385]}