{"timestamp":"2024-05-11 23:34:34","trueValues":[6.296408085459672,6.306706070543966,6.307270340058329,6.302095433113143,6.294528959003459,6.286252297356151,6.276907164937419,6.265200366588463,6.250862525412059,6.23553874087083,6.221700981225879,6.210986638066102,6.203817651030713,6.200193488542214],"predValues":[6.373614667090102,6.363070561624131,6.349297920222712,6.3325104370401295,6.312019054744315,6.288663267099334,6.26482746497346,6.242914378658653,6.224381726549409,6.209710719175996,6.198745072753935,6.1910147398804245,6.185949470794247,6.1829950959535065]}