{"timestamp":"2024-05-11 23:34:39","trueValues":[6.365508376030975,6.360297587604659,6.343565388481892,6.312145304400143,6.265219237589649,6.203716385517302,6.129206629429724,6.044099211443228,5.952975930909361,5.863257875492042,5.783896012895073,5.722438477804449,5.682413881653364,5.663287989056107],"predValues":[6.149028622760903,6.10415843192478,6.0726223310540455,6.059265250361861,6.0612385989296325,6.0717888175368335,6.084951473759044,6.097442880495374,6.108137156604593,6.11701064688803,6.124425089833222,6.130789002747554,6.136435418933663,6.141603016688247]}