{"timestamp":"2024-05-11 23:34:49","trueValues":[5.784527659857335,5.827153397601592,5.917990689441416,6.049986033552907,6.209999764440655,6.382977474460651,6.555867607087816,6.71990338622148,6.870712985621898,7.006408773592884,7.124836000745397,7.2218212521409,7.291471991211612,7.328047446765487],"predValues":[5.889647375919372,5.815881961223679,5.76897968250623,5.758204473722907,5.779742930795843,5.821065904986334,5.868910936396878,5.914456629338865,5.953743263028043,5.985955131793393,6.011761890388298,6.032317992244521,6.048789851287534,6.06217643453087]}