{"timestamp":"2024-05-11 23:34:54","trueValues":[6.371317189142789,6.530563455017479,6.678939093947915,6.813312184208951,6.933615614141437,7.04008473968271,7.131418259117123,7.204895027231283,7.257948056286277,7.289905432324353,7.302998717683045,7.302448269183637,7.295564606370418,7.289745693286138],"predValues":[6.300513192689687,6.379714784670942,6.436599158544367,6.463702434657434,6.460579682644132,6.434577968001754,6.396682605519796,6.35635806676534,6.319379409679064,6.288265381341916,6.263496527812288,6.244536487394475,6.230465631016553,6.220313563955521]}