{"timestamp":"2024-05-11 23:34:59","trueValues":[7.111511744963727,7.20779239038534,7.278276377184512,7.317709859157574,7.323063907719661,7.294977744812382,7.238342149208124,7.161934794346271,7.076922262943208,6.994457316700371,6.923338892157071,6.86880860923452,6.8327843995463,6.81510280301171],"predValues":[6.768613161327256,6.745620839796684,6.71011810763422,6.664981862260238,6.613740050636059,6.5613549487075815,6.512702583971613,6.470901721610222,6.437035450776032,6.410790273639469,6.391170944229486,6.376979951336967,6.367069884932,6.360446429304161]}