{"timestamp":"2024-05-12 02:36:04","trueValues":[9.92982666714664,9.984991122024567,9.987835061640052,9.93262010689979,9.823959287333352,9.675979806533466,9.508086369495206,9.339264266567556,9.183885758569923,9.050542732606068,8.943125804385467,8.862645502732239,8.80897238852557,8.782041343521927],"predValues":[9.784697504892216,9.829738597894014,9.859026923313522,9.87289843812961,9.870215034918589,9.852250373366193,9.823683930189272,9.790169032081408,9.75612574594031,9.724197606664635,9.695609900387788,9.670685826228675,9.64926059516286,9.630950939814124]}