{"timestamp":"2024-05-12 02:36:09","trueValues":[9.798217646981978,9.656560748945935,9.504973451665622,9.352120468362042,9.200571444661598,9.04854293805776,8.892579694812085,8.730342508143652,8.562967890743657,8.39622239531281,8.239979808091821,8.106507077218396,8.00837175790549,7.956188655426336],"predValues":[10.115951086063898,10.047171868301522,9.96692918179,9.896812515042097,9.845216539909728,9.80830751947572,9.780491663726286,9.758208466578342,9.739656411890412,9.72395680205794,9.710616864740077,9.69928788509798,9.689671116577657,9.681497580965004]}