{"timestamp":"2024-05-12 02:36:14","trueValues":[9.037355889607689,8.89796111961533,8.758011116926077,8.617980846034595,8.48206684550059,8.357513187681073,8.252830428322575,8.175749298981724,8.131173336290868,8.1191187533637,8.133400646008415,8.162425574777552,8.192295445980115,8.210791419241978],"predValues":[9.161290525430523,9.1132385774788,9.09175434131068,9.110994257281307,9.161543556319678,9.222710052730026,9.278984441424242,9.324163212998082,9.357919978867638,9.382221044198827,9.399425549928768,9.411565716833149,9.420192156474286,9.42641586582346]}