{"timestamp":"2024-05-12 02:36:19","trueValues":[8.231717499036964,8.11858983375297,8.04711551807461,8.026915307353446,8.062124608736893,8.149319797347653,8.277428911264021,8.429899158768883,8.587794420431843,8.732802117227923,8.850417359751901,8.9331629789138,8.981929898600635,9.003292935099157],"predValues":[8.864775002190115,8.840075519524005,8.839036019726233,8.874418615374099,8.937015321043411,9.007539707732448,9.071596391000623,9.123514502096915,9.16322015174907,9.192831676287494,9.214820911078922,9.23131097665125,9.243925842261543,9.253834978405887]}