{"timestamp":"2024-05-12 02:36:24","trueValues":[8.281873696515401,8.400552359824573,8.524054291563857,8.629619469569404,8.696642886855155,8.710752016812949,8.667946207191168,8.576782792556186,8.456326002515464,8.329833415771185,8.21715466768444,8.130039215698412,8.072445185864861,8.044125660435864],"predValues":[8.281097859156747,8.31409898761258,8.367226703306073,8.451899556687774,8.556898604657714,8.661184275625043,8.75025752753702,8.819820290531775,8.871655209749594,8.909528245976627,8.937148746995465,8.95749753362738,8.972774539348766,8.984533033609424]}