{"timestamp":"2024-05-12 02:36:29","trueValues":[8.85988661551647,8.846986027000884,8.774202170155656,8.653766643214862,8.501826910053225,8.331657789745082,8.150023340166548,7.958743416882788,7.759659935925137,7.559262661180631,7.370235297545584,7.209270973196642,7.092508646768558,7.031415773841714],"predValues":[9.201281632199224,9.302144741444252,9.371510820764666,9.409537217099937,9.41804192549398,9.402796282844989,9.37258832835356,9.33589193891884,9.298694803480794,9.264325660333288,9.234181495141645,9.208519059837506,9.187018876344442,9.169127572486804]}