{"timestamp":"2024-05-12 02:36:34","trueValues":[8.087907712133127,7.907678753459892,7.749618968561232,7.623598688424124,7.542103605326792,7.520218825513765,7.571744632416369,7.702956298401107,7.907059731463212,8.16232776451788,8.434938247663274,8.685367064962882,8.876213221008094,8.979131674649997],"predValues":[8.3154380313306,8.20439228931839,8.142223237746396,8.149107432137113,8.212719716616778,8.304312380081575,8.39910646902941,8.483666362192738,8.553575182138836,8.609206893637701,8.65276913803945,8.686816942589282,8.713634495797054,8.735067168947843]}