{"timestamp":"2024-05-12 02:36:39","trueValues":[7.359112304184049,7.348511851503266,7.422352218626209,7.583083180453432,7.819993184607021,8.111310943069824,8.429447317895395,8.747232054205892,9.04286941141924,9.301896494752585,9.51611000025336,9.68101118755413,9.793481291472826,9.850707203888858],"predValues":[8.099406530785904,8.049413527599421,8.032426437066258,8.065304771120003,8.139554984494074,8.232021827154696,8.322272789013983,8.399821706553267,8.462118070936084,8.510562323081498,8.547821653086835,8.576562187894424,8.59901230037681,8.616887125332003]}