{"timestamp":"2024-05-12 02:36:44","trueValues":[8.064971737817366,8.35872810805326,8.651820272205125,8.925517831334378,9.169254619508878,9.379373915118355,9.556239317171595,9.701404626695895,9.815862830457942,9.90005141673876,9.955584786400454,9.98705523745016,10.00170923434363,10.006828857229],"predValues":[7.988102707898307,8.096150087031798,8.205596312351862,8.316271810636561,8.417011593902004,8.497000186369375,8.553709937034633,8.590939232911321,8.614266448265774,8.628539038304268,8.637236709330168,8.642633284092112,8.64613664559414,8.648585091550949]}