{"timestamp":"2024-05-12 02:36:49","trueValues":[9.465334780778246,9.652239023885397,9.798942718689553,9.902948514104068,9.961401838963493,9.973322464361107,9.94200829709588,9.875387283976282,9.784069711866817,9.67917883991776,9.571837927279406,9.473975573011836,9.398450105219531,9.357060418053011],"predValues":[9.5130199402562,9.515987205851271,9.485047269144792,9.43144352580164,9.366364619004385,9.298221699507376,9.23302584566051,9.17450235257132,9.124261368481918,9.082394324722,9.048145849666588,9.020413451584377,8.998045202036716,8.979982730224648]}