{"timestamp":"2024-05-12 02:36:54","trueValues":[10.071732875029344,10.062915599066343,10.01189851182954,9.924610828734089,9.807175790982006,9.665919702379624,9.508873104192574,9.346751004052509,9.191914173525564,9.055747939468652,8.946124964630432,8.866290263848795,8.815532320642372,8.791219826394968],"predValues":[10.20818775566779,10.169391103537595,10.092855638498673,9.99274311668113,9.883954186937618,9.77622256483807,9.675348824043075,9.58479247091106,9.50609773807436,9.439294393872872,9.383448456642224,9.337152309167124,9.298879792450176,9.267181826231232]}