{"timestamp":"2024-05-12 00:18:04","trueValues":[6.856596679367879,6.728052203480466,6.586408329093132,6.443613589422148,6.312501062640828,6.203393452187132,6.121540750327872,6.066694311688254,6.03528166969148,6.023260709041075,6.026850186097816,6.040957455534365,6.058013252459174,6.069466754130228],"predValues":[7.358449161255018,7.412988480995039,7.467706410774462,7.521174336066817,7.567051334684571,7.599857108409809,7.619118287480364,7.628060484155445,7.630660695487995,7.630046989266299,7.628210389009943,7.626246741731514,7.624673006548029,7.623670185597634]}