{"timestamp":"2024-05-12 00:18:09","trueValues":[6.038562698904878,5.946824648994317,5.900810769170771,5.903053760424517,5.954777978628332,6.05562500765404,6.200924806285393,6.3793165002304,6.573099887742035,6.7614461677074855,6.925259215869396,7.051653194987754,7.13543034028495,7.176657364737011],"predValues":[6.406875736942567,6.324404544664126,6.291891803034782,6.32446448002705,6.413720993281538,6.534824846031971,6.661720102731152,6.777320134959374,6.87446645433684,6.9524666811721145,7.013635038103706,7.061168697994667,7.098141241939713,7.127142781298929]}