{"timestamp":"2024-05-12 00:18:14","trueValues":[6.226243443842556,6.376478939544894,6.539064841052159,6.690311264261741,6.804530789727082,6.8599634254528645,6.844448538801024,6.758120353089863,6.612080199897862,6.425241606611742,6.2221225221819685,6.031361152747722,5.882612346413535,5.800992741287245],"predValues":[6.076037052008245,6.038609743513471,6.043856014737792,6.103027633691689,6.207237023288023,6.334128027367218,6.461190863872712,6.574293013436792,6.668112322147264,6.742872318342131,6.801244046055579,6.846500427944159,6.881675974156467,6.909282388371601]}