{"timestamp":"2024-05-12 00:18:19","trueValues":[7.07325145452924,7.112508186984144,7.067565170030765,6.939001823142165,6.734221957713573,6.466348095866082,6.154252700624674,5.821344717384151,5.49218408971734,5.188597057465277,4.927498283726993,4.721081176215675,4.57817352616171,4.505023109254916],"predValues":[7.228076058773723,7.410028391696192,7.539445983624434,7.60941779550407,7.62482822717751,7.600530351311306,7.554665844764761,7.5020112330446835,7.451589512605887,7.407591374655596,7.371191871253632,7.342026340236216,7.3191017948366675,7.301277469743804]}