{"timestamp":"2024-05-12 00:18:29","trueValues":[5.113014179303164,4.959324459793789,4.858813719982893,4.808260301218911,4.800636715751762,4.826291343511395,4.875571335154794,4.94143890361785,5.019854624715172,5.107437931346821,5.198207181266873,5.282081804587806,5.3467797696604,5.381900297601643],"predValues":[5.509771198351622,5.471329440648678,5.49350579071948,5.58045738394168,5.715352151070034,5.870677102634718,6.022043396570148,6.155135517954845,6.265002619759124,6.352404193333569,6.420588575875436,6.473382593794421,6.514310340114983,6.546295491077342]}