{"timestamp":"2024-05-12 00:18:34","trueValues":[4.945307691426311,4.984590836638159,5.022524804935926,5.051731134526332,5.066943287792934,5.062551726738565,5.031933095406166,4.970095050497596,4.878302447446281,4.766693366180331,4.651900069252847,4.5512203459388045,4.477814825950984,4.439433597352921],"predValues":[5.297425257496469,5.449563136170568,5.627033473416782,5.810008029868332,5.976848677671362,6.114229699206084,6.219800591669737,6.297933978668317,6.354982742883067,6.396766727658889,6.427819624583742,6.451428044434753,6.46989345199047,6.484805795548076]}