{"timestamp":"2024-05-12 00:18:39","trueValues":[4.925354730689008,4.892211471699588,4.844900110873664,4.789411593063382,4.739629576308303,4.714088506791728,4.7291859556012925,4.793411281830781,4.905215219473423,5.053487400133268,5.2189167096785205,5.376463854527332,5.499901465389332,5.5676435090054905],"predValues":[5.013231468099676,5.00957135768286,5.051515579850802,5.141097352087015,5.266229100435846,5.406439841887975,5.5426242824742005,5.662965055725937,5.763060035486037,5.843316410118137,5.906381568457758,5.955524446330209,5.99383324321141,6.023919599350121]}