{"timestamp":"2024-05-12 00:18:44","trueValues":[4.600995286068438,4.576616386163248,4.605770571323437,4.693139170481196,4.834881835224215,5.019461224142894,5.229307587930629,5.444277195975441,5.646160296274663,5.822047994414298,5.965125001736837,6.073137030966698,6.145748125125004,6.182452355327823],"predValues":[5.100756600218864,5.0301732416511165,5.006598975654367,5.041178656714763,5.126276639200665,5.241380975411796,5.364179364332184,5.478785014402796,5.577437492174285,5.658329434152696,5.722845799062461,5.773609589621365,5.813421687667535,5.844791271886953]}