{"timestamp":"2024-05-12 00:18:49","trueValues":[4.849823216202661,5.031446701995293,5.23279892249176,5.443080880815693,5.656822544839613,5.873725832481393,6.095935592499168,6.324008386533576,6.55335151789436,6.7732028014469,6.969144127812564,7.127437806810441,7.237990510693051,7.294699198203315],"predValues":[4.87912343566869,4.964400692665867,5.07633692665838,5.2073279879813565,5.342472397192312,5.466904988236607,5.572138727672013,5.656432101167169,5.7219822514166,5.772350814105576,5.811068261188535,5.841110230606144,5.864803038384997,5.883895574494241]}