{"timestamp":"2024-05-12 00:18:54","trueValues":[5.7754613398364185,5.963732667374621,6.161788077450712,6.370425866572647,6.585160052232933,6.798267212065539,7.002419816046229,7.192715257803284,7.365876096271418,7.518441496148461,7.64619206104228,7.745047402076528,7.812109890308398,7.845895892940356],"predValues":[6.017607781030614,6.054104164431628,6.079156614556558,6.095831137520768,6.106401290284151,6.112267646660149,6.114783337170482,6.115425349893958,6.115467743199442,6.115770343690304,6.116790308015016,6.118696279134889,6.121482941274941,6.125058597316727]}