{"timestamp":"2024-05-12 00:18:59","trueValues":[6.878720934843855,7.075345604083482,7.245788752591959,7.384565032165138,7.48702367127108,7.54932508564013,7.569895540088805,7.550969254842129,7.49917606445792,7.425134229463151,7.342273789561638,7.264919163597953,7.205829540473156,7.174052634995727],"predValues":[6.947359816146701,7.059948461847499,7.122884048171928,7.1338778682013935,7.09995338963115,7.036333397277761,6.96023276263238,6.884843644468369,6.817502078049932,6.760922032294239,6.7151159992724985,6.678853908653824,6.650511126709279,6.628494515676694]}