{"timestamp":"2024-05-12 01:49:04","trueValues":[8.555543613614748,8.537030098295443,8.565314539609556,8.634756634512215,8.733955374610314,8.847395341674513,8.95907897668459,9.056340116801673,9.132117020750634,9.185176960313106,9.218661558503571,9.237762732747164,9.247522495614508,9.251522084711128],"predValues":[9.02444971952837,9.037827398848613,9.062464952736178,9.10837836441256,9.167645002844264,9.22532700875377,9.272024497240029,9.305804120942009,9.328632716603128,9.34341429209617,9.35271317727256,9.358444114280884,9.361921694274248,9.36401026226476]}