{"timestamp":"2024-05-12 01:49:09","trueValues":[8.85048965429166,8.962325320466228,9.059379145359005,9.134475630110243,9.18628742570689,9.217898213216126,9.234497252175588,9.241208949668133,9.24179527964867,9.238392652082556,9.232061564078736,9.223848160153718,9.215742666460836,9.2105831752631],"predValues":[9.14760027854133,9.273439556540296,9.373542509962869,9.446824189135178,9.490423643961805,9.50565599717334,9.499441856219129,9.480512381507465,9.455980611542044,9.430401633905127,9.406216984046043,9.384494601158725,9.365507184499752,9.349135660709528]}