{"timestamp":"2024-05-12 01:49:14","trueValues":[9.308294561521176,9.33330049861501,9.338924588546192,9.325393283328966,9.29162163328946,9.236297705162064,9.159579909041248,9.06474488862605,8.958766409115636,8.851272402157791,8.752484571465818,8.671298069106204,8.614161195921124,8.584823965371783],"predValues":[9.366865365007708,9.329844713299073,9.294308225965471,9.271642824596306,9.26126164763354,9.256467881754578,9.25230403521101,9.247120091448355,9.241050539573662,9.234706693709889,9.228620131355251,9.223114051628674,9.218322412059706,9.214257438930808]}