{"timestamp":"2024-05-12 01:49:19","trueValues":[9.129666448483832,9.05844144265214,8.984275218522788,8.91734934570796,8.86936995808474,8.850799032395624,8.86819543760242,8.922396674053573,9.007723633546831,9.112464600641388,9.221050999358075,9.317556236272686,9.38894868901632,9.42667687037509],"predValues":[9.414572850740589,9.411582195735594,9.40272186199524,9.395331340037464,9.38891307332394,9.379794924496949,9.36656289741122,9.350386462562843,9.333164414775466,9.316406434144035,9.300995470893096,9.287304692426405,9.275383003873792,9.265107610833171]}