{"timestamp":"2024-05-12 01:49:24","trueValues":[8.6700586961691,8.650012111344925,8.680428710004405,8.763985782217338,8.89772190974113,9.074236736434292,9.283907912212769,9.516614998876673,9.761628636201898,10.00604318568663,10.23361044952023,10.42575126256236,10.564822036069554,10.637702905808208],"predValues":[9.041860477327615,8.988773427312736,8.951769254506548,8.945043204421552,8.964386246426834,8.99560207185489,9.026973649489925,9.053136830797389,9.073088529038134,9.08768724187179,9.098244370986468,9.105943739470709,9.111695408001465,9.116145774816571]}