{"timestamp":"2024-05-12 01:49:34","trueValues":[10.052122981119954,10.170637652770925,10.24049916231968,10.259228763892017,10.232724309830694,10.173434281989069,10.096234876654863,10.013850464403008,9.934042076707534,9.86001672061521,9.793248460528604,9.736264415874263,9.693553227047168,9.670381763899696],"predValues":[9.827962065894958,9.842740983500512,9.833459640381564,9.804692260910317,9.761536141717208,9.709355962914294,9.653839072155044,9.599874919268098,9.550603532535453,9.507438376524874,9.470589955925664,9.439595266736866,9.413703189953496,9.3920935014958]}