{"timestamp":"2024-05-12 01:49:39","trueValues":[10.38947641408373,10.345177934846944,10.27630834890987,10.18138136558748,10.054469895774602,9.88925295143989,9.683323018093896,9.440840752815198,9.173176066713255,8.897997798462708,8.63734089851982,8.414899902290319,8.252616999957038,8.167098672564418],"predValues":[10.414533914194893,10.335254977687644,10.21746803563174,10.093719451933282,9.9856088150775,9.896523336883064,9.82349043597992,9.763341378901169,9.713679282707329,9.672660636634571,9.638767255347972,9.610710063414343,9.587393479609858,9.567892027510108]}