{"timestamp":"2024-05-12 01:49:49","trueValues":[8.703933472243262,8.625085910875821,8.634860292124369,8.738680035414507,8.927997374574833,9.18146335991053,9.470395398561315,9.765814277422894,10.043477404688884,10.285775212575697,10.481853420147152,10.627091024211213,10.721646434862349,10.767922382392516],"predValues":[9.44936725588667,9.388053512509316,9.345038792930737,9.33421481191195,9.350162136858591,9.377951945310611,9.405923553267026,9.428928632657556,9.446041707057798,9.458098947872456,9.466356472729828,9.471955046941096,9.475769647068333,9.47842168720696]}