{"timestamp":"2024-05-12 01:49:54","trueValues":[9.25187079954996,9.524605140252437,9.790560273120098,10.02416147313601,10.207833725053971,10.332649184791364,10.398291032159236,10.411962142258496,10.38600308671035,10.335056699280807,10.27374667694594,10.215124310442082,10.16973981837643,10.145076748768949],"predValues":[9.08266861871108,9.210899463874544,9.319628325360751,9.406647030242103,9.46617307849294,9.496752605655628,9.503830560044443,9.495709119026618,9.47962039446545,9.46045968354206,9.441064015364452,9.422863864980346,9.406447157102772,9.391934028246332]}