{"timestamp":"2024-05-12 01:49:59","trueValues":[10.443527214102886,10.53159950558571,10.55918306196842,10.533525942439264,10.46396264786701,10.360196062326697,10.231528260459696,10.086866886403708,9.935189752526194,9.786005717115335,9.649373289592486,9.535389252958856,9.4532743504986,9.410222420495142],"predValues":[10.618465116147572,10.61671782091092,10.559209109265831,10.4655802381941,10.356141189170264,10.244306851939442,10.138146041347138,10.042340891997684,9.95898156661409,9.888258369940718,9.82920755197329,9.780325279969343,9.739964726839382,9.706567307358624]}