{"timestamp":"2024-05-12 02:13:09","trueValues":[8.635510942982192,8.395295058367163,8.201491205121846,8.060006538195228,7.969862954990583,7.924871830273616,7.916699092027211,7.937114857423904,7.978097622015532,8.03088645705391,8.08593715434722,8.134336753982783,8.169504592321367,8.187786871428948],"predValues":[9.053529666568574,8.973212027629803,8.9222685638765,8.91681750242099,8.94796050173179,8.995144383628922,9.04242713894072,9.08247778238922,9.1136861657323,9.136985739056843,9.154039808354783,9.166461711333223,9.175561254947777,9.182323452302652]}