{"timestamp":"2024-05-12 02:13:19","trueValues":[8.080392269463271,8.095886158803932,8.090371839626133,8.062434518418355,8.014340841633018,7.950437518473079,7.875358841568028,7.793171378779263,7.708019042494168,7.625163652578887,7.550746258081626,7.490301378125113,7.447762420407441,7.425732785726149],"predValues":[8.20678943804662,8.238153042019182,8.284616104828725,8.354330898987971,8.437646103439214,8.518096636752539,8.585091083064638,8.636179401686206,8.673428631719077,8.700160335160886,8.71942231159769,8.733560412529135,8.744243259722143,8.752608163234155]}