{"timestamp":"2024-05-12 02:13:24","trueValues":[7.914459556027204,7.838690359951965,7.760276300034324,7.684602522120016,7.617916124968136,7.566862093095205,7.536745038355971,7.530280790188849,7.547642908647008,7.586332182122561,7.639857517784723,7.697083164412008,7.744622140077951,7.771319025193627],"predValues":[7.938196617632784,7.862738128605255,7.822367475502828,7.838448492190274,7.904845179605622,7.997517476969307,8.093096440093266,8.178152029273685,8.248186035720614,8.30363568192634,8.346836719418045,8.380452085673074,8.406840921628532,8.427886872149365]}