{"timestamp":"2024-05-12 02:13:29","trueValues":[7.574987520944268,7.528337342855352,7.500025525300078,7.490986581520321,7.50036573489894,7.524327387997518,7.5554523136733795,7.58506224347931,7.60747833500181,7.622315991920916,7.632618761202695,7.641050111901984,7.647896830079077,7.6518796744845],"predValues":[7.780437439809368,7.727162211360119,7.704236337016824,7.731356357821085,7.802606347795195,7.895387618546016,7.988180052424298,8.069150734319635,8.134858497297287,8.186296062335186,8.226013672481049,8.256706691439605,8.28067791293315,8.299729118891909]}