{"timestamp":"2024-05-12 02:13:34","trueValues":[7.580915938993183,7.616838085801744,7.645181532218161,7.658083449677494,7.653194265637602,7.632149909849263,7.5971601499725825,7.549440703745994,7.490439588274651,7.42378375682892,7.355871276177393,7.29487382141148,7.248936222958929,7.224332690031249],"predValues":[7.398790046017544,7.392359818810309,7.413503313802066,7.477233342697587,7.574791103058676,7.684219520532547,7.786737962107038,7.873239442082619,7.942151554219551,7.995542666563415,8.036542973212484,8.068146584425495,8.092814438230459,8.11243310316857]}