{"timestamp":"2024-05-12 02:13:39","trueValues":[7.5631825136525155,7.5344993892147345,7.503613141835574,7.473874570275075,7.449946140770135,7.437924781436607,7.443866488922977,7.471554766072836,7.520352783043316,7.584207732650919,7.652889405942372,7.715124638912894,7.761621456893573,7.786325192179669],"predValues":[7.761956084928704,7.751747139075361,7.754523302559823,7.783647370532378,7.834869646683498,7.894158079792629,7.94962393911205,7.995861347273598,8.032224171828185,8.060169732487182,8.081634300287867,8.098361981001899,8.111710955137236,8.122674475249303]}