{"timestamp":"2024-05-12 02:13:44","trueValues":[7.29918650965455,7.277947064924364,7.289341960176238,7.339050303612423,7.427562209686277,7.550657484639422,7.701561173257025,7.872799561702841,8.05618688808176,8.241625837815063,8.416547260957305,8.566641888622616,8.677428486604443,8.73651226237676],"predValues":[7.658695029589198,7.608149185804566,7.580099701744664,7.592007303493573,7.640469629273927,7.707718169630175,7.776245685447144,7.836299324364965,7.88498517848332,7.92302061163606,7.9523751184540945,7.975112814363019,7.99297939986699,8.007318171304014]}