{"timestamp":"2024-05-12 02:13:49","trueValues":[7.49701520192765,7.628071647282908,7.781262448086608,7.951427049986018,8.132042997077958,8.314413415702777,8.488019184536924,8.641562952799443,8.76458300953659,8.849870898083731,8.896264590029755,8.910441496118573,8.905942489962374,8.898405518403843],"predValues":[7.646334789600553,7.6799339427418865,7.719883852254471,7.773009175849222,7.833654992100062,7.890606610527012,7.936566801023237,7.970260574959253,7.993744871464429,8.00984794861805,8.021009215559458,8.029003875343959,8.035018143158837,8.03980792220656]}