{"timestamp":"2024-05-12 02:13:54","trueValues":[8.518361893924151,8.707083600497722,8.853328278132164,8.938899231697107,8.949749260013306,8.880002571204166,8.735180129166217,8.532748241547267,8.298813210862473,8.061969122318663,7.847322912734331,7.673346368595176,7.551860710306647,7.489593316897482],"predValues":[8.116230692815863,8.136189035775336,8.152690796052624,8.169858622935184,8.185259752002404,8.194801302306729,8.19735314008694,8.194610465984868,8.189025712788553,8.182556946212697,8.176397026163308,8.171121651070958,8.166913683595038,8.163743886973142]}