{"timestamp":"2024-05-12 02:13:59","trueValues":[8.874586859652286,8.754263495563617,8.58335149570171,8.386608550468726,8.19002481269646,8.014700719599315,7.873670285644928,7.772035857449978,7.708894284844989,7.679299504997759,7.675414205063258,7.687205922917554,7.703629807091353,7.71481207134394],"predValues":[9.29587478485273,9.306060341296153,9.28238600583536,9.229730065171536,9.156738627313256,9.073553659349075,8.989398030873147,8.910873934413376,8.8415264603054,8.782464213421761,8.733294092202527,8.692889949717712,8.65987925286691,8.632914984269627]}