{"timestamp":"2024-05-12 02:39:09","trueValues":[8.510476739104284,8.447867009786265,8.422596878675815,8.439235785947645,8.49618022807837,8.585281122020252,8.693554953167986,8.806096554260193,8.909353356979713,8.993916971185527,9.05584681288332,9.096125503078555,9.118802067575183,9.128593725092422],"predValues":[9.019080786796334,9.004759025839252,9.004841951928974,9.02696939686994,9.063782201776773,9.1022099391232,9.133844116042356,9.156558954118855,9.17158239737359,9.181019492699516,9.1867631875678,9.190209936066266,9.192296377746786,9.19360937416739]}