{"timestamp":"2024-05-12 02:39:14","trueValues":[8.636768389554234,8.745405288133256,8.85176012451241,8.940543400899106,9.001006088701809,9.028591239817017,9.024746871349876,8.995430903900463,8.949022593573236,8.894250177100247,8.838831096600668,8.789326613135051,8.751695444669709,8.731215092606982],"predValues":[8.58205710449354,8.584141154075315,8.605199330878609,8.653694880252601,8.720054888820574,8.787324160699251,8.84415032683662,8.887357211680808,8.918423929620614,8.940222859667678,8.955472754936656,8.966279725475498,8.974132719856723,8.98003960901696]}