{"timestamp":"2024-05-12 02:39:19","trueValues":[9.08404380969898,9.090695438934224,9.067428291837071,9.020120020805358,8.954925761690987,8.877221357733472,8.791851606251603,8.704145837453801,8.620342644859193,8.54667264832443,8.487714856419192,8.445296301004866,8.418737360249978,8.406185486573225],"predValues":[9.194005930981064,9.188422772517246,9.18077975124782,9.176464405117256,9.173632691784231,9.168471605853998,9.159774466405596,9.148657586185292,9.136793839579989,9.125465391515393,9.115379771641637,9.10680011082034,9.09971684065654,9.093981119450731]}