{"timestamp":"2024-05-12 02:39:24","trueValues":[8.757988524882403,8.667320008898265,8.588332908437541,8.531566544768722,8.506854570031404,8.520944031621763,8.57556175904277,8.666792684020027,8.785619657451203,8.919019030629872,9.051482561622922,9.167162862053376,9.25235506665084,9.297385528102676],"predValues":[9.07355844354656,9.044939905774816,9.024480019445768,9.021429827760976,9.032032140963,9.046677101039002,9.058730089233674,9.066234900353564,9.06977786437921,9.07063848834883,9.069961790193595,9.06855257824581,9.066907345888817,9.065297197646702]}