{"timestamp":"2024-05-12 02:39:29","trueValues":[8.470192467345319,8.494686495308365,8.55456870048301,8.644392274033727,8.75578407299728,8.878783398211993,9.003620386838062,9.122615072969928,9.231273766226373,9.327966118420358,9.412304609555676,9.48283962779468,9.535428058116226,9.564028522253034],"predValues":[8.57185639809142,8.512258852667072,8.480842090944687,8.492880194969409,8.541033940012046,8.60524717285345,8.668430474292048,8.722241001282008,8.764850127229446,8.79746905146406,8.822183418300117,8.84100073015966,8.855546285243491,8.86703899075504]}