{"timestamp":"2024-05-12 02:39:39","trueValues":[9.382555406445212,9.541591167630608,9.709358089224288,9.87527990532164,10.025775342420609,10.14797225140176,10.232568026046216,10.275536498382452,10.27906670454814,10.25139384314573,10.205082811500676,10.154283139460643,10.11203229674701,10.088227724799154],"predValues":[9.230280779459695,9.170580373789443,9.119630796894912,9.08834746112458,9.074857618952215,9.070759156440928,9.069409481172944,9.067917874712933,9.065690033417887,9.062993872346908,9.06022860620116,9.05769457626714,9.055545940019329,9.053836386785049]}