{"timestamp":"2024-05-12 02:39:44","trueValues":[10.189935510688858,10.280574258333097,10.325730703652011,10.325818413939215,10.287338050420466,10.22139851965359,10.141266932839194,10.06000893330607,9.988811037926787,9.935748440476823,9.9044332100566,9.892777841830595,9.89341679798346,9.89697570933405],"predValues":[10.04369003568817,10.035622815575165,9.998271522662634,9.939565166914054,9.869049285464987,9.794198921095424,9.720719495093777,9.652690333181386,9.592376487078187,9.540490802209288,9.49671592680825,9.460194426370446,9.429863145899429,9.404658930398757]}