{"timestamp":"2024-05-12 02:39:49","trueValues":[10.13934687491562,10.054259391085306,9.97735341653012,9.922857686144956,9.901472854969004,9.918520013759467,9.972130136032597,10.053060683826818,10.1473917687737,10.240985024153057,10.323015937368597,10.387066773284293,10.430289871242174,10.451910191249835],"predValues":[10.438512843562162,10.37592756680906,10.277317283001494,10.167210041062392,10.064725620447788,9.975516284696267,9.899339102891144,9.834882141766805,9.780781373462816,9.735671706963746,9.698219414326555,9.66715508848549,9.641333711509384,9.61976229663156]}