{"timestamp":"2024-05-12 02:39:54","trueValues":[9.901942237899934,9.943001283862555,10.010279858347456,10.091196053549224,10.17343109252408,10.248424451240664,10.31233867173932,10.365013749193078,10.408167742076191,10.443730808284704,10.472816071099889,10.495489977709028,10.511150782384128,10.519142518492387],"predValues":[9.737884664088842,9.66896936248692,9.61192524957528,9.578973292038032,9.567469423399022,9.566838440908631,9.568713846322357,9.569393733942585,9.568099342734412,9.565215534806562,9.561378076846902,9.55712917790362,9.55284253695796,9.548735569206702]}