{"timestamp":"2024-05-12 02:39:59","trueValues":[10.27313748913298,10.333062220507482,10.3775297413887,10.407685069707806,10.42527922174394,10.431820814437051,10.428514402398116,10.41677929754738,10.398948061947038,10.378512096605414,10.359368396161964,10.344445952631894,10.334866394536444,10.330352769999047],"predValues":[10.47961228941465,10.49628096502638,10.47067859797954,10.41449510903752,10.341875243850495,10.263088016529103,10.185141744809895,10.112661152927403,10.048126049910827,9.992326359922524,9.944962273253497,9.905164660694153,9.871845914683131,9.843915238194082]}