{"timestamp":"2024-05-12 02:10:04","trueValues":[10.66620024391036,10.619621297206203,10.493131899926915,10.287246619090771,10.006609847299735,9.659933608172151,9.260252181964416,8.825203841645013,8.376964937284741,7.941541569040343,7.547196649337252,7.22188716775068,6.990025555097699,6.869443046978647],"predValues":[10.461002292779416,10.441270667622934,10.40554440712247,10.36957681043781,10.338913825607904,10.311179832793195,10.284139017036171,10.25764359979232,10.23243566324916,10.209216358126849,10.188356193941644,10.169923744190816,10.153785051344812,10.139701968684433]}