{"timestamp":"2024-05-12 02:10:09","trueValues":[9.65864612747146,9.307515800486282,8.933714490568205,8.556429221726786,8.19626898777932,7.873453136236904,7.605263517355469,7.403165194616656,7.270558669276584,7.202109029563104,7.184748240048691,7.199828030518237,7.226296071520929,7.2452359119938095],"predValues":[10.026756634482329,9.939588556323976,9.870553118207456,9.84260968385845,9.851753348405357,9.879134905338743,9.90934658087266,9.935131810578888,9.954646020538595,9.96842876191248,9.977720736581391,9.98375892538369,9.987541099283536,9.989802961538466]}