{"timestamp":"2024-05-12 02:10:14","trueValues":[7.7880687663738355,7.514164423597771,7.3158937246349,7.199857267280638,7.163514908459733,7.195669765538399,7.278023346295358,7.387717020940842,7.501270214012163,7.599541617164615,7.671816754344045,7.716877249924529,7.740331246512307,7.749641826393655],"predValues":[8.478573583971027,8.370489260201408,8.323395480690227,8.368368000194756,8.491721887600786,8.653075592467173,8.81547916289255,8.95851125191649,9.075738974444269,9.168284490574624,9.240135163121725,9.295729664195717,9.338997946240948,9.373095453286862]}