{"timestamp":"2024-05-12 02:10:19","trueValues":[7.257815161911722,7.346955126799725,7.4571673552947235,7.562478705044871,7.641419824051997,7.681478706951717,7.6806050593333905,7.645024451067437,7.584745954867868,7.509763493489997,7.429317212796656,7.35348688530912,7.293780898075136,7.26079252747926],"predValues":[7.351306354411417,7.362454863492865,7.455720135555817,7.632578627101578,7.856981941665764,8.085619005214534,8.28996749550332,8.459009671515235,8.592926003810923,8.69677259176472,8.776741781653408,8.838503910650513,8.88669034770929,8.924881533069009]}