{"timestamp":"2024-05-12 02:10:24","trueValues":[7.474536650049109,7.465087594229474,7.445420024161528,7.432970213364433,7.443914596686565,7.491153762643512,7.584456776708835,7.729552183792122,7.924415205202644,8.155247152241571,8.396361934406093,8.615360434757111,8.781006893710387,8.869900206639215],"predValues":[8.227404545005145,8.278661905271147,8.350390049204908,8.450487155274999,8.564313047602909,8.671546050009125,8.760594317778684,8.82941898541716,8.880844589961349,8.91893318086391,8.947367261243775,8.96901362854885,8.985943308712207,8.999609634613982]}