{"timestamp":"2024-05-12 02:10:29","trueValues":[7.270486640525575,7.295865213445662,7.383980296917095,7.544396033287872,7.776481174278856,8.068207184260292,8.399750740957254,8.749328861647626,9.097441157386656,9.427520483864766,9.723790949878495,9.969102270602727,10.145544005389883,10.238012442783004],"predValues":[8.106032644301234,8.112044520017369,8.144293200524471,8.222301932599716,8.332808920817481,8.44934532680882,8.553159488535226,8.63738581681842,8.702492365645583,8.751758968180745,8.788877961726552,8.81704200073732,8.838732488974749,8.855786824061436]}