{"timestamp":"2024-05-12 02:10:34","trueValues":[8.226196535140437,8.53072744968778,8.825936355437562,9.08874773898074,9.301629111270977,9.451578618279273,9.52905231760256,9.529468011206166,9.45726437120025,9.329134525761448,9.17261312614264,9.019822337406351,8.900025766618421,8.834569971374926],"predValues":[8.043031142367026,8.16986872290765,8.296786305861755,8.429148305552646,8.553562424278876,8.655613077654934,8.731099740289869,8.783539860489412,8.818802851200179,8.842228142603052,8.857821968513377,8.86834773455566,8.875628751548799,8.880841134707609]}