{"timestamp":"2024-05-12 02:10:39","trueValues":[9.688811024185531,9.811679847124436,9.838593615859388,9.763259515966444,9.591303232109276,9.340163164117048,9.03450716579472,8.700776699270074,8.364283890275921,8.048707061104285,7.775387985153763,7.561097666704491,7.415831091666778,7.343108897811343],"predValues":[9.19194181555547,9.198508392391002,9.19326597510354,9.19034070413083,9.191294354162638,9.192054509985097,9.19024448860365,9.18596210027798,9.180269436849525,9.174190316579864,9.1684115375967,9.163290319978834,9.158959026523329,9.155408620412704]}