{"timestamp":"2024-05-12 02:10:44","trueValues":[9.262867011678168,8.99224569153112,8.712564696081884,8.449522873693226,8.224831178336254,8.054852894349972,7.9478458123805,7.90148933085935,7.903298820663296,7.93466189305836,7.976733594155096,8.015400275586973,8.043081110651858,8.057148245987293],"predValues":[9.654439754728037,9.52653529814848,9.407364128287206,9.329786771351769,9.29497801361323,9.286545068181448,9.289806827710532,9.29652277782306,9.303120186153487,9.308450845305654,9.312407376624916,9.315233774182955,9.317236226618755,9.318676801638938]}