{"timestamp":"2024-05-12 02:10:49","trueValues":[7.938120602050539,7.815284736916526,7.764076547569109,7.776887033698747,7.839821025290682,7.937921792066204,8.059314424292545,8.19607761987996,8.341711514968944,8.487785822015205,8.62305448746637,8.735672104140821,8.815989477290842,8.857691997815063],"predValues":[8.17482116466983,8.036730354280607,7.959003889856916,7.973448179427338,8.069174655307055,8.20792462179407,8.353055644569737,8.48335751566627,8.591346687063709,8.677213197717663,8.744221730833464,8.796285759953017,8.836958880651931,8.86913367188678]}