{"timestamp":"2024-05-12 02:10:54","trueValues":[7.9573684916836385,8.06695824292822,8.186363572677461,8.309173922091558,8.427787732945948,8.5327083732349,8.614887596572444,8.668568950230336,8.692347209092027,8.688932621032201,8.665003128372266,8.630870537211468,8.598732690612746,8.57948028257091],"predValues":[8.505265153311722,8.677080569131856,8.838033996142086,8.980755643907063,9.092748391232355,9.169005841239713,9.21447751201507,9.238115168628482,9.248065236240192,9.25016071473818,9.248115736102523,9.24413262590835,9.239441454486546,9.234692341117436]}