{"timestamp":"2024-05-12 02:10:59","trueValues":[8.56061459715903,8.649422326110646,8.707842427376434,8.73312584792434,8.726537476411384,8.69335348529616,8.642725778576803,8.586177893259752,8.534686638894533,8.495790315983424,8.472153456736258,8.461884974203114,8.460081597540398,8.461083621124546],"predValues":[8.642011072630444,8.740186526044464,8.832459077129489,8.922271487552742,9.001405303402972,9.061483129096963,9.101338683603617,9.124959329737084,9.1374476799028,9.143020206816654,9.144601118296364,9.14404083561324,9.142448761006063,9.14045375065524]}