{"timestamp":"2024-05-12 02:37:09","trueValues":[9.218122007342878,9.212688753733556,9.176376163252552,9.109151809672472,9.016563235764757,8.908437980527776,8.796821855859974,8.69381409719837,8.609540192729085,8.55013667309159,8.516161694659013,8.502588394819426,8.500948478237415,8.502748931223891],"predValues":[9.317793851414391,9.354390304279448,9.385310572618494,9.409817358441495,9.42348740538576,9.424083835338765,9.41384884218801,9.397148271926389,9.377911013843253,9.35873488717241,9.3410142196917,9.325322583521704,9.311757788922089,9.300170462615856]}