{"timestamp":"2024-05-12 02:37:14","trueValues":[8.814485910337122,8.69580458914046,8.596031213766784,8.528860549514025,8.503591481558573,8.522969873467485,8.582524626903226,8.672006130333834,8.778128667346268,8.887358009047055,8.987940976950522,9.070835172023171,9.12963136436895,9.160113612849464],"predValues":[9.287088871962126,9.229075161693729,9.185520359376955,9.166333601156152,9.166609489877729,9.175289618846186,9.18452684103278,9.191226312242865,9.195042507102595,9.196626608047296,9.196773855014303,9.196126925198968,9.195121712149833,9.194021346728514]}