{"timestamp":"2024-05-12 02:37:19","trueValues":[8.554284040732714,8.603936568531584,8.676919766938646,8.759523720697267,8.838530755314174,8.90349324663932,8.947874917754577,8.96911569142851,8.968217857034013,8.94940373463946,8.919633268429068,8.88737767741449,8.860761326289794,8.845877422128343],"predValues":[8.646385955440806,8.639204609228583,8.649897556394057,8.688576995685892,8.746728118737579,8.80780637328322,8.860336330079965,8.90071655157736,8.929946403472062,8.950508884258264,8.964861476710244,8.974949754471488,8.98217655055981,8.987504020246984]}