{"timestamp":"2024-05-12 02:37:29","trueValues":[8.79473036419322,8.73958132506274,8.700280205886735,8.688508156399873,8.713119397201279,8.779089227885553,8.886321698714273,9.028518413699755,9.193217069973706,9.363855573212778,9.523170412584738,9.656134423792365,9.751280417044022,9.800850550330669],"predValues":[9.111543908414468,9.061075940733325,9.019794163798949,8.99839976422803,8.99448735384112,8.99896429953114,9.004709057554418,9.00875542547088,9.010706846466851,9.011106592745517,9.010619667757144,9.009759043787522,9.008846325223075,9.00805693263822]}