{"timestamp":"2024-05-12 02:37:34","trueValues":[8.652884224567813,8.725635123608152,8.840736004565546,8.992080370929173,9.17014820128339,9.364762976002242,9.567131340110151,9.770030750138789,9.966646914138444,10.149378805462051,10.3096244370334,10.438682948361592,10.529097370301582,10.575630069763392],"predValues":[8.819745603893274,8.772317196346961,8.742000800045895,8.740071971093599,8.761359789376122,8.792170818539287,8.821702872241726,8.845393155027462,8.862780523416788,8.87501637427085,8.883526132651127,8.889511163703602,8.893847507145342,8.897131061351857]}