{"timestamp":"2024-05-12 02:37:39","trueValues":[9.338894820206292,9.519718348311288,9.69885145997194,9.871685378278668,10.033681494551658,10.180094416464286,10.306678966115754,10.41069432992524,10.491370783675308,10.549665166862766,10.587841999630031,10.60937673566048,10.619002009420775,10.621969806593349],"predValues":[9.42041435586854,9.461212928857035,9.481312937219789,9.480844085866355,9.461285223396796,9.426975085351591,9.384419117153977,9.339846343928109,9.297546064507138,9.259740272833628,9.22716254585513,9.19968317866207,9.17676208851626,9.157713008867496]}