{"timestamp":"2024-05-12 02:37:44","trueValues":[10.298234857556508,10.431960619319083,10.529716658087011,10.586352519480016,10.599045526982549,10.567596339032772,10.49516571543511,10.389188830657192,10.261458199919556,10.126496520473614,9.998780773905928,9.890698310657555,9.812169430000298,9.770732964013938],"predValues":[10.082725366115064,10.076368230813834,10.04028315550207,9.980941564643116,9.907425459794087,9.828050839337164,9.74955916910478,9.676753251793375,9.612260143399158,9.556894220649404,9.510305173972782,9.471537758604992,9.43942675666993,9.412812797643976]}