{"timestamp":"2024-05-12 02:37:49","trueValues":[10.6225811207163,10.571205750245696,10.484622407335388,10.371478794726446,10.242554240927806,10.108237364987207,9.97687552835922,9.85493590288721,9.74776668978078,9.659449872648771,9.591910825189744,9.544538764858244,9.515032492664467,9.500968546794022],"predValues":[10.667818365814943,10.620152874704427,10.528809255297546,10.413847647644689,10.29493801391254,10.182106437295054,10.079544406365708,9.989133705468204,9.911365512210905,9.845683796530665,9.790872309111554,9.745416054083645,9.707766014617114,9.676493310396747]}