{"timestamp":"2024-05-12 02:37:54","trueValues":[10.183809080021856,10.066555310196668,9.9526127366079,9.843932780251524,9.741112402658043,9.642917812454083,9.546442875456872,9.448579458034306,9.348272910429916,9.24811998872251,9.154134429149469,9.073999121292587,9.01525661827413,8.984076940115951],"predValues":[10.29674856687148,10.249237233235444,10.183702764522211,10.11430957474939,10.050613301025006,9.99413850761396,9.943953339161872,9.899466149913218,9.860417530048869,9.826522554029776,9.797360212477347,9.772396270005872,9.75105343345228,9.732766104358468]}