{"timestamp":"2024-05-12 02:37:59","trueValues":[9.66942067178291,9.584944502075553,9.498758779133915,9.408173720816997,9.31377725183783,9.21930476727642,9.130083736819936,9.051502761567855,8.988128623807395,8.942852041973882,8.915776142101974,8.903685943482426,8.900922537857921,8.901479631076057],"predValues":[9.780814331267706,9.769699577357397,9.759229095374929,9.755870057163666,9.756712075920849,9.755672310334328,9.749871736673736,9.739833427197322,9.727309461339225,9.71392115046902,9.700778959980491,9.68849792503908,9.67735021332388,9.667389514162206]}