{"timestamp":"2024-05-12 00:14:04","trueValues":[9.244098073370964,9.230054859022951,9.193583858447475,9.134377288273072,9.054008617894471,8.95532231850466,8.841715436106018,8.716919644736063,8.585748644429938,8.455253279124053,8.334844596846919,8.234696193548249,8.16341563786799,8.126548080478843],"predValues":[9.279671239551943,9.270815158431574,9.256606623481614,9.24162198538425,9.225280761511424,9.205739441099308,9.18324201821958,9.15968090876591,9.136985739056843,9.116392958353243,9.09842882837835,9.083141722684498,9.070317415539904,9.05962792362817]}