{"timestamp":"2024-05-12 00:14:09","trueValues":[8.923340755690415,8.826871666045683,8.727763028333532,8.630823492602875,8.541994234762583,8.468188154388274,8.41547639808714,8.386668618726025,8.379908016103645,8.389175272418889,8.406537922454547,8.424877611931935,8.43936522506846,8.447256493029558],"predValues":[9.065327497564102,9.008890977732928,8.964641935203478,8.942751573826719,8.940001191850921,8.946464642651796,8.954347405372921,8.960303731240492,8.963794600671312,8.965355843783588,8.965701900734931,8.965416975195884,8.964888055585153,8.964341062339484]}