{"timestamp":"2024-05-12 00:14:14","trueValues":[8.415387358856186,8.355695458425906,8.324918716011378,8.323395214901478,8.34721839206177,8.390185535454258,8.446151077622007,8.510084700699347,8.577436898667749,8.643253635032536,8.702377810694717,8.750354540430445,8.783975222460455,8.801257870082631],"predValues":[8.651815753796388,8.582007136208706,8.536958069544433,8.530521463407219,8.556678531573452,8.598470622906122,8.641479760920971,8.678572707169366,8.707978777004726,8.730422244768384,8.74737292224292,8.760267397617278,8.770268230880067,8.77823578021216]}