{"timestamp":"2024-05-12 00:14:19","trueValues":[8.395013322293105,8.442914833812836,8.496080823086201,8.550304385792277,8.601411043837533,8.64553038145742,8.680028697936994,8.704028093037945,8.718280483131508,8.72476572860981,8.726169624782614,8.725183016945914,8.723788157590581,8.722959694059604],"predValues":[8.671829646604426,8.712891084665792,8.750862994307493,8.78785972502871,8.818969766534622,8.838861662306815,8.846880508867486,8.846025200672848,8.84002634860542,8.83178583422799,8.823118463119489,8.81498027741047,8.807787768070785,8.801641403247597]}