{"timestamp":"2024-05-12 00:14:24","trueValues":[8.650317502617652,8.686803121574327,8.712684832596482,8.728431487037547,8.735679280437047,8.736732867038521,8.733897166874259,8.728813425470019,8.72221947239333,8.714345214912175,8.705615383447634,8.697073198839966,8.690202825464201,8.686375733265757],"predValues":[8.753734044375388,8.751904354626511,8.749862033878344,8.752589558021718,8.757536684008915,8.759858082943648,8.757504789359022,8.751361879789574,8.743282433394107,8.734838059046112,8.7269954304261,8.720210906816302,8.71460754840755,8.710126084308794]}