{"timestamp":"2024-05-12 00:14:29","trueValues":[8.706970374490602,8.69974065472604,8.692968888976198,8.688658858620618,8.688282767540628,8.693316806448784,8.705453252310678,8.726184774741313,8.756001488194052,8.79368794071921,8.835953667602794,8.877410333534089,8.911131749500012,8.93021910272865],"predValues":[8.805878341697174,8.761893493184338,8.724587384359157,8.702694630883656,8.694324145807913,8.692296709229698,8.6911748149197,8.688970363034576,8.685690264081801,8.681934403268116,8.678256684346671,8.67500263269131,8.672324013677772,8.670243153560984]}