{"timestamp":"2024-05-12 00:14:34","trueValues":[8.654485070203709,8.660756089950226,8.67911863726004,8.711722411535952,8.758988422156559,8.819019469030703,8.88730272498724,8.956959577199182,9.019979152768329,9.06946742312025,9.102061097423697,9.119046593224365,9.125294223560964,9.126548214879268],"predValues":[8.837564081633658,8.809031925205371,8.784175627177286,8.769394849050489,8.76251118623727,8.75784553053538,8.751921630895202,8.744266383343316,8.735754764441793,8.727361687322375,8.719736473899138,8.713182920712315,8.707760298652957,8.703393921082569]}