{"timestamp":"2024-05-12 00:14:44","trueValues":[9.064596046926548,9.06081759406919,9.045776608757016,9.02776144734229,9.013819232718935,9.00805959052571,9.01166634385114,9.024018078599816,9.043620530424228,9.068134758332208,9.094162918955124,9.117742102043731,9.13537293292724,9.144726570585943],"predValues":[9.286174027087686,9.28502794600152,9.269105073619796,9.240925087284085,9.20289337517383,9.158317944060473,9.111568892556884,9.066683020184566,9.02625761459982,8.99139410437897,8.962152557779305,8.938033291952504,8.918309374669747,8.902218258009835]}