{"timestamp":"2024-05-12 00:14:49","trueValues":[9.030312487756255,9.032131545955169,9.03936153150848,9.049880918620785,9.06098769886862,9.069340907675674,9.071605959395594,9.065625180963105,9.05122634126878,9.03029600885381,9.006274553286682,8.983326352688461,8.965433985675826,8.955658807061033],"predValues":[9.0711557132546,9.03515569034255,9.003793681102483,8.983278510713621,8.971193627869056,8.961847963872824,8.951889391021144,8.940858094778054,8.929524330938474,8.918737560344564,8.909036271002023,8.900648243868838,8.89357985787499,8.887717887013352]}