{"timestamp":"2024-05-12 00:14:54","trueValues":[9.098618601545216,9.105268104470468,9.101025052879663,9.084469603275052,9.056257722289446,9.01878629286232,8.975567447524423,8.930558780750014,8.887671108193508,8.850429851823112,8.821471370241252,8.801817886977009,8.790581667608352,8.785757867600742],"predValues":[9.201042422325022,9.216334312216356,9.221876539212817,9.218477632689186,9.204956427444426,9.181752538069563,9.152171845026036,9.120465373567118,9.089929435759288,9.062412326563855,9.038611475658488,9.018524225155696,9.001800265484151,8.98795373481048]}