{"timestamp":"2024-05-12 04:14:04","trueValues":[7.3903746426432,7.301222983050236,7.225949748780838,7.168064148689513,7.131387959199725,7.116581399564265,7.11884246445295,7.128603290475292,7.1352395039630885,7.131772555519689,7.11753930221606,7.097369657201044,7.078471811350523,7.06723479461562],"predValues":[7.85447847743789,7.899197168687019,7.950895738276545,8.012636072596223,8.076560393067343,8.132138681027637,8.174218089998098,8.203346942168137,8.222562671362596,8.235045971542078,8.24327080438331,8.2489220047669,8.253065917154286,8.256347079262058]}