{"timestamp":"2024-05-12 04:14:09","trueValues":[7.046170238882349,7.043177723356111,7.055414371576419,7.074928847324877,7.097106792128174,7.122918866498061,7.157601906158268,7.207017616181681,7.27395199423648,7.355810942131345,7.444259590482911,7.526912980948867,7.590659488746832,7.625215481384965],"predValues":[7.244663403028225,7.210250670525864,7.210306751951927,7.256754930591519,7.340908964334954,7.441487148040937,7.539044642613277,7.623087842448333,7.690852012977856,7.743669287412388,7.784285795107743,7.815518631015744,7.839762285977128,7.858884989109397]}