{"timestamp":"2024-05-12 04:14:14","trueValues":[7.128516909131831,7.146095645420516,7.173270950284592,7.21370991109554,7.266590443252361,7.326355435588647,7.384435327255573,7.432480364699822,7.465667013702536,7.484140394920727,7.491756039948996,7.493354493486148,7.492680719007152,7.491883086971072],"predValues":[7.462942679024151,7.435767374160075,7.430562433086239,7.456517236014399,7.506972445835585,7.566874319377664,7.623622077834046,7.671253813773427,7.708812953487762,7.737649969611278,7.759705917378733,7.776769820860389,7.790253815680275,7.801200591101148]}