{"timestamp":"2024-05-12 04:14:19","trueValues":[7.250467963520053,7.298460640580728,7.3436069859271775,7.384240504102475,7.423550394307201,7.46788608396886,7.523498658677791,7.593857990553631,7.678535362344065,7.773029641582903,7.86894137222075,7.95504576380516,8.019824595104671,8.054455805958801],"predValues":[7.276723373523458,7.283332210770096,7.30413629352924,7.347740000975849,7.408535190503688,7.473264850884615,7.531310455802904,7.578345496000534,7.614490373780848,7.641684815434861,7.662147359651397,7.677769093380379,7.689984212712009,7.699818662217854]}