{"timestamp":"2024-05-12 04:14:24","trueValues":[7.582579510773867,7.635679850226202,7.6880793047471325,7.735686853910346,7.7713870671134,7.785958137917147,7.769942239473234,7.71695512602802,7.627313086192946,7.509782098702434,7.380259786007043,7.258295707970113,7.163292974854226,7.111180837971085],"predValues":[7.62256583334508,7.593192987103356,7.572606319540985,7.570766795608391,7.585988251481211,7.609572484556053,7.633591548024439,7.654125855203235,7.670361560942663,7.682896158350725,7.69267399485301,7.700543202347931,7.707136358058371,7.712886166067884]}