{"timestamp":"2024-05-12 04:14:29","trueValues":[8.23196946677112,8.284535305048994,8.260278094861405,8.140381587503809,7.91468175542146,7.5828740047078815,7.154176686548478,6.647139729321185,6.090096745258704,5.520981171081303,4.984904766374452,4.529264754188885,4.1974565591097415,4.022603842359143],"predValues":[7.588136356151525,7.5828086206756,7.583561334413082,7.597905687413839,7.623146847550636,7.650984497977495,7.67496528786601,7.692932075728397,7.705478899418917,7.714074507565158,7.72011110163496,7.724610373579907,7.728236795272773,7.731391176147219]}