{"timestamp":"2024-05-12 04:14:39","trueValues":[4.867118156554483,4.414122530622159,4.100839391908162,3.964149454344721,4.024641146344671,4.283177467364575,4.719951873044297,5.296141232049515,5.958259678347307,6.6444281525027575,7.290804861451344,7.837226129733113,8.23256456778038,8.439845239549355],"predValues":[6.537654034371879,6.432038622292751,6.387170690660996,6.4201522836437706,6.520853394646217,6.660526977036394,6.808807862277772,6.945243074548783,7.060754864912301,7.1539640555491895,7.22725211365148,7.284222337290868,7.328451179875386,7.363002919893532]}