{"timestamp":"2024-05-12 04:14:44","trueValues":[4.149585447178191,4.479227452791031,4.937874975504618,5.4831794991334055,6.068616363027449,6.649566912178065,7.187976244406641,7.655975213319548,8.03844203382488,8.333126006795169,8.547548156464,8.693909249570552,8.784216824433397,8.827190878333365],"predValues":[4.707586400339655,4.829810320102434,5.0523794597326,5.324346136080459,5.600931822204739,5.85403939141226,6.070317012338633,6.24678559178945,6.386546618678084,6.495340864196578,6.579383665348511,6.644291802874464,6.694711529897643,6.734303289070801]}