{"timestamp":"2024-05-12 04:14:49","trueValues":[6.611824511121219,7.125291296872623,7.566781559104224,7.923986487950328,8.198398753025943,8.402085695118192,8.552325443440516,8.666282369621737,8.757277539978531,8.833123283213515,8.89637063974065,8.946061175330644,8.980158150799063,8.997364251261494],"predValues":[6.762653380205947,7.059106177301567,7.29144860180169,7.439536258622464,7.5096975778802175,7.524564471561725,7.508661267547435,7.480116087470441,7.44954719185772,7.422063572044675,7.399519370345104,7.382098512573391,7.369260118625096,7.360224630099077]}