{"timestamp":"2024-05-12 04:14:54","trueValues":[8.471125120065949,8.617698844171787,8.718135096685746,8.783684981146427,8.820828427257151,8.831978796859845,8.817713914695073,8.779659610541145,8.722655100153123,8.655017710856924,8.586904028122323,8.527937730977113,8.485332591860914,8.463219233723649],"predValues":[8.704782667296671,8.6154983791179,8.478139019366232,8.33041788523048,8.196936914905834,8.086276832368583,7.998613589770639,7.930992945165636,7.879709271813472,7.841261600310862,7.812684525583975,7.791587543623312,7.77610933581885,7.764819161334125]}