{"timestamp":"2024-05-12 04:14:59","trueValues":[8.84531049472649,8.84456017308775,8.821787658852692,8.780544687075684,8.727300290121331,8.669824536281133,8.614914707024854,8.566713120007378,8.526336353763721,8.492947705311684,8.465525216910935,8.443999251909206,8.429082124154117,8.42147152911208],"predValues":[9.024045720629722,8.99281022683423,8.921334050634627,8.824789742773898,8.71828898837148,8.612877967840419,8.515440078205177,8.42955948074752,8.356316606732577,8.295184131282117,8.244805202831925,8.203533791658762,8.16974592850556,8.1419834962947]}