{"timestamp":"2024-05-12 02:35:04","trueValues":[9.503851823144377,9.51624448936041,9.545673682816949,9.58208780460011,9.614251432707498,9.631193339153311,9.623961758867509,9.58704317003853,9.51926969690279,9.42476638084648,9.314011145937048,9.20376250438342,9.114294290390266,9.064070316780809],"predValues":[9.712903711137423,9.708085492693543,9.712845769190118,9.73593643255786,9.770481527857278,9.804151115017126,9.829743913668995,9.846161153124068,9.855193186396347,9.859160349265576,9.859990673317796,9.859041275905971,9.857185007282183,9.854944939704678]}