{"timestamp":"2024-05-12 02:35:09","trueValues":[9.744903613375357,9.768274418084662,9.755183259035965,9.698765875994727,9.59685290119071,9.453615623252457,9.280297969422346,9.093470805052435,8.91088775542833,8.74710155193008,8.611260643302078,8.507699246676077,8.438034420801664,8.40298326372394],"predValues":[9.82303062144396,9.85495078705716,9.880910374182804,9.904191342294908,9.921080090990902,9.927507394521896,9.923719904847069,9.91291240273073,9.89856937867372,9.883251973062467,9.8684778396544,9.854993844834514,9.843057272111952,9.832658553091743]}