{"timestamp":"2024-05-12 02:35:14","trueValues":[9.526564534910882,9.379913466279053,9.217222046638389,9.052148628228196,8.894423737153414,8.747980515323388,8.612071830564364,8.484070626880134,8.362161301325521,8.246889252413702,8.141614049933434,8.052312751274721,7.986583193619641,7.951568715389293],"predValues":[10.026219209631623,10.010779541195785,9.991607135567431,9.976541166112838,9.964994771273972,9.952772209857365,9.93792843979703,9.921104011978322,9.903766080296332,9.887135678264476,9.871937877590325,9.858466109052898,9.84674004101963,9.836622526495985]}