{"timestamp":"2024-05-12 02:35:19","trueValues":[8.702189366471597,8.580124022921257,8.475447110915237,8.387003512549905,8.314946322144745,8.2608327959808,8.227114569479864,8.21592911576229,8.226979283006568,8.255610047060774,8.29312081322277,8.32969175036791,8.35761578213823,8.372474967946015],"predValues":[9.082278440827386,9.052047628503534,9.047896539819922,9.085109622582912,9.153656540978568,9.231495434043133,9.302152183529229,9.359158022860996,9.40241035758128,9.434284275952136,9.457552486204284,9.474598050262252,9.487249594719923,9.496829152815373]}