{"timestamp":"2024-05-12 02:35:24","trueValues":[8.267575590756989,8.229567268056659,8.212115047212551,8.214964568391768,8.233770451335095,8.260471323282008,8.286260805608222,8.30483385760733,8.313532857576973,8.3126881809323,8.304892065343385,8.294387562401031,8.28549932084202,8.280746486430422],"predValues":[8.842732609648865,8.86927161624757,8.909155875939124,8.971388716810903,9.046668064221532,9.118951972429684,9.178283994893668,9.222666463375171,9.254301703449324,9.276439779940256,9.291962906043318,9.303043638993744,9.311191127308984,9.31741483665816]}