{"timestamp":"2024-05-12 02:35:29","trueValues":[8.171424384456195,8.197375466341867,8.2276418943581,8.262520820326401,8.304572587266954,8.357325009246704,8.42404170631598,8.505537320990811,8.597763359044738,8.691759550167744,8.776854476083031,8.844660907023663,8.890809807531756,8.913960539156797],"predValues":[8.672158427287076,8.763353470783203,8.850973389815042,8.93994484463611,9.022263341278189,9.087623452572004,9.132807539920824,9.160842405599524,9.176724878091385,9.184881403224091,9.188481777619549,9.189561943095937,9.18935143840664,9.18855247742681]}