{"timestamp":"2024-05-12 02:35:34","trueValues":[8.246397277439097,8.291054571487184,8.359111375429476,8.451590444372558,8.564798112070035,8.692923439100099,8.831247346222291,8.976941575357325,9.127056934545063,9.275873118327151,9.414047652172345,9.530258998523522,9.61401753860828,9.657792414009316],"predValues":[8.731075021936201,8.726702265435833,8.732262831855977,8.759888382861046,8.804586342587745,8.852808129550153,8.89456566834544,8.926564507428377,8.949582344678863,8.965718911214875,8.977039385616997,8.985151258239856,8.991174031294705,8.995857229054035]}