{"timestamp":"2024-05-12 02:35:39","trueValues":[8.688385361997783,8.80631503261196,8.926937940620878,9.048729521759634,9.16836369562186,9.27993224410357,9.376544859672824,9.45295115137968,9.507310266347805,9.541364715616364,9.559468650473292,9.567077650782831,9.569208213395704,9.56940011287256],"predValues":[8.928962985100352,8.967360422529381,9.001034262309215,9.034923390975829,9.065147292792204,9.085820341698035,9.09539830506099,9.096217997563247,9.091660252093495,9.084511597897414,9.076587903708926,9.06890235623964,9.061931248927964,9.05583564975586]}