{"timestamp":"2024-05-12 02:35:44","trueValues":[9.342133190325455,9.440831715997728,9.511837180322658,9.551105873271272,9.558577726586272,9.5375878574915,9.493794376878023,9.43407961861532,9.365921814948363,9.29724359691065,9.235887327333437,9.188069805058426,9.156749258863218,9.141706678818547],"predValues":[9.239600396158515,9.25369729983385,9.261044764014263,9.268366180897267,9.27434058039978,9.274983789172628,9.269191720752008,9.2587026335571,9.245958063037245,9.23287062503103,9.22058427431464,9.2096268673438,9.200147777395514,9.192078430972517]}