{"timestamp":"2024-05-12 02:35:54","trueValues":[9.171258666677174,9.13536708557476,9.127389170481454,9.148513528683274,9.197878473055608,9.274815279105692,9.379494051632951,9.511421486719048,9.666773415841767,9.836221717062324,10.004714773518575,10.153688304240134,10.264886874783084,10.32422208671206],"predValues":[9.38123496793963,9.310748854830464,9.260739638530286,9.24412358909088,9.254862517709949,9.277782544700765,9.3012931542921,9.320377318055748,9.334171222557096,9.343492965565908,9.349531154368204,9.35333778083297,9.35569851650257,9.35715716515769]}