{"timestamp":"2024-05-12 02:35:59","trueValues":[9.404978940052686,9.497487777335667,9.597308994684184,9.697044628055489,9.785440650234728,9.848059947947714,9.870388860760508,9.842474663173904,9.763351478873634,9.643368058595078,9.502985351822277,9.367951377836574,9.262789932940926,9.205583688892329],"predValues":[9.577036223634511,9.587206364330484,9.596801338173382,9.607848050163922,9.615991817436674,9.616763136386592,9.609777676482466,9.597433383818768,9.582526887613644,9.567147287435098,9.552538474628978,9.539299005458275,9.52761758993486,9.517453828168865]}