{"timestamp":"2024-05-12 01:46:04","trueValues":[7.852502603877001,7.9543948471585875,8.080128607024154,8.215611232418354,8.349726906275876,8.473358542924725,8.577580424592266,8.653687703956376,8.695713157810765,8.703460102481095,8.683713858943413,8.64892530114981,8.61406684091519,8.592618486228202],"predValues":[7.809188074589424,7.7968972054642975,7.81367565182941,7.869411552517927,7.9534861154253775,8.045009673815406,8.127782403429713,8.195145498736828,8.24699184687086,8.285922722319352,8.315014364064517,8.336939012189912,8.35376025054363,8.36697978555815]}