{"timestamp":"2024-05-12 01:46:09","trueValues":[8.602460377819023,8.721830889242131,8.800337709433212,8.826769071588526,8.795975052905307,8.710830956071433,8.581830652479297,8.424948843316695,8.258644025631874,8.100649890554244,7.965154773088837,7.861083593642041,7.792052673934256,7.758046332429285],"predValues":[8.32399164485448,8.332197075117026,8.344176174039447,8.36529760856503,8.391403113713935,8.41534722475507,8.433234010203975,8.444947320377285,8.45206514307847,8.456322281472975,8.45903784512264,8.461057573827132,8.462863076799842,8.464693563914967]}