{"timestamp":"2024-05-12 01:46:14","trueValues":[8.60941341149576,8.489191844498,8.356439932712165,8.232446291787026,8.136521537500474,8.08249412689124,8.07628636486701,8.115232921851701,8.189301335721382,8.28373581249167,8.382261309688271,8.469919768088731,8.534907243556294,8.569340441792336],"predValues":[9.05152242993529,9.022685945389272,8.983708556909683,8.941691076717767,8.899923703738763,8.859312246029642,8.820906037571891,8.786055816788494,8.755689452202596,8.73006874573207,8.708943855952748,8.691783471155164,8.677960595680162,8.666859662784805]}