{"timestamp":"2024-05-12 01:46:29","trueValues":[8.11097445451345,8.106275575217921,8.140212014281875,8.222559747686354,8.355127733657806,8.53154607903504,8.739198057686522,8.962325320466228,9.185310917842656,9.394967209451185,9.580767897672027,9.73330033974418,9.84294191979484,9.900639341451791],"predValues":[8.527217709255773,8.48856989882508,8.457816280031727,8.44282393406064,8.440999294297994,8.44497841766093,8.449316090046418,8.452014377427389,8.453082316621316,8.453154876949824,8.452847359367102,8.452568812758035,8.452537981263138,8.452833538352149]}