{"timestamp":"2024-05-12 01:46:34","trueValues":[8.511517567845802,8.69947167651194,8.90040265506466,9.100589159331122,9.289553265243882,9.460253431472749,9.607390361937952,9.725794465469294,9.810761812785008,9.860324503986678,9.877732603898435,9.872224929439362,9.857090918064998,9.84544883927645],"predValues":[8.430712206552412,8.45543614178344,8.478677773160678,8.50195980442778,8.520803429373483,8.530533689689676,8.530692631361646,8.524033028463927,8.51387298774042,8.502711986587764,8.49202541835227,8.482513636387845,8.474399637454992,8.467649400593828]}