{"timestamp":"2024-05-12 01:46:39","trueValues":[9.534755612580977,9.689309112301366,9.807430416603657,9.881472251598424,9.906756203723829,9.884495864408306,9.823091752856254,9.736763567145092,9.641895057347506,9.552736221458316,9.478530660594096,9.423214706129173,9.38717375174976,9.369507836751367],"predValues":[9.26606710821746,9.24484440817847,9.20157453140074,9.14438423467709,9.081198275351,9.017812442885578,8.958412910079318,8.905651185493351,8.860622584562758,8.823248433817806,8.792782930028487,8.768207304919464,8.748471958720494,8.732618988779786]}