{"timestamp":"2024-05-12 01:46:44","trueValues":[9.821058468925555,9.756730681133286,9.674909741029545,9.594274218746836,9.531002675443531,9.495509777464786,9.49170102469003,9.518268736473638,9.570531841366275,9.641514979436275,9.721995812667004,9.800303557084998,9.863167380447168,9.898348774011955],"predValues":[10.039764867441304,10.00035477487816,9.922355876986632,9.819862951132055,9.70823327123805,9.5979612402745,9.495369972582754,9.404034326838346,9.325362983411567,9.259166700713047,9.204304713431608,9.159208867947491,9.12224031083368,9.09187394624778]}