{"timestamp":"2024-05-12 01:46:49","trueValues":[9.451595097181716,9.434860505960208,9.450833346626766,9.497101320494462,9.569243829088084,9.66065761672473,9.762045924538002,9.86186076295654,9.948464837389276,10.013381613049578,10.053885160526558,10.073394586288783,10.079387591003734,10.079859100244654],"predValues":[9.541944135089423,9.50272328411565,9.457943727242975,9.414757308132469,9.375169137107424,9.33800442789677,9.302649208490063,9.269633993230528,9.23970936954565,9.213302194166502,9.19045074067296,9.170921646543302,9.154332707556303,9.140256535403402]}