{"timestamp":"2024-05-12 01:46:54","trueValues":[9.788592373221682,9.900057264091242,9.996042086635091,10.060020096433531,10.0791579495245,10.04767420903734,9.968131610090976,9.850312773385175,9.708603249176813,9.55922040378162,9.41809880428629,9.299420938343363,9.214366412317943,9.170183816975769],"predValues":[9.46749139068853,9.45394945392134,9.43460003298608,9.413841400103037,9.391846317959123,9.36746232653821,9.341165187701195,9.314660733639876,9.289585159893774,9.26694899528701,9.247152517675746,9.230181906045026,9.21579316632317,9.203646088911311]}