{"timestamp":"2024-05-12 01:46:59","trueValues":[9.940268443944202,9.870164535056256,9.77807830188436,9.681383823380385,9.597952735034529,9.543315605034836,9.5284425982121,9.557824481271291,9.6280586266463,9.727917054419692,9.840509421162976,9.946806315594827,10.029138633251858,10.073977195226837],"predValues":[10.290641804571912,10.28531965065972,10.23629385273125,10.156924548049307,10.063110156430694,9.966145104980122,9.87320887938857,9.7886768940439,9.714639843246616,9.651462389160496,9.598435938980412,9.554328296065489,9.517750448412873,9.487361757572048]}