{"timestamp":"2024-05-12 02:40:04","trueValues":[10.383699761410558,10.377682835708187,10.36874648638559,10.36099608646152,10.359439095969227,10.368944233214926,10.392524479458531,10.430148471627648,10.478816517899812,10.53343451110957,10.587718673650446,10.635109870771885,10.669915970622927,10.688243699606604],"predValues":[10.57811413141258,10.561411434840965,10.512475473509696,10.443251856958806,10.366503760920592,10.28959034428043,10.21653830658735,10.14988805670535,10.090953654210034,10.040005140470498,9.996594927233245,9.959895348333532,9.928942122189596,9.90278000403713]}