{"timestamp":"2024-05-12 02:40:09","trueValues":[10.322042618969352,10.330726468980297,10.355662769421864,10.39634173747326,10.450521179246984,10.514894682704105,10.585677947634776,10.659309404800917,10.73285953060983,10.803695421712824,10.868669076165435,10.923651199961473,10.963924574381728,10.985293989810229],"predValues":[10.539610378483909,10.514035121889478,10.461936806021289,10.39680474147421,10.330357022619031,10.267167873827953,10.208727306828484,10.155942192832594,10.109312214688613,10.06884428290401,10.0341466248626,10.00459357384898,9.97946696866305,9.95805821649968]}