{"timestamp":"2024-05-12 02:40:14","trueValues":[10.53787637268471,10.60256882264076,10.66557245088496,10.723572340138404,10.774036586777058,10.814580534143904,10.842654204979976,10.856055273710137,10.854068768599284,10.838550426693706,10.814168561582784,10.787508355314484,10.765358584118594,10.752943060070134],"predValues":[10.6300535056088,10.635171533761676,10.608831868724804,10.559937370438398,10.499149357206782,10.4336600725809,10.368347803261925,10.30677890268542,10.251113701804169,10.202223987715245,10.160073613148771,10.124108142774103,10.09354296820387,10.06754404434336]}