{"timestamp":"2024-05-12 02:40:19","trueValues":[10.882593217153849,10.927857041127403,10.95410793272207,10.957293145091413,10.935629767306397,10.890197433265904,10.824527943868125,10.743492143729256,10.652217097819644,10.55594894446924,10.461086813601634,10.376213555503105,10.31151632134957,10.276360975082197],"predValues":[10.908819656183598,10.9078027484295,10.866440703292891,10.796482978216956,10.71301680575622,10.626278773793931,10.542396376152086,10.465192718197896,10.3966580260847,10.337322282578228,10.286755973059917,10.244025647442882,10.208010740360882,10.177594939067648]}