{"timestamp":"2024-05-12 02:40:24","trueValues":[10.966543656715462,10.925704152259604,10.866054246451682,10.788628920680736,10.693970383994946,10.583531969274452,10.461253728936075,10.33369905035035,10.208491286419276,10.09238944503273,9.990582254150858,9.90750519641882,9.847892501035776,9.816510823428272],"predValues":[11.10679400069121,11.081094886539695,11.008582931584808,10.910244283878832,10.807637600439636,10.710651817466632,10.62250723144405,10.54438341284044,10.476529671502464,10.418491508669147,10.369335474253615,10.327901666154748,10.292983935029078,10.263454805002876]}