{"timestamp":"2024-05-12 02:40:34","trueValues":[10.055009446935298,9.960898966650175,9.879092910716384,9.812900349060351,9.765075384700369,9.736527015158384,9.72578064445434,9.729012635643526,9.740613782964711,9.75461075007038,9.766555828032914,9.774624642878416,9.779123914823362,9.781056199029395],"predValues":[10.445744423847966,10.450901257158211,10.443449603788146,10.431282326431354,10.416156820296962,10.396481542355293,10.372213966406488,10.345259266204172,10.317846877775889,10.291609275618676,10.267463430916964,10.24576603217206,10.226528242511424,10.209573578205651]}