{"timestamp":"2024-05-12 02:40:39","trueValues":[9.81620995056428,9.821526257123992,9.834684394937469,9.846418436633208,9.846948419398936,9.828298554451331,9.78596265933798,9.719082236399252,9.629751700978137,9.52284721346582,9.407069102775694,9.29607572114706,9.207360752468883,9.15779859284471],"predValues":[10.037294626807068,10.041752967284651,10.044377896970868,10.05424929111284,10.06854234688502,10.079740558462552,10.083949589093468,10.081564932436446,10.074690572229448,10.065411886997992,10.05524174630202,10.045112005495913,10.035523942160491,10.02670188200001]}