{"timestamp":"2024-05-12 02:40:44","trueValues":[9.976547545042816,9.970243567491408,9.929565131017512,9.849420254765665,9.726912372948052,9.56315992462094,9.36548113720234,9.147568915468934,8.926513210199799,8.718535374541908,8.536527757559622,8.390301950926368,8.287700051684656,8.234721177690664],"predValues":[10.066215100597804,10.073445086151114,10.074198863043591,10.076232678551788,10.078399920012036,10.076131147249628,10.06775561218765,10.054680400463898,10.039195016363209,10.02319028104676,10.007856396533064,9.993800424325093,9.981237653309623,9.970157451936696]}