{"timestamp":"2024-05-12 02:40:59","trueValues":[8.292380857345245,8.349655674891114,8.435582519591117,8.540964303359779,8.655898534771477,8.770923400146625,8.877648214464543,8.969012033816355,9.039754367279665,9.087356600667896,9.113027541212006,9.121844817175004,9.121352044834152,9.1188876515524],"predValues":[8.553209191031309,8.54443098601443,8.56245040004914,8.62449187302156,8.720485998171629,8.826092905010789,8.922114672190766,9.000580826703231,9.061195545670426,9.106837321245216,9.14098585973096,9.166695073854942,9.18634696238669,9.20168882056286]}