{"timestamp":"2024-05-12 02:12:04","trueValues":[8.467263475330117,8.449091232764669,8.428486757356108,8.41423596199504,8.4176550684636,8.448095056533003,8.510243110793816,8.603827860933198,8.724492763564474,8.86422960367694,9.010801467261537,9.147336084524714,9.254069404082603,9.312888985838304],"predValues":[9.06073360482447,9.182655156661545,9.280391527062031,9.353821516356351,9.400006564134324,9.419567021336375,9.418618155502053,9.40523197094184,9.386077107370928,9.365462531989902,9.345726122635936,9.327918808023016,9.312354218875091,9.2989621869624]}