{"timestamp":"2024-05-12 02:12:09","trueValues":[8.376126373781297,8.41212240986211,8.482091829643005,8.585708510328821,8.719705110826743,8.876963542646834,9.045590556632636,9.20996707694266,9.3544344252118,9.467866684402274,9.546484338501736,9.593700115048758,9.617515318546577,9.62664250419104],"predValues":[8.589525236766052,8.539058598028655,8.50992177219614,8.519209760033815,8.561725062552817,8.619381552742407,8.676435499837766,8.725148198619781,8.763785111711758,8.793414975673873,8.815919574849826,8.833117435861034,8.846479699433827,8.857108591510766]}