{"timestamp":"2024-05-12 02:12:14","trueValues":[9.078193799331054,9.268402328167149,9.433964797875705,9.551174446768542,9.601411709815457,9.575140086698358,9.473165980482044,9.30559414783021,9.089496200098235,8.846385344427894,8.600536067275462,8.378431559602335,8.207950669091485,8.114684333873537],"predValues":[8.618999880098684,8.584928420350181,8.565958811537401,8.575796716296985,8.60978046575828,8.653223371011679,8.69416679886844,8.727477305428238,8.752662649927723,8.771110781214748,8.784557034032261,8.794490091164025,8.802028391666305,8.807953620250228]}