{"timestamp":"2024-05-12 02:12:19","trueValues":[9.76713046330849,9.710404765318284,9.574985397646374,9.36872641782898,9.10323216265228,8.79319437101211,8.457195131725054,8.118568039075543,7.803599600350623,7.53583099084778,7.329279377617615,7.18569896640426,7.098042634313792,7.057133493205667],"predValues":[9.857712863737918,9.853941321388035,9.81946426800839,9.763638530722671,9.6965624872646,9.625982284938248,9.557602281877037,9.495226978235731,9.440730716273066,9.394487726547789,9.355954205279216,9.324160555110591,9.298021294790548,9.276497190310064]}