{"timestamp":"2024-05-12 02:12:24","trueValues":[8.734990090210601,8.41310609402257,8.099746740384766,7.822255844228202,7.60406507588573,7.457478593919932,7.380533548418628,7.3601666881517716,7.378772166378271,7.41968582589513,7.4695361005233405,7.517976897415016,7.556467095117484,7.577903755099511],"predValues":[9.328840031827433,9.273373640930515,9.224462132164165,9.194561961044204,9.182575420036809,9.179879790543328,9.17941306549989,9.178111763784244,9.175422513220742,9.171737086425573,9.167599287179415,9.163435440635848,9.159504956614,9.155935945290942]}