{"timestamp":"2024-05-12 02:12:29","trueValues":[7.353808489695544,7.261159581741781,7.234412728341272,7.260395173299339,7.326815781702107,7.424029611421847,7.544040142152813,7.67844153891563,7.817177950176442,7.949165453519834,8.064232845094839,8.15484687438541,8.216627608594953,8.247740573777104],"predValues":[7.69905186167667,7.639927154436991,7.637195111884882,7.7085718830923184,7.837004727705104,7.988130881505713,8.13329167262128,8.257951911729188,8.35859042948122,8.437278251810444,8.49799078103731,8.544784219261999,8.581123654406662,8.60973926850217]}