{"timestamp":"2024-05-12 02:12:34","trueValues":[7.461657590422201,7.563992637759805,7.671301655748268,7.773379685365483,7.860169811922598,7.924027419417691,7.961699253561648,7.974966896339756,7.969969004701479,7.955550762428469,7.940732773876798,7.93161940924729,7.9291552817542845,7.929846066713223],"predValues":[7.789281294647278,7.817216489545062,7.872742682910531,7.9607658034747715,8.06719133966119,8.171904930514586,8.261841198494926,8.33317916454499,8.387541468978105,8.428395326026415,8.459206089400826,8.482805738223117,8.501312608823696,8.516244354959987]}