{"timestamp":"2024-05-12 02:12:39","trueValues":[7.684455275153008,7.701551870650806,7.719846907618344,7.754741515122843,7.823429301555525,7.940935039114872,8.115341629450088,8.343731243673435,8.611145025196215,8.893548229013845,9.163120746756904,9.393072667247525,9.560653536716826,9.649018195823674],"predValues":[8.12116320042186,8.126023413488099,8.14194442534858,8.179187276451472,8.232421307644609,8.2884493101684,8.337337163736079,8.375650877709138,8.404098779103958,8.424838540985816,8.440055478449901,8.45149103938039,8.460394430898102,8.467612190168952]}