{"timestamp":"2024-05-12 02:12:44","trueValues":[7.903423475586629,8.045753882312916,8.238629601246338,8.470343966932312,8.721396324637334,8.96969511090157,9.195097259584914,9.381911666094863,9.520018689597784,9.605887060772982,9.643886346655844,9.646708491593902,9.632797640042943,9.62029706359477],"predValues":[8.046377688507079,7.957610891022828,7.898353023619844,7.889740670782409,7.927787001273863,7.991794513623455,8.061279134725972,8.124307747112589,8.176625604487542,8.218219948990875,8.250729899838351,8.276124154294637,8.296164094400087,8.312256540003744]}