{"timestamp":"2024-05-12 02:12:49","trueValues":[8.953177934876834,9.177119308595064,9.364227677461532,9.505023419950454,9.596556280946702,9.643616836864243,9.659042684285131,9.661023342043508,9.666923320696268,9.686738935097466,9.720489322037045,9.760516044498122,9.795932926894622,9.816671891410234],"predValues":[8.765099437076111,8.834177667181237,8.879686548381473,8.902290286760845,8.903164200167922,8.886360503871643,8.85853853498098,8.82629570182636,8.794319720575846,8.765175186869609,8.739884855814225,8.718561687628068,8.700866270078524,8.68628217562607]}