{"timestamp":"2024-05-12 02:12:54","trueValues":[9.64083934443604,9.65831442311257,9.66323098339362,9.6729200464537,9.69721632758741,9.735830648635714,9.780624026523345,9.8200585716514,9.84325767682878,9.843358676553445,9.820278113158167,9.781921075619003,9.74250566728088,9.717642724534068],"predValues":[10.115916533526512,10.103841219076916,10.047251073348756,9.95755002841138,9.84942397580815,9.735615359748934,9.625478349469931,9.525030402251016,9.43722708898229,9.362681850096706,9.300561703654548,9.24933358015095,9.207254968546737,9.172651931300011]}