{"timestamp":"2024-05-12 02:12:59","trueValues":[10.013052566578178,10.0931161114728,10.141151048944582,10.134849197703168,10.05640430629063,9.89688374642686,9.659386614926484,9.359554579674668,9.022882629063613,8.679824306388927,8.36096339143328,8.093976466641571,7.9019185796891644,7.801510234993863],"predValues":[9.50383268635444,9.490737806263253,9.467879442262232,9.440572306178597,9.41009484189557,9.376144050239162,9.33982508082818,9.303401390650048,9.268929653045385,9.2376622646,9.210091997654745,9.1861954627997,9.165666471395884,9.148079229867228]}