{"timestamp":"2024-05-12 04:43:04","trueValues":[7.280502092169565,7.425990335024037,7.562621699391892,7.683215636427156,7.782669267935651,7.858814555090882,7.9129751258634204,7.949314826796835,7.972791415428286,7.9869518426146575,7.993469514320351,7.993741947788189,7.990518461838974,7.987542159426432],"predValues":[7.226987388057366,7.294446964680407,7.322260694119848,7.309681709990685,7.26344058078665,7.196416897712149,7.122309678685099,7.051182748901828,6.988402914784378,6.935759200403014,6.892982361754889,6.858869173172775,6.831941849211619,6.810771775344951]}