{"timestamp":"2024-05-12 04:43:09","trueValues":[7.920675291713907,7.981662114929856,8.018607814211242,8.033983427558548,8.029011583217683,8.003563905222826,7.958194828904624,7.896248774093134,7.823982673731174,7.748970444013402,7.678513567666638,7.618964661583378,7.575653853338289,7.552771568349849],"predValues":[7.936934918440755,7.934956386992376,7.891687573369645,7.816153600337369,7.720240009178278,7.616633428464928,7.515982684430439,7.4251158900394625,7.347037787100698,7.28205509583062,7.229007648339357,7.18615027570025,7.151653819741918,7.123846735021207]}