{"timestamp":"2024-05-12 04:43:14","trueValues":[8.175252274020888,8.157406420039347,8.107933033857375,8.025653873950167,7.91073053987718,7.764040931876728,7.5877134862516895,7.386452398072574,7.168890485910498,6.948166485000252,6.741027212845804,6.565510555799927,6.438066445333833,6.371050603027431],"predValues":[8.135830220964037,8.149173347746892,8.123459881002926,8.063938616949573,7.979036387877391,7.880390222588694,7.779524455456173,7.684904723927755,7.6011002023894,7.529567413186236,7.469870728558471,7.420663928491858,7.380305235883141,7.3471815788139665]}