{"timestamp":"2024-05-12 04:43:19","trueValues":[7.84741620458527,7.711996039547111,7.551440764083051,7.369053334978288,7.171291887258713,6.967213704127774,6.766757424280965,6.578752682858122,6.409580137464768,6.263012393605783,6.141310914852975,6.046716167466973,5.981855473232735,5.948899927547373],"predValues":[7.847789903566519,7.816089279460083,7.767657253597129,7.709942024093983,7.648147468869488,7.586531257895645,7.528826128364966,7.477610231143826,7.433964529074856,7.397794932940874,7.368351652680635,7.344630538400002,7.325605113949907,7.310345118708465]}