{"timestamp":"2024-05-12 04:43:24","trueValues":[6.789422028283884,6.585341054371078,6.415716800998611,6.293076689278318,6.22608662848058,6.219531746350012,6.2745634397477605,6.387849515126225,6.5496142622931135,6.742482937824683,6.942860544201755,7.12447931224409,7.2624542387387,7.337015424949231],"predValues":[7.108932530942357,7.040040087172859,6.985048129193102,6.955173208004309,6.948331274024701,6.955244173600321,6.967332777487375,6.979769298847014,6.990728566339097,6.999932830720801,7.007681370123626,7.014384828164947,7.020395640726086,7.025963915019956]}