{"timestamp":"2024-05-12 04:43:29","trueValues":[6.080832811302824,6.09511005264443,6.175021300585811,6.317953585934459,6.5145912788227935,6.749602355258363,7.004197676989032,7.25891845100928,7.49587337346147,7.700786133264618,7.864781512508419,7.984845466777955,8.062276108323886,8.099959371384054],"predValues":[6.663600159447986,6.716329590700938,6.767130060107219,6.816696206562629,6.859774715440995,6.891204766600836,6.910322419746872,6.91993174618222,6.923596707243709,6.9241652293780565,6.923481354926594,6.922586975785837,6.921992672142824,6.921896722404396]}