{"timestamp":"2024-05-12 04:43:34","trueValues":[6.924205895056669,7.180124047391662,7.413979341451723,7.601983949980193,7.725306208525078,7.772963991761873,7.743503701021693,7.644670686242371,7.491743547877788,7.305716673431451,7.111489684497551,6.935373806716804,6.801787052470012,6.729743683079807],"predValues":[6.584251984971596,6.676147381821631,6.750283837611082,6.804358292828909,6.836567902389891,6.8486862746168455,6.846353180977152,6.836162308758748,6.823240722931982,6.810669180887794,6.799924139127495,6.791486143709477,6.785311073701388,6.781119585127912]}