{"timestamp":"2024-05-12 04:43:44","trueValues":[7.260121676676505,6.923168255780142,6.5680589383264,6.218901029648372,5.900121711838702,5.634409244098979,5.439314654240794,5.323002042376206,5.280923364324806,5.295867735426681,5.342859186269455,5.397196041429841,5.440981747722404,5.464659139753809],"predValues":[7.397731143641087,7.27207818355525,7.154282204681875,7.06379761451212,7.005693004491528,6.973677952294896,6.958348586189935,6.952301626358917,6.951051090294351,6.952237039692882,6.954704356650877,6.957902858457675,6.96155692218045,6.965516377175952]}