{"timestamp":"2024-05-12 04:43:49","trueValues":[5.4112140058466895,5.18018564092217,5.047465490891853,5.018181019409209,5.084774390498899,5.230645900729589,5.436618028039504,5.685649859673787,5.962453559019526,6.249566539471395,6.524624405418599,6.761748103726475,6.936024723363376,7.028285579743438],"predValues":[5.97861564127545,5.842351464064491,5.76019270646063,5.75253825627499,5.813360024677742,5.917190665306592,6.035416690376028,6.147988192702509,6.245348604917383,6.325219320074525,6.38899267253615,6.4393806378038105,6.47922914890861,6.5110328990497]}