{"timestamp":"2024-05-12 04:43:54","trueValues":[5.120921261694833,5.2722842332709,5.466772226756426,5.69616047575737,5.951864136571831,6.221767561307531,6.4908196646798295,6.744342661702211,6.971259008889239,7.165320145643694,7.324017557751469,7.446182572082727,7.530022177735964,7.572941479153614],"predValues":[5.779726451893398,6.0406739918334384,6.28158132587928,6.472224286425797,6.600706833534666,6.675102034671378,6.712137304761214,6.7271631401146905,6.730794080216292,6.729359618337341,6.726274076748915,6.723210595626665,6.720880957240709,6.719498324167835]}