{"timestamp":"2024-05-12 04:43:59","trueValues":[6.34950908938388,6.616340527757359,6.850586929961736,7.037056076886593,7.16652257394467,7.235466314942746,7.24456027699357,7.197574673503276,7.101923681628307,6.970422040118288,6.82226687295524,6.681324282182434,6.571570007702153,6.511727670839875],"predValues":[6.017848186954184,6.1020959112316815,6.171562060016135,6.227457433954118,6.26997884961435,6.299438210093909,6.317897903191521,6.328645071261812,6.334846853039188,6.338833285592725,6.342051189978208,6.345283446956143,6.348890598964699,6.35299118778598]}