{"timestamp":"2024-05-12 03:10:04","trueValues":[10.426958475060822,10.46672153508278,10.51470065691725,10.567341181833626,10.6214759710975,10.67505898291822,10.726545984663453,10.774104628696833,10.815689936382691,10.849849106418404,10.876336018422284,10.895818333732098,10.90893288219072,10.915665311205691],"predValues":[10.314840807023447,10.268792374662516,10.206314476564057,10.140433419321983,10.079353038466348,10.02420612564586,9.97429578276035,9.929442336615423,9.889729244878296,9.85509431298168,9.82523241544159,9.799656627269664,9.777801881585289,9.759097795732869]}