{"timestamp":"2024-05-12 03:10:09","trueValues":[10.68670903536924,10.736895266976326,10.781314414305209,10.817614246926254,10.844194184992324,10.86089688156394,10.868800375807496,10.869339926968191,10.863738694869433,10.853355391596672,10.840433805769903,10.82808579206372,10.819075553468869,10.814592760426365],"predValues":[10.707267795112957,10.696523019141406,10.64600774106292,10.572272626284626,10.491925750583452,10.41310875492216,10.339389587468812,10.272734021811829,10.21406062386814,10.163420956655072,10.120268026926954,10.083741210714166,10.05287144223745,10.026712513549974]}