{"timestamp":"2024-05-12 03:10:14","trueValues":[10.935958282200296,10.963267013016427,10.978534450342844,10.979272279910376,10.962774772253074,10.92725370066692,10.872355034538105,10.798610882942338,10.70697649064393,10.600181508096249,10.485641441399478,10.376964142930593,10.291377507829452,10.244224457427215],"predValues":[11.019280397159015,11.015907006355302,10.962056079475476,10.87639661825708,10.779944007514793,10.684054337343124,10.59392803040717,10.512326100232697,10.44050998022298,10.37858173325768,10.32587476115403,10.281318998408103,10.24370989040894,10.211877435082943]}