{"timestamp":"2024-05-12 03:10:19","trueValues":[10.924539465961,10.886333396431333,10.833940055051633,10.767363162864386,10.687532448913986,10.599124200452284,10.512051274666115,10.439001363283028,10.390189791086344,10.369190353596604,10.372160808656664,10.38979908162515,10.410518377773329,10.42393060963095],"predValues":[11.053681434956417,11.04399928240381,10.985114848193328,10.898413495078415,10.805772826575875,10.716975463385474,10.635287949233788,10.562096106658675,10.497896429043475,10.442477348543898,10.395133461819803,10.354893576781937,10.320709422603812,10.291575786236288]}