{"timestamp":"2024-05-12 03:10:24","trueValues":[10.635014718399702,10.55303536820149,10.481762520394955,10.429898098625983,10.399540770857556,10.38561450355915,10.37807992409936,10.365393827104306,10.338291879934983,10.293080150556252,10.233353697588589,10.169395356157583,10.115235582751293,10.084148399077804],"predValues":[11.215118331701277,11.226536084785574,11.184501594113714,11.106097102591042,11.012143437667897,10.915246959714594,10.822055576923894,10.736443426102838,10.660384786079817,10.594384123900644,10.537958767196931,10.490098187144566,10.449591981780094,10.41523134387256]}