{"timestamp":"2024-05-12 03:10:29","trueValues":[10.402834425036536,10.403404276114628,10.398692904747891,10.378355812820937,10.337358429848107,10.2777638081,10.208257923897555,10.141389195663786,10.089298853458072,10.059508187302749,10.05248020119876,10.061868922972348,10.07723310740344,10.08813682504696],"predValues":[10.221889165684448,10.215225841744244,10.20761099408222,10.209351378811396,10.21809582865714,10.22584250753872,10.227932138684228,10.224078733399622,10.21591689249193,10.205283216217508,10.19360552173658,10.181818853868515,10.170464358506504,10.15981367175214]}