{"timestamp":"2024-05-12 03:10:34","trueValues":[10.236361363073526,10.163871202796066,10.098589233394488,10.054223243815429,10.039672372956613,10.056343174878336,10.098106029448603,10.153701062100094,10.210540517674918,10.258491465901985,10.292361989356158,10.312292424496974,10.321934177159717,10.32549787270779],"predValues":[10.825772366791458,10.840836209936056,10.81750846300411,10.76987592969848,10.711893582502478,10.650914201371505,10.590987343687008,10.534883059792223,10.484257745171607,10.439743977048042,10.40124341358436,10.368243082494772,10.34004449094662,10.315912467259862]}