{"timestamp":"2024-05-12 03:10:39","trueValues":[10.091910493706834,10.139771605336698,10.198449787477871,10.253791789240209,10.294084300450397,10.312740012750476,10.308936044173205,10.286088843299646,10.249212780670527,10.20314255363217,10.15278728038065,10.104369607110147,10.065579333909932,10.043865456262584],"predValues":[9.919802178685178,9.880683390591065,9.85358197499924,9.854874239897416,9.879815856113964,9.912982570960494,9.94289603151791,9.965279165235518,9.980143135240787,9.98903376889854,9.993670187838028,9.995475425021988,9.99548658814945,9.99441439633554]}