{"timestamp":"2024-05-12 03:10:44","trueValues":[10.478399761141208,10.499708045157414,10.487078826954669,10.4384416121774,10.351640854070322,10.22562775022944,10.062866162359011,9.870824754309048,9.661667082393851,9.45082856242928,9.255275021848568,9.091573604961289,8.97390626784248,8.912448466963108],"predValues":[10.680568783687283,10.710733680401358,10.705294579439556,10.674094701336449,10.627615691201957,10.573091787209384,10.51604023221277,10.46075936186273,10.409983079232616,10.36496803352823,10.325942271496304,10.292526778380603,10.264061334928346,10.239811301036983]}