{"timestamp":"2024-05-12 03:10:49","trueValues":[10.310216614366418,10.185025329337789,10.0293353169262,9.85014745278323,9.656560748945935,9.45839025234148,9.264850327324032,9.083435685041014,8.919421966373525,8.77626894346874,8.656644603790232,8.563289229341333,8.499059517597484,8.466309027932063],"predValues":[10.536505434316796,10.535940899013683,10.517218207948828,10.4898488772979,10.45866388336474,10.424396271519392,10.387986933933714,10.35139579684364,10.316521123495324,10.284574910584713,10.256081825102545,10.231074824853714,10.209307789456542,10.19040755150728]}