{"timestamp":"2024-05-12 03:10:54","trueValues":[9.436762490248844,9.256121824803236,9.093726493829084,8.95476575686402,8.841803943759471,8.75560121033789,8.695836218001604,8.661096831126585,8.648344021155506,8.652635180509897,8.667582608182386,8.686356064898323,8.70277436750839,8.712211462834315],"predValues":[9.75591098863103,9.684423383515211,9.635158907290045,9.628006000473976,9.656981226747032,9.702249303340572,9.747735326708383,9.786026448637768,9.815566210213934,9.837350256091046,9.853077507953426,9.864360240353175,9.872493907653464,9.878437475661077]}