{"timestamp":"2024-05-12 02:46:04","trueValues":[7.7270030038994015,7.932173047211688,8.213374620094587,8.548348180598824,8.906370144059693,9.254519650223596,9.56341667655258,9.81177765738411,9.989114568678271,10.096330029027047,10.144492013520903,10.152015961430733,10.14037760368467,10.1288019720834],"predValues":[7.670394518747553,7.567401644255899,7.513751122092904,7.530380726758515,7.607518734891674,7.716787413327331,7.831055046556261,7.934222278467331,8.020331188460476,8.089307089897195,8.14354048678699,8.186010073641143,8.219467029801702,8.246172951734849]}