{"timestamp":"2024-05-12 02:46:09","trueValues":[9.51801730031698,9.84759534921427,10.087973630755004,10.218600295702952,10.231412908142582,10.13119938660038,9.934626811955578,9.667937038985375,9.363540347756333,9.055770265723575,8.776189738421504,8.549538914194839,8.391861067728652,8.311455984291424],"predValues":[9.087126959188662,9.233319808017027,9.3189271746406,9.34495108264353,9.320672343567262,9.262069645430836,9.186274667846932,9.10677672141042,9.031896057123458,8.965601432587768,8.909024842085813,8.861750857802733,8.822671406443487,8.790472428432468]}