{"timestamp":"2024-05-12 02:46:14","trueValues":[10.167673045063346,10.015709390914289,9.800435388304557,9.5502601334716,9.293607075245315,9.054243043571187,8.84749793613167,8.678985211307985,8.546502543524998,8.443944765215639,8.365115809060637,8.306072698966934,8.265737927345638,8.24500374702751],"predValues":[10.383052300017724,10.295057618849638,10.145315958643147,9.973632905620068,9.810221730046814,9.666129675491424,9.543036526848269,9.439811087201145,9.35441635157686,9.284443742330977,9.227413982011788,9.18099131909211,9.14310898025886,9.11201541765539]}