{"timestamp":"2024-05-12 02:46:19","trueValues":[9.028551903082146,8.827341048976612,8.66910531192604,8.552153212331092,8.470408287809597,8.417034185945678,8.386600576806252,8.375558914801946,8.381286662345282,8.400465446903613,8.42809179527493,8.457816280031727,8.482924280005221,8.497384782689338],"predValues":[8.958231110574927,8.798602374690265,8.671325445347364,8.603198207386555,8.591001161689864,8.612867336290453,8.64786985402709,8.683592659273819,8.714757453262047,8.740067186896116,8.75996493002079,8.775443137825253,8.787524033838583,8.79707435517163]}