{"timestamp":"2024-05-12 02:46:29","trueValues":[8.374262928861281,8.511968611353044,8.679869490476275,8.866985301427718,9.05916491962722,9.241782521788714,9.403374107585556,9.537824941055709,9.643852857273457,9.722912783851434,9.777629118898364,9.811629878839604,9.829736471584022,9.837078088411957],"predValues":[8.59175839383608,8.623370244500313,8.657466688391231,8.698618228838546,8.740597967028089,8.774725773991403,8.797360078076924,8.80977666528038,8.815039016724022,8.815998248319563,8.814698275547663,8.812416213347799,8.80987819658254,8.807455532134394]}