{"timestamp":"2024-05-12 02:46:39","trueValues":[9.87156789965156,9.791154576763107,9.653199584424684,9.466848713493182,9.245810284492736,9.00692945676449,8.768553627659553,8.548496224932078,8.361265593241018,8.215149823149897,8.110855381153847,8.042990742477162,8.003648957622541,7.985908355985648],"predValues":[9.917095386064233,9.874552707304074,9.803224043860228,9.71660774314503,9.62730272344383,9.542064271604024,9.464161057662174,9.395268613892677,9.335904696778798,9.285692949451796,9.243719590192232,9.20883800633644,9.17987606950084,9.155755208941546]}