{"timestamp":"2024-05-12 02:46:44","trueValues":[8.890924628271371,8.65341766258728,8.449421608179815,8.297253562482691,8.208032532026209,8.183574917121792,8.217068817918477,8.295859234704857,8.404274997044617,8.52544011410172,8.642848572978892,8.742341275433507,8.81366754677861,8.850699627403458],"predValues":[9.360584245288724,9.285726970411684,9.216047791944815,9.165332640727,9.134798829229162,9.11729982956521,9.10590652904583,9.096864927378585,9.08874773898074,9.08121050163346,9.07427341528167,9.068013027085115,9.062464952736178,9.057608460712428]}