{"timestamp":"2024-05-12 02:46:49","trueValues":[8.120673617545998,8.133788166004619,8.195056725294625,8.292174871064685,8.412133307200826,8.542488336047178,8.672888814769632,8.79604867638881,8.907252562706741,9.002953788655292,9.07998468392256,9.13615647815962,9.171440466181563,9.187959768516292],"predValues":[8.308595034195996,8.30759859217558,8.325421322535949,8.37474746175091,8.447175693249829,8.523983591756593,8.591308679272585,8.644255658616682,8.683554651482696,8.711946471451451,8.732311736985814,8.747014904797869,8.7578104464205,8.76593401374832]}