{"timestamp":"2024-05-12 02:46:59","trueValues":[8.80611462789513,8.739273275902521,8.655137050005276,8.572628780196336,8.514278049794065,8.500609066004799,8.543920140038638,8.644451013347279,8.790783932846425,8.963626090604375,9.140309693153224,9.29814036815015,9.416754976370786,9.48041829229028],"predValues":[9.157868229496977,9.162214407122434,9.15402279787484,9.13887283917553,9.118182779789755,9.092148240236863,9.062530868345958,9.032151214322605,9.003398187443805,8.97765123131745,8.955408434059372,8.936611853722262,8.920915964932277,8.907871318914673]}