{"timestamp":"2024-05-12 03:12:04","trueValues":[9.55702126767148,9.429526657343054,9.234523299473,8.984515491551983,8.69469279480293,8.38024716254751,8.054432948126378,7.72889223032808,7.415566100283915,7.127754892788131,6.879117225868779,6.681761371780347,6.5450113327360135,6.475083641788729],"predValues":[9.665405666938844,9.634644871849265,9.60281826387575,9.582813939462682,9.5744399991332,9.570922550827468,9.567409355141724,9.562450800238311,9.55634563267124,9.5498120136406,9.543445309944405,9.537608057436431,9.532460792521151,9.528031157228476]}