{"timestamp":"2024-05-12 03:12:09","trueValues":[8.363352300710288,8.074293746614927,7.797173891552122,7.542201681375214,7.318992821449532,7.135289472247921,6.994949025886226,6.896873774830619,6.835189787725753,6.800324948561154,6.781213408556348,6.768726121545628,6.758785090751389,6.752501047356164],"predValues":[8.603825734623205,8.477382053008764,8.40157830439614,8.403999905689288,8.47449585298217,8.580503835043736,8.691992115323217,8.792058389898411,8.874879758853805,8.940654500596235,8.991942692357133,9.031781767961338,9.062915198877173,9.087563384314702]}