{"timestamp":"2024-05-12 03:12:14","trueValues":[7.142300979449463,6.9953402669249165,6.8880312489364535,6.814680464689372,6.766278738743816,6.7327835090033865,6.706593483032263,6.685662619039794,6.673570028321504,6.6754670955182815,6.692495781990681,6.7191113357491306,6.745256974999152,6.761160710590941],"predValues":[7.590108242881177,7.532371750278103,7.533705212432391,7.614912712103186,7.760566275559604,7.93474269283809,8.10506490746572,8.253595899920013,8.374944145425253,8.470669292361222,8.544986484500072,8.602498385610147,8.64726093200288,8.682534554263608]}