{"timestamp":"2024-05-12 03:12:19","trueValues":[6.816393207388643,6.797754505568504,6.775535097720347,6.750058980329335,6.723522100040623,6.694909542515731,6.657904705237668,6.603700545110275,6.526416618953853,6.427320207524163,6.315923757257501,6.208159708930561,6.122480978027852,6.074977219371166],"predValues":[7.369505973218024,7.485669743383109,7.633628492660565,7.809840320179742,7.989619032711984,8.148658514939864,8.276246948696727,8.37304083219287,8.444601263425943,8.49718437797251,8.536096913997314,8.565362913161895,8.587878143887814,8.605675092739517]}