{"timestamp":"2024-05-12 03:12:24","trueValues":[6.743218906870971,6.72467642057801,6.687465729913761,6.622944846595262,6.529096832699886,6.4118481128609295,6.283588961195687,6.159748680378785,6.054502315977796,5.977020244308913,5.92945123451432,5.907161126858899,5.901032835670653,5.901188720772007],"predValues":[6.8763312282006,6.87505517641612,6.928600977811964,7.045716537487617,7.206474609767248,7.379654850814067,7.540765624763768,7.677861056287571,7.788613899098262,7.875647222360813,7.943256703838354,7.995759284393939,8.036850225006457,8.069464099254835]}