{"timestamp":"2024-05-12 03:12:29","trueValues":[6.39032879257793,6.275442934718567,6.171203643887959,6.091667955449072,6.045053260158161,6.031521954940935,6.043275000532236,6.06680474691351,6.086709400545662,6.090361337958443,6.072451030205243,6.037685994715936,5.999617072180808,5.974872804110473],"predValues":[7.18455713793808,7.16295409419911,7.175332407822694,7.23898349745973,7.344947624377692,7.468752555290962,7.588162669237686,7.691271427623953,7.774972025761405,7.840823048874829,7.892026985602259,7.931895297968867,7.963269799280143,7.988390291324844]}