{"timestamp":"2024-05-12 03:12:34","trueValues":[6.35826629708958,6.407699814959184,6.436473307571664,6.415952422724697,6.321047366974108,6.136662801208527,5.862696662548295,5.515411833632436,5.124233321744689,4.725396472510846,4.35538363236361,4.046486821987985,3.824759767562188,3.7089079669413705],"predValues":[6.050000253250984,6.0389829109172215,6.110202733868308,6.258056762378613,6.453363783894526,6.661451523200175,6.856168227904313,7.02401355717898,7.161532124391368,7.270944860329042,7.356746784316964,7.423780301575181,7.476376705559202,7.518084807647154]}