{"timestamp":"2024-05-12 03:12:39","trueValues":[6.27243845869862,6.0591312928323084,5.7706401977163,5.428081424995567,5.057478749778664,4.683780117376728,4.32739697411928,4.00355532751147,3.722990252235504,3.492532269966576,3.315187385009941,3.1900067315312737,3.11242020488399,3.0760165817564147],"predValues":[6.889256535069855,6.999875154562243,7.123996108298207,7.257940879990051,7.387204048655059,7.498196898706196,7.58573468901456,7.65153919909689,7.700112890363121,7.736081815991525,7.763207152570768,7.784251508359107,7.801145838618832,7.815210050278026]}