{"timestamp":"2024-05-12 03:12:44","trueValues":[4.403021265490864,4.038448738966597,3.740531246521815,3.5298640938532326,3.421280818154346,3.422181576225082,3.5304392607063084,3.732727622400737,4.004497747968629,4.312470477310784,4.61917821832514,4.887970579642371,5.08714735245096,5.19311666224953],"predValues":[5.412114365234302,5.366793728915624,5.418189830908662,5.552179587346293,5.739812955439442,5.948652345327577,6.152075890769457,6.333705024573008,6.486839079478774,6.611352868985922,6.710497122390452,6.788682869772607,6.85027781764652,6.89908513722322]}