{"timestamp":"2024-05-12 03:12:49","trueValues":[3.2482755989988163,3.299694558824277,3.4529153937566277,3.692729073547065,3.9966032573189487,4.338382986604241,4.692055234126932,5.03424801574014,5.345420127314324,5.6106462680903615,5.8206363903677705,5.972473396177875,6.068810787497423,6.114959688005516],"predValues":[4.28845427107145,4.381556539878111,4.563117673291381,4.794582214164988,5.043494673427326,5.28540928038511,5.504051291576385,5.691136005244182,5.844978918743825,5.968137052736134,6.065146889590931,6.14097907759971,6.200214220064645,6.24672286564466]}