{"timestamp":"2024-05-12 03:12:54","trueValues":[4.251471477647767,4.5634326163472805,4.864364551890102,5.140224236046186,5.382945511857521,5.591100097033571,5.770008417859663,5.930021085592414,6.082402028077574,6.234055772545167,6.3836010148660645,6.520615115032639,6.628139554802257,6.687965014078966],"predValues":[4.442279441095616,4.677586192979248,5.002551079452598,5.330894107703551,5.614685326816222,5.841628651561285,6.016316712181808,6.148595387099853,6.248434545188933,6.324196299179198,6.382358452463972,6.427756632650203,6.463934202446659,6.493463066684111]}