{"timestamp":"2024-05-12 03:12:59","trueValues":[5.133766101020294,5.248141976717299,5.385979423981432,5.577800227369633,5.8492707425700905,6.214663160938176,6.672876585475073,7.20628882343162,7.782262079572014,8.357707479256675,8.886216446369625,9.325020115925216,9.63909311235438,9.803015665480924],"predValues":[6.197141967913674,6.334230090246876,6.465349926218797,6.584035101352322,6.683551857688731,6.761316994375418,6.819538551445619,6.862633273437681,6.894990661543169,6.920074474740494,6.940348043156411,6.957476799092851,6.972555526407401,6.986296273158926]}