{"timestamp":"2024-05-12 02:57:04","trueValues":[8.317334434055505,8.162957152275775,8.043873161124209,7.968914089156259,7.948336724200107,7.991337888552483,8.10088697411845,8.269840642476911,8.480893653962013,8.709895379674563,8.930558249172515,9.118715952020471,9.255096943386665,9.32658454850248],"predValues":[8.529886228296844,8.45647351527122,8.407746463896752,8.39686188304317,8.417459979521752,8.453364318484123,8.491201473230026,8.524332040806677,8.550957428748843,8.571560043636161,8.587343642713352,8.599530056860079,8.609124499125477,8.61688234113452]}