{"timestamp":"2024-05-12 02:57:09","trueValues":[7.867917288170426,7.931840279697801,8.05931867691253,8.240005589600484,8.457968842773717,8.695827181184134,8.938124191704702,9.172904430611666,9.391485908415332,9.587195201203023,9.753984551777474,9.885766334629055,9.97692283875656,10.02344384351341],"predValues":[8.024396958955624,7.939996007464264,7.89390079628349,7.90220696048195,7.956189984370081,8.032837346472382,8.111453671628096,8.180811777286035,8.23747528070895,8.282078885429714,8.31671727258007,8.343659214922427,8.364862246593985,8.381861563409608]}