{"timestamp":"2024-05-12 02:57:14","trueValues":[8.728682391616706,8.952846230517943,9.160573958962924,9.343222924196812,9.495317877987928,9.613464166432632,9.695905457476798,9.743119639291326,9.758857522703671,9.750174735847722,9.726018259596046,9.695673158110075,9.668194322494514,9.651803130336855],"predValues":[8.682503722768711,8.73976684560962,8.781823396747656,8.806774581359175,8.81291137778739,8.802096167797327,8.779816160114372,8.752256258930332,8.724072019974631,8.697951630655776,8.675070408822332,8.655681916940953,8.639555716166159,8.62626734186562]}