{"timestamp":"2024-05-12 02:57:19","trueValues":[9.59327804251517,9.673135335340485,9.71970471364967,9.7375683754774,9.734581441514894,9.72033782245005,9.704475018325624,9.695949578409149,9.70226790855301,9.727210056347058,9.768150560527577,9.81585060417548,9.857625685028207,9.881896450442005],"predValues":[9.51464284635827,9.486327839338006,9.432643827792624,9.36336439560442,9.288044648303927,9.213334620393894,9.14368521026693,9.081793642149009,9.028721476304078,8.984315086835153,8.947725544477576,8.917823778625122,8.89344776086668,8.873535133572055]}