{"timestamp":"2024-05-12 02:57:24","trueValues":[9.665597034838203,9.638303188192024,9.622459520857534,9.628109126508631,9.661692598113769,9.723073851833396,9.804943697066976,9.895522908031412,9.98259955486007,10.056777473694382,10.113217714568044,10.151664588704406,10.17472229426726,10.185384675726583],"predValues":[9.761824788298744,9.697575673976209,9.61137506686462,9.518807756056834,9.431845398390296,9.354689582410945,9.287866038264523,9.230962261812415,9.183198428864724,9.143547531694889,9.110862426061749,9.084000751921623,9.061907327940544,9.043660930314092]}