{"timestamp":"2024-05-12 02:57:29","trueValues":[9.81300294351751,9.899999853721432,9.985424889263117,10.0537527977295,10.092742944069048,10.09573413065154,10.062297374435914,9.997177004593794,9.9084375833507,9.806284867094988,9.702728786243966,9.61076268958667,9.5423103919857,9.505959527924825],"predValues":[9.587972367505422,9.597907019369682,9.58978398361936,9.566702357069088,9.531286006250085,9.486994969098276,9.438519353880466,9.39039298507899,9.34572505948094,9.306050241323684,9.271758708490918,9.24258148276854,9.21793861310599,9.197150743460544]}