{"timestamp":"2024-05-12 02:57:34","trueValues":[10.124851819694118,10.114472237463843,10.074602330364744,10.01089701982289,9.930249271257724,9.840525900065424,9.74996848377841,9.665507198241004,9.591053922262612,9.527358180115726,9.473664068597875,9.429873245871894,9.397750549231873,9.380427501719833],"predValues":[10.276549153516564,10.275478556435148,10.22968634442836,10.151304179160611,10.055752060700314,9.955014403744864,9.857277501766871,9.76773752481146,9.688999202619904,9.621676507202654,9.565132077139342,9.518105010604186,9.479131343167086,9.446786447132803]}