{"timestamp":"2024-05-12 02:57:39","trueValues":[9.8568214082734,9.771372451744298,9.69123554915492,9.619460892190066,9.555815118328017,9.49851797452722,9.446522784693688,9.400871972301427,9.364380771781022,9.339737370540972,9.327186825807964,9.323720408942062,9.324635785394,9.326033834214323],"predValues":[9.980307392687738,9.923875125476547,9.853178507678088,9.781703128844732,9.717771366288638,9.662139123212274,9.613367950905452,9.570544067648736,9.533226795696091,9.501041372911278,9.473518416363364,9.450106680186696,9.430220365978233,9.413293875279866]}