{"timestamp":"2024-05-12 02:57:44","trueValues":[9.726622663211522,9.702806928136203,9.663174636178807,9.60118632095621,9.51061986785173,9.38457912198094,9.216284343931529,9.002430716397043,8.747497311377504,8.466312483185801,8.183460627959674,7.929932182267935,7.73787376373803,7.634155551750052],"predValues":[9.79125026071279,9.801795163545007,9.798311736199164,9.783883128164938,9.759801604340511,9.72742428207884,9.689805605684706,9.650710207000513,9.61311757790379,9.578768103123718,9.548373033352917,9.521984463186207,9.499296735562115,9.47985003594468]}