{"timestamp":"2024-05-12 02:57:49","trueValues":[9.606417043538707,9.504732647058928,9.346054105952335,9.123315692112582,8.83829579805996,8.502126719762222,8.133523706199254,7.755575826006302,7.391726975798676,7.062152382155125,6.782106724542109,6.5625309310280215,6.411414079833632,6.334370293812032],"predValues":[9.343080993004786,9.323158531526442,9.308539087170356,9.307828899632732,9.317364868373328,9.328576369388315,9.336116264623088,9.338922993813698,9.338021438376714,9.334837289162367,9.330530979849277,9.32587861358484,9.321331499665057,9.317117153259156]}