{"timestamp":"2024-05-12 02:57:54","trueValues":[8.474764565407522,8.132557032518738,7.791347004805367,7.4738410808926865,7.197953688259508,6.97485433329846,6.809398179089547,6.701496452190566,6.64696630216239,6.63777439695752,6.662149218666591,6.704783860333943,6.747940378210174,6.774800989195303],"predValues":[9.161833797633708,9.100476996478996,9.056475669063715,9.043872498158386,9.058073591023373,9.084809812873916,9.112512974193727,9.135855605295626,9.153717672390862,9.166792352537117,9.17623635837052,9.183117629084997,9.188259046647794,9.192249598926942]}