{"timestamp":"2024-05-12 02:57:59","trueValues":[6.70190935501231,6.501714611294627,6.385328243052161,6.35982501520874,6.427946538711442,6.586637438994865,6.825324772513759,7.124871882226527,7.458734445759481,7.796528024891782,8.108246398792577,8.36734444772193,8.55252186132611,8.648912277501104],"predValues":[7.60004821052042,7.535795109366649,7.52876233906518,7.598909039941731,7.731069040183296,7.890179488007191,8.045209281165988,8.179523499219096,8.28850645474946,8.373943184996103,8.439922052497849,8.490759200751505,8.530193480090816,8.561190029800857]}