{"timestamp":"2024-05-12 04:40:04","trueValues":[3.185963685974176,3.6887861639011943,4.168592731546158,4.581696223795236,4.89176986369294,5.077184261190545,5.13527584756243,5.081894901638221,4.9469869115196,4.767886990228993,4.581811177429226,4.419425514520822,4.301657509913291,4.240273199623046],"predValues":[2.9166330359928097,3.123065575863372,3.4047085574113565,3.681900241883609,3.91557320486178,4.0994748656938205,4.240162681338807,4.346759676186098,4.427497344407447,4.488944877119912,4.5361056457782425,4.572718320062892,4.60155595082289,4.624667852372867]}