{"timestamp":"2024-05-12 04:40:09","trueValues":[5.140382978376593,5.234683098934206,5.218700091847995,5.118014463040184,4.964316205067244,4.788129195572516,4.612838583551859,4.452213654823735,4.3119560597986775,4.193306301015971,4.096245166932595,4.021258386487551,3.969738426937428,3.943404576029442],"predValues":[5.9539356940824,6.181606482633778,6.320651208843559,6.362142693100985,6.326123799187748,6.246221588063837,6.152550722369743,6.063992569053544,5.989131838922765,5.930073578870363,5.885723270827501,5.853785031579362,5.83177732446987,5.817463138492138]}