{"timestamp":"2024-05-12 04:40:14","trueValues":[4.650177309640094,4.465137062756966,4.310046683260456,4.195810163926969,4.128240716879763,4.110428485174984,4.143537523862958,4.226178937223406,4.352850806784859,4.512322772989984,4.6870059123657,4.85377981396911,4.986426240845143,5.060451131807156],"predValues":[4.649504232856565,4.436714142389852,4.317416141459861,4.2964796959036615,4.35152565052898,4.449900223322052,4.563006374252691,4.672336516336578,4.768834493895979,4.849772483775174,4.9158050406042415,4.969010100823726,5.011811059800834,5.046471042287056]}