{"timestamp":"2024-05-12 04:40:19","trueValues":[3.6415677959138666,3.607622120690881,3.666402565053274,3.8322061716044615,4.113137636671077,4.5078046030496814,5.002840091493662,5.571583494975121,6.175012928240214,6.766238604642701,7.297975310324853,7.729891861813485,8.03267069692669,8.188253596472387],"predValues":[4.61791308049117,4.688449693462667,4.776178569269844,4.874717023667965,4.973309964759652,5.061799145895458,5.1351048125023775,5.1930688867218775,5.238058682495099,5.273035883853384,5.300652929618482,5.32299925159434,5.3416251955545215,5.35764634332623]}