{"timestamp":"2024-05-12 04:40:24","trueValues":[4.435789953379702,4.853058994881522,5.333259428229074,5.844622628925642,6.350774642512771,6.818113923750385,7.222622871008219,7.552838812903374,7.808393366229582,7.996110125542765,8.126105010634076,8.209315760106916,8.256464823677915,8.277052554395281],"predValues":[4.148962471573869,4.19773483993006,4.281811113852584,4.39192281605913,4.512845409188568,4.6292063613819,4.731167510396694,4.815331079311504,4.882511909983916,4.935339616626851,4.976801398991564,5.00959208920529,5.0359169032958055,5.057491241849871]}