{"timestamp":"2024-05-12 04:40:34","trueValues":[8.19022840687828,8.25087980469285,8.26137394187399,8.23048397345234,8.164896612778035,8.066448194318676,7.931576351469934,7.755146842965237,7.537162060903325,7.288225381641224,7.030682728471668,6.79526911497557,6.6147996174843895,6.516752274247439],"predValues":[8.23058284686701,8.107657942502046,7.881152770509892,7.641454642378131,7.4312792653425905,7.258346207832445,7.119281281677732,7.008670635847816,6.921247932067817,6.852363461960792,6.79808753887114,6.755190563708416,6.721082690901285,6.693724124694697]}