{"timestamp":"2024-05-12 04:40:39","trueValues":[8.377397375579545,8.315752459420798,8.19132478546836,7.989190315459668,7.703913669475404,7.342326415733962,6.922380989505276,6.469546464778507,6.012444834579139,5.579424263073888,5.196962691896349,4.888749340677265,4.673677686364592,4.563630089081971],"predValues":[7.824052310383441,7.751667668239378,7.640194006341099,7.519582527248394,7.408555390448621,7.31328500806238,7.234073050319909,7.169303787415365,7.11686100932833,7.074628240249633,7.040681701213212,7.013363402002115,6.991288849022222,6.9733303006110585]}