{"timestamp":"2024-05-12 04:40:44","trueValues":[7.002335029435264,6.59537670596,6.2027505092030335,5.863589048273434,5.613370071191248,5.480091964129361,5.48098727353074,5.618261514435507,5.87507005908002,6.215172013498348,6.587707770287534,6.935305499008283,7.203335644640251,7.349052731607706],"predValues":[8.19106776774797,8.194640234324769,8.140188624871953,8.048901352679884,7.942072349172316,7.834269495688006,7.73402966105964,7.645588720581799,7.570221131306466,7.5074014288766495,7.455712693470841,7.413432348206054,7.378863066130466,7.350488256641654]}