{"timestamp":"2024-05-12 04:40:49","trueValues":[5.226822861809567,5.1398475469415095,5.199254787621493,5.402119578665555,5.728422179913179,6.144623440033142,6.609961597778701,7.083288966639406,7.529263085068504,7.922338597705842,8.246974039024668,8.494783242413043,8.661456443304132,8.745064281168146],"predValues":[5.945792724175895,5.834885458101971,5.786039997839774,5.814418794159824,5.903973522390815,6.022702951351066,6.142929967018183,6.2494919857272695,6.337523478637107,6.407727456989091,6.462948657764956,6.506398074842707,6.540929216232797,6.568836769100673]}