{"timestamp":"2024-05-12 04:40:54","trueValues":[6.3438681218671285,6.7899132058922405,7.213259664954546,7.5731347075742175,7.84112179542883,8.002727202240626,8.055913657247673,8.009254708130037,7.881104928535053,7.698564405110801,7.4945680849145875,7.30333201677443,7.155732348097023,7.075421619665729],"predValues":[5.927300073273393,6.137768083721704,6.331891946620949,6.48694898312653,6.592623001624839,6.653908837183536,6.683684087591415,6.694571459226862,6.6956338168570575,6.692407805914726,6.687926873393469,6.683687542845153,6.680320132288294,6.677998866247936]}