{"timestamp":"2024-05-12 04:40:59","trueValues":[8.175337857998102,8.269689940256164,8.25254762909352,8.133948170831584,7.932029255498419,7.671029222280429,7.377954068608508,7.079465329694699,6.799697687113253,6.558304889917161,6.368138621492174,6.233491370136431,6.150763293031974,6.112362134560458],"predValues":[8.12482125097587,8.134864610438518,8.067589491207357,7.953485849636628,7.822160426067271,7.693302053667159,7.577550521851943,7.479174397932342,7.398497412604773,7.333801773183733,7.282597304878805,7.242327119923542,7.210691614060639,7.18576461622529]}