{"timestamp":"2024-05-11 23:56:04","trueValues":[10.566566141841218,10.620915156836876,10.64810268798341,10.632819303332049,10.562387411127698,10.429127842831065,10.233043787907125,9.983514399734506,9.698946080766625,9.404428757342028,9.12808978962411,8.896772778118056,8.731804080475012,8.646464363121794],"predValues":[10.431458278583266,10.457430623568866,10.466015600165145,10.462327515482482,10.448138648899956,10.424320787514644,10.39358922918747,10.35974953722819,10.326025729163526,10.294443115261696,10.265975013921944,10.24088508758339,10.2190340629415,10.200091830369878]}