{"timestamp":"2024-05-11 23:56:09","trueValues":[10.28573853372832,10.11833521114342,9.923389795220675,9.722292432911011,9.540545023114106,9.403065261059089,9.3288793685623,9.326110912951563,9.389073609728404,9.499409429991738,9.631234270620675,9.75765881544518,9.855732737557044,9.909052086938646],"predValues":[10.834454090492413,10.84365994960661,10.820186550440148,10.774240180958875,10.716514585694515,10.653824056596768,10.590903886019788,10.531353385204037,10.477414216459504,10.43003152457804,10.389219662152088,10.354455025345905,10.324976395182034,10.29996461073572]}