{"timestamp":"2024-05-11 23:56:14","trueValues":[9.304708008140675,9.200930259472898,9.17362418654426,9.22222738036164,9.334172817289591,9.48955185686472,9.666929699626245,9.84738856556746,10.016059700485616,10.16235408061614,10.28000281252251,10.366789749614636,10.42332142181799,10.451101661875043],"predValues":[9.844798188418627,9.748299862011494,9.680209037109314,9.661424151477163,9.684466972870068,9.727508802901058,9.77300333150884,9.812513892219146,9.843787659594508,9.867417874122946,9.884894547531973,9.89774702828397,9.90725163395217,9.914378493470824]}