{"timestamp":"2024-05-11 23:56:19","trueValues":[9.528043915088432,9.69857663440536,9.865457416309503,10.012963261558475,10.130298894318392,10.211915177085318,10.257507515952774,10.270998952857637,10.258732270508675,10.228094801398685,10.187221807560435,10.145018806821644,10.11045351157729,10.091018506664817],"predValues":[9.743973884330968,9.863381606178953,9.959414270697645,10.03146269007408,10.076326767768974,10.094595491650349,10.09233309781792,10.077442017360244,10.05645267984297,10.03366607880421,10.011498765550876,9.991107452719104,9.972901454982516,9.956887682848595]}