{"timestamp":"2024-05-11 23:56:24","trueValues":[10.209321078893998,10.257081190799202,10.273635045671314,10.26527652108928,10.239215402661475,10.203255248061794,10.16579763964962,10.135134654819712,10.117926959624786,10.117457576693855,10.1322689205268,10.156015018949851,10.179391671011636,10.193633695343983],"predValues":[10.451332898086768,10.463551206883388,10.446160649029077,10.409297344259912,10.36173710549404,10.309051928067817,10.255605531664138,10.204904733038774,10.15912953151193,10.11918467198558,10.085071749192211,10.056292675016005,10.032136730341826,10.01185651720718]}