{"timestamp":"2024-05-11 23:56:29","trueValues":[10.214684164273551,10.171477545218115,10.132106257812346,10.103210768164026,10.088428129515984,10.087130548842826,10.094357344931147,10.10277540619298,10.106154112771677,10.102156649985051,10.092553170902182,10.081215154442615,10.071809953766586,10.06663185735641],"predValues":[10.401735654347712,10.355058365806386,10.297778232485536,10.244192031199828,10.199763847053475,10.16208829186703,10.128266141965192,10.097270921198898,10.069109008498124,10.043965392832249,10.021866653076188,10.002657568600458,9.986055340176003,9.97172241609146]}