{"timestamp":"2024-05-11 23:56:34","trueValues":[10.115439708510609,10.12724232370362,10.137764368703415,10.139547279632447,10.129026829365149,10.10690895281915,10.076359725573862,10.040932743204896,10.003644176437156,9.967202944201585,9.934426938816245,9.908003284534654,9.889797818375566,9.880615880248788],"predValues":[10.003473540060227,9.952269337544047,9.910803103217788,9.892853325835343,9.895258714014796,9.906174657940774,9.91673497652044,9.923562557907596,9.926495270965283,9.926495270965283,9.924627839214033,9.92173499446871,9.918388714117407,9.914940902463943]}