{"timestamp":"2024-05-11 23:56:39","trueValues":[10.091670220677637,10.062481300250298,10.030731771014024,9.999860939382316,9.972808960497826,9.952334189998831,9.940661811292884,9.938704542944434,9.94575007110586,9.95980391700384,9.97793336758068,9.996430138208794,10.011373844838792,10.019649974908605],"predValues":[10.27002616603589,10.24373646928385,10.21171743025598,10.185029050380274,10.165276693701362,10.148437913290202,10.131706511533682,10.11465935274322,10.097917319436736,10.0821773097144,10.067878938167238,10.055195499059677,10.044103602981789,10.034473545024008]}