{"timestamp":"2024-05-11 23:56:44","trueValues":[9.930344423629904,9.913729437345497,9.908390804530857,9.91465757165739,9.93164306745806,9.95747241809664,9.989289989252685,10.023632553525278,10.057234630342853,10.087504247824077,10.112412374658238,10.130557240982528,10.141674652780331,10.146694339096037],"predValues":[10.14101709141503,10.111115857140074,10.084237172520009,10.07076540398258,10.068480152317727,10.069213729265272,10.067658865082976,10.062656720824712,10.055058883642632,10.046113497502562,10.03681833336866,10.027815536858784,10.019440533374304,10.011830469909768]}