{"timestamp":"2024-05-11 23:56:49","trueValues":[9.920623997497428,9.944939415421072,9.97459825035684,10.008031285529976,10.044414575818246,10.08336325911293,10.12473168317952,10.168814873529524,10.216058292106457,10.265727298807771,10.314655818054067,10.35763651667276,10.38932704080673,10.406008474278416],"predValues":[10.091667562790146,10.065587839149904,10.043957950747274,10.036286224292942,10.039187574278234,10.044029182132036,10.045619662006716,10.043051079535308,10.03737808447429,10.029985967784022,10.021969779110844,10.0140322639074,10.0065604105924,9.999725387120268]}