{"timestamp":"2024-05-11 23:56:54","trueValues":[10.19615815688304,10.247292722746952,10.289108203489544,10.317684746638932,10.328347128098258,10.315090648447612,10.271758045525097,10.194804760572566,10.085886657496989,9.952920519979369,9.809760852355858,9.674978846104311,9.569273597427983,9.51099356683298],"predValues":[10.30725732243382,10.316658802067366,10.313180690496502,10.303208296629869,10.288132758780309,10.267241231522709,10.241597401431008,10.213742208946703,10.186095394841708,10.160249033723185,10.13698560766852,10.116520405564494,10.098738606671487,10.083365385422924]}