{"timestamp":"2024-05-11 23:56:59","trueValues":[10.43384506155028,10.424882133352767,10.375845703874337,10.282290190497356,10.14529150607823,9.971716037161482,9.773847476576016,9.567877674917655,9.370700165079878,9.19617423559631,9.053104936147497,8.94563538175457,8.874748990789243,8.839758965123814],"predValues":[10.401247134626846,10.413869442322117,10.410841045314749,10.398444126478726,10.378947990153955,10.352768861521549,10.321781614417723,10.28896520914252,10.25692862805721,10.227299029883849,10.200821154697437,10.177640654732496,10.157564567357166,10.140243114577622]}