{"timestamp":"2024-05-12 04:12:04","trueValues":[8.627510701633959,8.672724557322681,8.68455162508061,8.664812823627903,8.620556870590976,8.561904469958467,8.499679336960412,8.443137830573338,8.398151224265106,8.366529539417156,8.346808545810639,8.33591413077334,8.330681547669599,8.328706737263705],"predValues":[8.702824601581973,8.771113173313491,8.801428772248311,8.794203836681234,8.754240637731193,8.691667587260552,8.618556544465168,8.544917113636554,8.476950412080207,8.41746051109925,8.367022843335507,8.325025563088522,8.29035926811951,8.261798406506319]}