{"timestamp":"2024-05-12 04:12:09","trueValues":[8.53470550989572,8.475465981916425,8.426190076775043,8.393468292294525,8.379463351526383,8.38250955637994,8.398589244123642,8.422684854751772,8.449519684228235,8.47401185167004,8.492113128639476,8.502135756579692,8.505522171032112,8.505771480878778],"predValues":[8.705047658679534,8.643283934949935,8.570650248747954,8.499955491470736,8.43776677153131,8.38495162340677,8.34051998400668,8.303492687579316,8.273013362775046,8.248228296131721,8.228267561073507,8.212297909871939,8.199563970902044,8.189408980164771]}