{"timestamp":"2024-05-12 04:12:14","trueValues":[8.43235690733191,8.451345918723376,8.47266961848703,8.489210183921688,8.494301367410905,8.482874045931638,8.453129892807407,8.40767868776573,8.352810853131807,8.296099507734054,8.24412212574671,8.20163366789137,8.171785591366236,8.15644904896505],"predValues":[8.291365810112392,8.26945285669196,8.245277775227844,8.22728334533555,8.215481261720038,8.205687743681555,8.195053535829636,8.18327058900406,8.171201121906941,8.159754929426489,8.149502660007041,8.140679536691561,8.13328555948005,8.12719447871668]}