{"timestamp":"2024-05-12 04:12:19","trueValues":[8.364836465085322,8.327989107641105,8.288832311755868,8.258030319410176,8.246930449669815,8.264564735807063,8.31599671928123,8.401669204148336,8.516908029466517,8.651640864799475,8.791004803296936,8.917284227464428,9.01304472430403,9.064611462673996],"predValues":[8.659713134898716,8.705694056917372,8.722210967153359,8.711666595898638,8.677886174830412,8.627825927090406,8.570165184280828,8.512442246903959,8.459423238808851,8.4132464304821,8.374301202441155,8.342054648244046,8.315589796706343,8.293917913681353]}