{"timestamp":"2024-05-12 04:12:24","trueValues":[8.28657789158591,8.318713080297142,8.377268202247476,8.458041403102225,8.552562527004723,8.648933274812283,8.73390886157922,8.796038044838847,8.828956247204957,8.83332794055033,8.816312942198511,8.788885403811527,8.762554244014627,8.746719081920109],"predValues":[8.320026608295247,8.294635277515201,8.266103386875665,8.243681182211937,8.228237526944858,8.216102941604207,8.204461394393158,8.192728415852415,8.181426015085231,8.171179061440766,8.162359924956522,8.155069871145914,8.149225176552969,8.144653078490766]}