{"timestamp":"2024-05-12 04:12:29","trueValues":[8.76610411854775,8.862968967639908,8.924936817128824,8.940998962815083,8.907532704048304,8.828457893300374,8.713380135964155,8.57521251262644,8.428422436478824,8.287614467707442,8.165586334581977,8.071167007770388,8.008307171239457,7.9772986610357055],"predValues":[8.324552459115104,8.342478847087627,8.347669967146508,8.343732572617181,8.33111106228816,8.310275350667872,8.283837078005082,8.255493100011165,8.228277926834723,8.203943372121142,8.183150984066959,8.165885878502225,8.15179189850313,8.140386371701293]}