{"timestamp":"2024-05-12 04:12:34","trueValues":[8.821715895890431,8.725857588791158,8.612739226113382,8.495852510550716,8.387822939263412,8.298331601649085,8.231915245866302,8.187156952093556,8.15817906793301,8.13771811844897,8.120175529430163,8.103446253983638,8.089032530119363,8.080425227268162],"predValues":[8.908434525274037,8.855657119151871,8.786449715714678,8.712804437533581,8.642848307190143,8.579911657710717,8.525115054461558,8.47872534934677,8.440386119653795,8.409284051810358,8.384379911807432,8.364598584154868,8.348943361043498,8.33655069482746]}