{"timestamp":"2024-05-12 04:12:39","trueValues":[8.28868559636636,8.220601416182907,8.174989408948017,8.14639771583993,8.12799211075276,8.114555426330218,8.104246809695958,8.098636009202231,8.100999934336823,8.113549150126085,8.135129336032632,8.160872039539,8.183816253305984,8.197319650704554],"predValues":[8.113786233690291,8.0196217982891,7.948170606231913,7.91610744627169,7.920762470423615,7.946915020181114,7.979742854372527,8.010704851545185,8.036635201908425,8.05724180362698,8.073333717653139,8.085945393798443,8.095998055867309,8.104209067693585]}