{"timestamp":"2024-05-12 04:12:44","trueValues":[8.130487867106911,8.12324299738365,8.119430789355157,8.121606270266627,8.13123526506941,8.146482768239645,8.161976391791555,8.17056163417658,8.165858502261067,8.144781188667839,8.109616274005493,8.068417423160838,8.032429892319996,8.011673917324442],"predValues":[8.273613513770538,8.296640653627243,8.31284978049176,8.324573988003783,8.329737731821506,8.32632872532541,8.315463281261765,8.300289135786286,8.283877212106198,8.268275678322148,8.254519515823173,8.242943618433154,8.233490575782282,8.225918520108866]}