{"timestamp":"2024-05-12 04:12:49","trueValues":[8.132775245081758,8.154828003384223,8.173433481610722,8.182258731236194,8.17783069067601,8.161495314155665,8.139720836673519,8.121476299568313,8.113842049327605,8.1190440667252,8.13457676122323,8.155043026482254,8.173932632881552,8.185229452085006],"predValues":[7.951585991657986,7.93794092885614,7.931029624013013,7.939939660249452,7.961726629802806,7.987302949552232,8.009735254188428,8.026634368645636,8.038432465429912,8.046474701400504,8.052064238794303,8.05617173812306,8.05943854763838,8.062254579435209]}