{"timestamp":"2024-05-12 04:12:54","trueValues":[8.060131990484809,8.02398259429576,8.00073245767855,8.001734747051447,8.03338221340806,8.096650035668876,8.188223828132486,8.301464985212352,8.42718040565423,8.554713555351276,8.67312217729135,8.772144965237539,8.843169566352403,8.88017480231359],"predValues":[8.33214577788845,8.321419341340587,8.305781660286659,8.289708351472937,8.273025854846253,8.2542425639466,8.233565793998281,8.212633601062066,8.193120720046103,8.176054690254453,8.161802300160888,8.15028620523942,8.141199419484822,8.134150967647155]}