{"timestamp":"2024-05-12 04:12:59","trueValues":[8.041298997089072,8.108029515173303,8.197158316933843,8.302886689231345,8.418733639207492,8.538478115400597,8.656727529879955,8.769313517693263,8.873498454724677,8.96752840101882,9.049544961641908,9.116654494482368,9.164910036615916,9.190312530523425],"predValues":[7.884243893662051,7.834275343040487,7.801266506710928,7.796505432848107,7.816138184589921,7.847424178247742,7.879243078347532,7.906190336464872,7.927138742514781,7.942878486448369,7.954683493740122,7.963714995434904,7.970858333856004,7.976731733633852]}