{"timestamp":"2024-05-12 01:52:04","trueValues":[10.318021766772803,10.371479857881445,10.444845526298474,10.53543962143286,10.637387148774264,10.742346594220589,10.840769231171285,10.923495447754494,10.983908167272364,11.02002620038902,11.03497894383649,11.035422811047503,11.02930382246548,11.023940737085924],"predValues":[10.592739954698644,10.594709980907057,10.576647509094988,10.547226820878423,10.512075195653535,10.473268975128374,10.432728217226517,10.392820036547542,10.355476185719988,10.321796498587675,10.292153079399355,10.266439081077891,10.244289309882,10.225235977613249]}