{"timestamp":"2024-05-12 01:52:09","trueValues":[10.811619115901314,10.914020610426196,10.992813685100067,11.038826501768618,11.047884050760812,11.0217059852834,10.966811571774567,10.892785684104744,10.810844607486406,10.731940433115405,10.66428497018427,10.612110107156337,10.57681708231692,10.558951825756694],"predValues":[10.67564743920875,10.680248774033355,10.661905629302227,10.628776124880574,10.587404511348996,10.541297605463262,10.493443404340873,10.446809705154402,10.403587138774018,10.36492975994836,10.331145352048896,10.302019689343844,10.27706744157733,10.2557059998113]}