{"timestamp":"2024-05-12 01:52:14","trueValues":[10.930104019212385,10.871097853754808,10.803718811122746,10.742489588567608,10.701135517093473,10.689540748702267,10.711868066782564,10.76704474794295,10.85012499513998,10.95259027896465,11.06201231750854,11.163044999975504,11.240383147036743,11.282181617299392],"predValues":[11.199762652510152,11.167132299359327,11.084199830706806,10.979971835898034,10.878756290771683,10.788282863729393,10.709138416329196,10.640663260895804,10.582046210166926,10.532327235180777,10.490408628403529,10.455149624523996,10.425455173895852,10.4003344160624]}