{"timestamp":"2024-05-12 01:52:19","trueValues":[10.854622140774932,10.882241312850024,10.922774628666907,10.965448607069128,10.996986036883609,11.002295964513342,10.966620203875207,10.879676451421105,10.740142142335465,10.558402174623534,10.35645269358422,10.164538864133831,10.0146297570154,9.932628080562264],"predValues":[10.79978194817092,10.761932567142557,10.70961205188011,10.65831269699175,10.615183688251053,10.578433077911512,10.545191942215231,10.5143572578534,10.48590669857109,10.460050237480102,10.436892063770085,10.41636945129625,10.398283590074264,10.382370817665004]}