{"timestamp":"2024-05-12 01:52:24","trueValues":[11.063768649562665,11.07169925425863,11.03168263177002,10.937627435544712,10.793489133746974,10.613363035319644,10.418570713716385,10.231890796313484,10.070850987959794,9.943700308272716,9.85026386825534,9.786041332807718,9.74610391536634,9.726977225402836],"predValues":[10.958417431500152,10.985275916175288,10.979234537908004,10.94817286995443,10.901409997435888,10.845866527801729,10.787079903850918,10.729547271218411,10.676242806006758,10.628630472646062,10.58707174383511,10.55126574670991,10.52059797768252,10.494333796650396]}