{"timestamp":"2024-05-12 01:52:29","trueValues":[10.629740938039848,10.44721051458806,10.273843955628116,10.125856501165757,10.009714791466845,9.923030448831875,9.858784523974332,9.809427553264472,9.769065405402015,9.734115248048957,9.703274184757142,9.67709930874472,9.657422436070554,9.646665965394044],"predValues":[11.349518665309096,11.327139784211472,11.251904026155696,11.152668607210222,11.05455587994099,10.965924900507536,10.887722408434186,10.81954918901978,10.760793396563868,10.710642249071665,10.66810648081898,10.632122936809376,10.60164813041384,10.575725753713073]}