{"timestamp":"2024-05-12 01:52:34","trueValues":[10.090915380630165,10.04631709168438,10.000016160011796,9.939300972897438,9.854152889232328,9.738194042192806,9.589445900330492,9.411059655054842,9.211945076813544,9.006491436905957,8.812569839244784,8.648344552733004,8.529379634941039,8.46691927890002],"predValues":[10.192466882735388,10.206359660651406,10.221872155204505,10.248928918286476,10.28214506984034,10.31064985002747,10.328794184774262,10.336754557810128,10.337133572566358,10.332690647836223,10.32556378831757,10.317190911143085,10.3084586875798,10.29986892678604]}