{"timestamp":"2024-05-12 01:52:39","trueValues":[9.902711962117358,9.796183299896285,9.64968266769645,9.464007431765188,9.24467058233655,9.000759436742634,8.7429111265116,8.481879730221216,8.228488431524019,7.9941605650680385,7.790582330574176,7.628240954716091,7.515223325974229,7.45715380006852],"predValues":[10.03908391666608,10.032258993166415,10.031440363819156,10.0473871571883,10.074632630282142,10.10183398244363,10.122365100157438,10.135140502172192,10.141660831765378,10.143914188780338,10.143561752899018,10.141774057772498,10.139302222405767,10.136595961362325]}