{"timestamp":"2024-05-12 01:52:44","trueValues":[9.112495963713783,8.88013227611373,8.636744734355563,8.387844202363341,8.139183411822817,7.897011587803082,7.667404129531308,7.456028982082283,7.269165670442495,7.114274087433235,6.997835491701569,6.921345742327489,6.87931736479686,6.862066080247079],"predValues":[9.428373134171911,9.363879494200198,9.329359383043196,9.346751535630004,9.406987239840966,9.484931916827676,9.560345221767856,9.62395219047254,9.67401137505755,9.712122823792535,9.740793987736607,9.762397828841824,9.778857062919254,9.791626617581532]}