{"timestamp":"2024-05-12 01:52:49","trueValues":[7.5308633991269,7.279058859261894,7.087003098619479,6.974553992011964,6.960896702927659,7.060154182339311,7.274814478727345,7.591030529840591,7.978865219922964,8.397064414069993,8.799917497420866,9.144074856573129,9.393982727924476,9.525107480988256],"predValues":[8.459205026245831,8.377771340349543,8.34723619990796,8.39485305167739,8.509467273435163,8.656089105304591,8.802257235779287,8.930109597764016,9.03427699273799,9.116082517094284,9.179307813155242,9.228047622389669,9.265872550853112,9.295623348696072]}