{"timestamp":"2024-05-12 01:51:04","trueValues":[10.011185134826926,10.017815500962245,10.00668639445948,9.973798226222016,9.919300901104354,9.847446507514768,9.765156716057591,9.6809006194345,9.604247675768468,9.544536638548252,9.50774722305134,9.493218146869951,9.493274494084766,9.49713746776434],"predValues":[9.948591352833857,9.921653131533985,9.891175667250955,9.864450076950376,9.841686865321538,9.819618425482876,9.796604840852376,9.773159615293318,9.750465508739248,9.72947191860199,9.710674275109884,9.694195904242516,9.67992357999277,9.667626597726413]}