{"timestamp":"2024-05-12 01:51:09","trueValues":[9.716977721083794,9.620823856895507,9.53596176192444,9.477168759043652,9.45862946221568,9.49003346607811,9.572381199482589,9.696600229266974,9.84645298917059,10.00382012858907,10.15257464938136,10.279203851542682,10.37194658292488,10.421149927737757],"predValues":[10.035812057164527,9.98531591587598,9.93306875830829,9.891247961790716,9.861817705179185,9.840017180399624,9.821665530428524,9.804996854816796,9.789661907148105,9.77575956083712,9.763406231355953,9.752612018677066,9.74328283358328,9.735268771220095]}