{"timestamp":"2024-05-12 01:51:14","trueValues":[9.500545942682937,9.565290487233812,9.666006881089332,9.787207082261318,9.912474382872194,10.028490108704029,10.12571775943872,10.197483379586105,10.240100479196016,10.254268614256112,10.24584948983928,10.224746394737387,10.202295750677504,10.188257320526972],"predValues":[9.392791994328462,9.308896307249162,9.254380376919062,9.246429572278164,9.2769649785085,9.325207762782089,9.374448318019835,9.416734776425852,9.450147080076562,9.475508110939208,9.494463101370789,9.50863548905087,9.519357938767495,9.527631410949812]}