{"timestamp":"2024-05-12 01:51:19","trueValues":[9.969105460067716,10.063554555219207,10.139487211375153,10.195367169565683,10.233705070314912,10.261464578849534,10.288529847171478,10.32466382761308,10.376097671608491,10.4428351002002,10.51793211652894,10.5896148105866,10.645368784910058,10.675663918111196],"predValues":[10.105699614010696,10.120889972599873,10.116083980438454,10.09746760487324,10.069445497054495,10.03492113327751,9.997240793893582,9.959727369844096,9.924747444151132,9.893528960835583,9.866434455751236,9.843304455648624,9.823718482726658,9.807163564699549]}