{"timestamp":"2024-05-12 01:51:24","trueValues":[10.253347922029192,10.266730385546916,10.286698562690106,10.320607891301652,10.37019609822324,10.430878859110203,10.49380009284218,10.549764571854933,10.59268732852632,10.6207881098148,10.63567546922999,10.640807849975316,10.640444782544034,10.638838355344408],"predValues":[10.557991796794909,10.521950842415492,10.457388097369009,10.38096426360471,10.305911368208324,10.236821177609489,10.174711131139798,10.119929412060586,10.072483462456834,10.031996925459794,9.99779416606923,9.969050176007904,9.944912304968664,9.924581591971688]}