{"timestamp":"2024-05-12 01:51:29","trueValues":[10.477758147100854,10.542238497635116,10.594115145686544,10.625646196571047,10.633692153584128,10.619096098637964,10.585471695565465,10.538490344695155,10.485374057917872,10.433610635873563,10.389009689040291,10.354607588087894,10.331350540963207,10.319564404672644],"predValues":[10.40149166027603,10.423956125350866,10.423002475319056,10.402829640839052,10.367858751963558,10.32252954395772,10.271911139844583,10.220807937053063,10.172627878924269,10.129192149967096,10.091113659037,10.058271206464385,10.03016564097842,10.006155348538757]}