{"timestamp":"2024-05-12 01:51:34","trueValues":[10.665746808304377,10.636962949930684,10.59005176729014,10.530380598382289,10.463716527485335,10.39456361074171,10.32538783616566,10.257666457624744,10.19371236881372,10.137381101327197,10.092840222751224,10.06240634782305,10.045236926207997,10.038107940379348],"predValues":[10.835473656134,10.817651988928628,10.759914167381808,10.681290134352372,10.59921510020448,10.521244907497856,10.450003954341216,10.386638853398225,10.33149672477522,10.284289985045664,10.244298878276968,10.21059686488973,10.182209563329709,10.158222660299964]}