{"timestamp":"2024-05-12 01:51:39","trueValues":[10.361400085360168,10.30298290777062,10.253074691195106,10.214422096566931,10.190513867006924,10.184091347673412,10.194756918597726,10.217519067071567,10.243548822426977,10.26330702645837,10.270861274285595,10.26680693270666,10.257379405775705,10.250245104172071],"predValues":[10.510602725983462,10.490620727825318,10.455983138041208,10.417093991426327,10.379205805240591,10.34231592159652,10.306081473007756,10.271249857436796,10.238827351087776,10.209492246848423,10.18349119667792,10.160740742909038,10.140962870510212,10.123793448895158]}