{"timestamp":"2024-05-12 01:51:44","trueValues":[10.136229172888552,10.149535620824029,10.181795464458594,10.225609145017,10.272350222858114,10.316165498149015,10.356562730126353,10.397212992992843,10.441498182792174,10.488512491467372,10.532927917753767,10.568478226102322,10.591674673392207,10.602596464670668],"predValues":[10.298736666714827,10.269631735532208,10.237377207672626,10.213272294438278,10.198029841254275,10.186200647186354,10.173905791229991,10.16027773890809,10.145908667553664,10.131643785388892,10.11812630118662,10.105710245560662,10.094529044463073,10.0845678137239]}