{"timestamp":"2024-05-12 01:51:49","trueValues":[10.351691353932653,10.38579736621854,10.413949178946847,10.438738763998906,10.459066287530897,10.47026396753093,10.467824026814093,10.45131163498684,10.425265400728986,10.3967478626819,10.371829635875272,10.35357154354386,10.34228934272161,10.337052772786633],"predValues":[10.813854399281336,10.857947158026308,10.86069647684711,10.828304801992983,10.771462156953172,10.700734176082316,10.625126313777786,10.551413525254416,10.483742114998332,10.423994930508236,10.372511118227992,10.328754316461897,10.291790011968072,10.260574186540014]}