{"timestamp":"2024-05-12 01:51:54","trueValues":[10.471579621839028,10.472231867429343,10.459438923357148,10.43750337789304,10.413109286499658,10.39179887617346,10.375968498276425,10.365164717202571,10.357638642982751,10.351800858897285,10.346940645831047,10.343173887678647,10.340815278319042,10.339795181099957],"predValues":[10.670005275642628,10.7028604860752,10.706751101784684,10.686702124861764,10.648810217633544,10.599083268984922,10.543637078032935,10.487857056412064,10.435428099339983,10.388264948965285,10.34698157729841,10.311407879539932,10.280978788809245,10.25498624387871]}