{"timestamp":"2024-05-12 01:51:59","trueValues":[10.286741620467463,10.258708881098755,10.246109431235912,10.251455506135525,10.277172693921978,10.325712098439574,10.398754567737686,10.4957663980081,10.61258959005973,10.74096502430271,10.8692171325661,10.983578589223466,11.06998651155936,11.116604263420886],"predValues":[10.534580060618238,10.502800763042066,10.459703117373763,10.418689255498489,10.38454815909772,10.354926534586829,10.327367430769035,10.30126219140888,10.27691222094785,10.254718328819608,10.234884109205968,10.217398398979473,10.202100661735656,10.188749561290326]}