{"timestamp":"2024-05-12 03:29:04","trueValues":[4.442910209709121,4.58836619245417,4.848151969771847,5.212594592044985,5.663821028392448,6.17619927632187,6.717205364629258,7.250280316663182,7.740500022367993,8.160999618138574,8.496501300887294,8.742458754060614,8.901463152173612,8.978919575228208],"predValues":[4.835125231271213,4.866261851652036,4.977253505653802,5.150884756984268,5.358730694975415,5.571773666825109,5.768531828463979,5.937762847382136,6.076664845033644,6.187463669297931,6.274524767484765,6.34259446218139,6.3959686969396845,6.438206914687738]}