{"timestamp":"2024-05-12 03:29:19","trueValues":[8.078921926103192,8.033566139222444,8.028596421191573,8.072064044798637,8.164295664416295,8.299102920599005,8.465500498557267,8.649590304600085,8.836691497170328,9.013457760020149,9.169060593722028,9.294930703215888,9.38389179227574,9.430101824196129],"predValues":[8.13150158539602,7.956225865851211,7.791227931445766,7.670412060804994,7.599580422321985,7.565757209265151,7.553501690043657,7.551981378398743,7.555146656611902,7.560054711652981,7.565420720708778,7.570753506170934,7.575902100029959,7.580847099707163]}