{"timestamp":"2024-05-12 03:29:29","trueValues":[9.105662534974147,9.136809786904934,9.114784404843626,9.041769045997924,8.926144295416034,8.781733294361707,8.623571446583389,8.462889655674752,8.306013428075882,8.157864639842813,8.025681515980075,7.918811049427644,7.845091616185547,7.808061130293194],"predValues":[8.907565661853194,8.905307254852001,8.869170350734159,8.808692512972756,8.735081255751547,8.657533667156008,8.582766494664916,8.514993021529174,8.456128787263623,8.406429214856159,8.365192622009129,8.331295253891295,8.303517937510483,8.280714591780528]}