{"timestamp":"2024-05-12 03:29:39","trueValues":[8.129300057187136,8.157467817240391,8.240265265208365,8.369348760678974,8.527896799509751,8.696377098106044,8.859052836210509,9.007235113825969,9.138234414600166,9.251820831265126,9.347030613816573,9.421316974460522,9.471902420768773,9.497313419916251],"predValues":[8.419384290065313,8.370667338663313,8.335924230745807,8.32263824854401,8.325103439192011,8.333141688331366,8.340197848042758,8.344132584684592,8.345137531944982,8.34412168734588,8.341975974774309,8.339358487173065,8.336679868159528,8.33416843026918]}