{"timestamp":"2024-05-12 03:29:44","trueValues":[8.687691653362604,8.833790678762533,8.962239204911516,9.071671343427877,9.163930870864192,9.240899039986669,9.30357627964696,9.353252196855756,9.392710662971233,9.425566404981303,9.454088727225871,9.477893299173727,9.49498883151653,9.503789096999585],"predValues":[8.863054551617122,9.003801654764956,9.09461210194112,9.132502414436846,9.12213612164403,9.07645500933437,9.011303807997354,8.939915607873708,8.870798041033712,8.80828798249661,8.75393099383848,8.707693851465681,8.668794073300832,8.63617488327747]}