{"timestamp":"2024-05-12 03:29:49","trueValues":[9.282950541138472,9.340667099585364,9.37867595386319,9.398670178303794,9.403758438116771,9.396578952425791,9.378281523359512,9.3498314956547,9.314184971778968,9.276785836891598,9.24371427441725,9.21913997825197,9.204083577192346,9.197280979947609],"predValues":[9.225202088041687,9.235925600913308,9.217053004993954,9.174988745982194,9.117411460839836,9.05196204452632,8.985462762653814,8.922926922608049,8.867114208971039,8.818947971857193,8.77821212501349,8.744127641616279,8.715714292758847,8.691993444266961]}