{"timestamp":"2024-05-12 03:29:54","trueValues":[9.398226842670278,9.38416077048984,9.36082132885293,9.330845673728223,9.299162591679227,9.27113304177551,9.250013467771174,9.235766659241342,9.225997859556523,9.218111375792912,9.210892553367064,9.20454870750329,9.199830957206576,9.197334137697428],"predValues":[9.329569356154996,9.296721587807395,9.244009299928765,9.182328236500137,9.119938048688883,9.060363095308212,9.005230003502676,8.955667843878503,8.912237164907564,8.874904742996222,8.843216079383497,8.816493678547905,8.793995989879429,8.775008573220457]}