{"timestamp":"2024-05-12 03:29:59","trueValues":[9.301860347482704,9.28531233996307,9.272851100249763,9.260774722645168,9.245200033524778,9.223821049701307,9.196167856666332,9.162973499789894,9.125732774996996,9.086731997107483,9.049068136626,9.01633253113053,8.992061234139236,8.979119979945036],"predValues":[9.27135789905726,9.234094848009434,9.184818145501806,9.133988705121872,9.086897849286933,9.043971903150553,9.004763278459238,8.969379885445125,8.938075818152363,8.910888287005827,8.887595358400011,8.867804728141227,8.85104595014355,8.836841933602322]}