{"timestamp":"2024-05-12 00:24:04","trueValues":[5.141262074664276,4.76291571068922,4.381478115585327,4.029966024591541,3.7396235114964154,3.536032452695407,3.435782584541763,3.444010407506422,3.552499793329685,3.738826012354708,3.967704079851734,4.19545473792222,4.377713882426046,4.478698574320454],"predValues":[5.967433775705987,5.908522098148721,5.882555334726851,5.902876878011984,5.964658276693399,6.050435615222028,6.141487531476759,6.225361423878631,6.296646630861999,6.354565853230087,6.400560197580572,6.436783881724999,6.465372518262472,6.488159517984355]}