{"timestamp":"2024-05-12 00:24:09","trueValues":[3.3377321182870103,3.1780838469292907,3.1371720479336744,3.2170918011150267,3.4070677647956504,3.683815980740012,4.01459775365843,4.363107478330463,4.696582496949518,4.990773913532315,5.230728693924936,5.409107031985301,5.524714373404125,5.5807132056127],"predValues":[4.387025982286803,4.408897024143861,4.509107096661749,4.667134216538438,4.85669830732872,5.05233965786742,5.234788417726041,5.393218645693773,5.524209574122375,5.629110612491083,5.711535158844055,5.775701347076866,5.825567569030023,5.864491401076664]}