{"timestamp":"2024-05-12 00:24:19","trueValues":[4.953383516450073,5.060118364293269,5.121379946628611,5.154039204305901,5.176479349710196,5.201910216566671,5.234361693889344,5.269940906764364,5.3017047221459,5.324479030455015,5.337155758396663,5.342163816454594,5.343231157623835,5.3431743452787135],"predValues":[5.276739583625055,5.327592479862098,5.385291097568423,5.449192427312745,5.515314554950262,5.577881492279674,5.632688129054113,5.678340536178868,5.715432153483516,5.745390000762033,5.769762430372362,5.789915995168056,5.806956110556667,5.821734629479097]}