{"timestamp":"2024-05-12 00:24:24","trueValues":[4.932591659973388,4.937302931669344,4.972733934093142,5.042641425095494,5.151752225014178,5.306473370988071,5.51246981796853,5.770352481395387,6.071410998829973,6.3955648309354105,6.71312497575291,6.990128149554856,7.194958514845779,7.303749836688032],"predValues":[4.892955148619599,4.796230104409474,4.765239402051914,4.802528799409494,4.890901166390066,5.005036702610688,5.1229671041439255,5.231130765855154,5.323701199680742,5.399824227028235,5.461115710597852,5.5100707422718695,5.549237106552075,5.5808621802065765]}