{"timestamp":"2024-05-12 00:24:29","trueValues":[5.033185658109944,5.165197148887944,5.365264845583552,5.638397802962509,5.979688763349984,6.374681543129032,6.802761168235502,7.241325096339395,7.668345553280659,8.062979385354033,8.405762882462138,8.67946442842263,8.870189916375747,8.968129615169307],"predValues":[5.611294526849442,5.584942569082924,5.571879184958506,5.581851379483579,5.613918924958162,5.658730110691981,5.705947216182751,5.74908791962841,5.785734606567046,5.815889669097403,5.8405479545074,5.860912156886766,5.87806642854312,5.892881626312926]}