{"timestamp":"2024-05-12 00:24:34","trueValues":[6.414705740596993,6.803409958572082,7.187272967376494,7.54539194373079,7.8603181220446015,8.118688972956388,8.312343984502203,8.43940748547957,8.504626994525108,8.51902291054319,8.498756784212247,8.46255555921712,8.42785869854196,8.407335820279377],"predValues":[6.251510518382391,6.434538232583763,6.568382137445319,6.644258977963949,6.6663731334674585,6.649525316238828,6.6117270995446695,6.567346491584409,6.524958767664981,6.488458131643981,6.458896442496014,6.435905848592312,6.4185481156485125,6.405761151823171]}