{"timestamp":"2024-05-12 00:24:39","trueValues":[8.192445616623361,8.406110268357226,8.54883032138971,8.621647667617326,8.631483180278167,8.590380279171942,8.513454370460572,8.41570019221389,8.309279971802454,8.202959156383184,8.10370274012653,8.018691803455962,7.955822132741313,7.922251153207385],"predValues":[8.097367931080225,8.135471140363988,8.103308575411598,8.01589171898408,7.892262740222721,7.7525942078187775,7.613711878534703,7.48657236197509,7.3763896360312415,7.28425157405327,7.208893021595406,7.14801915859783,7.099099144591508,7.05976613076561]}