{"timestamp":"2024-05-12 00:24:44","trueValues":[8.600137915729295,8.538116376913056,8.457854022034102,8.370256960834686,8.282178024633133,8.198002993578516,8.121743417261168,8.057716236544142,8.009391589335827,7.977731896696756,7.960616164409021,7.953774230429413,7.9524460840501074,7.952813404101379],"predValues":[8.82734450423035,8.712090528953471,8.505998464470519,8.285733480729986,8.091577988969597,7.930667353947975,7.799558548209143,7.693439200661699,7.607932833762788,7.539237339456382,7.484082187184672,7.439704237111902,7.403816377051977,7.374569248888583]}