{"timestamp":"2024-05-12 00:24:49","trueValues":[8.263930829640433,8.200804938571643,8.144793946527795,8.09635261805862,8.053310256450134,8.010654085894103,7.961927831885884,7.9014507914907295,7.826352446218243,7.737983800280161,7.64264138914291,7.551384151079491,7.478407597391158,7.43755001930036],"predValues":[8.530742068068982,8.532592755129038,8.492926442211754,8.422191019255923,8.33300932553431,8.236780508918773,8.142268687622494,8.055194167103831,7.978406468541999,7.912609134755895,7.857213709454989,7.811005538055843,7.772575408610674,7.74055158538532]}