{"timestamp":"2024-05-12 00:24:54","trueValues":[8.058526360651431,8.023663913585576,7.974450734588984,7.905557493453239,7.815576041385551,7.707984489956784,7.591305089618423,7.477914293472809,7.381062202240608,7.310546586580291,7.268945065780732,7.250958343762163,7.246773499907415,7.247211519765949],"predValues":[7.945218224806791,7.960026113385997,7.9614595121099505,7.951554362796841,7.930731409036511,7.900923466612493,7.86610221680275,7.830425658798367,7.79682464513579,7.766813108529954,7.740874784504238,7.71888581550156,7.700430773707056,7.684991371059965]}