{"timestamp":"2024-05-12 00:24:59","trueValues":[7.63088953960098,7.504903280423758,7.389751899604034,7.301832968229446,7.253931722498464,7.251003793638262,7.288975969068713,7.357506142773174,7.444519000302042,7.538964640199794,7.630658834966752,7.709550251477795,7.766780682302562,7.796579587909109],"predValues":[8.208750693226307,8.231887072258896,8.232876603771835,8.214102083900903,8.178949129732267,8.13286720798895,8.082336514163018,8.032782593990065,7.987526743678984,7.947999704066234,7.914399221981156,7.886270001296522,7.862882717684771,7.843455420646022]}