{"timestamp":"2024-05-12 00:36:04","trueValues":[7.8853498406471,7.927241602760688,7.98435668126834,8.05155073493102,8.120649962347327,8.18304626329981,8.231308981729581,8.259971374644932,8.26627801008383,8.251130177694513,8.219730958029569,8.181202486747228,8.146712675507626,8.126434588682972],"predValues":[7.898868919581868,7.836985325126419,7.794823521643735,7.784873719820776,7.803494348005975,7.837367795136389,7.874151097492069,7.907109168170547,7.934124999785157,7.955444712717575,7.972129601443,7.985317773385125,7.995965536463249,8.004795304497456]}