{"timestamp":"2024-05-12 00:36:09","trueValues":[8.238690466869883,8.295404735943878,8.327519458921428,8.329899331380965,8.30109500727359,8.244306317349844,8.167388913878447,8.081432300838543,7.998188327772063,7.927292634200517,7.874189902649439,7.839459021014393,7.820004879311982,7.811651138927433],"predValues":[8.19130724341092,8.212504161941249,8.225744694266949,8.232677262210004,8.23194262210746,8.222752976106959,8.207062668880706,8.188290806897262,8.169427513584125,8.152307528676406,8.137731673675175,8.12583177979999,8.116389634487831,8.10904376503991]}