{"timestamp":"2024-05-12 00:36:14","trueValues":[8.196444142564983,8.112238014226723,8.023287556716834,7.943393053466647,7.88421412532215,7.852921752734349,7.851188278512648,7.875991684579661,7.921802767587635,7.982513967870756,8.051480832490004,8.119971137882098,8.176421212939477,8.208673348700316],"predValues":[8.467801431758318,8.440894041953346,8.411766518727052,8.385246648918283,8.361194096067509,8.337870070178045,8.314933830073537,8.293315104798369,8.274053394150316,8.257719346573717,8.244395356580796,8.233846201128593,8.2256843602209,8.21948563501414]}