{"timestamp":"2024-05-12 00:36:19","trueValues":[7.691401664111017,7.665438090154137,7.68059921198091,7.738247994296778,7.839063261566967,7.982168442496912,8.162439130003758,8.368459697313199,8.58340146398654,8.788603667737469,8.967583685078633,9.108504879857136,9.204610370493086,9.253051433173509],"predValues":[7.801691768709505,7.740113565526785,7.705141613496295,7.708393538841666,7.743712345189744,7.794646772125576,7.846596512083012,7.891898343847689,7.9284400442304275,7.956879971962772,7.97878548329823,7.995755297562702,8.009119155867989,8.019886258094465]}