{"timestamp":"2024-05-12 00:36:24","trueValues":[8.086781299414396,8.261587370239525,8.447234698352132,8.623751917144036,8.770449498806961,8.870619962571809,8.914736642304202,8.901567075574516,8.837535376448752,8.735180129166217,8.611808965491495,8.488536143653944,8.388385082467781,8.33204663868503],"predValues":[7.846963300556785,7.797545995800876,7.771519429910457,7.776931686208599,7.806776573268742,7.846915724370694,7.886070925523438,7.919043614583117,7.944926920337766,7.964704526947843,7.979818869954773,7.991578693159177,8.000990804342685,8.008780009424125]}