{"timestamp":"2024-05-12 00:36:29","trueValues":[8.986152750246506,9.060419442523022,9.070273826185051,9.016409609867772,8.905077613372768,8.747332522353055,8.558892286064793,8.359269519735196,8.168711478694021,8.003575599927787,7.872894979863772,7.778464224135971,7.717975223247106,7.688539650860592],"predValues":[8.659183417921739,8.664259983029751,8.653502714986995,8.628230457566552,8.590992656449892,8.546202999604752,8.499275603850512,8.454753064698226,8.415319582725164,8.381961765768024,8.354575690425902,8.332509111108482,8.314916553804846,8.300955202391556]}