{"timestamp":"2024-05-12 00:36:34","trueValues":[8.710535133193673,8.529494455680656,8.343928724714026,8.174848540910988,8.038712340982727,7.943723960459291,7.889662263101421,7.870820764465712,7.879432585725648,7.907466388249352,7.946697073406843,7.988268028500254,8.022972597049138,8.042733193179274],"predValues":[9.05757762921753,9.006619547083027,8.943668013433651,8.877073579188966,8.812476015816348,8.752513276650722,8.698691320744551,8.651939079775977,8.612464134758053,8.579843350002196,8.553276701373584,8.53182462564411,8.514562709544364,8.500659300078382]}