{"timestamp":"2024-05-12 00:36:39","trueValues":[7.956259886811097,7.897689614902063,7.871558859821992,7.869964393116077,7.885062523009312,7.9092413255159135,7.934766879614259,7.954117895282014,7.961466422617427,7.954668875358921,7.936321212219059,7.912801831599,7.891751096880682,7.879498501335428],"predValues":[8.046430048890654,8.01136347606548,8.00009296994819,8.020590066702109,8.064084003395337,8.114618949841255,8.160568774576266,8.197430484612934,8.225195840500035,8.245560042879399,8.260451920703325,8.271490127453891,8.279879483530824,8.286465462945037]}