{"timestamp":"2024-05-12 00:36:44","trueValues":[7.926248084416512,7.956885819315254,7.980473773432582,7.990298920332209,7.983216181745906,7.960789192884693,7.928454662611629,7.893156321997231,7.860959736084955,7.835696249693232,7.818654140889002,7.808964014673924,7.804480158476426,7.802934331111598],"predValues":[7.905397222837525,7.905628459049251,7.92160714706829,7.957020574211052,8.003788762504573,8.050121323038304,8.088669196899328,8.117718578233385,8.138613560744723,8.153508893822387,8.16433340641867,8.17251969989128,8.179037903174471,8.184512354039905]}