{"timestamp":"2024-05-12 00:36:49","trueValues":[7.972919259816608,7.9417411763909245,7.906333065023144,7.872283931529566,7.842989227180081,7.819414828288957,7.800565355990773,7.784460418315908,7.769378501536369,7.754853677974967,7.741820460873575,7.73174626991603,7.725427939772171,7.722580279114199],"predValues":[8.176296292227395,8.143754180941274,8.122344897200406,8.117808414830584,8.12583177979999,8.138172085632451,8.149164045140674,8.156973184378295,8.16192695508422,8.164977678346514,8.166998735994753,8.168588950080682,8.170099427541878,8.17170053896652]}