{"timestamp":"2024-05-12 00:36:54","trueValues":[7.76273112492111,7.739062371024053,7.724208235202502,7.718635708288646,7.723848888813704,7.742194957221072,7.775598755631808,7.823929781770101,7.884176117531027,7.950894675121548,8.017269833648218,8.07599957880672,8.120056190281813,8.143711388952667],"predValues":[7.89514096658684,7.861609057999033,7.845134408174154,7.853476985431241,7.881098018027576,7.91582969702887,7.948173264119404,7.974203019474813,7.993720950477009,8.00798902210677,8.018473059315443,8.026383729855226,8.032595478710691,8.037696762172374]}