{"timestamp":"2024-05-12 00:36:59","trueValues":[7.694504216179386,7.713926729020652,7.7508219284397075,7.804639365937144,7.872702814598165,7.951032885271086,8.034891893503008,8.119109450757481,8.19859410775654,8.268945465969907,8.326808474017557,8.370059479794097,8.398064045555397,8.411556811404003],"predValues":[7.875665030207004,7.846350125912586,7.831930288907083,7.839315760878621,7.863470642397804,7.893700391566661,7.921781238698957,7.94438178761334,7.961398114908906,7.973968062220599,7.983379110249111,7.990678732454688,7.996610074179843,8.001665376187928]}