{"timestamp":"2024-05-12 00:34:04","trueValues":[8.867373087212671,8.82680335833716,8.769429401587875,8.706038519136218,8.646581575960152,8.59770010132245,8.56107494327249,8.533578565599491,8.50951883645249,8.483970158732971,8.455414878683513,8.426396328844353,8.402168089630417,8.388294448504336],"predValues":[8.874598022779749,8.831912615461317,8.769951410691128,8.697099777714875,8.621277158101066,8.54811933648584,8.48141832095276,8.423316368819657,8.374425325786989,8.334271556303836,8.301806523754959,8.275792449935746,8.255019730249,8.238418033402045]}