{"timestamp":"2024-05-12 00:34:09","trueValues":[8.698760957396818,8.678010032387498,8.657444096347557,8.627015271405618,8.577471185416382,8.503567294782403,8.405432507046994,8.288038400762275,8.159661371786802,8.03022916147736,7.909981547182187,7.808631512948786,7.734925103355395,7.695981470046943],"predValues":[8.337933062111585,8.262236957942351,8.203759180518007,8.171616018144302,8.161945826085407,8.164592018871554,8.171244977050545,8.177757864558753,8.182851440146711,8.186537398519379,8.189211233335433,8.191275880338525,8.193027693983915,8.194650068508485]}