{"timestamp":"2024-05-12 00:34:14","trueValues":[8.447300613961911,8.357919578678464,8.258797917317608,8.159539906328458,8.070514230602573,8.001116256632265,7.958540354278467,7.947016551483274,7.9669589471178,8.013771522132423,8.077367859287142,8.143731057320101,8.19816990891296,8.228727375609468],"predValues":[8.614866333472516,8.61140975079033,8.60365695876752,8.59202471416269,8.574897818747493,8.552009952195322,8.525554669052585,8.49856754262288,8.473388577053376,8.451263789999901,8.432576183049926,8.417190469730155,8.404720458988127,8.394698628414158]}