{"timestamp":"2024-05-12 00:34:19","trueValues":[7.942814962937332,7.884525895524857,7.860756407691886,7.874843477183502,7.925419620885533,8.00563705746589,8.104310598995745,8.208653680332882,8.307080569903562,8.3911588538535,8.456569730798398,8.502830794158616,8.531764025809311,8.545572017114361],"predValues":[8.156445062133812,8.096916621784235,8.06024521649193,8.055079612152964,8.074638474622523,8.105066236409467,8.135558319073695,8.161220488589084,8.181148531631159,8.19614619337723,8.2074230784245,8.216071312743065,8.22292254932889,8.22856258658502]}