{"timestamp":"2024-05-12 00:34:29","trueValues":[8.350788998117322,8.390496242501968,8.424833490999582,8.45993461636214,8.50051630573136,8.548805071458546,8.603962881617747,8.66234470930366,8.718971533879198,8.769515782931336,8.811373258296287,8.843357213209273,8.864922249157122,8.875768024853333],"predValues":[8.502592115861916,8.49720431212869,8.486229097311663,8.471738826287645,8.453106503397485,8.430209334239095,8.404905182168758,8.379818976872693,8.356962207604168,8.33735497158227,8.321228770807476,8.308354495378051,8.29829120175922,8.290545320243886]}