{"timestamp":"2024-05-12 00:34:34","trueValues":[8.528955701886208,8.581064915093108,8.638172551515787,8.696150911880551,8.751514708320315,8.802379764392628,8.848018882079927,8.887923075927665,8.921239429839943,8.946643252691198,8.962763871902261,8.969503211424712,8.969461216802353,8.967449727549083],"predValues":[8.374924742846568,8.326505740632319,8.287074650757999,8.263928437541692,8.254591544574183,8.252100572417516,8.251212572206738,8.249853062755037,8.24781339989436,8.245495456213366,8.243319975301894,8.241548227500322,8.240292375660774,8.239556938191985]}