{"timestamp":"2024-05-12 00:34:39","trueValues":[8.939821518656522,8.996893805175567,9.033447200263266,9.043337731195177,9.020493719786607,8.960160205315972,8.861187119865868,8.728487036886111,8.573560103973218,8.41212240986211,8.260491257438192,8.133027478604664,8.041164507982021,7.993055681237985],"predValues":[8.678845672214702,8.639512658388803,8.598624780380607,8.561520139427252,8.52868566051711,8.498674921277521,8.470964583661486,8.446034396361148,8.424454742032099,8.406438517462378,8.391832894121247,8.380260186196217,8.371247023925122,8.364318708602054]}