{"timestamp":"2024-05-12 00:34:44","trueValues":[9.039496020615529,8.967929210452478,8.85947092191286,8.721268746037762,8.563970711694054,8.398488244398978,8.23400540858931,8.077763884523316,7.935633616725109,7.812497676093351,7.712119365526699,7.636747789420129,7.587017119729019,7.56246382087492],"predValues":[9.02334988568455,9.037688125544078,9.031702562914104,9.006169300942034,8.963671274691725,8.90979695840198,8.85165566953401,8.795330780977462,8.744529248416185,8.700765536142612,8.66412363340146,8.633947041982424,8.609294603924909,8.589191140308419]}