{"timestamp":"2024-05-12 00:34:54","trueValues":[7.76504162651713,7.767798653211656,7.809530410498279,7.883132630902018,7.978022403799533,8.081485192799615,8.180439407248532,8.263262902513919,8.321587054041277,8.352122194482861,8.357818578953802,8.34713706070454,8.331232527746504,8.320276715508161],"predValues":[7.964317804317886,7.915399650832809,7.894429715894221,7.910888949971651,7.95647730200787,8.013810593078542,8.068764809055926,8.114795167781915,8.150818314315138,8.178193226529796,8.198884083281818,8.214687882303942,8.227013835543952,8.236894532292142]}