{"timestamp":"2024-05-12 00:34:59","trueValues":[8.13982210218693,8.246235943668388,8.33091677071256,8.383087912698006,8.397152390145948,8.37419196326527,8.321648185453572,8.250965388670064,8.174383942177542,8.10211571550559,8.040594125326429,7.992554137868414,7.959063958114216,7.941552997956554],"predValues":[8.063356273800272,8.104733468895581,8.144941459283551,8.184221581148378,8.217390953882399,8.239574480249427,8.250375603435788,8.252743781190365,8.250255998498687,8.245663700491553,8.240663150965784,8.236129592272203,8.232418915545868,8.229603149537787]}