{"timestamp":"2024-05-12 01:36:04","trueValues":[7.371096718881452,7.490187088962996,7.61964534656985,7.7379229346566145,7.830063388733329,7.889030749033534,7.915377058789135,7.915887904764925,7.901293710340004,7.883087978392168,7.870148318930461,7.866242021684782,7.869317729089491,7.873441973109442],"predValues":[7.335048853994561,7.4275066598377135,7.528823204688726,7.637469937451463,7.73992990550115,7.823518606575226,7.884541045483556,7.926072663842099,7.953269763383602,7.9707900261474816,7.98208525061844,7.989494111999901,7.994523632499323,7.998116830598551]}