{"timestamp":"2024-05-12 01:36:09","trueValues":[7.659272854329764,7.670508276332173,7.6816546591036285,7.712036439436977,7.7806375787374495,7.901326402356146,8.078752884458757,8.3059339572399,8.564576444253277,8.828878105312718,9.071755864250092,9.270587643262337,9.409997563213397,9.48147028415926],"predValues":[8.105111952074314,8.139605750145154,8.16186130526319,8.1720955010477,8.169743802195567,8.156638556343164,8.13704859658996,8.11540648190487,8.094805727538798,8.076844521240142,8.062054972084626,8.050356811870016,8.041388567897522,8.034693083518674]}