{"timestamp":"2024-05-12 01:36:14","trueValues":[7.843849851149702,7.984744732842042,8.173382450170893,8.395665302094674,8.631327693859937,8.85997007318369,9.066383742053066,9.24265909308328,9.386860121025808,9.500083470259485,9.584250261862875,9.64176003666296,9.676122269302988,9.691687921605908],"predValues":[7.75432661888548,7.676057148047357,7.619533183717726,7.599637832691792,7.612744673276689,7.644338450305982,7.680870848082501,7.714696453238076,7.743072857459384,7.765864508484377,7.783937877635157,7.798354259386922,7.81005906432026,7.81979357725644]}