{"timestamp":"2024-05-12 01:36:19","trueValues":[8.951796364958955,9.152710333031733,9.31021780890974,9.419668552638536,9.48045709744765,9.494424296213417,9.466150220660518,9.404181573805351,9.321216147347942,9.232121632336035,9.150473986496715,9.085590168641303,9.04179668802783,9.02000838953073],"predValues":[8.778326945753104,8.858104501953683,8.8898553601337,8.875104616135554,8.82207869753297,8.744559282544834,8.657079699972527,8.570813708828657,8.492316191243797,8.424333276573755,8.367203048107402,8.320015710956534,8.281364711060853,8.249761099847843]}