{"timestamp":"2024-05-12 01:36:24","trueValues":[9.572632635639248,9.55756507145216,9.50211994365517,9.415565837507264,9.309318911360249,9.193918752271358,9.076611293118848,8.961259507582295,8.850604740820025,8.748922204861486,8.662519066723078,8.597333578637427,8.555802757645132,8.536327618631542],"predValues":[9.446141112049965,9.418331103653014,9.351383701949509,9.256185082525525,9.1460555143315,9.032777944193006,8.925021072162291,8.82811582318027,8.74437588830795,8.673924061947417,8.615625426139975,8.567804182822478,8.528681407897125,8.496606553231942]}