{"timestamp":"2024-05-12 01:36:34","trueValues":[8.906061563321977,8.883201338799713,8.8634939004194,8.834587513432368,8.783278855937787,8.701769420248002,8.591896869774367,8.464592032612806,8.335040483155014,8.216880905272856,8.11886200143206,8.04487412155336,7.995829452623704,7.971483468993911],"predValues":[8.780714791875116,8.712600577563013,8.649563194147674,8.602068870991584,8.570467651877316,8.54916494942484,8.533131243134736,8.519787584774381,8.50818564008695,8.498073441338285,8.489381617664865,8.482041861358173,8.475939085889841,8.47092152588413]}