{"timestamp":"2024-05-12 01:36:49","trueValues":[8.602002158015557,8.671521331655457,8.706064300644883,8.700442071234944,8.65771227719541,8.587053667188071,8.499669236987945,8.4053113073774,8.311517381492468,8.225183880006325,8.153689630171781,8.103023384083802,8.074147828591665,8.06238561328852],"predValues":[8.546485533045056,8.613398647999926,8.659053978800921,8.682613759310843,8.68327849697237,8.664235796253584,8.632497164356025,8.59553020197471,8.558761518000232,8.525179375338842,8.49597344443156,8.471277682807937,8.450708025725511,8.433681864246227]}