{"timestamp":"2024-05-12 01:36:54","trueValues":[8.336983664699762,8.243504698482527,8.173746580757175,8.143954319869355,8.16801830163634,8.257032282657265,8.415671752817735,8.636782210569187,8.899176305776264,9.172028922472096,9.42357458409547,9.62857850943956,9.7712220153123,9.843843475231822],"predValues":[8.65542596237556,8.575225004697648,8.498420029867123,8.439852150056833,8.40227121566507,8.380105762932983,8.366917590990859,8.35852132440645,8.352773376918183,8.348692190675587,8.345825659016429,8.343933508911508,8.342846964505144,8.342421702506567]}