{"timestamp":"2024-05-12 01:06:04","trueValues":[7.811273984692445,8.000195032827849,8.205571062420695,8.40121922379609,8.56652387841801,8.69159024273456,8.777808923481087,8.834648644844663,8.874665798910772,8.908564761761102,8.941851613122228,8.974111988334291,9.00074242626269,9.015982221559202],"predValues":[7.451667654498125,7.408873273792557,7.399034837455475,7.434423014667073,7.506868788223432,7.595936458571677,7.683086197306339,7.758371657858197,7.819135218524893,7.866536249830046,7.903041802942906,7.93118617358624,7.953116403275365,7.970502708509693]}