{"timestamp":"2024-05-12 01:06:09","trueValues":[8.70893109809279,8.793310254906723,8.845598343941777,8.877889019071237,8.900654622798818,8.91951897926695,8.934656180106305,8.94262558995964,8.939479714325167,8.923806683367605,8.898392494755136,8.869637873143844,8.845172018788203,8.831257446194758],"predValues":[9.00668439953781,9.045957345106409,9.042821569444405,9.003057446267444,8.937833418813174,8.859962896887465,8.7805247529195,8.706917748318277,8.642787707355346,8.589069940638826,8.545159778764491,8.50977293049664,8.48144516561642,8.458792787895959]}