{"timestamp":"2024-05-12 01:06:14","trueValues":[8.931128897616855,8.953429371033494,8.968912628824189,8.97279739718119,8.962577288200386,8.939724239974346,8.909188833744015,8.87715012634871,8.848604414694218,8.826164933761797,8.810285384946177,8.800202157171164,8.794688369570862,8.792413217878474],"predValues":[8.647926998608149,8.592453962992504,8.540134776673803,8.500564945072448,8.47384094950436,8.454978453557473,8.439872350001764,8.42675913048689,8.415232138226706,8.405303865292424,8.396987069544,8.3902030775117,8.384786568593572,8.380537669650288]}