{"timestamp":"2024-05-12 01:06:19","trueValues":[8.959471812455774,8.936932394953688,8.912404346030755,8.889728047322876,8.870123469188469,8.852504598798669,8.834560668768706,8.81371007297847,8.78770716228672,8.755501539556974,8.718545474514372,8.681469804534672,8.651047092733961,8.63384365015902],"predValues":[9.088184798410124,9.055865949673258,9.01035122112054,8.958558030736333,8.905309646950743,8.8533620333033,8.804917781157886,8.761706112116215,8.724592168556642,8.693604389875322,8.668229272208972,8.647698686072664,8.631189217921651,8.61792848565102]}