{"timestamp":"2024-05-12 01:06:24","trueValues":[9.002214895932765,9.001989507073517,8.984112024230834,8.940245717500103,8.863579484396613,8.751006786020763,8.604855400237259,8.433019252894693,8.247794528893174,8.064317100128306,7.898573894070354,7.764613706631062,7.671950711873596,7.625027302950594],"predValues":[8.876155810638286,8.872358486779742,8.864434792591252,8.854834502973373,8.84178932537827,8.823588643416667,8.801218533347763,8.777261930235419,8.754088340777953,8.733147908390515,8.715039189336103,8.69980630454707,8.687201273120495,8.67685571185011]}