{"timestamp":"2024-05-12 01:06:29","trueValues":[8.715978486775462,8.591343497598718,8.451096343087961,8.307355661258892,8.17373568341846,8.06303094837136,7.9841942843426335,7.939660050485387,7.924952364264596,7.931055139732928,7.947911196412781,7.967058883687466,7.982633572807856,7.991193565261716],"predValues":[8.957804785421352,8.945458366447662,8.930504028267697,8.9151999120939,8.897968561700305,8.877205941986023,8.85367300613976,8.829521314085568,8.806714513101873,8.786418618431032,8.769065271001592,8.754608223571214,8.742754842727123,8.733117874261866]}