{"timestamp":"2024-05-12 01:06:39","trueValues":[8.023672950403045,8.026943215172103,8.012767638027032,7.976172514105723,7.91549506899374,7.832578016088665,7.732805172292488,7.624266349761889,7.516007934361603,7.416259011552846,7.331450340120352,7.265921718759598,7.221919593978072,7.200001856360155],"predValues":[8.139205206500245,8.173815154254445,8.216150783579048,8.266766264015947,8.317387857594076,8.358906718092662,8.387821078742169,8.405607927621407,8.415517063765753,8.42056306316762,8.422913167287257,8.423932467140096,8.424410355310997,8.424762525403569]}