{"timestamp":"2024-05-12 01:06:49","trueValues":[7.30499372803387,7.25823112130408,7.241251472855891,7.2543224319596575,7.295742153254825,7.362059901411687,7.447561749901863,7.544310449310658,7.643858170036339,7.739318857166944,7.825609566664481,7.897991816709802,7.95103155632734,7.979304834513993],"predValues":[7.597308991672085,7.552814094549706,7.537484994233495,7.563909445881333,7.625019860865619,7.701817127822419,7.777134748812919,7.841942285297334,7.893947575103334,7.934284738823372,7.965201286119931,7.988958813459193,8.007440965706104,8.022095494177073]}