{"timestamp":"2024-05-12 01:06:54","trueValues":[7.34518151847691,7.424653949193508,7.515994644924148,7.6116948077177025,7.705968748083528,7.794916281917175,7.874944476908165,7.941563629506518,7.989894389856062,8.016523233051966,8.021707708392121,8.010805851269847,7.993672045347173,7.981391010405764],"predValues":[7.346518435884936,7.311573328518106,7.304662821041227,7.337991667024715,7.404907705655825,7.486952705675067,7.567040968923356,7.635984709921432,7.691397943068529,7.734444025719505,7.767471998838999,7.792862000675298,7.812610104734224,7.828255227873129]}