{"timestamp":"2024-05-12 01:06:59","trueValues":[7.903331512679436,7.992576995700837,8.056803252190946,8.086945025283848,8.075821766133565,8.020988218248277,7.926929035191733,7.8052706142162815,7.672313513516132,7.544648532599528,7.434983297350198,7.350393104269472,7.293520425101008,7.265004215997669],"predValues":[7.735652832950461,7.731141068934306,7.732129537292248,7.746131022806652,7.770485511676416,7.797316354321644,7.820616725012435,7.838383373946741,7.85113724707282,7.860209680234965,7.866869283132683,7.872055087416582,7.8763831914071005,7.880228888817983]}