{"timestamp":"2024-05-12 03:07:04","trueValues":[9.63509777587775,9.530992575471068,9.405130971217178,9.282218558923422,9.183123476437476,9.12239553146316,9.10706908903444,9.136566324410747,9.203011385378437,9.292390294351888,9.387709050290468,9.473245717106778,9.537083390445687,9.571172923829131],"predValues":[10.16061794850695,10.094582733790393,9.991128184241532,9.880822132318098,9.782811999506023,9.700920359595017,9.633473275043183,9.57815519426827,9.532933364917074,9.496060491752942,9.466023173638444,9.441520640435424,9.421456247765056,9.404916745485394]}