{"timestamp":"2024-05-12 03:07:09","trueValues":[9.042372386458403,9.01322705538592,9.035664941585846,9.105337209545237,9.211795703536543,9.341205056013562,9.48002917756158,9.616905599156116,9.742008110742546,9.846531662640327,9.924332813702518,9.974316514282782,10.0008815681789,10.011358960668844],"predValues":[9.30444647201155,9.266690117045377,9.23901619248797,9.234280368556313,9.248408103726543,9.269060952687443,9.287246750479095,9.299810053072065,9.306966680930618,9.310047172532812,9.310425124134046,9.309172727548235,9.307029938652908,9.304469861421472]}