{"timestamp":"2024-05-12 03:07:14","trueValues":[9.796926976816296,9.976289198378682,10.105362593876825,10.156614638367843,10.10520258904986,9.933329762859916,9.6358297580928,9.22407780163295,8.726799544118006,8.187716968987932,7.660393153907266,7.201136508530109,6.861382471584366,6.680667651077757],"predValues":[9.555441419346764,9.648372329163331,9.716784758451938,9.7580415512439,9.770991310678074,9.759562394466313,9.731797570156708,9.696039946583848,9.65844891221962,9.6226487624469,9.590350645232466,9.562086669652032,9.537747330740968,9.516930224333116]}