{"timestamp":"2024-05-12 03:07:19","trueValues":[10.522517504028595,10.36566758951589,10.054837747403372,9.590353834697456,8.985334120899244,8.26363022256519,7.456912729673076,6.602193390008443,5.740615637461756,4.917060327642697,4.179187469768835,3.5745585318790054,3.145438609608516,2.92286910451882],"predValues":[10.217579666906367,10.249055433731057,10.247163017837384,10.216189060171018,10.164172607237555,10.09982887212034,10.031186801352504,9.9644477780283,9.903396633935069,9.849706775037204,9.80363601642135,9.7646474648143,9.731853385794022,9.704280992538774]}