{"timestamp":"2024-05-12 03:07:24","trueValues":[7.837829470193595,7.080515195253686,6.342890550847899,5.6771925945714585,5.133525163519225,4.755952942499548,4.576674477616725,4.608251543178418,4.835963329644346,5.214378831917766,5.671698874021715,6.121736636635967,6.479698266050789,6.677677394755886],"predValues":[8.928967503509089,8.769011847463021,8.663659034668013,8.63848565066224,8.681280828734053,8.760025264066838,8.846842235287614,8.926327955441668,8.99292079495386,9.046318286227702,9.08832672960215,9.12125370299698,9.147234021645057,9.168018701825511]}