{"timestamp":"2024-05-12 03:07:29","trueValues":[3.965273807200647,3.634031090144083,3.5764503497479883,3.81362733870006,4.337086253132721,5.10879458356947,6.067552144876009,7.138149093399603,8.23966059580414,9.292127163490267,10.222672179339328,10.971036018152931,11.492956879541676,11.76051365541148],"predValues":[6.570988461919098,6.478282010701154,6.484851777001673,6.598499989550801,6.794128615453136,7.02997041462405,7.267498111830574,7.48205342166271,7.663151509545537,7.809881517435854,7.926120771605688,8.017324320341785,8.08886907003866,8.14538160545208]}