{"timestamp":"2024-05-12 03:07:34","trueValues":[5.0369907562894,5.86041313851031,6.770014665401317,7.695711428677847,8.574492490905099,9.356717018989162,10.01108254036977,10.526483603742829,10.909702606408144,11.179843380496798,11.361376564561922,11.47758100040562,11.546153434521193,11.577970474099736],"predValues":[5.480579420695229,5.769508469222586,6.288794566741395,6.800977991517719,7.195752160050624,7.476258429565849,7.672005464355913,7.809566557768157,7.908011520973778,7.980164661117365,8.034502512985561,8.07663906653708,8.11032008261314,8.138072946429032]}