{"timestamp":"2024-05-12 03:07:39","trueValues":[9.492621716916949,10.144547297580718,10.639343353967718,10.979417932144887,11.180718357058872,11.26664998595636,11.262468597355353,11.191810784714258,11.076224041923492,10.936457433471126,10.793193576657965,10.666078512663267,10.571666096359156,10.521553222446824],"predValues":[9.877708151333517,10.12163790213987,10.224001123084882,10.213481735972575,10.12409166387166,9.990242044551998,9.84061626824012,9.694741302755691,9.563281124290535,9.45038044259828,9.356212020365852,9.27896105201432,9.216065865579758,9.16490259453094]}