{"timestamp":"2024-05-12 03:07:44","trueValues":[11.390948752365478,11.426657470808504,11.390145538765664,11.296330615569554,11.15836286537117,10.988961342970455,10.800330536149083,10.603266783895924,10.40668889347614,10.218398296253628,10.04676893255787,9.902040048159606,9.795946747909577,9.739473017653529],"predValues":[10.820237581879978,10.64174555268218,10.28350803454578,9.950961656898423,9.711042126738652,9.546107981632993,9.430946500840804,9.348111842447953,9.2867672675757,9.24016971565911,9.20399639848264,9.175366697583428,9.152293576273127,9.13337048049144]}