{"timestamp":"2024-05-12 03:07:49","trueValues":[11.122915151479772,10.96936633323102,10.79915362356802,10.614545795253186,10.41603774693736,10.204734096661843,9.984590312590909,9.763238252866511,9.551109594313758,9.359244669993206,9.19668242368461,9.069264360515929,8.980897575099089,8.935284504709202],"predValues":[11.228529500403903,11.124210074265438,10.927638562775634,10.701118506613527,10.490594680527906,10.308979633528056,10.155365962824522,10.02650466674817,9.919180764589758,9.830317485789578,9.756970422584985,9.696416835030083,9.646246019170448,9.604400770087956]}