{"timestamp":"2024-05-12 03:07:54","trueValues":[10.16297602628906,9.953146971993611,9.750159320100272,9.565190550664148,9.40918265490862,9.28991473794267,9.210519385963314,9.170538910744582,9.16757164514951,9.196657439542191,9.248075867790156,9.307173464577426,9.357731268855767,9.386566690246791],"predValues":[10.562200295848324,10.568411247337544,10.531036565015093,10.461121897716517,10.374093624440198,10.281313151055624,10.189956242211288,10.10467047997414,10.028054215155484,9.96102601367225,9.903364739285172,9.854208704869642,9.812429902974426,9.776865773610918]}