{"timestamp":"2024-05-12 03:07:59","trueValues":[9.092320471346287,8.975772636438736,8.914548198081082,8.915144628034087,8.981744909631253,9.11293026252983,9.300110394358558,9.52924262234692,9.783646576178231,10.045275731365363,10.294325105057087,10.509103677438478,10.66783856575988,10.752395535246963],"predValues":[9.382142370729094,9.348276631472402,9.328541816850931,9.335290193190852,9.361421479848422,9.392208853812914,9.418005246646604,9.43588538737678,9.446517468918708,9.451675896961447,9.45310637200916,9.452181958739754,9.449871722932482,9.446813026007716]}