{"timestamp":"2024-05-12 02:38:04","trueValues":[9.085106964695422,8.987411525762294,8.9154845718442,8.878890776866635,8.884856405340425,8.936341812353163,9.030570302842891,9.158908526660994,9.308028241194569,9.461814143007526,9.603769256020067,9.719735013567067,9.800213188910302,9.840922456879095],"predValues":[9.553257167406574,9.52057844070341,9.498047528441294,9.495055278703806,9.506685131209895,9.522382614732374,9.535246790189332,9.543291152469918,9.547082894764731,9.547901524111992,9.546927674135253,9.545021437226628,9.542737780294267,9.54040043403459]}