{"timestamp":"2024-05-12 02:38:14","trueValues":[9.614924941397744,9.673880606992988,9.681197239678507,9.635780852962965,9.542532059802458,9.408983313346788,9.242805276895291,9.05197373923128,8.846944032378524,8.642326829664388,8.45570246211005,8.303656147660021,8.19786451764023,8.144087745821409],"predValues":[9.567444439256604,9.608456706399386,9.633320180723697,9.644204761577278,9.641035496532885,9.624870756389466,9.599582020066578,9.570059268970356,9.540216508220205,9.51240437351326,9.487696651395929,9.466351156954849,9.448187685418118,9.432828816762004]}