{"timestamp":"2024-05-12 02:38:19","trueValues":[9.292842135225376,9.142338724463936,8.986211755348808,8.837806215184097,8.712911284610723,8.627762137790619,8.594270363303925,8.615426616155641,8.683860042755423,8.783882993764514,8.89535133988781,8.997964933834485,9.075132976096294,9.116153216901548],"predValues":[9.486021119121531,9.41400991016997,9.35125984439242,9.313253648002082,9.299021192064703,9.298375325404365,9.302481761578123,9.306850797036006,9.309995609515484,9.31180828878442,9.312629044441673,9.312840612285964,9.3127401441388,9.312524855252022]}