{"timestamp":"2024-05-12 02:38:24","trueValues":[8.542033837286201,8.481047279859,8.478675115273187,8.532117524845628,8.630926087060033,8.76044627344543,8.905507127991331,9.05348288774873,9.19551401634352,9.32537095707404,9.43744556733406,9.526098341444944,9.586825754841758,9.617413787244416],"predValues":[8.834244645946015,8.725476713513682,8.651802730147683,8.635428548469967,8.670253785110948,8.732721317448192,8.800903042102568,8.86256762662875,8.913525177185754,8.953838154129624,8.985179431847262,9.009516112870836,9.02859868190199,9.043815619366075]}