{"timestamp":"2024-05-12 02:38:29","trueValues":[8.971221269898964,9.121632717753211,9.249143806984083,9.33754142389582,9.374677427921569,9.35177706929819,9.264260807878504,9.114410174284878,8.913862197319627,8.683714656309661,8.451704467745927,8.24730840127105,8.09624577098148,8.016374391352464],"predValues":[8.826457832963317,8.882937410571845,8.937567098486564,8.993746334808598,9.045041437076977,9.08368180542269,9.107564519262784,9.119366602878294,9.123116882128247,9.122237121368691,9.1190667931693,9.115024146295324,9.11088262600668,9.1070212470596]}