{"timestamp":"2024-05-12 02:38:34","trueValues":[9.24384557405931,9.17797833783219,9.06929040781334,8.931661272481325,8.786491178759539,8.659091720803294,8.573041018546206,8.544104863219271,8.575846684581819,8.658709516582073,8.77262285340844,8.8916635209939,8.989424078170561,9.044363675766744],"predValues":[9.405372838978868,9.415457395697628,9.412376904095437,9.402505509953462,9.387327909224243,9.366733002210651,9.342232063740129,9.316484044458775,9.291805027526348,9.269569140775744,9.250320719565146,9.234061890204543,9.22051782712736,9.209302605069883]}