{"timestamp":"2024-05-12 02:38:39","trueValues":[8.526278146027666,8.408524693354149,8.35684233687832,8.381195231015589,8.4789257540636,8.636659416167099,8.834027230749241,9.047871555677506,9.256289803292674,9.44188051840172,9.59349652086694,9.706205303082337,9.779673565956523,9.815655515233631],"predValues":[9.112122796310032,8.993734640103638,8.903291512978745,8.861089841183695,8.862499584708978,8.888544755811836,8.922213811394183,8.95414753223359,8.98092149608651,9.00215961187295,9.018658714262743,9.03147026354738,9.041544720293674,9.049634798239106]}