{"timestamp":"2024-05-12 02:38:44","trueValues":[8.701992682797256,8.88798128366372,9.079080470598086,9.251921299412292,9.388726489622064,9.479531621023243,9.522594182576666,9.52314861790731,9.49109130529957,9.438611848365156,9.378481396498842,9.32265991183311,9.280679110488572,9.258446944780456],"predValues":[8.534349087183163,8.550117802090401,8.5839218783573,8.643756241557105,8.719160775468564,8.792710901277477,8.85338887796696,8.898705859690338,8.930772740693047,8.952912146127723,8.968125894126821,8.978688870593977,8.986189960671382,8.991696040397958]}