{"timestamp":"2024-05-12 02:38:49","trueValues":[9.45100876720118,9.505094651335217,9.523197523037148,9.515475828297983,9.49360460371116,9.468835750181531,9.4504048951632,9.443806423677776,9.449603276295882,9.464020721202644,9.481321974037256,9.496508080006446,9.50686852544678,9.511867480240056],"predValues":[9.73532990263239,9.769404020268382,9.771384678026756,9.746568514099788,9.702556555134542,9.647538284068624,9.589175858961395,9.533236895668558,9.483026743074053,9.439810024046148,9.403563349174924,9.373607893995148,9.34901871365992,9.3288501317999]}