{"timestamp":"2024-05-12 02:38:54","trueValues":[9.55751138212484,9.542591596482255,9.52896779678034,9.514031532235316,9.49137782557111,9.453726722949584,9.396249905954392,9.318755475108674,9.226164774890968,9.1274651860637,9.033550326297922,8.95464668350442,8.898392760543885,8.869299258277476],"predValues":[9.574308699491135,9.503642381610074,9.437405167444194,9.38849419025534,9.357555316703856,9.337603086885617,9.322481833371208,9.309275322005394,9.297146849805973,9.2860501695306,9.276100633496393,9.267357246805645,9.259783862188485,9.25328107465274]}