{"timestamp":"2024-05-12 02:38:59","trueValues":[9.552324780474692,9.52162192733242,9.465089191974068,9.382692553439751,9.277935107442753,9.15620226561755,9.0228868816836,8.8823532069013,8.738425144004108,8.59599054808817,8.462470506817406,8.347959411094289,8.263588493731579,8.218765613292799],"predValues":[9.693736621284051,9.716172912751484,9.723223225110395,9.716301554506057,9.696016025596428,9.664430222229608,9.625881285213586,9.58521082240216,9.546070771208118,9.510516741817074,9.479349289941355,9.452596057610869,9.42988281426686,9.410670008748646]}