{"timestamp":"2024-05-12 01:16:04","trueValues":[8.206473149435178,8.168929159679543,8.095983171697357,7.997407972004673,7.886348408977509,7.777268174764973,7.683543619743558,7.615048264365232,7.576148220411635,7.564719038411125,7.573039820990784,7.590681017635511,7.607966854722675,7.6182087583809075],"predValues":[8.283006222375361,8.276963780953078,8.25528232953312,8.221388948246522,8.178511109873734,8.130762161095994,8.082872078492475,8.03873519881515,8.00052912928548,7.968876081365136,7.943421227074053,7.923351518628703,7.907722608603494,7.895639586280172]}