{"timestamp":"2024-05-12 01:16:09","trueValues":[7.770818544979052,7.671085037917743,7.595862303510675,7.5501062387737665,7.532527236696333,7.536471807521885,7.552760671011136,7.573064007766954,7.591994811422365,7.607323114372329,7.618887317057387,7.62718630495962,7.632560021889141,7.635178041067881],"predValues":[7.922232813783696,7.828650189954307,7.754422037046412,7.711753374419174,7.698274429585522,7.70297915623353,7.715283049007364,7.728887446130596,7.741152533747059,7.751444405690124,7.759944064097936,7.767053647347899,7.773161472802463,7.778563894916887]}