{"timestamp":"2024-05-12 01:16:14","trueValues":[7.456351915412452,7.457887377016065,7.469967475663147,7.490794947832212,7.521811963275934,7.566171839713764,7.626763435059785,7.704726717258934,7.798721579438193,7.904330878376093,8.013286457665297,8.11348828450254,8.190937797049656,8.233267844810527],"predValues":[7.6357029738473745,7.679975937364245,7.72369765501546,7.766244054818108,7.802013107307181,7.826049181255509,7.838067616912799,7.841191963658595,7.83915495868541,7.834823133652403,7.829963452163663,7.825499264333599,7.821813305960932,7.818994616276613]}