{"timestamp":"2024-05-12 01:16:19","trueValues":[7.544599361680941,7.586082340698397,7.642788901898667,7.715291288458586,7.801852836691467,7.897610941432326,7.99443220116963,8.082554460937288,8.153673948635584,8.203799580407873,8.234209800137375,8.249952467747203,8.256912146142668,8.259393549904365],"predValues":[7.648346544642571,7.624195384165877,7.611050801578607,7.614463263328439,7.630426535600029,7.6507442249482995,7.669346779498559,7.68397366593962,7.694755386547296,7.70265648869211,7.708668098619496,7.713541335334441,7.717771363276539,7.721655068478544]}