{"timestamp":"2024-05-12 01:16:24","trueValues":[7.983895271999884,8.086694120704687,8.171203248216933,8.22587253865527,8.243864310660072,8.224531634416007,8.17252528145501,8.095500765117722,8.002315761257002,7.902719666978983,7.807492873947596,7.727288992593444,7.670336842588997,7.641108851215538],"predValues":[7.719344301093775,7.701748820113897,7.691805397220916,7.693260324833548,7.702172753168728,7.71196361331972,7.7187026870534226,7.721812149629269,7.722335753465017,7.721539184583932,7.72035934832663,7.719344301093775,7.71874521325328,7.718630658302413]}