{"timestamp":"2024-05-12 01:16:29","trueValues":[8.162683124075441,8.118858014600821,8.060106474764895,7.996834665672841,7.939438382668629,7.898009092978494,7.880747974244997,7.891302445472183,7.927200671293324,7.980752585830399,8.041530499089546,8.098763853590555,8.142959738370182,8.16699315443102],"predValues":[8.245733868721318,8.200221266478595,8.15218712637306,8.107479066673895,8.067558128134962,8.031872533313111,8.000225598533996,7.972932017676565,7.950209471726341,7.931923471576272,7.917637592100321,7.906764971740449,7.898683133246239,7.89281584660962]}