{"timestamp":"2024-05-12 01:16:34","trueValues":[7.909276941208294,7.887024575555246,7.889845391549558,7.915204827679711,7.955686314690516,8.001568097505753,8.04329586796114,8.073141286598783,8.08627762973483,8.081593634609252,8.062169527035492,8.034936014435361,8.00909815855681,7.993463932756619],"predValues":[7.906995410585928,7.814959677276363,7.747329995853891,7.71517965718396,7.714056433930217,7.730830096097846,7.753565399908028,7.775507058513365,7.794132205107298,7.809144219445821,7.821094081605839,7.830706597506177,7.838620723299698,7.84532683922851]}