{"timestamp":"2024-05-12 01:16:39","trueValues":[8.070426254526616,8.122218647544578,8.155841190095833,8.163545874355055,8.141357298001793,8.089940996063824,8.014748295785406,7.924990903633217,7.8315467557421155,7.744451237912273,7.670952143543188,7.614919888399411,7.577623347969199,7.559078469577497],"predValues":[7.937559256212417,7.956764885434408,7.975320129587326,7.99243559608631,8.003783180940843,8.006364255483458,8.001035722641285,7.990904387102683,7.979046753638606,7.967535442914621,7.957440786223396,7.949141266743664,7.9426241266154705,7.937688163755736]}