{"timestamp":"2024-05-12 01:16:44","trueValues":[8.172884627843809,8.110875846887529,8.027002486063155,7.9285572570687854,7.822007331747783,7.711515759277468,7.598937745126635,7.485268402371952,7.372704209236073,7.2660942156577715,7.172596378439349,7.099245859981017,7.050170625345213,7.02602823589724],"predValues":[8.205210918665651,8.170295845427471,8.138355745658087,8.113265819319533,8.093387744562293,8.075629866656707,8.058638523503557,8.042694122233154,8.02851615298934,8.016583301309266,8.007012514242538,7.999655215878404,7.99422275963533,7.9903781253794435]}