{"timestamp":"2024-05-12 01:16:49","trueValues":[7.763624706695621,7.669549044736632,7.572433822642813,7.471584268623987,7.368465144476506,7.266600011647329,7.169513760527163,7.078448421940601,6.992412338064713,6.91078037376159,6.835733059928934,6.772206093637735,6.725939448713785,6.701560507279103],"predValues":[7.757561002173409,7.71147349886636,7.685058881402238,7.685647603481518,7.707372378467582,7.737999747605108,7.767868289863923,7.792672493297182,7.811782172780745,7.826110046879056,7.836891767486732,7.845201121150181,7.851839726736719,7.857360159055748]}