{"timestamp":"2024-05-12 01:16:54","trueValues":[7.177571146456454,7.078241106716295,6.995840481350744,6.932482556703977,6.890040346090983,6.872028905718745,6.882933154939762,6.925622283300681,6.9988678152031145,7.095971342591973,7.204636680567147,7.308409910826191,7.389860075624922,7.434601890495224],"predValues":[7.366541099721694,7.287639051660686,7.2440132837479005,7.248181382911454,7.292755219292318,7.358483713792403,7.427322999812078,7.488908379291024,7.539696888203594,7.579923483804004,7.611280974635337,7.635718655383572,7.654961760819188,7.670380166155101]}