{"timestamp":"2024-05-11 23:51:04","trueValues":[7.042561890824421,7.120565307124686,7.221444097905913,7.351724174325018,7.521002104957394,7.737627909145102,8.003377055732201,8.310412497662416,8.64194675175316,8.974948691316492,9.283035061960687,9.53979656199661,9.72300102571614,9.81795193002595],"predValues":[7.451415420975219,7.536947569382793,7.619490391729119,7.704402986562517,7.786134887435306,7.855370464479906,7.90764340355626,7.944183243417754,7.968730960708122,7.985080689820919,7.996168067490071,8.004003785602604,8.00987186960547,8.01456490154852]}