{"timestamp":"2024-05-11 23:51:09","trueValues":[7.74047689874682,7.958576235759597,8.20529730000911,8.466732960986894,8.72510992503991,8.96192132156758,9.161251188695656,9.3136374469558,9.418661744856903,9.483912882763589,9.52067997200557,9.539498878597604,9.548052492121489,9.551152652091115],"predValues":[7.597432317651672,7.53408821401986,7.496217569891568,7.501374934779314,7.54568776660855,7.611102630384684,7.679739651166286,7.741222701976824,7.792012539833141,7.832351032496925,7.863928064835024,7.888682299983451,7.908322759598986,7.9242049663020975]}