{"timestamp":"2024-05-11 23:51:19","trueValues":[9.525905378813087,9.52548596416699,9.509163345506604,9.482774775339896,9.45077487310196,9.416883086547855,9.384954415694684,9.359458364147487,9.344516252249983,9.341892385718763,9.349674680292726,9.362870028531075,9.375549746596151,9.383059873491025],"predValues":[9.597691730482904,9.521981805298717,9.415815678931429,9.30451238762133,9.20431268709408,9.119107193059165,9.047982655374634,8.989162010463936,8.940863410553035,8.90140999442379,8.869268426782579,8.843077869233959,8.821668319704342,8.804063004540746]}