{"timestamp":"2024-05-11 23:51:24","trueValues":[9.384162896799833,9.34297255119515,9.310046640955314,9.29117351345846,9.289980653552451,9.306445203404865,9.337262345709254,9.377689346026491,9.423411921381014,9.471111965028918,9.517662738125663,9.55911940405696,9.590693512718818,9.607862934333872],"predValues":[9.647727525657992,9.640213146143132,9.609736213437603,9.561581139451222,9.502528195173802,9.438342870151056,9.373955545678983,9.313240890142126,9.2585532602801,9.210826106179788,9.170005206936366,9.135489348399352,9.10644182758654,9.081989262668351]}