{"timestamp":"2024-05-11 23:51:29","trueValues":[9.302959649749024,9.329831423861616,9.365744799641456,9.406747498389269,9.45005139612688,9.49322186791244,9.533142274873876,9.565938480204144,9.587996288492842,9.597371189251476,9.594841943514938,9.584188598873082,9.571434459958256,9.562964835679091],"predValues":[9.35733949623958,9.37141938943497,9.376205713228956,9.373333600006069,9.361609658282791,9.34073088888515,9.313184542927312,9.282689536586846,9.25234868772086,9.224070359547976,9.198739097025229,9.176573378504392,9.157417983355982,9.140945459841095]}