{"timestamp":"2024-05-11 23:51:34","trueValues":[9.614363595559622,9.668881652199714,9.704411229025837,9.712393396739133,9.686191941851796,9.62285554609371,9.524241009666156,9.397210998071175,9.252711223574646,9.103977965882285,8.9646355562735,8.847296999837344,8.762574975537058,8.718183736026834],"predValues":[9.52814650954559,9.52906720177251,9.517645727645723,9.498463222044904,9.473557221520736,9.443864365625082,9.411389764681235,9.378701469583106,9.347831169528892,9.319926008759758,9.295406996654297,9.274223101772671,9.25607610913839,9.24056946193777]}