{"timestamp":"2024-05-11 23:51:39","trueValues":[9.693656353081822,9.619391787115298,9.51385930112589,9.384127812684952,9.238922634848285,9.087061575156383,8.93656135385993,8.794323175829584,8.666054854452497,8.556342043017077,8.468645045247996,8.404819332402795,8.364469676611549,8.345356541874247],"predValues":[9.901412786711706,9.9080793001169,9.887672571537678,9.846362620995894,9.792231021197008,9.731804480664184,9.670353058714792,9.6119194022228,9.558955678187507,9.512480920673005,9.47252489801919,9.43856613270031,9.409837026808932,9.385522672040285]}