{"timestamp":"2024-05-11 23:51:44","trueValues":[8.991958108104582,8.843956035261021,8.717131744157854,8.620204168920907,8.559880488633988,8.540234181665971,8.561563994570855,8.619108321908321,8.702927196039129,8.79970991640781,8.895593739227,8.978414045027398,9.038791680430386,9.070502404509288],"predValues":[9.406970760938522,9.376052618909467,9.34967308556023,9.336077459465718,9.33250525867767,9.33157287174579,9.328642816575591,9.322748685275316,9.31466232837237,9.30548676917557,9.29610495790946,9.287080366722154,9.27871014743516,9.271107526055598]}