{"timestamp":"2024-05-11 23:51:49","trueValues":[8.54663969051954,8.552102712468761,8.58885943594953,8.647746793836252,8.71706689170307,8.785521581402783,8.84449744694296,8.889080320141293,8.918199603916365,8.934119818410599,8.941034046929964,8.943128462272957,8.943291124987413,8.943051915113212],"predValues":[8.606493722086778,8.556649294811049,8.53416436400253,8.55360920309872,8.606754992427154,8.6733313530369,8.736853800919366,8.789818853898405,8.831039233631738,8.862098775275317,8.885268643690296,8.902637406867182,8.91585773924795,8.926152534867256]}