{"timestamp":"2024-05-11 23:51:54","trueValues":[8.731200474225782,8.78170831021929,8.822647219667317,8.85528421753687,8.884201767651366,8.915585837357611,8.954905561746052,9.005184287837828,9.066474110227764,9.135878994705548,9.207505873125896,9.272931900029493,9.322945900527156,9.35000213203163],"predValues":[8.983198774088889,9.047206020649732,9.097879708822688,9.135990094402676,9.158522069819789,9.16426629626557,9.156456891239198,9.14046916640269,9.121048514082668,9.101324331011162,9.082972149462565,9.066699499087012,9.052648842654024,9.040678780549072]}