{"timestamp":"2024-05-11 23:51:59","trueValues":[8.859672655573437,8.88044643841518,8.914607203183385,8.965227733606518,9.032898080707604,9.115406350516546,9.207808872299882,9.30364538472173,9.39675277826771,9.482311771338944,9.556641189760253,9.616491500285,9.658734369336166,9.68066778849028],"predValues":[8.988473086026243,8.938605269340592,8.897013051147251,8.875330536572298,8.871628099297185,8.876806461496109,8.883517627411155,8.888582763602958,8.891479329390766,8.892693983974201,8.892881365042324,8.892569063262119,8.89209968033119,8.891667242036387]}