{"timestamp":"2024-05-12 01:21:04","trueValues":[6.316327623261775,6.244271230222863,6.1826617968621225,6.124777525714543,6.065891230982816,6.003190469018227,5.934744816135984,5.859038080416786,5.77583596907829,5.687734706621812,5.600955610297785,5.52438692166522,5.467248121511709,5.436756902660915],"predValues":[6.412382746929766,6.406188141448617,6.436111569084123,6.512786706110707,6.6255578157877695,6.751581418284241,6.8707422223843,6.972505292333818,7.054431218993459,7.118362715760805,7.167605131519799,7.2055036834667465,7.23490629804837,7.2580509165321825]}