{"timestamp":"2024-05-12 01:21:09","trueValues":[5.9325084696009664,5.868449660022796,5.807382037027118,5.751151104793381,5.703646681664823,5.671126232161756,5.660765122249547,5.677865571684207,5.72317484553386,5.7914371041792165,5.871582777797313,5.948901123596745,6.008980942706353,6.04148039489824],"predValues":[6.139803626856768,6.123349575659946,6.142985516866747,6.210190334973767,6.3169201992779165,6.442071217311058,6.564850203652762,6.67275830948172,6.761562583179597,6.832008827976395,6.88691467040144,6.929508380601429,6.962705661154106,6.98888638451901]}