{"timestamp":"2024-05-12 01:21:14","trueValues":[5.751390979139454,5.737274938674184,5.739294268695552,5.755758552759216,5.7798055240462585,5.800121352873286,5.803670430040161,5.780164870435057,5.726247895051079,5.646877128531014,5.553679632599087,5.462123980217603,5.388691598824545,5.34771069475416],"predValues":[6.007213846207891,5.975146832310806,5.9782289186454936,6.030172678356074,6.124799719075094,6.241654938670991,6.359404404513272,6.464539536322759,6.551922504684765,6.621683678980732,6.676276555153699,6.718734447302891,6.751872191175769,6.778021285679529]}