{"timestamp":"2024-05-12 01:21:19","trueValues":[5.826489855989436,5.841781612986398,5.82964649606825,5.785116780619738,5.711171028257773,5.617202479164675,5.516381032306069,5.423095028720687,5.35013614998417,5.305406893632264,5.28931265395455,5.2945427120651765,5.30885098424324,5.3198469305827],"predValues":[5.682648838907578,5.714621896481852,5.7779026094970005,5.877713195295552,6.002394033031517,6.131928306220617,6.250100641962733,6.349265095312196,6.428492468802116,6.490204496620013,6.537826929953177,6.574647044050607,6.6034063169650095,6.626243019182977]}