{"timestamp":"2024-05-12 01:21:24","trueValues":[5.531804886311338,5.420460729981064,5.324955656129357,5.261581717710458,5.2415742038324,5.2680078251920825,5.334977154467389,5.429706390960442,5.536659850049782,5.641735179390718,5.734643364269239,5.808883610565219,5.860455266027044,5.886866162448678],"predValues":[6.072667780930143,6.070173752202862,6.083832901808411,6.126248001968998,6.195056456493777,6.276732408834878,6.357101212107853,6.427722478795942,6.48589260574319,6.532245100433102,6.568721018100435,6.59746434368989,6.620371612820747,6.638963934504165]}