{"timestamp":"2024-05-12 01:21:29","trueValues":[5.090978564375016,5.121925876719285,5.194179617904411,5.300347870581691,5.434825947398625,5.595216566732612,5.7810520732795885,5.991008174597112,6.220268246973798,6.458690987792952,6.689974642810991,6.892724015090753,7.044130044444175,7.125180462964244],"predValues":[5.1150099205730495,5.115930679247156,5.175901392075255,5.293138749445186,5.448031129820693,5.614324784378054,5.77084937346185,5.906177974275939,6.017128165232844,6.105304114327822,6.174280680236414,6.227975323331761,6.26991585768081,6.303003633268855]}