{"timestamp":"2024-05-12 01:21:34","trueValues":[5.522554308240101,5.667403594941711,5.835172244162262,6.026021988355587,6.236230057407267,6.457081769811461,6.675411811458467,6.876469969927636,7.048026241717389,7.183459164615504,7.282322479312224,7.348616040692917,7.388168064448084,7.406342964901023],"predValues":[5.74184597358139,5.765366683145194,5.808523865493298,5.876591035196807,5.962835763240747,6.05340899395833,6.13645840966046,6.206303440306772,6.2622677864251495,6.306142066818354,6.340408482614329,6.367406772171497,6.389055531575314,6.406827762073352]}