{"timestamp":"2024-05-12 01:21:39","trueValues":[6.485503623908866,6.688789490778707,6.867253745052222,7.008659472720353,7.107350290518901,7.165068975275784,7.189420540469309,7.191336345772898,7.182703792990531,7.174187124102776,7.17278721476121,7.179775598341578,7.190776063089773,7.198818033271616],"predValues":[6.186974352210818,6.264774971695511,6.332301659977704,6.394956307594322,6.452180226594735,6.500143401104259,6.536854143131432,6.563341586712809,6.582094710589439,6.595618972404814,6.605851706351203,6.614111623307316,6.621230907846622,6.627709109923071]}