{"timestamp":"2024-05-12 01:21:44","trueValues":[7.092905469370981,7.111409682084069,7.115280895214866,7.119174434600589,7.136229567053526,7.175198450293143,7.237870639967202,7.318614072482049,7.4069011212741565,7.491405730377668,7.563329760619522,7.617759043817412,7.653283836446052,7.670568078800722],"predValues":[7.311307273980246,7.301979417830205,7.274913617930763,7.238324607150684,7.198122198326444,7.158306246343411,7.121783948539358,7.090378881521934,7.0647945881100345,7.044885947646645,7.030025167106367,7.019395743451931,7.012173199983597,7.007613062415104]}