{"timestamp":"2024-05-12 01:21:49","trueValues":[7.19683817287949,7.250598465795868,7.317338286486318,7.386365219362865,7.446803986178148,7.491101933837434,7.516530475042355,7.524890062779386,7.521060844270948,7.510992234877135,7.499765583903448,7.490410617300998,7.484009361067415,7.480760359398285],"predValues":[6.77139145112171,6.655026478873547,6.572417475128693,6.542506672458769,6.561764396275586,6.611285624432396,6.671218462363747,6.728852759192788,6.778687618073549,6.819619351225349,6.852533832548972,6.878927984279412,6.900290754989186,6.917875338630351]}