{"timestamp":"2024-05-12 01:21:54","trueValues":[7.629660532425092,7.663463013959495,7.664479124347345,7.632451845868252,7.568897237547145,7.476008588141685,7.356445911452971,7.214461827466774,7.057926606833014,6.899417373159608,6.754380439601126,6.636820614031336,6.555717835127692,6.514778394102168],"predValues":[7.537042987543725,7.582131125154117,7.611033259521165,7.621872124709901,7.614357213617544,7.592257676495235,7.562091982414914,7.529989219931075,7.499967583352772,7.473960420041037,7.452488941732877,7.435313141187844,7.421863167327846,7.411482256153828]}