{"timestamp":"2024-05-12 01:21:59","trueValues":[7.630379225202687,7.558246550792781,7.456013300546085,7.323448504039623,7.163927944175851,6.983357712748759,6.786964013932107,6.5771380162072735,6.354882939207776,6.124039297463888,5.895401037865747,5.688320372130478,5.52833056223015,5.440471366876924],"predValues":[7.336551623582033,7.278866693996287,7.239288357154959,7.226727180871986,7.236485880584336,7.257317605373386,7.279992043560021,7.299988128521868,7.316140376594076,7.328816639405413,7.338829433161912,7.346958050475965,7.353810350216788,7.359813454904203]}