{"timestamp":"2024-05-12 03:32:04","trueValues":[9.725717918309549,9.76045012888834,9.818877938027851,9.890444748190902,9.959488159969895,10.00935757138804,10.026707729352491,10.0049162413904,9.946201911979347,9.86168746869212,9.768426449249157,9.684052342421456,9.621918374964345,9.589442179288003],"predValues":[9.708606438641802,9.650911674872338,9.596970379817815,9.558442174324224,9.535473773781074,9.521432154165554,9.510746383296308,9.50093877845412,9.491437362250911,9.482373965906236,9.473997367689265,9.46647182504694,9.459850495729096,9.454098295620842]}