{"timestamp":"2024-05-12 03:32:09","trueValues":[10.02178797960645,10.053653392737337,10.048518885682014,10.007283887567478,9.939132994408,9.858577740327524,9.780194511904782,9.71396527140137,9.663931070958778,9.629927121552548,9.60982977107729,9.60052025435094,9.59801865064431,9.598160581836334],"predValues":[10.05238451724908,10.099815582682885,10.118238995616242,10.108825821277737,10.075827084920643,10.026327651441262,9.968573882569496,9.90968147469654,9.854336283469216,9.804890539317151,9.762056556087966,9.72560416072493,9.694847618255336,9.668949694119489]}