{"timestamp":"2024-05-12 03:32:14","trueValues":[9.806690992303627,9.724972115079543,9.661241820395276,9.621476634063324,9.607194741418606,9.617387208369506,9.649117600815842,9.697271611647226,9.75487015988951,9.814402587070326,9.869343779399005,9.914832992231805,9.947379356137908,9.964411630758423],"predValues":[9.971476827287283,9.8788483850672,9.78576863355113,9.714428275402325,9.67002773328588,9.644729960145522,9.629772964078064,9.619746349306611,9.612043259779885,9.605589377373978,9.59999133474021,9.595112516461532,9.590883285885685,9.587244637910356]}