{"timestamp":"2024-05-12 03:32:19","trueValues":[9.61600776476162,9.644369550601729,9.6884628409242,9.741565838264023,9.79657932513246,9.847551759859414,9.890348001086226,9.92231760340676,9.941784502969128,9.948191074977691,9.942975768142642,9.93026840804766,9.916291109309425,9.907334560041893],"predValues":[9.706442386646543,9.67449245269344,9.648194782278928,9.636100862616892,9.635054718100392,9.636889723624254,9.636422998580816,9.632528130251346,9.626042353195547,9.618186700926833,9.609947781281896,9.601951792553647,9.594532033833474,9.58782299422842]}