{"timestamp":"2024-05-12 03:32:24","trueValues":[9.867144111711362,9.911027960499537,9.941838192296448,9.957178455740124,9.955873964559489,9.93897192642604,9.910570803851064,9.877365283847164,9.846760772542062,9.82450628057902,9.812946596302698,9.810563002800674,9.813091716959711,9.815820304258082],"predValues":[10.0172897708165,10.03067436064422,10.025628095453602,10.006872978161354,9.977706915566438,9.940932915816978,9.900252353033087,9.85946919579204,9.821325320829663,9.787255455813655,9.75769496271506,9.73247905250943,9.711146315928303,9.693133280823572]}