{"timestamp":"2024-05-12 03:32:34","trueValues":[9.72481211025258,9.698093430459476,9.681377976027903,9.674409526603718,9.678979498355927,9.69852826085302,9.735662138568776,9.78975865425278,9.85665396136146,9.92999251932608,10.002449190221157,10.066236895275232,10.113819991873529,10.13922726997852],"predValues":[9.84636368415089,9.808912986246192,9.77347856179225,9.75001100997827,9.737569438632397,9.729563349931684,9.721318051356771,9.711552441136943,9.70072846011816,9.689680684972624,9.6790778401931,9.669312229973272,9.660543327562612,9.65278495397607]}