{"timestamp":"2024-05-12 03:32:39","trueValues":[9.706232413534746,9.733693707092865,9.774628363920904,9.825219126004136,9.87999712404086,9.933159126482987,9.979125164331691,10.013227455575093,10.03291495979922,10.038628886327604,10.033593252686952,10.022767676935672,10.011574249555624,10.004640352668824],"predValues":[9.813892272672032,9.766107708201911,9.722903747033964,9.695397800965996,9.682442194179345,9.676513510341678,9.671938222814486,9.6665841742524,9.66032006501336,9.653646109523187,9.647077937955164,9.640959480950636,9.635465627506518,9.630642624865157]}