{"timestamp":"2024-05-12 03:32:44","trueValues":[10.003343835150662,10.061346382291596,10.101535235889632,10.118270890266135,10.108876852717566,10.073820911442358,10.01616335809777,9.940861684432216,9.854126841934916,9.7629129274376,9.674804488684895,9.598102639889028,9.541182384534473,9.510862798768418],"predValues":[9.899792006919627,9.88642017495187,9.86734823747068,9.849721659207155,9.833764765865544,9.816572486418066,9.797025850230966,9.776121565113408,9.75539695319025,9.73602361126757,9.718623485018286,9.703387410764265,9.69024096765575,9.67897311942595]}