{"timestamp":"2024-05-12 03:32:49","trueValues":[10.03284107052697,9.986574159814271,9.930890353720578,9.872654444057924,9.818580254628849,9.77480591080531,9.74669556112186,9.738003205870946,9.749184406968537,9.776180038638213,9.81115624328869,9.845122450692545,9.87086249631142,9.884400180458629],"predValues":[10.327964923877037,10.303926457829965,10.260586944399972,10.208278123842486,10.15440380755274,10.101756903706388,10.05182848718594,10.006022985741698,9.96529085994048,9.929939893153758,9.899757454382245,9.87423163449515,9.852722414184615,9.834580737325314]}