{"timestamp":"2024-05-12 03:32:54","trueValues":[9.882802258498971,9.857797384560136,9.839076819805271,9.823305978588037,9.8033521540373,9.769699577357397,9.71381961916686,9.631876947816025,9.526885607719809,9.408373593956329,9.28997214831248,9.18620662592716,9.10966052933827,9.069172929186234],"predValues":[10.129048624042577,10.114664136940704,10.091535731570588,10.066602620594008,10.04134684207601,10.014295926346518,9.985287742268577,9.955779343764805,9.92745583150457,9.901469665504017,9.878348702218874,9.858168425653894,9.840737999487214,9.825740071952392]}