{"timestamp":"2024-05-12 03:32:59","trueValues":[9.848086526822629,9.817617036202073,9.757526984225622,9.666634674114732,9.54964775619365,9.415132601846214,9.272865984419711,9.131733753374416,8.998810142056655,8.879613190686719,8.778753802484175,8.70007873801491,8.646349542382179,8.619148721798187],"predValues":[9.84417305328072,9.85549459083784,9.862070204490838,9.868655918116303,9.872755975360086,9.870267129513412,9.860499392983597,9.845639144020817,9.828429854093391,9.810960622769343,9.794474809817,9.779563529414393,9.766395823205947,9.754911622934372]}