{"timestamp":"2024-05-12 02:23:04","trueValues":[11.142254472442566,11.160521601591448,11.160826727075426,11.14695733856933,11.12220071132216,11.088186661943467,11.0444500601223,10.989414246998942,10.922762933961945,10.84787163812502,10.772392949152556,10.70619666645404,10.65794537694048,10.632840034854478],"predValues":[11.474852944684748,11.4959682660691,11.462114221517371,11.39296289950624,11.310007573021291,11.224787194816424,11.142897149637914,11.067574212872431,11.000500827301847,10.942112354897205,10.892011707267333,10.849339855175106,10.81306713300647,10.78215643306239]}