{"timestamp":"2024-05-12 02:23:09","trueValues":[11.1077534980755,11.080101368195518,11.042775059425406,10.993804013979254,10.934269992065946,10.868946028042007,10.804375840910549,10.745712011361828,10.69483845004954,10.651167232260658,10.613870160252947,10.5833384750651,10.561161593416802,10.549354725603806],"predValues":[11.112940099725646,11.080000368470856,11.027211533432478,10.973446190529868,10.928600718047411,10.891110683407849,10.85755166436763,10.826412917676816,10.797497228083564,10.77098107931728,10.747000023640018,10.725534392684338,10.70643534475074,10.689472175204996]}