{"timestamp":"2024-05-12 02:23:14","trueValues":[10.91119793391064,10.850333373519282,10.790879088230708,10.733081730004086,10.674871867638846,10.614349111578845,10.551539509121492,10.488693227816768,10.429824740931233,10.379760772148735,10.34241692132118,10.318887706517408,10.306907012862492,10.302438572412443],"predValues":[11.204672302283726,11.188736672042044,11.14129975925576,11.08390002099781,11.031043675617155,10.98442326586814,10.942351033193908,10.903987616724764,10.86923254831355,10.838121443652645,10.810569781919824,10.786342605860884,10.765104490074442,10.746474293494275]}