{"timestamp":"2024-05-12 02:23:19","trueValues":[10.508619941915097,10.435998481995576,10.374450312941503,10.332123454645622,10.317611388944178,10.3375997660323,10.394218616945365,10.483690551981006,10.59713556903144,10.722659621573955,10.847141250642462,10.95712091398199,11.039634499565912,11.083965936607589],"predValues":[10.909489443831356,10.919302364448525,10.9110310185762,10.895765707559775,10.877958392946857,10.856647982620654,10.831552208929622,10.804196699293648,10.776512143186276,10.749969415545085,10.725415850902234,10.703203885139052,10.683360628707945,10.665730329401931]}