{"timestamp":"2024-05-12 02:23:24","trueValues":[10.327095263089946,10.360399656508516,10.421896794122755,10.504510847853844,10.599220947556962,10.696888744460182,10.789062156341783,10.868561697510794,10.9307865647201,10.975191891034028,11.005125551536375,11.025290943931406,11.03870902314151,11.045776345980364],"predValues":[10.433618609536037,10.393760397141897,10.36158720063954,10.35446884636086,10.369193011484096,10.39202320187771,10.412813197833149,10.427810062212972,10.436964358309844,10.441527951132072,10.442903673697472,10.4422376070922,10.440356354325994,10.4378143507295]}