{"timestamp":"2024-05-12 02:23:29","trueValues":[10.710731554091366,10.803925063192056,10.882921732047748,10.942595558843088,10.981939735796452,11.003981596760202,11.013347992278865,11.013327792333932,11.005030399164191,10.988995363930345,10.967245870590611,10.943903239488714,10.924224240504556,10.912978718529684],"predValues":[10.729200151112074,10.740900171847926,10.736662967609604,10.726955299337083,10.71476516414787,10.69832453528288,10.677307555735696,10.653422184008113,10.628776124880574,10.604958263495265,10.58288450788162,10.562945567500831,10.545194068525223,10.529494990270251]}