{"timestamp":"2024-05-12 02:23:34","trueValues":[11.049641445969932,11.068356163372316,11.074205642162744,11.066194769264548,11.042664491305777,11.0035935451865,10.95153456605318,10.89103838886809,10.82745746746082,10.765893882659302,10.710650754311636,10.665250846498536,10.632727872002352,10.615664234309444],"predValues":[11.140861739397224,11.106637716906732,11.041534889122056,10.969843689824422,10.90678956171789,10.853530812171083,10.807528095475002,10.767136179272644,10.731612449799002,10.700537492407976,10.673515813440885,10.650106203574207,10.629839279877018,10.612254696235851]}