{"timestamp":"2024-05-12 02:23:39","trueValues":[10.997955634240364,10.949171172496088,10.89352191893978,10.83634384849859,10.782514716296191,10.735856032967304,10.699110738402748,10.674223874668511,10.662397338488084,10.663569466871662,10.67555494472406,10.69362804808609,10.711266321054577,10.722070102128429],"predValues":[11.265099374394048,11.25580952603513,11.212784174906584,11.152859975109582,11.090272572046487,11.029765231733936,10.972565898192814,10.919690947599724,10.871971235584386,10.829754413830637,10.792923003711367,10.761048022185516,10.733539949807554,10.709772588284574]}