{"timestamp":"2024-05-12 02:23:44","trueValues":[10.730666241852168,10.693118265265298,10.667891191932204,10.656410181125617,10.658833642940008,10.673165503869557,10.694801771202163,10.717231683739618,10.73391152247881,10.740536572839144,10.736575788899897,10.72536056684242,10.712690417172311,10.70450146581221],"predValues":[10.966582461872832,10.959699596425862,10.93540384686965,10.907054287312004,10.880425975693598,10.85412086319411,10.8266872116659,10.79857154620747,10.770965131992334,10.744891255704571,10.720955915692157,10.699383969236834,10.6801456479987,10.663066594558344]}