{"timestamp":"2024-05-12 02:23:49","trueValues":[10.774379985840907,10.805911036725412,10.827728571984911,10.82930204137965,10.802664161366277,10.744547856640722,10.657185752695522,10.54768876172438,10.426482181622417,10.30547281677229,10.19630115123006,10.108592990333516,10.048474764749662,10.018316778543063],"predValues":[10.740862961423051,10.737607580823944,10.7262929537743,10.718884358181588,10.716087197385946,10.712373065405874,10.70445681330236,10.692469209139968,10.677938006648588,10.662409564770542,10.64699700678711,10.63235789406359,10.61881329940891,10.60646050150524]}