{"timestamp":"2024-05-12 02:23:54","trueValues":[10.650796722744396,10.5722503000297,10.485941251108477,10.40486611423474,10.342312200554034,10.309469747981415,10.313036101416984,10.353144155235292,10.422697349835078,10.509076566986067,10.597728277941954,10.675688370676111,10.733229508548591,10.763770762131406],"predValues":[11.150012846029108,11.167444335350783,11.151545915533978,11.115315719565196,11.070023190406738,11.020681635444326,10.97027160971049,10.92145897435881,10.876210034555204,10.835562429576203,10.79979364287588,10.768690511877445,10.74178737469246,10.718519696017808]}