{"timestamp":"2024-05-12 02:23:59","trueValues":[10.2618930303131,10.254318050963445,10.286548657835608,10.353768758795702,10.445805023682764,10.55046784888508,10.656734974977027,10.755985809669951,10.841446992481517,10.90785590617932,10.952713073366738,10.97782479438272,10.988799743410995,10.992184297342174],"predValues":[10.474857860270555,10.410567282903164,10.360139715111885,10.343803275436544,10.357429733025953,10.384058576221856,10.410628414315456,10.43162997811519,10.446194138411462,10.455303781998484,10.460362273471558,10.462626262036483,10.46306002927503,10.462345589117422]}