{"timestamp":"2024-05-12 03:38:04","trueValues":[8.476472258120557,8.472602108144756,8.438503803732594,8.384819526398461,8.322095507918325,8.258467541902464,8.19946376854363,8.149142516251995,8.110636637013329,8.085204108977173,8.071194649800296,8.064780369918006,8.062153579710547,8.061156340323883],"predValues":[8.90699926602884,8.957788838096405,8.969208717490698,8.944390958831233,8.892035891031405,8.823620272277811,8.750021772916558,8.679143355613705,8.61538807678702,8.56043013976715,8.514264494567861,8.476045667178235,8.44460764235592,8.418760218082403]}