{"timestamp":"2024-05-12 03:38:14","trueValues":[8.07269050888029,8.092974974634922,8.123744274964473,8.16112347569566,8.201261829431363,8.238365141440973,8.263079774065782,8.263327754968703,8.228433944830451,8.154922092601408,8.050757355514925,7.935547235381648,7.8361023749018734,7.778368008608792],"predValues":[8.299431169704157,8.36192288881757,8.410558508862344,8.444782531352836,8.461119236816927,8.459258449784402,8.44377386304996,8.42101410667486,8.396129369250621,8.372246921199277,8.350859166347087,8.332436019202477,8.316904387859443,8.3039461231853]}