{"timestamp":"2024-05-12 03:38:19","trueValues":[8.489022802853565,8.56185264115239,8.590289910997242,8.55230896453807,8.43272449317193,8.228806846445453,7.952255779305744,7.626859384798214,7.282707872998435,6.949366786991236,6.651440324176171,6.408267672621659,6.235605320952482,6.145766464548693],"predValues":[7.876429970226944,7.821952047687968,7.786042924528114,7.780223214077585,7.800315780355359,7.833426679564576,7.868200884765727,7.898786790858392,7.923582489051681,7.94304247810657,7.958268983965626,7.970369814135138,7.980242271432107,7.988552422461803]}