{"timestamp":"2024-05-12 03:38:29","trueValues":[7.156877100239443,6.922925856440953,6.696647136463042,6.472947763400876,6.245264482778289,6.00789532856061,5.75992372824653,5.507531263668491,5.262460481762205,5.038203816140341,4.84682016879724,4.697422572126474,4.595765626640936,4.544559181532185],"predValues":[7.377468472563883,7.319644269673603,7.298695332046194,7.327604642709469,7.395263826683092,7.478886814505804,7.559922880433422,7.629320588614979,7.68504319986604,7.728424973707144,7.761856148359039,7.787702509477561,7.807936741158611,7.824078357680854]}