{"timestamp":"2024-05-12 03:38:39","trueValues":[4.922456138261988,4.974932073495475,5.117485609876641,5.337703947691704,5.612246316360007,5.909765325022686,6.196897575158866,6.446002232910406,6.641459557963939,6.781346302930903,6.873842648142677,6.930923705690443,6.963147402055128,6.977544381228208],"predValues":[5.416107575400941,5.3870828459733655,5.4327148538116266,5.5511298546816805,5.720907534609571,5.9119018678824125,6.09775372043746,6.262407059729684,6.399769741840717,6.510242841992968,6.597317362511632,6.6653793493345335,6.718603147660831,6.760531854410544]}