{"timestamp":"2024-05-12 03:38:49","trueValues":[7.054226295867895,7.016253854648694,6.905618490465111,6.72927961592386,6.496468605859054,6.219130405338855,5.91071618427263,5.585033535282307,5.25662336214861,4.941943869017567,4.659489218465189,4.428044823548174,4.263969927785949,4.178953309880868],"predValues":[7.039471565038511,6.954448667874233,6.879320820050598,6.833058959324132,6.818486027999141,6.826597369044501,6.846119552666684,6.869072803251136,6.891351216201596,6.91141082467448,6.929007103020606,6.944422850469028,6.958084657962067,6.970402637539603]}