{"timestamp":"2024-05-12 03:38:54","trueValues":[6.118461321880676,5.833507077649083,5.5503283022615495,5.285353066064673,5.054956946127101,4.874829153296496,4.757536212854406,4.709285405082954,4.727467946962431,4.799930448598188,4.90615634421043,5.020271879827682,5.115540434916274,5.169615089475662],"predValues":[6.428268807569739,6.293405868644092,6.204419130969951,6.183410257979618,6.22483449768352,6.304728602250583,6.397645691052198,6.486630966888219,6.563883795760996,6.627577411597887,6.678793043030279,6.719642115881104,6.752330145190486,6.778790744108203]}