{"timestamp":"2024-05-12 03:38:59","trueValues":[4.342712519209287,4.150862661788449,4.077474700340086,4.142313500226115,4.354996594109514,4.713132796897113,5.201578578654968,5.792684982356292,6.447161337645278,7.115689678310998,7.742472174886394,8.271471256452706,8.653902727054406,8.854353159548733],"predValues":[5.407641805058641,5.344811869761984,5.339961158643527,5.403240144031806,5.522917907248885,5.672968679770591,5.826917244298007,5.9670760240496845,6.0856894362209495,6.181817253111823,6.257915362764087,6.317568458036998,6.3643334568655305,6.401275700893178]}