{"timestamp":"2024-05-12 04:26:04","trueValues":[6.931221920666946,7.015016873810332,7.053581226573803,7.0537401682457705,7.023192801521727,6.967361748461029,6.888867420341157,6.7898013088288645,6.674951465345007,6.553502751692603,6.437874147173851,6.340492471859048,6.270891302390046,6.234817655994493],"predValues":[7.079164456830705,7.175309018412772,7.231563738739554,7.245444024584364,7.222322263932975,7.174504210080466,7.116135406043258,7.058175119313432,7.006772106812917,6.964219328080292,6.930532198863004,6.904670421997032,6.885262527536968,6.870963890201058]}