{"timestamp":"2024-05-12 04:26:09","trueValues":[7.090806801408002,7.049034112654017,6.980237884411697,6.882802918452697,6.7586910015342045,6.612892184526396,6.451078399335297,6.27783463477744,6.097102670896513,5.914165590658588,5.737575412855054,5.580351865808284,5.45970350852664,5.39348722522475],"predValues":[6.7743783850842165,6.7074469307056575,6.648906294242149,6.612233825794849,6.598650425982797,6.600933152654534,6.610787802105312,6.622753744484651,6.634277148596722,6.644550149538599,6.653550288160986,6.661515976971835,6.668714200769625,6.675364766849874]}