{"timestamp":"2024-05-12 04:26:19","trueValues":[5.791007988243777,5.585578867348295,5.397390200111066,5.245529472655104,5.145672307378271,5.104009588719229,5.115176769460303,5.164801190098956,5.2346062195385255,5.307717528122658,5.372335025651459,5.422545643376275,5.4564557693540685,5.473573627951795],"predValues":[6.298847361704635,6.308540544490329,6.325279255437449,6.354606386014326,6.393382173727714,6.433777810972557,6.469563741047198,6.498400890065089,6.520651660985642,6.537705996072331,6.551023740029647,6.561784596220519,6.570840151797095,6.5787694275493145]}