{"timestamp":"2024-05-12 04:26:24","trueValues":[5.029297201934048,5.029204175871858,5.074302845361435,5.149507439686376,5.241088873576524,5.339923615982714,5.441778848180987,5.544843419187714,5.646480305928591,5.741698327931259,5.824285271209938,5.889107957653052,5.933268093845925,5.955559663339466],"predValues":[5.057256616831594,5.044099010595617,5.087448158867765,5.186002029013334,5.320810215456665,5.46660982983072,5.603548911122858,5.7213900740835815,5.817600817064178,5.893884181474572,5.953554154333052,6.000117951078507,6.036669884328085,6.065720594605887]}