{"timestamp":"2024-05-12 04:26:29","trueValues":[5.25773077097178,5.336182107761483,5.420408568939051,5.511971264722385,5.610571315663112,5.714769276343234,5.823699472806897,5.937480978413705,6.055800295334079,6.176101200273448,6.292596409008676,6.396166842452146,6.475265707081871,6.518475515602298],"predValues":[5.658272023782889,5.706474009483488,5.76140310842408,5.821288768852464,5.880285498809446,5.932026063021331,5.973364984536768,6.0046246651084285,6.027840514977002,6.045290210827994,6.058856068582605,6.069898793741908,6.079338945638448,6.087773352908352]}