{"timestamp":"2024-05-12 04:26:34","trueValues":[5.545575733638701,5.624081091991661,5.7214175832191145,5.844805358690656,5.999361649192912,6.186177783329733,6.401021208165904,6.6338404576819325,6.869813822283657,7.09210172419367,7.285211603015058,7.437471080041874,7.541739208951761,7.59452166506016],"predValues":[6.009357831152592,6.072068161512149,6.1188314327138125,6.152156424760438,6.173897014177072,6.185698433320712,6.190075043757943,6.190016038655641,6.188060896617182,6.185891927530065,6.18441241445814,6.183990873502051,6.184683386087858,6.186392274850266]}