{"timestamp":"2024-05-12 04:26:39","trueValues":[6.221828028247954,6.424053663797592,6.636398674392122,6.843642401524972,7.029456113394521,7.180056271260639,7.286919295728094,7.34764405123742,7.36507181951661,7.345782998416146,7.299486585152296,7.239679863982399,7.183753924338268,7.149782666948179],"predValues":[5.897001351924143,5.840932949510487,5.796519516639712,5.7769508199864354,5.784255492178245,5.810508111399783,5.844852934876746,5.879297960712124,5.909933436406499,5.93567733596224,5.956839436166434,5.974215641428296,5.988655146801235,6.000893921331536]}