{"timestamp":"2024-05-12 04:26:44","trueValues":[7.408796195055315,7.536082958581936,7.592987532400294,7.573459235636882,7.476020017057896,7.304516637229216,7.070386517602575,6.794501782856887,6.505652138718328,6.2347712758577725,6.007362953696141,5.83804050344829,5.729788732766732,5.678145845920144],"predValues":[7.073234178260547,7.12796141064619,7.141637836520431,7.11507039052557,7.056171869511385,6.978623217760849,6.896662738563824,6.820506819858629,6.755252758275708,6.702170359563937,6.66042212337487,6.628308064869192,6.603968460169378,6.5857034573304905]}