{"timestamp":"2024-05-12 04:26:49","trueValues":[7.166397653232589,6.954121216135329,6.723550805225527,6.506712237144155,6.335580562881107,6.233526454251313,6.208899930596834,6.253502605056976,6.346307796795216,6.460736498006108,6.572426379051787,6.664299715435646,6.727512120742273,6.75922125008868],"predValues":[7.445136161777478,7.407581008894381,7.348482083163366,7.275290772165752,7.195611026224846,7.116944732784299,7.045278251840333,6.983978595266681,6.933911171230448,6.894325126515396,6.863726196774024,6.840448949704406,6.82294250795548,6.809886433021664]}