{"timestamp":"2024-05-12 04:26:54","trueValues":[6.190223885457446,6.137829879605872,6.153086685382325,6.218143000135909,6.310619012508375,6.411228293498004,6.508531428237444,6.599374700324123,6.685944488008226,6.771335369695648,6.855348003824556,6.932291454593367,6.992271470027685,7.025282964244734],"predValues":[6.07116673896954,5.930464952803429,5.844719376030318,5.829952153129727,5.876709709873285,5.959680585000053,6.053573384299654,6.142085821951008,6.2180498411793454,6.280080416813052,6.32952137676763,6.368612788620587,6.399615052788734,6.42447254686619]}