{"timestamp":"2024-05-12 04:26:59","trueValues":[6.438290903932456,6.527319902017706,6.604262023842772,6.670918785549125,6.7306274306706,6.784268384438627,6.828255359261454,6.8559454969325575,6.861758562664358,6.845035931936559,6.811281823954494,6.770715816121471,6.735186239295347,6.714663361032763],"predValues":[6.834626315577637,6.968286161730435,7.067028276757561,7.121146321330242,7.132016018013873,7.1109732569580295,7.072725990172248,7.029252785001452,6.987818976902582,6.951784667241896,6.922087292937508,6.898422525871687,6.879972268274668,6.865792172720862]}