{"timestamp":"2024-05-12 01:10:04","trueValues":[7.330337748416573,7.419086472265886,7.532278990004663,7.658932910519652,7.789136971356512,7.915290411656924,8.032550294623343,8.13846844008771,8.231861290750233,8.311516052548722,8.3758114141136,8.423468665772898,8.454358634194545,8.469356827518114],"predValues":[7.371485036243902,7.361743878588994,7.375533530470356,7.418449642423017,7.481629222819128,7.549494924650812,7.610285595769917,7.659360298828222,7.696900301752619,7.725007461971078,7.746054209858158,7.762045389948405,7.774496263900497,7.78448380772583]}