{"timestamp":"2024-05-12 01:10:09","trueValues":[7.949873248958716,8.061487513105273,8.155841190095833,8.23095096428453,8.285362971213726,8.318018840084465,8.329245756846902,8.321761411460693,8.300640242723862,8.272220514936448,8.242603143045542,8.216551061435208,8.197323371747041,8.187098212780002],"predValues":[7.94888584375577,7.98964694053064,8.019812103033463,8.038195116076956,8.04296761885599,8.035005385298879,8.01843186205933,7.998217298745715,7.978136692961652,7.960295091600097,7.945508997698318,7.933826253231157,7.924921798558449,7.918336882299231]}