{"timestamp":"2024-05-12 01:10:14","trueValues":[8.301228699014391,8.312089624669303,8.306311643052386,8.289550472955966,8.26860950899103,8.249832065443856,8.237883000650086,8.235465386188174,8.243635466547088,8.261812227521272,8.287270802854842,8.314963598413438,8.338479257991008,8.35195846861341],"predValues":[8.27492757334614,8.258733330651573,8.23642009937498,8.211141463024559,8.183308331006433,8.153195528887185,8.122491346801166,8.09346003910205,8.067766240725517,8.046139541787875,8.028583131754116,8.01469620119058,8.003911556906663,7.995644197865575]}