{"timestamp":"2024-05-12 01:10:19","trueValues":[8.262812922161675,8.247151320120325,8.238387999273396,8.237379330970521,8.243631213927102,8.254894809536918,8.267075376331164,8.275253430352551,8.275615700417589,8.267173186590835,8.252158248576073,8.234947363916158,8.220329514292565,8.212044081616538],"predValues":[8.22198431504453,8.161286669987614,8.109953028350617,8.07511769173717,8.054867246942425,8.04305054494571,8.034829167358218,8.028031088522214,8.022109846769524,8.017091755186314,8.013075687187252,8.010075995364788,8.008021448334162,8.006785530650797]}