{"timestamp":"2024-05-12 01:10:24","trueValues":[8.27921341692555,8.299978428738575,8.315818906608076,8.321575093547565,8.31468478601562,8.29569152200417,8.267345683489008,8.233101992631083,8.19594552287165,8.158072486644617,8.121488260062023,8.088918772534743,8.064009848334335,8.050414753817321],"predValues":[8.175435934046522,8.169840017722745,8.166019570243028,8.165366793075211,8.16430629596626,8.15927943335433,8.149886458960756,8.13793606522324,8.125507251737325,8.114032088283219,8.10421677556731,8.096253478855203,8.090043324732232,8.085354545409169]}