{"timestamp":"2024-05-12 01:10:39","trueValues":[7.572822140005263,7.422906653956854,7.292810237563384,7.19282396540167,7.127627579977307,7.095009187320192,7.08727765839731,7.094139792321851,7.105671568779517,7.114758088745365,7.118444312906782,7.117540365371056,7.114749317716645,7.1126551681624015],"predValues":[8.060967896100763,8.032028551308839,8.0166625063565,8.018861642466643,8.032824854401174,8.049576456102626,8.063447439341218,8.072950184488171,8.07879089224988,8.082213453972178,8.084285011482748,8.085728775967917,8.086972401525006,8.088234100717035]}