{"timestamp":"2024-05-12 01:10:44","trueValues":[7.147883340547034,7.147174481953156,7.156049434074712,7.162384508909765,7.156945142159215,7.135039099246258,7.096494946427721,7.044208717913912,6.98256220702267,6.916738825939154,6.852733174110805,6.797140533558059,6.756214913547488,6.734593796173579],"predValues":[7.2508142862601455,7.252781920369812,7.280893333208256,7.340508420690044,7.421179292876383,7.505386484369641,7.580141962155772,7.64045952930146,7.686720858450428,7.721451474296725,7.747469534947173,7.767173783862496,7.78239497394657,7.7944580621137085]}