{"timestamp":"2024-05-12 01:10:54","trueValues":[6.955759272196097,6.971651844660425,7.007365613089682,7.059644133729767,7.120491152063684,7.179013581997878,7.225238498088217,7.2536824126517985,7.264279941656341,7.260584414888706,7.247443021766425,7.230033327122175,7.2138513107100675,7.204102710970185],"predValues":[7.1859198368547705,7.151298460184358,7.137732070852248,7.155411009499348,7.199663773071286,7.256385218441506,7.312438470896462,7.360781723317213,7.39958634910988,7.429699948595375,7.452836061839216,7.470711152583158,7.484744001169957,7.4960102546672625]}