{"timestamp":"2024-05-12 01:10:59","trueValues":[7.136181193501187,7.174832990763115,7.199275987286333,7.2113443912284545,7.216519032384891,7.221367550746169,7.232276052587171,7.255084979880856,7.294100110362819,7.350083726165507,7.418373095263273,7.488623453751977,7.546976842041737,7.580198840948082],"predValues":[7.275022591317898,7.346242812952108,7.405981226413484,7.454074105832573,7.488339857156676,7.507637980863357,7.514243628645007,7.512514407043293,7.506608581038052,7.499423513783342,7.492592742931197,7.486857819091634,7.482431107475196,7.479254931923323]}