{"timestamp":"2024-05-11 23:50:04","trueValues":[9.529728484180296,9.509637512635017,9.479964856684298,9.448457726787217,9.422272219224826,9.406136715843813,9.40217114770708,9.411261122926668,9.434214639299867,9.470899865607128,9.5178620796875,9.5671467558576,9.608151580915406,9.631354407135271],"predValues":[9.807555868893235,9.802209793993622,9.78476395207949,9.760215703211626,9.730585041883266,9.6967719287989,9.660819747861687,9.625404460197682,9.592615696952386,9.563565518252084,9.538563833778234,9.517420338786476,9.499704987080747,9.48490055375528]}