{"timestamp":"2024-05-11 23:50:09","trueValues":[9.478859175487996,9.476397971671233,9.47799642520838,9.48194764075266,9.486116271493714,9.486011019149068,9.474118567358856,9.442268569975422,9.385818229129296,9.30685877069848,9.214735858679203,9.124067874272566,9.051309267358503,9.010750435821706],"predValues":[9.541019721820016,9.514551946606074,9.491241210154069,9.478520560621629,9.473863941737209,9.470866907802236,9.465809479484156,9.458274368446869,9.449265193007012,9.43989613960086,9.430949158728296,9.42284260188042,9.415731689686709,9.40961057479469]}