{"timestamp":"2024-05-11 23:50:14","trueValues":[9.557035088686431,9.56351873943224,9.545623714532113,9.495193488853344,9.410471730341808,9.29698684497901,9.16607419133702,9.032072009275367,8.909045573608243,8.807700323572327,8.73326618438387,8.685145131357373,8.658514161851478,8.647271297764094],"predValues":[9.406056447641582,9.398530373421762,9.393871628227348,9.398409705329666,9.408252394286734,9.41645729297178,9.4196499474261,9.418109967413752,9.41350491154666,9.407448117531924,9.401064403355782,9.394999635678577,9.389559471561778,9.384837468645076]}