{"timestamp":"2024-05-11 23:50:19","trueValues":[9.240720429947268,9.114060927868548,8.992668827219703,8.892218487902042,8.824359696577837,8.794224833992413,8.79968572963164,8.832598616222771,8.881486204001702,8.934726614124818,8.983175384678967,9.021317133331353,9.0468567742334,9.05947270299869],"predValues":[9.76380704078961,9.74193475304779,9.712279107577016,9.682548509678988,9.654615706879945,9.627276676146415,9.600246491939355,9.574432557048224,9.550868789707064,9.530165972461331,9.51247028912304,9.497618545400227,9.485282226399004,9.47507753316565]}