{"timestamp":"2024-05-11 23:50:24","trueValues":[8.953600007410422,8.969170975488325,8.994237512416955,9.01138567093208,9.003838865189831,8.95905186623218,8.870980106326854,8.740847011086005,8.577015623500408,8.394269911161842,8.2120406263628,8.051406145851505,7.931731306310666,7.867841006799431],"predValues":[8.878762932478313,8.828412443424277,8.804667939733722,8.820997203112837,8.868937519789938,8.929011092863941,8.985884835187402,9.032856617662745,9.069063955799098,9.09610636628862,9.11612557487164,9.131043234204228,9.142349887591395,9.151130484707018]}