{"timestamp":"2024-05-11 23:50:29","trueValues":[9.131480722485264,9.087090280341286,8.989662224889763,8.8390910379973,8.640921870336587,8.40547290693686,8.146058569396065,7.877153181413274,7.613308145424805,7.36862249141598,7.156132094375685,6.986999018611575,6.869756411913849,6.809873143584207],"predValues":[9.187516432882775,9.208050740061571,9.227433118801724,9.248025899505324,9.265335126002409,9.274586700781455,9.275220341159336,9.269681835205366,9.26092356434467,9.251175496182285,9.241770295506251,9.233361271061888,9.226166369623462,9.220172301753518]}