{"timestamp":"2024-05-11 23:50:39","trueValues":[7.380857279115045,7.285368949954531,7.231779559203832,7.21347681436257,7.219243367063276,7.235636419742178,7.250269685113217,7.254532405071455,7.244612371588396,7.221053388444719,7.187871257850741,7.151766248382793,7.120986848080776,7.103253954317607],"predValues":[7.903050042394128,7.848798040291896,7.838092069477716,7.88865864478478,7.989801363793873,8.113509281813718,8.234342162934432,8.338656539086665,8.422781336067699,8.488276468046063,8.53851612319172,8.57699090514674,8.606680039999905,8.629916621390908]}