{"timestamp":"2024-05-11 23:50:44","trueValues":[7.220575766062568,7.245122685986688,7.263800458752946,7.272679397705739,7.271575311241932,7.263021166140553,7.251380947873249,7.241682847995698,7.237618140655547,7.23948823029429,7.244132888685,7.247590268733433,7.248280787903622,7.247615252875849],"predValues":[7.611397124318698,7.677228744853437,7.764837766546562,7.877386543934994,8.000288856256283,8.114114482795443,8.207595309533923,8.278973941262603,8.331507619101835,8.369709436011517,8.397618317823138,8.418341866591302,8.43411111307604,8.446473213585929]}