{"timestamp":"2024-05-11 23:50:49","trueValues":[7.310311629326078,7.301439069303264,7.289121089725727,7.275301403715716,7.258777848761,7.235419536122903,7.2011588347850335,7.155521577618979,7.102563966724915,7.0486846004489365,6.999720199721512,6.959699324612915,6.931303783601672,6.916511576558664],"predValues":[7.591679851754669,7.578950962771007,7.590244326720722,7.640162377479955,7.722123122465728,7.816712288287999,7.906507156653811,7.982678491106455,8.043422117616968,8.090421010544718,8.126422362400513,8.154090971182939,8.175623846692144,8.192704229076245]}