{"timestamp":"2024-05-11 23:50:54","trueValues":[7.128283546610112,7.08919054002466,7.051298101218942,7.02253151911394,7.012534141104889,7.029102614358203,7.076191343883153,7.153593546032929,7.256870548697382,7.376884534682086,7.500012501651371,7.610229514343855,7.692609408186976,7.736434517661594],"predValues":[7.679028932051164,7.750053267377279,7.819809258792637,7.896238674120668,7.973852709903484,8.041757748470037,8.093937661484201,8.13072122962863,8.155450746423389,8.1717962229162,8.18268479060102,8.190154251817278,8.195529563479292,8.199635468075556]}