{"timestamp":"2024-05-11 23:50:59","trueValues":[6.973442197674434,6.986296538947675,7.027812209981271,7.097540293577973,7.1915776819570905,7.302584087234432,7.421462092105438,7.540212784165618,7.65415137092315,7.76173920130943,7.86173211818987,7.949686931045589,8.017031686929016,8.053947617870502],"predValues":[7.276886036237913,7.255344123911239,7.261958808510357,7.312537344311131,7.400016395305942,7.503212863979414,7.602670216530397,7.688067610042172,7.756834867310839,7.810439408020237,7.851705769207167,7.88349995095329,7.908244086129249,7.9278260722199825]}