{"timestamp":"2024-05-12 04:21:04","trueValues":[8.3384218476212,8.325816550405875,8.279371029653774,8.196706476060355,8.080552805867736,7.937157117835012,7.773982228459717,7.598620127571447,7.41895676735632,7.243536192943246,7.081870186296653,6.944847580890107,6.844331591751415,6.790932771533829],"predValues":[8.09647594403821,8.086505942270318,8.084578973839264,8.093635459676463,8.108104201811802,8.120769567284427,8.128247002163159,8.13081398990207,8.130143670676812,8.127865063730686,8.125107239669914,8.122518988831073,8.120404905120647,8.118859609333317]}