{"timestamp":"2024-05-12 04:21:09","trueValues":[7.895271734651403,7.752932291107646,7.609187356658591,7.472016441130041,7.348690727331418,7.245716723840951,7.168964375182751,7.123130700131102,7.109607634365098,7.124073984401696,7.156535295908086,7.194385208513947,7.226205703346231,7.244060328356493],"predValues":[8.080648224028666,8.039686190959468,8.01348579922713,8.008650836092055,8.019770374199853,8.036885574910087,8.053042075602281,8.065661459621309,8.074719008613503,8.081071625505999,8.085636547271976,8.089124758815306,8.09201335094064,8.094593628117007]}