{"timestamp":"2024-05-12 04:21:14","trueValues":[7.275093025336413,7.1968950516718,7.145452170858919,7.121268318366083,7.119442615448442,7.129903263247193,7.140671960206163,7.141858972759691,7.128105733936957,7.09914326552386,7.059213821744957,7.015969460687145,6.978990803600869,6.9575517515201],"predValues":[7.684659400912325,7.681390465087013,7.69486170204694,7.73064058871973,7.780773928365743,7.831942780978291,7.875199368318562,7.908019760425001,7.931589109329892,7.948195856163078,7.959979334566153,7.968570955881157,7.97510058808056,7.980310579140628]}