{"timestamp":"2024-05-12 04:21:19","trueValues":[7.148160026634859,7.164432677010414,7.170188066583656,7.15911663623945,7.129872431752295,7.085586976164217,7.032898077695505,6.980633909647872,6.937780523840002,6.910582892721,6.900055000368725,6.901831000790283,6.908704032053537,6.914028046486973],"predValues":[7.235633761854687,7.308038072366184,7.3869483598784145,7.472606757941817,7.555738833944921,7.625805798196739,7.678449512578102,7.715204641326377,7.739962331728542,7.756548347039297,7.767889287175103,7.775977504599291,7.78209250635008,7.787020761336092]}