{"timestamp":"2024-05-12 04:21:24","trueValues":[6.965085267824895,6.8997955905495925,6.847228157539224,6.821167304900169,6.83230943505164,6.885062388608887,6.976549533940288,7.098219649620701,7.238324607150684,7.38352765867736,7.5198249265875825,7.633951957568233,7.715357204068366,7.757476747139941],"predValues":[7.296668692834224,7.270569832404046,7.260923295543822,7.277635028932908,7.316804316889354,7.366108395638141,7.414284466935703,7.455532222910195,7.488548501324728,7.514242831278759,7.5341767216733135,7.549845765799638,7.562451594592462,7.572886992460046]}