{"timestamp":"2024-05-12 04:21:29","trueValues":[6.845747979995426,6.91342523760399,7.010213539536403,7.127160589145118,7.254585562821277,7.382859997339594,7.503531810478346,7.6108434863543,7.702383789435522,7.778049327898609,7.838282374222079,7.883177814989367,7.912751065947921,7.927332502512884],"predValues":[6.891460721166229,6.890117956405723,6.908099894226808,6.955419859963484,7.025773344486844,7.103521337799212,7.175375731388799,7.235166505233749,7.282180016542701,7.3182135288371395,7.345682264480233,7.366793864822098,7.383302269818113,7.396515957480153]}