{"timestamp":"2024-05-12 04:21:34","trueValues":[7.356656416142266,7.463016568296403,7.555704812985034,7.634075017759072,7.700286716205039,7.7574400682925635,7.808495163320492,7.856248896295717,7.903338954764411,7.9514815366795855,8.00020034860283,8.045938871282297,8.082474724312554,8.102986705236425],"predValues":[7.340214192544779,7.384283296091081,7.419977396152905,7.449591578578821,7.471781483875827,7.484709980210071,7.489046057863064,7.487502622596978,7.483023816385712,7.477768641238295,7.472983912176804,7.46923124082811,7.466658937314216,7.465194441306616]}