{"timestamp":"2024-05-12 04:21:39","trueValues":[7.684410622643158,7.723211527393337,7.764971989864863,7.815526338889468,7.879804955763152,7.960154489351817,8.054935023073448,8.158336680661234,8.261808772267534,8.356473953672051,8.435308757179534,8.494304822664642,8.532500260644348,8.55095583401635],"predValues":[7.790109226600759,7.791639904006887,7.782926817233539,7.768671237674987,7.750337129761329,7.728610494254022,7.705258560545904,7.682590501289248,7.66236743273566,7.645447320967272,7.631963857724886,7.621629459581962,7.613973414663828,7.608488598037179]}