{"timestamp":"2024-05-12 04:21:44","trueValues":[8.093308805303806,8.192780244658492,8.284901561945269,8.35639634335731,8.39450088158482,8.389973967609965,8.339188913951133,8.245122023020865,8.117198429651374,7.969987609913916,7.821103650000806,7.688844510555823,7.589855211992024,7.536887235336746],"predValues":[7.754056045938887,7.70543903110655,7.664389553538895,7.638404716482086,7.626105607905735,7.62143277590762,7.619321881662183,7.617501494519524,7.615532797254861,7.61364729186867,7.612145851224943,7.611208414306829,7.610887341497904,7.611142764485799]}