{"timestamp":"2024-05-12 04:21:49","trueValues":[8.423073437902971,8.394062330148786,8.323117997236153,8.217203041236777,8.08761667345285,7.948001830376228,7.812225774203011,7.692437974443799,7.597383944099334,7.53117702985085,7.492838863312873,7.476765288710403,7.474197769393993,7.475926725206959],"predValues":[8.398524391668857,8.396693638764983,8.377926029401525,8.343328573718534,8.29577444809389,8.240616903723438,8.184187294399742,8.131552882624597,8.085519600222367,8.046949931683914,8.015512970016598,7.990321512375884,7.970319314272807,7.954492125840762]}