{"timestamp":"2024-05-12 04:21:59","trueValues":[7.441094312269751,7.4848083220472414,7.564134037374332,7.667852515151058,7.784646204651537,7.905835508484809,8.026311169526718,8.143490252713407,8.255576557678387,8.360205893498314,8.453667317658109,8.53086114142858,8.586224140502097,8.615165611604013],"predValues":[7.509682959499016,7.480693114844761,7.474833270293117,7.497757815692665,7.541151550027477,7.5905537048246865,7.635261232946353,7.671107098383919,7.698170771973368,7.718155428019003,7.732958000823226,7.744149833470781,7.752886575442799,7.759966124564112]}