{"timestamp":"2024-05-12 01:29:04","trueValues":[8.780628410531655,8.870690396590323,8.940842147453107,8.987822966745917,9.008493889341755,9.001371282443088,8.968006820767219,8.913261514746637,8.844411065599498,8.769689874562003,8.69707505936121,8.633833550186555,8.58661777363953,8.56120119292832],"predValues":[8.7723358015594,8.759904861763491,8.741943389676088,8.72304155699433,8.703382757955104,8.682026631964058,8.659549409029264,8.637604295170188,8.617682365269342,8.600598261842753,8.58654893435351,8.575346204367243,8.566617967635196,8.559935241116305]}