{"timestamp":"2024-05-12 01:29:09","trueValues":[9.064870872493128,9.039005906162169,8.985501567811184,8.909051155171973,8.815447534031406,8.7107366010655,8.6012122338532,8.49400660768814,8.39732807650911,8.319307383940153,8.265275454922186,8.235000521665981,8.222454229552957,8.219158980641483],"predValues":[9.0137113224868,8.979221511247196,8.938867868624712,8.898819883063705,8.860855415506979,8.824564619703402,8.790169163469733,8.758685157193822,8.731007777382676,8.707496104636341,8.688018307735263,8.67215417466709,8.659364685848631,8.649099658569227]}