{"timestamp":"2024-05-12 01:29:14","trueValues":[8.646999661662502,8.535152300782975,8.433248362796427,8.351763645460311,8.300697121516171,8.286455097183822,8.308639420917096,8.359357495811153,8.426151537406422,8.496602034823207,8.561458476437458,8.614925870152316,8.653208752630478,8.673323379374427],"predValues":[8.856269230641074,8.810100130188047,8.769522161861314,8.742446527778153,8.727248727104003,8.717798342340622,8.709661219786598,8.701375255533073,8.693056067685905,8.685203870670929,8.678209639738078,8.672253845448006,8.667349245660667,8.663409193243849]}