{"timestamp":"2024-05-12 01:29:19","trueValues":[8.219296393424774,8.23256775724537,8.28073798119045,8.354142188976102,8.44305357553987,8.540426346931579,8.641710997132698,8.742864613480506,8.838618731390127,8.922480131720793,8.98865010133315,9.034510355259709,9.06152299740933,9.073506348951735],"predValues":[8.159690076971705,8.075120083835913,8.0238058447776,8.021407632894375,8.061121521997748,8.122690954151748,8.187498756424912,8.245253056874176,8.29263362244565,8.329988902189415,8.35901781778979,8.3816098614642,8.39940548137216,8.413690829270614]}