{"timestamp":"2024-05-12 01:29:24","trueValues":[8.613838528379704,8.717204038697611,8.811503228994603,8.88889293907317,8.940793773900769,8.960269178703108,8.945020878166627,8.898816959387466,8.830236817398173,8.749926886333126,8.668526689819227,8.59600596383562,8.541414549500772,8.51203877958281],"predValues":[8.605717353150627,8.614555892213554,8.622199445060481,8.630498964540212,8.636184983249937,8.635918131345829,8.629642858979325,8.619561757514305,8.608122741330078,8.59705184256337,8.587273208694837,8.5791246572246,8.572604061842668,8.567540520383359]}