{"timestamp":"2024-05-12 01:29:29","trueValues":[8.995521803652657,8.991802887475101,8.955554617871382,8.893463442402878,8.813995795883763,8.725497179247363,8.635778858041295,8.552201320094682,8.4812264214759,8.427414033964698,8.39233656380081,8.373954348123565,8.367144840371349,8.36580526507583],"predValues":[9.121395634189009,9.136325519804052,9.133052065570006,9.113231135393823,9.079145323052868,9.034972827683164,8.986379202260748,8.938560616830742,8.894901359535567,8.856940081443827,8.82493247133217,8.798437851454567,8.776712013313507,8.758948819632941]}