{"timestamp":"2024-05-12 01:29:34","trueValues":[8.608714387085598,8.509376639471714,8.428765835542675,8.377833800705584,8.365163385246728,8.395186350768777,8.466736682029381,8.572700808947344,8.701265750568439,8.838239716633897,8.969246459493071,9.081093023006352,9.162616811288586,9.20557943627234],"predValues":[8.922465247550843,8.876798487833636,8.835913001924181,8.807244230078853,8.789250065975308,8.776411672027013,8.7649532532641,8.753774710054003,8.743090268128501,8.733366918319783,8.724907659801836,8.717806316003095,8.712002287088765,8.7073448708381]}