{"timestamp":"2024-05-12 01:29:39","trueValues":[8.368753128092218,8.419779252146492,8.503333400683186,8.609764252644585,8.727842499169515,8.846884229909975,8.95792226404846,9.05421805942877,9.131657737792173,9.1890037867228,9.227633523518552,9.250772028861135,9.262575707209145,9.267138768453876],"predValues":[8.37519903683565,8.322659511643938,8.293694119554601,8.298479114404842,8.330019467895564,8.372761488217556,8.41427769082865,8.448938138445182,8.475830378291455,8.496072849423728,8.511253905406685,8.522802692344294,8.53181824671413,8.539086771636061]}