{"timestamp":"2024-05-12 01:29:44","trueValues":[8.959775343207259,9.07358874346396,9.15880859009133,9.207389989231284,9.214934668663542,9.181139097636615,9.109815749967751,9.008780409613298,8.889572029327148,8.766298144334602,8.653062568818466,8.560989890872776,8.496896262968473,8.464162252205494],"predValues":[8.763929169213778,8.781316006025603,8.792874892935679,8.799482401238572,8.798821118830784,8.789646091211482,8.773855847415565,8.754874278109073,8.735676356760806,8.718086457344658,8.702922411841644,8.690345554022475,8.680171160706516,8.672066730168632]}