{"timestamp":"2024-05-12 01:29:54","trueValues":[8.725261424626902,8.629220786445739,8.550819750176803,8.491281475643508,8.450398647621546,8.426831956604145,8.417698126240955,8.418975241180433,8.42648377334281,8.43630519919995,8.444971507153454,8.450313063644332,8.45230435295267,8.452546752291859],"predValues":[8.66968845244159,8.563889114548076,8.487511793814871,8.45500928505237,8.46008638173788,8.485610872681232,8.516874540084128,8.545986647562975,8.570197876296968,8.589360713530352,8.604283688637924,8.61595261209013,8.625231297321585,8.632788203036302]}