{"timestamp":"2024-05-12 01:29:59","trueValues":[8.507380831754643,8.50878074109621,8.51291667982112,8.512268952639538,8.499708042145315,8.469146854406317,8.416956841419687,8.343450039176876,8.253015151503206,8.152998313635345,8.052639405647378,7.962513630288924,7.893762586133953,7.856342985512902],"predValues":[8.437153331098362,8.398913506397555,8.382036452406524,8.394691186329183,8.429165316032588,8.470944649505302,8.509390460486669,8.540326410361914,8.563652828350117,8.580818528922684,8.593482033874064,8.603024115755886,8.610459556012259,8.616485784320847]}