{"timestamp":"2024-05-12 02:28:04","trueValues":[8.853471804056683,8.658046107864294,8.424052603654694,8.181322623261828,7.964259065004334,7.803601460871866,7.71865564244483,7.713224515145502,7.776706031560604,7.888398969176898,8.02221270701543,8.151033603201919,8.251066654183475,8.305352677245594],"predValues":[9.546195160342702,9.608597042858916,9.646097177470946,9.657583504052514,9.64444290829648,9.612189443591896,9.568917972081676,9.522166262690597,9.477078390868954,9.436364338702676,9.401006992985977,9.370984027463926,9.345786190893236,9.32471924306122]}