{"timestamp":"2024-05-12 02:28:14","trueValues":[8.07434105701227,8.262367460218165,8.430158568588014,8.555322743164238,8.621361413134533,8.617727283567943,8.539917095688281,8.390002141217371,8.1772959237128,7.919273521851098,7.642615076056748,7.382695474103894,7.179110594891304,7.0669466796115845],"predValues":[8.223056506858443,8.356509835153181,8.487315907506776,8.610200677770624,8.71297188444552,8.78785042242249,8.836230087901871,8.864595594784465,8.879816519079789,8.887161856950211,8.890120617305312,8.89081751540548,8.89047358476413,8.889751968310296]}