{"timestamp":"2024-05-12 02:28:19","trueValues":[8.843235481962182,8.82759221934452,8.726788912568042,8.538749485713439,8.268302788774555,7.92937482326105,7.546080070802237,7.150279957697766,6.775214822277668,6.448074853575971,6.185336694833172,5.9926414464603965,5.868239554016624,5.807672809918644],"predValues":[8.846925958743583,8.876730977491363,8.898365118513977,8.91663198187411,8.929858161607356,8.935372480785158,8.933513554273876,8.926813019908796,8.91796757033839,8.908888492457518,8.900637346530125,8.893659328710973,8.888040022977274,8.88367470856188]}