{"timestamp":"2024-05-12 02:28:24","trueValues":[7.887955367754632,7.534204363703221,7.18091689523026,6.860867904566088,6.598988110588541,6.407299802891773,6.284516962613208,6.219429151892856,6.195821928091216,6.196985949917946,6.20886365043258,6.221792412555573,6.230955745469914,6.235312421750963],"predValues":[8.804564282121568,8.764378352199774,8.733673106958758,8.722814839191338,8.728787112383856,8.741827771570225,8.754435195095542,8.7636976672133,8.769521896072565,8.772795084517863,8.774467427327266,8.775266388307095,8.775662945120768,8.775932189123617]}