{"timestamp":"2024-05-12 02:28:29","trueValues":[6.126129991764393,5.963131453224133,5.883729589420423,5.88358367139716,5.957579524938334,6.101373098728475,6.311151653161593,6.58183450340406,6.9036694615678815,7.257982608823662,7.614705928456377,7.934636377338446,8.176695506928558,8.307152067077073],"predValues":[6.763701119454941,6.682829443868648,6.68535177909771,6.781145366636576,6.94731223996061,7.145142261177456,7.34057566524357,7.513611051422123,7.657093386587056,7.771661361102482,7.861379150731052,7.931148165795117,7.985512330749474,8.028246377408994]}