{"timestamp":"2024-05-12 02:28:34","trueValues":[5.839918168066383,5.97033804936752,6.174918839023029,6.457568827694207,6.815090045151752,7.233410704757125,7.687982026064958,8.148627417656218,8.585906257158161,8.975632299979205,9.300484624917306,9.54960948261378,9.717325372767627,9.801429438226233],"predValues":[6.81725170504827,6.920428771143058,7.0567911572968125,7.219028343965245,7.385859954950806,7.5364093471658435,7.660199128120415,7.756462231484585,7.829293930304653,7.883964549686735,7.9252277214086755,7.956836382607919,7.981575733586395,8.001447960991156]}