{"timestamp":"2024-05-12 02:28:44","trueValues":[9.078242704460887,9.201704767887806,9.240004395057165,9.206185966197811,9.119323013523442,9.00190232836381,8.876694830221481,8.763188947547505,8.674276763617488,8.614636160415785,8.581743473769588,8.568653377875886,8.566803753970824,8.568315560375765],"predValues":[9.401885690590536,9.403124266161392,9.34377895425995,9.246514093100382,9.13330190699417,9.01947043310253,8.914243338385852,8.82219484721633,8.744601542955944,8.68074101178461,8.628928684610464,8.587186295773877,8.553602292591243,8.526497421745681]}