{"timestamp":"2024-05-12 02:28:54","trueValues":[8.526005446771078,8.555466003300008,8.614340071749275,8.693947788939173,8.786148045484437,8.885104917820843,8.987790008941028,9.092576160122931,9.196895586261398,9.29575145887314,9.382320449190996,9.450259242928686,9.495879755403548,9.518429272878102],"predValues":[8.649105240132958,8.650987024476661,8.656214291805423,8.669839420451085,8.687125257538248,8.700570181412015,8.706676412134085,8.706137392550888,8.701233058552297,8.694117096372356,8.686289351922296,8.678631978060416,8.671586981476487,8.665321011716202]}