{"timestamp":"2024-05-12 02:28:59","trueValues":[8.93735021486729,9.028641208101844,9.112351906211764,9.184885124266582,9.24120044442816,9.275800823787394,9.28539898709528,9.271366935874727,9.240141542051704,9.20127578484674,9.1642274911082,9.13547818527189,9.117337039990089,9.10898542591553],"predValues":[9.121890001262352,9.153172273877686,9.166466495530706,9.16155206155965,9.139905162677078,9.10577841886876,9.065210018936996,9.023685311085927,8.984821148613461,8.950389810898663,8.920894436043598,8.89611681148525,8.875511007132943,8.858425840551359]}