{"timestamp":"2024-05-12 04:34:04","trueValues":[6.969756239301766,6.893451744685818,6.799957628509883,6.688395193169401,6.559765133304776,6.417058768392871,6.264262398092851,6.1050544057980325,5.942529502808688,5.780617907357916,5.626322621407286,5.490920729345629,5.388722762555378,5.33340255547047],"predValues":[6.832323256066593,6.7904466439117055,6.775419213825734,6.80009583865942,6.85894837822001,6.934492982802251,7.009978848070938,7.076028946957447,7.129867647554812,7.172279026672911,7.2053186944973655,7.231158942474659,7.2516552418623315,7.268253749244296]}