{"timestamp":"2024-05-12 04:34:09","trueValues":[6.488414409394752,6.359664744593026,6.221501772558421,6.073142878319178,5.9140276462978,5.746396941438039,5.577004057171672,5.416549847879462,5.2768319452153705,5.166932616525262,5.090243857825287,5.043743451696495,5.019949046168294,5.010652519867055],"predValues":[6.53940704406664,6.491578890241664,6.474381029230456,6.502852984507069,6.572345977955182,6.663842824575925,6.757474486429524,6.841026242867475,6.910111915057576,6.965002341735172,7.007870611712992,7.041276802222471,7.06751865699967,7.088453507823376]}