{"timestamp":"2024-05-12 04:34:14","trueValues":[5.5951877286533325,5.411332348287231,5.252194258433429,5.135509143636963,5.075793720902385,5.080474659457348,5.148102546805764,5.269149520763888,5.428606955799745,5.608693119467521,5.790285973106818,5.95326471038527,6.077330512955792,6.144733210786525],"predValues":[6.117403216870466,6.116429765576848,6.14568207662085,6.214543157317952,6.314605445061912,6.426392737684141,6.53219805582451,6.622599985693291,6.695412149040299,6.752302237371829,6.796245091262305,6.830231498611092,6.856796020929712,6.877917987032792]}