{"timestamp":"2024-05-12 04:34:19","trueValues":[4.911385737849184,4.943111213203661,5.040808545881626,5.197341175075083,5.403211106610966,5.647082317445328,5.914925082009173,6.1893946245602205,6.450961718074438,6.681098627534439,6.866350860671493,7.001019640915914,7.086483481614968,7.1274101647805335],"predValues":[5.045337253930537,5.052985790316509,5.127589502726897,5.262674574599614,5.43596691205137,5.620127750137388,5.793285930718031,5.943382551798958,6.066855778353339,6.165266321915949,6.242387851146664,6.302451722931326,6.349321974104506,6.386206276184848]}