{"timestamp":"2024-05-12 04:34:24","trueValues":[5.757547443935105,6.017958755073815,6.268825459337584,6.487404013465008,6.653209546984627,6.752826372785076,6.783359121127919,6.752461444832547,6.675082632092693,6.569390274170696,6.4541211489351165,6.347365104439179,6.265414459425871,6.220937901727182],"predValues":[5.34993381829891,5.385079463276943,5.454646678233246,5.559020524618092,5.685509789003006,5.815430253244565,5.933923130218108,6.033898372146734,6.114429173662291,6.177753608926669,6.227118287510254,6.265689683675575,6.296147346696794,6.32060894843245]}