{"timestamp":"2024-05-12 04:34:29","trueValues":[7.00629023181078,7.085265637566542,7.082606686920439,7.0017984019508095,6.849192070606403,6.632745540929971,6.362598122122586,6.052042308210402,5.718000204377423,5.381081601807194,5.065225495107431,4.796375623749612,4.599706833577632,4.495620128330233],"predValues":[7.003129472006355,7.111709491793066,7.174832724974366,7.194398497951402,7.179017303040366,7.141504144779628,7.094678811905047,7.047945441937658,7.006501268077575,6.972315784955702,6.9454623502668,6.92512047414236,6.910173312258621,6.899510930799295]}