{"timestamp":"2024-05-12 04:34:34","trueValues":[6.588387259224636,6.355976925699115,6.098620324653935,5.832360597879794,5.574706579224359,5.343814298139384,5.156870452508616,5.027297806068862,4.961106905592513,4.953746882893701,4.989614974915411,5.045687762843427,5.098224297911711,5.129132472862672],"predValues":[6.695386500426009,6.596260985128291,6.517883338269279,6.480020003331589,6.482973049228583,6.512830694148684,6.553691594598846,6.594915429585918,6.63157713358888,6.662361185194007,6.6876442070587885,6.70838170973628,6.725584089156223,6.740125125831322]}