{"timestamp":"2024-05-12 04:34:39","trueValues":[5.189729450430863,4.968586068098114,4.815870198565481,4.744858338698777,4.758714255037652,4.849176352834513,4.999097453670247,5.187822349708807,5.396075874746714,5.607446570234192,5.806647264030201,5.977492418021708,6.1033675775018015,6.170281091139795],"predValues":[5.780161149392569,5.690468875483914,5.646157638387171,5.664804712552907,5.741543373090527,5.8539569969000365,5.976295837073211,6.09044612456941,6.188001492831757,6.267334650243821,6.330198340711616,6.379501622094155,6.418192357407828,6.448818929179106]}