{"timestamp":"2024-05-12 04:34:44","trueValues":[4.8203403666424,4.937707129909555,5.089197248178476,5.258528403007861,5.433658071635033,5.605013141341709,5.763251270491022,5.8992831483352575,6.006618479409882,6.083713429765686,6.1341544198887945,6.16449500296603,6.181219361320698,6.188650416062711],"predValues":[4.85012824201586,4.959939993313136,5.127639072328607,5.3297263648343325,5.534364431965274,5.717550622708303,5.868817245862816,5.987851401623924,6.079193692087058,6.148623427812884,6.2014679455942,6.242063854661498,6.273733780167412,6.298946500908054]}