{"timestamp":"2024-05-12 04:34:54","trueValues":[6.181552793306458,6.171660268958931,6.131652816182164,6.066787071961693,5.982316749606817,5.884999793852423,5.7838901655425925,5.689120263370926,5.609262040284992,5.549104477966269,5.50905509701433,5.485992075676495,5.474900976964854,5.470856469569636],"predValues":[6.33926492652128,6.317805674495579,6.299434356157047,6.293758703208536,6.301791237889786,6.318203427358624,6.33693834470594,6.35438538266944,6.36932496957383,6.381826077599503,6.392407127701601,6.401620960478273,6.409913303661778,6.417601110335431]}