{"timestamp":"2024-05-12 04:34:59","trueValues":[5.737708041440859,5.619788072116024,5.522875181707466,5.461495456273144,5.446035787233932,5.481286086531928,5.566254098319515,5.694656111437404,5.855746419653424,6.035119139871399,6.215172545075847,6.375866828055692,6.497027028020936,6.562185671442927],"predValues":[6.1801086301381645,6.135215182786495,6.105939748121321,6.1041812897572045,6.1290067562903925,6.169753500472811,6.21461425580834,6.256096570353922,6.291264010009384,6.319909791127914,6.342968692740138,6.36164075104829,6.377020351226832,6.389987386929697]}