{"timestamp":"2024-05-11 23:41:04","trueValues":[8.299244586002281,8.306331842997318,8.326586274623299,8.356224112247887,8.392063864544223,8.431581335762004,8.472572074016107,8.513110705607971,8.551652200539019,8.586889675529871,8.617497642088711,8.642096656607658,8.659403225217252,8.668369077091004],"predValues":[8.245554461315669,8.23017353219338,8.215334546330528,8.206798740652838,8.202777356878793,8.198733115272324,8.192343287954953,8.183888813634491,8.174616507333013,8.165639758120548,8.157627290489858,8.150852335275026,8.14533642136473,8.14096393065311]}