{"timestamp":"2024-05-11 23:41:14","trueValues":[8.700860422726045,8.742822087280647,8.77121523619315,8.781132080211218,8.767920253070423,8.727933664710463,8.659145144341867,8.561523594680992,8.437824181901117,8.295138947194767,8.146163290163214,8.008603791483464,7.902165497437087,7.843962545579325],"predValues":[8.557699691947535,8.552953236465916,8.544629264421266,8.534500586770154,8.520710934888793,8.50184365474442,8.479148750824102,8.45528703429519,8.4325841567124,8.412396703851194,8.395227548024888,8.381040276174856,8.369524978619634,8.36027287226309]}