{"timestamp":"2024-05-11 23:41:19","trueValues":[8.846327136691837,8.813683759892307,8.7462584700179,8.64060744224639,8.496791276412573,8.320227544589574,8.12194063251301,7.916643276389898,7.719445566607186,7.542757179860855,7.394907935548034,7.2808213044572465,7.2034140523212375,7.164360648259404],"predValues":[8.67467066254367,8.643982693571347,8.615437513494353,8.592599615227016,8.573445814811102,8.5547061132663,8.535308318778704,8.51603730552443,8.498062012422071,8.48217422415523,8.468680129362879,8.457536670267663,8.448506763305375,8.441275714597069]}