{"timestamp":"2024-05-11 23:41:24","trueValues":[8.298539714239638,8.11863767572781,7.939268012080449,7.775115285897176,7.637080025356518,7.530676018058777,7.456559230636758,7.41191814970237,7.391411218764732,7.387983075478703,7.39437396595107,7.404635803765485,7.414397958731573,7.420326110991738],"predValues":[8.702088366746935,8.661018423445597,8.626729282711574,8.603871184499303,8.589438589633842,8.578088878469316,8.56684946963567,8.555306530050542,8.54408147380935,8.533834785953633,8.52494973385961,8.517539277745655,8.51153298359325,8.506766593955447]}