{"timestamp":"2024-05-11 23:41:29","trueValues":[7.402197989358642,7.31462963334413,7.269643558613396,7.267015705250938,7.304438761125727,7.378274344051186,7.484165910640641,7.616313418810999,7.765948497729096,7.920899883206905,8.067055255821646,8.190669616201804,8.28017025642235,8.327163833575117],"predValues":[7.860911362532617,7.864537518436734,7.887990983447013,7.938080202160673,8.00533193198191,8.073731071833059,8.132365930408127,8.177919464118213,8.211566990811885,8.235941413837832,8.253624339316168,8.266664732713787,8.27654197420824,8.284278818906103]}