{"timestamp":"2024-05-11 23:41:34","trueValues":[7.372914979714118,7.462179865314203,7.574101912832232,7.701128734962221,7.833084343655721,7.9586729828642735,8.067744446048088,8.15293399275806,8.210365094088406,8.240013563262957,8.246095341420109,8.23681479566741,8.222533434600193,8.212645827344524],"predValues":[7.660944399772921,7.687039007583113,7.72612164840735,7.781409163476118,7.84475007764294,7.904166355140394,7.952381763172823,7.988194139228002,8.01366175137904,8.031597441957782,8.04443184907484,8.053948149447999,8.061349568744486,8.067411678534203]}