{"timestamp":"2024-05-11 23:41:39","trueValues":[7.973645660467928,8.085270024586952,8.17173934412389,8.228519263018915,8.254921654200578,8.254577457770479,8.235289168247514,8.207322876066085,8.180415220472362,8.161029120689726,8.151192279085137,8.149127632082045,8.151029084793183,8.153103831768743],"predValues":[7.859172040958436,7.884141299204893,7.908648616605396,7.935937944842841,7.962577951166208,7.983282097355685,7.99592619972838,8.001724115501482,8.003104356475614,8.002231240434785,8.000562884456617,7.998922170508356,7.997696352797458,7.997012744134746]}