{"timestamp":"2024-05-11 23:41:44","trueValues":[8.25827138980562,8.24058341434105,8.21415391270698,8.188496793177823,8.169802275720372,8.159792937217611,8.156379146524033,8.155473338467065,8.15308097393632,8.146864175094619,8.136774302600877,8.124807695749666,8.114128038021647,8.107840539372685],"predValues":[8.45101554330823,8.426410681436804,8.39458699713953,8.361577363443725,8.329279512018038,8.297712845441156,8.267501967273486,8.239899539889588,8.215916092113583,8.195941801829164,8.179846698338014,8.167197014401589,8.157440175210484,8.150021745434055]}