{"timestamp":"2024-05-11 23:41:49","trueValues":[8.166976409739826,8.166436327001634,8.168218972141918,8.1679109229817,8.162671960947979,8.151898479791525,8.137032383476264,8.12075361995948,8.105844465866863,8.094154810892224,8.086121080161604,8.08107720706973,8.078095588882206,8.076655545439525],"predValues":[8.07605300234529,8.041350560106398,8.017296944100629,8.01177013285162,8.021320188395917,8.036896738037552,8.051563758579727,8.062654857291369,8.070177476257449,8.075064799776097,8.078290412035305,8.080585497883876,8.082421300773984,8.084068127863473]}