{"timestamp":"2024-05-11 23:41:54","trueValues":[8.180167505358192,8.17041279247708,8.156917102952233,8.141201811583564,8.12383198525168,8.104089994333984,8.080487156046704,8.051838318357559,8.018183615367661,7.981025816664484,7.943088459560167,7.908133783798369,7.880769237344926,7.8655937629257],"predValues":[8.298636461344316,8.302351656479384,8.303587839951499,8.304445806033629,8.302571729563649,8.295527264557219,8.283692488925565,8.26933590964235,8.254761117796114,8.241482843468042,8.230201174223287,8.221068141226345,8.21393224489022,8.20851068598586]}