{"timestamp":"2024-05-11 23:41:59","trueValues":[8.138132483108834,8.120300981719744,8.094520270422253,8.05933675054747,8.014748029996657,7.962152157590133,7.9044050334370946,7.845905992912822,7.7920425739617905,7.747770407811167,7.715941407738911,7.696345334844477,7.68624802026576,7.68226703638158],"predValues":[8.130303409715028,8.109858407555933,8.098515075321387,8.101015084295522,8.112892917704531,8.126324020563342,8.136433561424518,8.142244766635073,8.14474504139796,8.145289908333636,8.144946775058534,8.1443886186854,8.143973190870542,8.143852522778445]}