{"timestamp":"2024-05-12 04:11:04","trueValues":[7.106374580020916,7.22430823746633,7.353114249482868,7.486125305299085,7.617414847387314,7.742117346906332,7.856390295910243,7.957631356756509,8.044896713597034,8.118687112435143,8.179686161933553,8.227443350162515,8.260424810250914,8.277213622377243],"predValues":[6.972042554121616,6.972004812119243,6.976356039730934,6.986444317492181,6.997893699437624,7.006047832471591,7.009474115236378,7.009286468379505,7.007263550210023,7.004820420028198,7.002806007098688,7.001612881403929,7.001343105823582,7.001941927875329]}