{"timestamp":"2024-05-12 04:11:09","trueValues":[7.856602926909533,7.97418281952988,8.06481199877915,8.123527922922698,8.147571173167254,8.135839523570255,8.08836965297908,8.007207071606887,7.898339999971137,7.772655145235406,7.644605302210089,7.529669210277145,7.442436545452761,7.39512375601231],"predValues":[7.6330004338464175,7.637854267982677,7.625946134656269,7.598028481815927,7.55600488848278,7.505071258913196,7.45207564022801,7.40262006189223,7.359773055014338,7.324446009215036,7.296262036048085,7.274265890749181,7.257350031600778,7.244467250931381]}