{"timestamp":"2024-05-12 04:11:19","trueValues":[7.596894095434722,7.477718938742212,7.391309155885073,7.351734805874983,7.367929314358299,7.440249104047579,7.559407516048896,7.709438354414419,7.872682614653232,8.033399755465501,8.178627259557095,8.297610516772748,8.38170873487887,8.425106987622417],"predValues":[7.842389607762088,7.76554077778796,7.689462469397505,7.624284954974327,7.572737353394297,7.532894822536353,7.5020048541147055,7.47798233539258,7.459385096617304,7.445149185426184,7.43443284885079,7.42653626511471,7.42087257265991,7.416951657033028]}