{"timestamp":"2024-05-12 04:11:24","trueValues":[7.468527166431716,7.56398227199859,7.680543396343596,7.801090554559017,7.911820273748535,8.00339831883213,8.07057456464862,8.112106448795911,8.131248288718117,8.13524920675848,8.132710658415725,8.130029381514696,8.129448633097887,8.12995575803119],"predValues":[7.351053589311013,7.391153403678095,7.424703385900843,7.451731443797911,7.468153467450467,7.471902151967924,7.465372785557269,7.453025569217331,7.438734905543896,7.424924522140103,7.412773457897009,7.402671359120807,7.394579686442881,7.388267469440251]}