{"timestamp":"2024-05-12 04:11:29","trueValues":[7.893526565724742,7.9495553656147795,7.991240344081559,8.026189969857123,8.065673951692517,8.121330913122549,8.200840820052772,8.305130743640087,8.428434662761283,8.560370868876097,8.688356656812878,8.799454493419915,8.88172860334089,8.92561351528406],"predValues":[8.048287646458189,8.092995440368604,8.10467659010327,8.083068762166818,8.033028714371742,7.964913436904644,7.890623089429457,7.819397286231515,7.75635910544993,7.703275510688789,7.659913405215121,7.625115810604047,7.597442949201636,7.575496772187565]}