{"timestamp":"2024-05-12 04:11:34","trueValues":[8.0547399341316,8.114448579253075,8.20241933943374,8.31634038413383,8.449725404720049,8.593997398258589,8.739861466404303,8.878049023898201,8.99996579153779,9.09879614842962,9.171103446047692,9.21791203423108,9.243959863221429,9.255061327694284],"predValues":[8.037523202119205,7.965275706969682,7.885310503912231,7.809139169459588,7.742649190193301,7.687063725936781,7.641704483802295,7.605400664350011,7.576844586934305,7.554728836698301,7.53783610117107,7.525098175369939,7.51561137754793,7.50863256236253]}