{"timestamp":"2024-05-12 04:11:39","trueValues":[8.647654033562812,8.790438407472582,8.917828031245108,9.01963469054948,9.088031704090636,9.1195143814228,9.11635255846338,9.0861897880593,9.039679414852417,8.987539104361868,8.9384532381761,8.898279534536764,8.870297826607885,8.856029754978124],"predValues":[8.438015549800477,8.458726872286181,8.446764252266206,8.403717106460235,8.335143609189668,8.251079146254684,8.162640332086834,8.078497195682113,8.003561513124085,7.939588819100626,7.886376051007416,7.8427593199121,7.807246221988421,7.778349669185104]}