{"timestamp":"2024-05-12 04:11:49","trueValues":[9.05207473895594,8.977229158783862,8.89096742025998,8.793192510490867,8.685393909626542,8.57149412802638,8.457550491282618,8.350503009423278,8.256617917997403,8.180311828648959,8.123595699053721,8.085934496459728,8.06449225491397,8.055263537967349],"predValues":[8.833287806449215,8.769081749904037,8.684896618876955,8.593943708931269,8.506441002737787,8.427275026448914,8.358134335987746,8.299279404328415,8.250135064617842,8.209635238183347,8.176514239001666,8.149509304725768,8.127468772705763,8.109400985118715]}