{"timestamp":"2024-05-12 04:11:54","trueValues":[8.448859730764195,8.332043183431292,8.237205239339854,8.17487485399715,8.152886150783221,8.175051869304058,8.24016798652619,8.34138698690628,8.46657269037118,8.600157584096728,8.72609334341162,8.830738892345243,8.904615140949316,8.942548511222398],"predValues":[8.821697556466745,8.791684690917162,8.741374070175493,8.678704804177674,8.610846012853466,8.542959845288102,8.478843359551373,8.42108640121462,8.370912395889992,8.328410117019697,8.29297170573452,8.2636719513988,8.239512817259632,8.219553942722662]}