{"timestamp":"2024-05-12 04:11:59","trueValues":[8.246903605006153,8.301927989213302,8.38117981526814,8.470760723690917,8.554417732473516,8.617000351339126,8.647845933039672,8.642953027957292,8.605389369834224,8.544076423823116,8.471632510788,8.401925424502478,8.347618935706677,8.318057379453087],"predValues":[8.176443273405653,8.14432323465312,8.114869854420416,8.096673425078798,8.088303205791803,8.083816160129317,8.079040999462794,8.072862474200965,8.065745714654778,8.058476658155348,8.05165837937441,8.045625772135844,8.040496846644256,8.036256452940943]}