{"timestamp":"2024-05-12 00:27:09","trueValues":[8.16287741565104,8.088252440140723,8.008875161796306,7.932499967373094,7.866985432816044,7.818024753131108,7.787601509752899,7.773919502314927,7.772250083181762,7.776212727642253,7.7797910415715315,7.779732833835476,7.776670415868223,7.773767205361686],"predValues":[8.106971941740591,8.062987093227758,8.021300520028483,7.987770471961919,7.9617369955640225,7.940049431002835,7.920759546747375,7.90352793056503,7.88861983962741,7.876234881285097,7.866338503000708,7.85870770801374,7.853022752459011,7.84893997148392]}