{"timestamp":"2024-05-12 00:27:14","trueValues":[7.848879105860375,7.819583072567144,7.803338064221498,7.794317459865429,7.785235724097064,7.769556314209526,7.744106509904675,7.710419912264885,7.673586907413122,7.639430926842402,7.612026246287844,7.592801480275916,7.581151162036146,7.575766016190414],"predValues":[7.785370744781613,7.750116525099568,7.725331724244993,7.7181703121889536,7.725073643369607,7.737650235400027,7.749654584253612,7.75873552265573,7.76491032687507,7.768993107850159,7.771818442253206,7.774001365249653,7.775927270525709,7.77780692855942]}