{"timestamp":"2024-05-12 00:27:19","trueValues":[7.902165231648339,7.89353347623222,7.863894575452635,7.812872704018346,7.741063228727357,7.648315447358925,7.53377139383092,7.397520107374293,7.242996110205054,7.078881391812903,6.919164945641036,6.780713194130522,6.679225614219456,6.625803271697573],"predValues":[7.941386082622113,7.980111503367544,8.007105540304726,8.021168688808924,8.020343414742936,8.005696328356942,7.981859861759194,7.954369331438673,7.927404531263891,7.903272241788384,7.882847173785473,7.866154842975073,7.852812247769715,7.842289139614923]}