{"timestamp":"2024-05-12 00:27:24","trueValues":[7.597303410108353,7.503615002356819,7.400183842217881,7.290840477143725,7.183222612628795,7.088409386891024,7.018146536331111,6.980606799195463,6.976998451137535,7.001021501437158,7.041215936598925,7.084580699960084,7.119797709217254,7.139203211578577],"predValues":[7.607695484409833,7.577303869892768,7.5571998746987825,7.555275298366472,7.56842360199623,7.5879619987321085,7.606910344444961,7.622315726132166,7.633923783960828,7.642532681544524,7.649081184745114,7.654327057286312,7.658792574060121,7.662805984171693]}