{"timestamp":"2024-05-12 00:27:34","trueValues":[6.851366754151627,6.863254155955604,6.883367187967059,6.912329390591406,6.954588738545015,7.015548717097303,7.097918245179208,7.199724372906083,7.31496452716801,7.435483511776024,7.552076530770925,7.654441346448429,7.731437689178313,7.772983660129308],"predValues":[7.140393413597094,7.208784579785769,7.272645908323351,7.3329321123966436,7.385104849114582,7.424191210981306,7.449434497428097,7.463682103324176,7.470734010415582,7.473725728575573,7.474758849443366,7.475066367026087,7.475297337449064,7.475746520435061]}