{"timestamp":"2024-05-12 00:27:39","trueValues":[7.115433989534354,7.1871717018630825,7.262714445924079,7.33339617955259,7.389730370715356,7.423196629482134,7.42688604310854,7.396372165766884,7.332025241184677,7.241699061109394,7.140741862647179,7.0477091557397,6.978277958175754,6.941758584047942],"predValues":[6.974207935060623,6.934270783407994,6.910707281855585,6.915790757471076,6.94740181076906,6.993577024363317,7.042068321117323,7.085632160251565,7.121779695919372,7.150690335526392,7.173566241584854,7.19177516299768,7.206511820192123,7.218714713241295]}