{"timestamp":"2024-05-12 00:27:44","trueValues":[7.29400123694815,7.304874388885519,7.3000683967241,7.283807175264757,7.266401999029242,7.263406294038015,7.290427707216356,7.356204575268778,7.458467328066624,7.584608276295828,7.715838813281755,7.83250200050642,7.918578750060922,7.963898921249289],"predValues":[7.250896946561118,7.240194962578176,7.229671854423384,7.226940875026271,7.232060497911642,7.240400948858737,7.247882902146204,7.25302458549775,7.256100824479958,7.2579326405388285,7.259258394819392,7.260558899168791,7.262085323954935,7.263928568930018]}