{"timestamp":"2024-05-12 00:27:54","trueValues":[7.636866331202233,7.734558314881623,7.806958372773135,7.847710432730535,7.85635547758411,7.836723257419797,7.795804813705452,7.743150467774124,7.689650647831876,7.644842917351794,7.613673073377333,7.595379365353541,7.585975227832505,7.581993712370826],"predValues":[7.474701173284808,7.53828741046706,7.585658407643566,7.6154727289975614,7.626527680439324,7.620745977779919,7.603501337948866,7.580928431064391,7.557674573404695,7.53639844982713,7.518221423064197,7.503343366255227,7.491497427496112,7.482234689589603]}