{"timestamp":"2024-05-12 00:27:59","trueValues":[7.794813953248767,7.7524233056531,7.703324681607374,7.659895863157679,7.632896776234264,7.627970913346995,7.644235058482578,7.676461944312253,7.718551453255179,7.764810921882902,7.809260634917932,7.845991045312537,7.871092400567303,7.883482143107098],"predValues":[8.022128983559462,8.01506936859433,7.993635898077294,7.962120262940239,7.923562289106748,7.881384272510369,7.839575170697755,7.801449635159066,7.768830976713202,7.742186983558598,7.7211351856852835,7.704907719397077,7.692631202864403,7.683485943585001]}