{"timestamp":"2024-05-12 04:30:04","trueValues":[6.624524030448104,6.773768134116258,6.93481299245618,7.0899408616634,7.214282420061124,7.282077953663043,7.274533540019535,7.18502333140402,7.020378630246142,6.79985078143274,6.553179020996186,6.317430912359333,6.1315972663336,6.028969585583225],"predValues":[6.6361235830367935,6.635820982545931,6.6468355340978285,6.677017707080593,6.723130061635684,6.775111164665515,6.823876223831105,6.864980985458576,6.897768419760125,6.9233899235969005,6.943463353084738,6.9594720752324255,6.972584763169802,6.98366177507774]}