{"timestamp":"2024-05-12 04:30:09","trueValues":[7.65160484891792,7.719906975875643,7.678135350276653,7.516081557845107,7.235185907812434,6.848606006414614,6.380672022850865,5.864613929690005,5.3383823734738085,4.839627559786774,4.401430162673805,4.050046364586856,3.804784547017147,3.67872346830705],"predValues":[7.360204430154145,7.504781814965414,7.598648832756352,7.639662960420376,7.634851918272723,7.598414672868385,7.546155554806985,7.490412212033492,7.438475761513512,7.393561449745038,7.356381856364434,7.326393177591021,7.302559368880765,7.283748701739952]}