{"timestamp":"2024-05-12 04:30:14","trueValues":[6.928577854190792,6.525593072514734,6.080926236048136,5.625810180699,5.188611875188039,4.790769075875871,4.445123710870563,4.156843938574843,3.925685835517164,3.747901767876217,3.617319223860623,3.5265550903739915,3.469063522103223,3.440962940156305],"predValues":[7.403138881530493,7.3080149487450115,7.219649758060666,7.155380178004451,7.119176826699331,7.104488543057226,7.102222959759806,7.105690971358202,7.11125685355333,7.117319760709295,7.123313031212993,7.129105365422362,7.134714305394846,7.140185832584039]}