{"timestamp":"2024-05-12 04:30:19","trueValues":[4.853450701050524,4.519152057086314,4.2370592156216125,4.0041326538981314,3.8137733896176966,3.6572482689564025,3.525347080509284,3.4109503403954724,3.3114153110825617,3.228653345912594,3.166222492422727,3.1254423917522947,3.103461396412089,3.094701265030149],"predValues":[5.3628300213001365,5.291895123888097,5.304755844091317,5.399615582860183,5.552269423943493,5.729933587634997,5.904880925180279,6.060563628401266,6.190670543450326,6.295378951423115,6.377922571135689,6.442429367650485,6.492846569680548,6.5325281654509055]}