{"timestamp":"2024-05-12 04:30:24","trueValues":[3.4599882981592125,3.318748156881777,3.218055285330553,3.162418523845454,3.159773128425555,3.217359450385381,3.3364564651856536,3.50901290003831,3.717765842135796,3.939401764244242,4.149215635357397,4.325454589940779,4.451778847271411,4.517581067002254],"predValues":[4.164008174636341,4.301816949939163,4.52199353400292,4.776361730941575,5.026914339351083,5.251519088563501,5.440797223883334,5.59384802046344,5.714411657581305,5.808014082672504,5.880280183034463,5.936156287288137,5.979676271278777,6.013995579035825]}