{"timestamp":"2024-05-12 04:30:29","trueValues":[3.05815398308368,3.1377575805479654,3.2811714751100025,3.478899832130313,3.7160648605886752,3.976236862182404,4.244647235231772,4.509248919877095,4.759439825099131,4.984370298423584,5.173242773665087,5.317666399684995,5.413633148593908,5.461033448980002],"predValues":[3.693495010274815,3.7743631641601816,3.9226635516510258,4.10943177736582,4.311594404370122,4.510624850089952,4.692939014941318,4.850809292461862,4.9819256731800445,5.087727835079018,5.171570630197245,5.23737985802987,5.288897093245315,5.329350007965592]}