{"timestamp":"2024-05-12 04:30:34","trueValues":[4.222536833994343,4.489359357024116,4.720182793631884,4.896302724691055,5.000829864736951,5.020567470140287,4.950084646166891,4.795385261646833,4.57486138305287,4.317202762929716,4.056908564958584,3.8283077815740674,3.6598869532103855,3.570954104205128],"predValues":[4.198929012168017,4.397975523571848,4.641524822701545,4.877210786606496,5.073543885588349,5.2236813716894535,5.333966625643271,5.41411808016666,5.472806030044363,5.516577782427598,5.550061450357442,5.576449887629776,5.597933858009145,5.61602171264675]}