{"timestamp":"2024-05-12 04:30:39","trueValues":[4.9719858384351765,4.934721026536889,4.828080733041189,4.670000648526816,4.4866815872886905,4.307635314834149,4.159381456986196,4.0596903100067765,4.014504760819834,4.018109487506055,4.055718595505222,4.107712290277041,4.154727363094893,4.182063403704994],"predValues":[5.430477377674425,5.576317790621468,5.69199304106569,5.774236319491767,5.826347260325538,5.855424815267,5.8696143463214,5.875739979622153,5.878404113148865,5.880247491018323,5.8825780596649,5.885922612389335,5.890399292290606,5.895933811413339]}