{"timestamp":"2024-05-12 04:30:44","trueValues":[4.276313572589571,4.123332728285871,4.021736274658452,3.978805145641467,3.990143394666188,4.0420881510845765,4.11572555527398,4.19172857900125,4.254499392913027,4.29438783877738,4.308505490586941,4.301246999190289,4.283730258127335,4.269986321910819],"predValues":[4.495907022367203,4.368868665420797,4.318641095357326,4.346543739439242,4.43532027143643,4.558742441633285,4.692001561411408,4.817956806363968,4.9279107878656125,5.019357101400431,5.093284414667926,5.152187586985222,5.19891584051919,5.236118557520966]}