{"timestamp":"2024-05-12 04:30:49","trueValues":[4.28848676374603,4.382690344846426,4.452773569970856,4.473649830468061,4.427149007486992,4.304305912068414,4.107611489893941,3.852314020735309,3.564411780592955,3.274851948916772,3.0126335400728586,2.800164539026868,2.652057346733033,2.576327354498288],"predValues":[3.953548270744878,4.093426244683121,4.299948139408776,4.527134552882594,4.736607641289898,4.9107343560723,5.047503963813287,5.152056353790348,5.231288179241814,5.291520428199038,5.3378314598440895,5.374066174221604,5.403055155062425,5.426853414527487]}