{"timestamp":"2024-05-12 04:30:54","trueValues":[4.36670924811685,4.213289794235829,4.004382960452607,3.761207219103887,3.5082945394966507,3.266787386691254,3.05025301383324,2.8642373025143666,2.708546492736531,2.5805446245804275,2.477967443692383,2.400196326758841,2.3478207932253308,2.3215106307396103],"predValues":[4.993453163794132,5.16544718965367,5.321425051280545,5.447891524280223,5.539343984179864,5.5986760730910365,5.634048170083313,5.654229376908915,5.665969000168386,5.6736011240991004,5.679602899842769,5.685266193614446,5.691195409029608,5.697624573081847]}