{"timestamp":"2024-05-12 04:30:59","trueValues":[3.1338573964435144,2.907766589111225,2.7268803348614385,2.5960280152654978,2.5169982557105426,2.4905494843921607,2.5167525340119896,2.5935596351525065,2.714730067984592,2.868608198493492,3.0380979627589086,3.201117365715975,3.3319020420752667,3.405389773975327],"predValues":[3.487477167300052,3.4566496592344453,3.511153429729273,3.6310335910788,3.7918726624797223,3.968815309388172,4.14127041228023,4.296026791875176,4.427260443573006,4.534468785766845,4.620063826437177,4.687580763594637,4.740637629974696,4.78245686498337]}