{"timestamp":"2024-05-12 02:59:04","trueValues":[9.215039921008188,9.093736593801548,8.981789030563606,8.88710311763666,8.813662496792379,8.761065295442108,8.725088661939981,8.699507292204322,8.678430244399841,8.657972484380789,8.63677556585046,8.615866230746668,8.598278989218013,8.588016088248601],"predValues":[9.379826287569344,9.300985902498129,9.22712905647274,9.173361587260136,9.141230385380144,9.12314558731315,9.1116837132965,9.10280105330122,9.094942211567515,9.087714352324198,9.08111428610628,9.075204739058552,9.070009632168436,9.06550132340602]}