{"timestamp":"2024-05-12 02:59:14","trueValues":[8.849562317346013,8.827699863787911,8.78145740564013,8.70781053272654,8.60438335941884,8.468605974301877,8.298374659426441,8.094526117774732,7.8639886646698205,7.621664543696845,7.389212614232088,7.190552003174272,7.046419548729014,6.970938467657811],"predValues":[8.878909116290323,8.877132318502518,8.882638132440348,8.901996590193077,8.929611243859434,8.955825190817976,8.97515228549831,8.987029853118571,8.993172762688019,8.995616424447341,8.995964076131179,8.995286314820946,8.994222096669507,8.993121731248188]}