{"timestamp":"2024-05-12 02:59:19","trueValues":[8.658365585940725,8.543558667339848,8.384952420773017,8.179696261906019,7.9317031327032606,7.651382649523663,7.352495493274938,7.048442998475995,6.750876546521599,6.471086577685228,6.2218888938715,6.0176627993016805,5.872329909971064,5.796734406843368],"predValues":[8.630295104569644,8.624901719272689,8.629997686959388,8.655857869092864,8.697004359553945,8.74060062491558,8.77756280309941,8.80516416732831,8.824376175480282,8.837285800813339,8.845869980043368,8.851636266955325,8.85562442713573,8.858514082416061]}