{"timestamp":"2024-05-12 02:59:24","trueValues":[7.712901316026583,7.44933482664718,7.181779911298623,6.917634268234908,6.662685181679173,6.423221612118501,6.206519659454173,6.019512688995491,5.86712005180537,5.751396029125687,5.671306702722402,5.622520912034381,5.597648267998226,5.588165124771517],"predValues":[8.03379764122292,7.923715915003734,7.857505279712763,7.8584307561371665,7.919683102313477,8.01447798862756,8.11607042220015,8.208372475836322,8.285354200185004,8.346800306359418,8.394899830497234,8.432400762475513,8.461827563833307,8.485238768432477]}