{"timestamp":"2024-05-12 02:59:29","trueValues":[6.216167126575019,5.987430658034081,5.812000249437291,5.7024413296876055,5.667380604214913,5.710019631396626,5.826474971819486,6.004490973367625,6.223938125127144,6.459678260101524,6.685611056022466,6.878055665604831,7.017766192631134,7.091145682063118],"predValues":[7.066138681814287,7.01418654975811,7.01798546834915,7.094568243785417,7.230438654964569,7.393645704778507,7.554320585179666,7.695223972111978,7.810771643956626,7.902106492334785,7.973062785741128,8.027949757164986,8.070614432960987,8.10416840201497]}