{"timestamp":"2024-05-12 02:59:34","trueValues":[5.594210556317227,5.659965363903473,5.789140157809402,5.96862703429512,6.181881706883482,6.412469659850725,6.6466155939079385,6.87403295288704,7.087616539052426,7.282432781643106,7.453819745999674,7.595204476356626,7.697565570991643,7.751671389281865],"predValues":[6.059906731507839,6.059518015462265,6.132750257927242,6.2780543091785805,6.471013751567972,6.678784803579056,6.874734369395943,7.044329651794756,7.183417701570642,7.293942763423345,7.38037726463415,7.447642815470342,7.50016825385835,7.541590367252259]}