{"timestamp":"2024-05-12 02:59:39","trueValues":[6.221189869461339,6.406371535685503,6.5968697742581295,6.795006249902699,7.0061517558724935,7.235837887614004,7.486216470840031,7.753825075515909,8.029886028202258,8.301861542026025,8.554269688140261,8.768898089878402,8.926387226332722,9.010003569436703],"predValues":[6.6518350204686,6.764410775415067,6.892874451522749,7.032796280604595,7.168965172548998,7.286900690515656,7.380656077031967,7.45159137312713,7.504183524491166,7.543200249705623,7.572590372216039,7.595295376108821,7.613397450444506,7.628334246567029]}