{"timestamp":"2024-05-12 02:59:44","trueValues":[7.027793604768833,7.221871220425734,7.445494445011279,7.700327913461152,7.985382625839907,8.296768498015565,8.626430801946324,8.961866037507765,9.28773314388997,9.58802074105776,9.847473086389678,10.052726321580437,10.193863336823217,10.26539612602638],"predValues":[7.1309302709737565,7.064685880511648,7.021081641487541,7.021349822335393,7.063970111410294,7.131499856263101,7.2052142395189644,7.273339882747278,7.331159301440075,7.378195139003951,7.415817004863075,7.445889938669956,7.470177980352442,7.490142702241894]}