{"timestamp":"2024-05-12 02:59:49","trueValues":[8.334026233288407,8.63112383388937,8.92078333634647,9.188455730322136,9.420832175782143,9.60765721384206,9.743114323516345,9.827386367464385,9.86732963225824,9.874763743570869,9.862998338802733,9.843821680554395,9.826153639246009,9.815864956767934],"predValues":[8.15792523967761,8.155895145211902,8.135773076382979,8.109484176997185,8.082705428946783,8.056678863056362,8.031927020006679,8.009353847333454,7.989767608622737,7.973529510784566,7.96057204347667,7.950562173396412,7.943049654402797,7.937568824607384]}