{"timestamp":"2024-05-12 02:59:59","trueValues":[9.977283779877856,9.949398819053652,9.906030068861256,9.849784385351946,9.78167442365983,9.701940988391602,9.610757373811689,9.508681204715716,9.397121693051474,9.279387908745392,9.162136796807694,9.056033928162694,8.974385750745876,8.92972898827529],"predValues":[10.011905422337016,9.92676850179937,9.794028816295992,9.644746970625464,9.502909867817523,9.377081752946026,9.268454954339472,9.176225726820554,9.098948711171609,9.034831428068635,8.981948503813072,8.938411243553741,8.90250079145014,8.872726869986009]}