{"timestamp":"2024-05-12 02:04:04","trueValues":[10.635404896283395,10.74936341719711,10.848530262645316,10.929540547064269,10.990953695433792,11.031660837092591,11.0498896926616,11.04311207955928,11.009222950892664,10.949216888160937,10.870168124710418,10.786116153846642,10.715324915253497,10.674828278283991],"predValues":[10.702997101492244,10.775178415243236,10.78634366901588,10.745105481436358,10.668570016397432,10.573483559825574,10.472793744844964,10.375382168295886,10.28636845306371,10.207946951061096,10.14039567731961,10.082925239254395,10.034276329772169,9.993074289462522]}