{"timestamp":"2024-05-12 02:04:09","trueValues":[11.135439117337867,11.179465960473063,11.19175337434445,11.16512931534603,11.095083348405392,10.983287284754445,10.83921543014398,10.678319679292311,10.517613701607504,10.371207158624856,10.248094873191768,10.15280748032558,10.087643521128609,10.054401322277332],"predValues":[11.03964459953838,11.032087693823664,10.946922068101111,10.822578117604646,10.694634855867722,10.576549167257816,10.471217617562738,10.378995832128796,10.299452701604933,10.231623412831878,10.17418699572655,10.125677891126356,10.084646487193638,10.049775534887807]}