{"timestamp":"2024-05-12 02:04:14","trueValues":[11.014432941952734,10.881494446465023,10.730585973649935,10.576989845003842,10.43278350128633,10.304778044982116,10.19538949582061,10.105171225977465,10.03491475434753,9.9858772617141,9.95818047932427,9.948691820981018,9.950328016520544,9.954255311077404],"predValues":[11.298572809457053,11.305289822724578,11.237124576972649,11.119866022949974,10.984905406659028,10.85037271025415,10.724473895575386,10.61115805185702,10.512030011566186,10.42704193272804,10.35510195516124,10.294586109608716,10.243737000861348,10.200866338784785]}