{"timestamp":"2024-05-12 02:04:19","trueValues":[10.22545339281002,10.110522085074562,10.023566106338002,9.968364441035195,9.94879601017067,9.96676120330056,10.0195016647866,10.098319723602888,10.19021033625544,10.281805391818978,10.362940065372516,10.42759849436868,10.47252636136336,10.495624466816077],"predValues":[10.387423993363097,10.393645044824783,10.377589278068502,10.35193375327184,10.323742603808665,10.293647343746857,10.261521989219345,10.228497737142336,10.196077888680808,10.16542128278088,10.137184949230353,10.111607034748433,10.088653518375231,10.068134626943884]}