{"timestamp":"2024-05-12 02:04:24","trueValues":[10.07517111828784,10.135558853663294,10.210009471754194,10.281429566527734,10.33286022105816,10.35169560655264,10.331389877698076,10.27087775318804,10.173739407473049,10.048527390921986,9.909634695876695,9.776814742171087,9.672023275214205,9.614187111830212],"predValues":[9.870640296917164,9.846915461594044,9.82539667288854,9.821324789252166,9.832890852458467,9.849309686646034,9.862705971178713,9.870549928742468,9.873286489703313,9.872283934541665,9.868891938525516,9.864151861973872,9.858778676621853,9.853219439145452]}