{"timestamp":"2024-05-12 02:04:29","trueValues":[10.301028297309662,10.299228375900682,10.26853455957588,10.213060726593984,10.140566845274035,10.06292357272882,9.99528352554513,9.952712673177563,9.944964931140987,9.972077509860274,10.023813289874674,10.083643400454491,10.134569587939104,10.16352036164724],"predValues":[10.4613361234483,10.493869729494447,10.488618806967017,10.45661093106661,10.409513696301689,10.354714966742534,10.297406659814278,10.241627701348406,10.1900131210036,10.143839236353088,10.1033978834434,10.068394568340512,10.038242961063895,10.012264237148315]}