{"timestamp":"2024-05-12 02:04:34","trueValues":[9.944359464370514,9.858021710264383,9.807226290844335,9.80684302346812,9.861992594176098,9.966822866290354,10.107654224471656,10.267838724630709,10.431144647859316,10.583158801870702,10.712240702608815,10.810733507789276,10.875576394177324,10.90727382881877],"predValues":[10.684683725101015,10.670986567704349,10.62294631445758,10.556309885590531,10.485660578189414,10.417103559821294,10.3527231458567,10.29379299598137,10.241099844892672,10.19483399733497,10.154701490951744,10.120115464184964,10.090358287412029,10.064700636305371]}