{"timestamp":"2024-05-12 02:04:39","trueValues":[9.963253854967297,10.07928393339158,10.208727306828484,10.33702034655924,10.452612405124988,10.548018871350774,10.620990109264124,10.674914925416202,10.717359793916687,10.756603502722886,10.797395696781404,10.838326100989455,10.872714912504398,10.892510326960666],"predValues":[10.088831596837135,10.184648440891548,10.245704900759764,10.276410411789527,10.279982612577577,10.26140291585974,10.228070880411265,10.18751098571947,10.14534785329304,10.104970289683138,10.068037348261708,10.035116753796856,10.006164916933724,9.980834717565973]}