{"timestamp":"2024-05-12 02:04:44","trueValues":[10.554701332080915,10.61780861793727,10.658462070268753,10.684620998956229,10.705498173621375,10.727409266520564,10.751179817508532,10.773011705360489,10.788253095389493,10.795141276611446,10.795646806812254,10.79337431300736,10.79105716669261,10.789803175374306],"predValues":[10.861204133357912,10.90851399912212,10.900110822030236,10.846955730095583,10.765529752073022,10.670481569081035,10.572778688062932,10.47988392551624,10.396008969959372,10.322793737974338,10.260202613868756,10.207302147555753,10.162785721544696,10.125286650087665]}