{"timestamp":"2024-05-12 02:04:49","trueValues":[10.781909249525718,10.814941475265195,10.841392771576697,10.854218141876284,10.84924310807043,10.82631298110715,10.78757586565676,10.73542704992624,10.672229927472683,10.601445599387016,10.528666260950525,10.46179009063178,10.410039958024928,10.381724951004664],"predValues":[10.524942028997986,10.461332402405812,10.377887493045003,10.298490546333152,10.235324255374495,10.18652225157278,10.147007969819986,10.113455329709748,10.084237704097504,10.058581647723344,10.036028409206306,10.01622023689008,9.99882223695079,9.983506426072031]}