{"timestamp":"2024-05-12 02:04:54","trueValues":[10.744467056860993,10.71130087359196,10.67672069417766,10.645468189902225,10.622447694764247,10.613211004155152,10.623566133820509,10.658068702920064,10.717390625411586,10.795963095423696,10.882246628625008,10.962071495222926,11.022697377317582,11.055226199166247],"predValues":[10.908306683897813,10.87575128317424,10.796068347768344,10.697387895731012,10.60293082691705,10.519322723264288,10.446332348561,10.382913558290689,10.328170644368848,10.2812307565434,10.241163634192455,10.207014564129215,10.177859664661762,10.15285585387792]}