{"timestamp":"2024-05-12 02:04:59","trueValues":[10.618821273071385,10.619731333748335,10.641627542477575,10.685584748960505,10.74694846062269,10.815686746917704,10.879763630130814,10.929164190195529,10.958192574218405,10.965861642785246,10.955505449964896,10.93415517132633,10.911366975555076,10.896826736246224],"predValues":[10.962020995360596,10.96145752321248,10.918893049774894,10.848965624616358,10.768597485815256,10.687172039370193,10.609172609901163,10.537277816421712,10.472953749671928,10.416616634832923,10.367943804363277,10.32619158134297,10.290438741967591,10.25975662034775]}