{"timestamp":"2024-05-12 00:37:04","trueValues":[8.010881335274593,8.09009754563705,8.160751637235654,8.216049518065637,8.25059913177379,8.261168487170927,8.247288732903616,8.211888860987058,8.161455977420797,8.10487726060885,8.051085604620077,8.006866596219275,7.97611085111593,7.960480877935725],"predValues":[7.92232132143715,7.926719327868685,7.934742958626839,7.950105548325439,7.969125657000551,7.985771740568605,7.996892607620147,8.002701686520712,8.004867067459717,8.005072522162779,8.00451649209964,8.003901456934198,8.003570815730303,8.003647097101299]}