{"timestamp":"2024-05-12 00:37:09","trueValues":[8.235850248296886,8.225507876491491,8.197825446694111,8.159911744788463,8.120897677461498,8.089403039635624,8.071167539347886,8.06815668439796,8.079134557102481,8.100732019277718,8.128239028500685,8.156145784002314,8.178827930062674,8.191544592763876],"predValues":[8.230010337901426,8.200862083152701,8.174300218721573,8.155043823848501,8.14156195533861,8.130087057673252,8.118561128568066,8.106987623276789,8.096142910735573,8.086699968057168,8.078978273318004,8.072997494885513,8.068595501622742,8.065530425767998]}