{"timestamp":"2024-05-12 00:37:14","trueValues":[8.021745716183244,7.991498424956946,7.982105982140871,7.995335085550359,8.030868117630222,8.086719902213352,8.159300696454258,8.243543237851148,8.333299832637088,8.421916193689343,8.502806607382446,8.569899661320466,8.617980048668347,8.643101603868045],"predValues":[8.09916253671422,8.039259334228396,7.9958158973975,7.977364842434234,7.979762256951213,7.992598258800765,8.007429536789893,8.020270854414427,8.03019859577121,8.037603470321436,8.043189552461495,8.047586761526784,8.051250659433276,8.054475474326235]}