{"timestamp":"2024-05-12 00:37:19","trueValues":[8.045641453672042,8.10399856300429,8.175647236102066,8.256695794100892,8.34311753745174,8.431131089621012,8.517353491410027,8.598748106360194,8.672561363030727,8.736344815464818,8.788060395534288,8.826339822758712,8.850906942627764,8.862645768520988],"predValues":[8.115156906269455,8.114461868690531,8.118273810930276,8.128708943009112,8.141239553585937,8.150207797558432,8.153434738761385,8.151927982342677,8.14773064641672,8.14258710254393,8.137599842455616,8.133320112017435,8.129942734382485,8.1274576095783]}