{"timestamp":"2024-05-12 00:37:24","trueValues":[8.47864720745453,8.556872025782804,8.62207425855965,8.670416979402901,8.699147148449276,8.707040011142869,8.694987820314442,8.666688229041629,8.628865958465674,8.590032095910606,8.557646002620213,8.5353840685722,8.522777708201879,8.517395486032385],"predValues":[8.382580256187204,8.37079624620663,8.359468063930784,8.35023668909667,8.340480381483063,8.32762019285734,8.31174968085919,8.294703319434975,8.27835917188591,8.26390478234302,8.251822291597197,8.242123394353397,8.234571804413665,8.228832893742865]}