{"timestamp":"2024-05-12 00:37:29","trueValues":[8.727098556460756,8.71915040970735,8.69342577983592,8.655725506295807,8.61359506588552,8.57359545387685,8.538714933176054,8.508176071691981,8.47980365430191,8.452613996845383,8.427528057338066,8.406478651563495,8.391358195415334,8.383483406356682],"predValues":[8.718234501677912,8.701774204445487,8.678217879189301,8.649758017300773,8.616822804454719,8.58043366681397,8.543143771102486,8.507801575344486,8.476341755844745,8.449564336738087,8.427453636488316,8.409550637925715,8.39522116909491,8.383813515983078]}