{"timestamp":"2024-05-12 00:37:34","trueValues":[8.569297118226231,8.5384916706268,8.51363430944372,8.49243792249089,8.473572237079011,8.45732802609961,8.44469774474187,8.436324335989886,8.432005800394334,8.430747290667295,8.431274349756782,8.432617911883536,8.434148589289665,8.435209617976115],"predValues":[8.473265251073787,8.402144966009244,8.347466638753438,8.317699096219284,8.308813778336514,8.311100093156364,8.316882858970766,8.32246468849084,8.326775516212667,8.329884712999764,8.332174748862101,8.33401055175221,8.335647544657983,8.337236164011417]}