{"timestamp":"2024-05-12 00:37:39","trueValues":[8.446177656496918,8.434386736008868,8.428507754667288,8.428658191099284,8.434030313296311,8.443331058993943,8.455289160605183,8.468617669006838,8.481595867837164,8.492269412423953,8.499537937345885,8.503832286165267,8.506315816236956,8.50759399433143],"predValues":[8.555448461242566,8.538317844784883,8.524621484754459,8.516665630127328,8.510967385135142,8.503473471353967,8.493079270742493,8.480920498625675,8.468592153286924,8.457254136827359,8.447490918706274,8.439461972173138,8.433077726419498,8.428130068854802]}