{"timestamp":"2024-05-12 00:37:44","trueValues":[8.394572910335828,8.402750964357216,8.41761573172873,8.439305422599912,8.46751996147301,8.502312506097851,8.54442779654944,8.594134279464381,8.649583659881358,8.706552022999501,8.759774359487679,8.804421553563296,8.836650299914215,8.853591674782532],"predValues":[8.541069024126928,8.53806481389573,8.536042427303746,8.536429149933703,8.535592978529,8.529982443824021,8.51936976486078,8.505798591331187,8.49155603542134,8.478216363892223,8.466573753526177,8.456870337873642,8.449027709253633,8.442821807750647]}