{"timestamp":"2024-05-12 00:37:49","trueValues":[8.555289785359347,8.602953150159873,8.652803956365583,8.700883280558468,8.741009142222964,8.76642359662418,8.771640498191726,8.753404997903989,8.711089568524319,8.64738266324997,8.569408749500859,8.489257228530281,8.422518736783577,8.384374596032451],"predValues":[8.63673091334061,8.626746293191516,8.615437779283102,8.604353059501442,8.591218576886636,8.57410071828891,8.553724289627086,8.532340255817383,8.512026287511599,8.494021757646841,8.478797643886526,8.466322583158266,8.456314042021754,8.448389284678267]}