{"timestamp":"2024-05-12 00:37:54","trueValues":[8.926424702546345,8.953806791057229,8.942812173661515,8.886100030897515,8.779841675834287,8.625753572213588,8.432753729934332,8.21677458977321,7.998166798883384,7.79739848304512,7.630506538013511,7.506159132263306,7.425831924929566,7.386956333540888],"predValues":[8.708664246188683,8.697563313293326,8.684030944921101,8.669895501877146,8.653392944233612,8.633019173459278,8.609731560628445,8.585856820450825,8.563456410464525,8.54371707743432,8.527047338667593,8.513361610187133,8.502328719211548,8.493526327418497]}