{"timestamp":"2024-05-12 00:37:59","trueValues":[8.545489091024638,8.361028775465561,8.166149275152595,7.983341368246737,7.834143511820928,7.734044013652094,7.688984315437855,7.695046425227572,7.741263633444188,7.813512989114954,7.89713145852893,7.977712228329322,8.041483986058452,8.0768123608015],"predValues":[8.987926092780572,8.974617518535101,8.950881520084517,8.91944163474096,8.881885950280363,8.840363368739292,8.798145749619295,8.758406344796004,8.72316089614268,8.693178064721748,8.668368279724756,8.648187471582279,8.631928376432928,8.61887283307661]}