{"timestamp":"2024-05-12 03:56:04","trueValues":[7.19244468485669,7.165863152058127,7.129060447123763,7.0828631730633305,7.02954010263924,6.971579550120666,6.91051405343498,6.846780835074471,6.780932735637287,6.71502855477404,6.652799036261625,6.5988739543208,6.55832003987586,6.536255719762808],"predValues":[7.21866235285772,7.246749047342497,7.2614987281856465,7.260332712943298,7.241423703965315,7.207947345226071,7.166907436053383,7.125155213033079,7.087094795737922,7.054662189416436,7.028175277412556,7.007127732159228,6.990693216435465,6.978002069454178]}