{"timestamp":"2024-05-12 03:56:14","trueValues":[6.850677829713932,6.741472143211816,6.60583881559687,6.445758903310595,6.26565074562383,6.070104115550596,5.861825008345586,5.64214861378996,5.414143595886575,5.185918837134863,4.971569646477663,4.789017195783295,4.655944526812673,4.5858668147283135],"predValues":[6.784711188494645,6.756719114804552,6.739877144928402,6.737348164980613,6.74434904063219,6.753962885476273,6.762001134615629,6.767447146084908,6.770857481524747,6.773120406934676,6.774950096683554,6.776793075869888,6.778873670197926,6.781270287348658]}