{"timestamp":"2024-05-12 03:56:19","trueValues":[6.247530464758833,6.098616869400197,5.930732602073784,5.73733141878337,5.515404059311525,5.267275710082656,4.999712621730064,4.721535442411499,4.4417204437502695,4.169503921825297,3.916476421478445,3.698723340758572,3.536318374942262,3.448903379035988],"predValues":[6.126017828912268,6.058912415797416,6.025169338048439,6.034993023109946,6.081706591815525,6.148237236760425,6.218124262029096,6.281467302505911,6.334570565634487,6.377375444995645,6.41134603791386,6.438300738116174,6.459909363418875,6.477535277210527]}