{"timestamp":"2024-05-12 03:56:24","trueValues":[5.48785990611087,5.271988676181888,5.030380689769798,4.761439686094627,4.463052384003384,4.135846228711972,3.7868944392088792,3.4311272281539016,3.08907318826773,2.781995220137659,2.526971181154675,2.3341366594773656,2.2068364736189148,2.144092255193846],"predValues":[5.642853618446976,5.591896732361844,5.576070806426357,5.604738980247001,5.67127161860752,5.758180818524236,5.847664581159214,5.92844881224705,5.996125538278115,6.050578875357799,6.09358894363327,6.127427439543177,6.154219078347912,6.175725374982205]}