{"timestamp":"2024-05-12 03:56:29","trueValues":[3.951880977921707,3.617545542980491,3.303904121032693,3.036698319206092,2.840200564094164,2.731051224806859,2.714226265410652,2.782024456900061,2.915682841214738,3.088765272001885,3.271498890952365,3.4353561929410024,3.5571579404994123,3.621628656191517],"predValues":[4.777328969423183,4.801218693441533,4.873038268704987,4.986029750478656,5.121739891042094,5.2590971244837705,5.383091363433596,5.487098487791855,5.5705886476872,5.636052615934731,5.686903186520219,5.726434345858579,5.757429965307999,5.782093965176102]}