{"timestamp":"2024-05-12 03:56:34","trueValues":[2.8167530793307405,2.777667381935889,2.8064016707078743,2.882729288944996,2.9805403459839868,3.072829907548952,3.136867321132818,3.1587237944440663,3.135971613048316,3.077305524295228,2.999009740370941,2.919922570446178,2.8569816683467675,2.822392717903746],"predValues":[3.117447333284669,3.2319262685691434,3.416715497705246,3.631786969288154,3.850883213451658,4.056963184546526,4.239685175239233,4.394476364854414,4.521271867713694,4.62278174896199,4.702925910906576,4.765789983445696,4.8150776497392265,4.853906229742907]}