{"timestamp":"2024-05-12 03:56:39","trueValues":[3.2538442719758094,3.355983034322196,3.402416926816524,3.3823116026787927,3.295531243858207,3.150079945639862,2.9583487130601114,2.7342014859556936,2.491846134804697,2.24631700020057,2.0146260239245173,1.8160071417003116,1.669957553007718,1.592472956345718],"predValues":[3.1101814662502303,3.3444078014040497,3.650273307707865,3.936993751400892,4.166730848135044,4.3389971330385535,4.465280164042429,4.55768170365328,4.625842771538311,4.676789939722304,4.715497702127716,4.745469254138608,4.769180650518102,4.788394386296941]}