{"timestamp":"2024-05-12 03:56:44","trueValues":[2.976831263990147,2.7966823077303937,2.609460712856804,2.4344207479324576,2.2896740556880046,2.192183539880441,2.156803070542568,2.1932073581420157,2.301287827974772,2.467499353808657,2.664915541943137,2.85804655097008,3.010898736907413,3.09503589306528],"predValues":[3.3996114601224727,3.3840416216467544,3.428651871086246,3.5182943760516308,3.63503530648541,3.761273599843977,3.8831055808725994,3.9921022577471335,4.084826583258456,4.161209518778986,4.222943789792825,4.27237631095462,4.311888964751324,4.343608401717657]}