{"timestamp":"2024-05-12 03:56:49","trueValues":[1.9515873115654336,1.859765538198904,1.8562074242145583,1.952340025302916,2.147004236729103,2.4252416005875443,2.7614048315328006,3.125126501823977,3.487021007359391,3.8218294466032425,4.10930459744937,4.334512271827348,4.488083742337539,4.565560255283912],"predValues":[2.677040160205696,2.754011120110039,2.8996952492726056,3.073581823920186,3.2502840316814714,3.415396321696222,3.5613066370842814,3.685111966680676,3.787158633225495,3.869673215517228,3.9356670004125194,3.988229184095092,4.030160615179485,4.06383109937636]}