{"timestamp":"2024-05-12 03:56:54","trueValues":[2.456710855587879,2.752755135376116,3.0619438648572497,3.3563484938522232,3.614402989705381,3.822177696311765,3.973881774523721,4.072029619131429,4.126312585622933,4.150693919156357,4.159471592595739,4.163431213709209,4.167357910241384,4.170524450951102],"predValues":[2.2720638234325503,2.422182903662778,2.7220933465955803,3.025890285512254,3.2685071727923747,3.448773408337673,3.581223982129204,3.679373521140188,3.7531095661791047,3.809323554380085,3.852829717355771,3.887039985278497,3.914412239605664,3.936736933022064]}