{"timestamp":"2024-05-12 03:56:59","trueValues":[3.693776347665749,3.8422694652232914,3.9529455283090815,4.039972107182125,4.120912688501625,4.211986249927612,4.323322166806664,4.455559027755638,4.599516977351783,4.739891045990241,4.861487621246134,4.954449694793537,5.015495589558976,5.045359580185462],"predValues":[4.168245744334194,4.329810801091516,4.460941087960111,4.545252358589866,4.584619924953149,4.592500195904752,4.583860832285689,4.569496337481289,4.555397050013111,4.544183381158638,4.536600951418109,4.5325146155185,4.531454886705151,4.532884232150681]}