{"timestamp":"2024-05-12 02:45:09","trueValues":[8.384101099409616,8.185474775100435,8.00530827678324,7.856831771022517,7.742079870692706,7.650997255837453,7.564290586947559,7.459999334416499,7.3222808940647806,7.149206436940108,6.955678206627619,6.769592061290231,6.622984714907629,6.542405938522856],"predValues":[8.768043579050012,8.62713088951148,8.504738625799733,8.426169611041361,8.392484076556567,8.388414850807681,8.398139529560146,8.41186539214172,8.425111240242403,8.436401148938378,8.445601958066344,8.453044840407692,8.459146286932278,8.464269365071386]}