{"timestamp":"2024-05-12 02:45:14","trueValues":[7.501459189812781,7.43116896301171,7.366825759471991,7.29654164581215,7.220325924638404,7.151973829395848,7.114190629766014,7.128829476700785,7.206644448777929,7.341113090094272,7.508976227215131,7.676968537668058,7.811250595282523,7.8854577508792385],"predValues":[7.441624826612976,7.425665806961373,7.446704846974729,7.520984562899953,7.636014478261332,7.764013289846821,7.882377259277046,7.980872456556248,8.058277316593514,8.117450397385532,8.16227407519056,8.196332777079105,8.222513766232758,8.24299863670422]}