{"timestamp":"2024-05-12 02:45:19","trueValues":[6.955725517024961,6.8663213581203415,6.841340670957672,6.901294639094576,7.050388572119484,7.276050927988208,7.554271148472331,7.85728201716351,8.15959306407828,8.440636758444207,8.684719869358798,8.87978276390865,9.016216647235918,9.086593786957948],"predValues":[7.975203714115215,7.955826916938796,7.959916076843864,7.993582740327472,8.046415696298201,8.10306617607241,8.153437928226374,8.19408686214912,8.225455250319166,8.249371187752898,8.267777855995062,8.28228035330154,8.294074197465829,8.303995825681383]}