{"timestamp":"2024-05-12 02:45:24","trueValues":[7.100027544692152,7.330505461117262,7.596165834262159,7.880360720037543,8.172305208370748,8.466132544202653,8.758400497443525,9.045329020503512,9.32069998559717,9.575116165710938,9.796926976816296,9.974384024625056,10.0978678827294,10.161087863015378],"predValues":[7.486600535582496,7.634876902415138,7.7839998064137,7.927970661299498,8.051563758579727,8.144448155365202,8.20721656056644,8.246606984762147,8.270071612899889,8.283481186870022,8.29084326943164,8.294703053646225,8.296606898456105,8.297463269805741]}