{"timestamp":"2024-05-12 02:45:29","trueValues":[8.453279531873157,8.715769045241164,8.966893165908445,9.202720080909408,9.417508221685765,9.604688353514494,9.758913338340983,9.87797553481512,9.963434059739193,10.019808385003074,10.053227067583762,10.070364062971423,10.077555774944862,10.079790526747384],"predValues":[8.746029094327417,8.799401335670094,8.820254323559073,8.813069522093112,8.784782954469005,8.743763776818746,8.6981238617652,8.6538447851071,8.614249703574579,8.580587824288454,8.552854097262497,8.53043428469751,8.512497796752523,8.49820660150159]}