{"timestamp":"2024-05-12 02:45:39","trueValues":[10.27288339508883,10.275081468043975,10.23513767167262,10.151657146619431,10.0235065696582,9.850934719058095,9.637235780575596,9.39023138551953,9.122761256781938,8.851905510958172,8.59746434670199,8.380379525344567,8.220996378264086,8.13632538540363],"predValues":[10.08052729315992,10.02445437233753,9.925418294953886,9.805434343097833,9.684865655993734,9.573476249128923,9.474630476489644,9.38919693570799,9.31679289098524,9.25627598227772,9.20611739270054,9.164688368799156,9.130440956898742,9.10200315547639]}