{"timestamp":"2024-05-12 02:45:44","trueValues":[9.96087610881775,9.795446001906251,9.594980685241977,9.365645394649288,9.116347242688398,8.85768668204008,8.601172365540833,8.358606908383663,8.140798344262414,7.955562988710929,7.806659626219133,7.694911936120523,7.620295731638925,7.582924504570212],"predValues":[9.989453183544637,9.955619870515338,9.892786878648067,9.81411766153128,9.732636399448902,9.65467099093976,9.582821913125157,9.51845372544302,9.462125115843984,9.413692558403532,9.372530917983752,9.337758839092594,9.308422671698246,9.283606507771278]}