{"timestamp":"2024-05-12 02:45:49","trueValues":[8.782212777265103,8.545111936789652,8.336708041766935,8.169110427606437,8.049870152670394,7.980339018536783,7.956278226234787,7.969567663690322,8.009062542864429,8.061083514206626,8.111771289183284,8.151140450279062,8.175588496788512,8.18657859577549],"predValues":[9.130589267020746,9.068540883540848,9.023665642718496,9.007785828114123,9.01564785931282,9.0339452883791,9.052557942901824,9.067167818862943,9.077098218107215,9.083131091134533,9.086360956013728,9.087745715396592,9.087995556820758,9.087596342119593]}