{"timestamp":"2024-05-12 02:45:54","trueValues":[8.04516967864237,8.008342786931838,7.997206769921596,7.9992549380222435,8.000598765937747,7.988797213899733,7.957355202246182,7.908585890460606,7.8524685829171155,7.802154506921707,7.768147102261739,7.7535289868494,7.752913685895209,7.756394189564813],"predValues":[8.373052261109082,8.397021887870135,8.440405256443732,8.509109787567608,8.590501478841535,8.666822718148678,8.728049282816325,8.772765581966713,8.803738476478081,8.824607411692007,8.838511618524237,8.847785253769459,8.85404351565602,8.85836258282907]}