{"timestamp":"2024-05-12 02:45:59","trueValues":[7.624759122102741,7.559599415525755,7.515383596589943,7.516318375620565,7.588515105119008,7.752008675204486,8.01342573096983,8.362162896058017,8.771616311415556,9.204140455984655,9.6172096614851,9.969357959379373,10.225332724717926,10.35986914216529],"predValues":[8.545213468091813,8.66739044291678,8.770789176828323,8.851388551841154,8.903915850750405,8.928373731443575,8.931115076601902,8.920587715827125,8.90375026435971,8.885093488904634,8.867069290672438,8.85079159031065,8.83661308948934,8.824492856741141]}