{"timestamp":"2024-05-12 03:51:04","trueValues":[7.438467787851039,7.473201858951075,7.505034580065819,7.526720815683261,7.529832936146597,7.508134740035446,7.461290270370929,7.39657974677994,7.327107086171132,7.267074178775743,7.226381123920644,7.207043663479094,7.203163147742078,7.2049165561199615],"predValues":[7.255231961059115,7.215723526658802,7.1798930769686855,7.151240518237051,7.128201152097887,7.108146327822487,7.089963719495824,7.073842568707262,7.060241626837769,7.049376980140369,7.041160120961612,7.035305592184949,7.031438365885389,7.029174643109213]}