{"timestamp":"2024-05-12 03:51:14","trueValues":[7.398864466867295,7.467003133744315,7.550917691824802,7.629579201067864,7.681646685441155,7.692072249125023,7.655735737656599,7.577426664294857,7.469372108865139,7.347738672032103,7.229121140135227,7.127879016133965,7.054760531253606,7.016594861613802],"predValues":[7.033487331352283,6.9605883879786905,6.909722002962631,6.889599402556208,6.89555519684628,6.916096680321302,6.941059293849031,6.964727250379843,6.984981416217076,7.00161899454516,7.01517900494729,7.026359674467381,7.035783214567102,7.043935221291076]}