{"timestamp":"2024-05-12 03:51:19","trueValues":[7.651070347743458,7.6279990869544,7.57166941420037,7.49484530257991,7.4132441697716835,7.341703672694795,7.291234641858656,7.267465685603183,7.270306169964929,7.294582251153706,7.331600776552348,7.371274531554606,7.404070736884876,7.422532423398106],"predValues":[7.822032315890199,7.877733398252584,7.899001282378925,7.883834313199671,7.837369389868883,7.771102938940601,7.697933422620412,7.627640006354352,7.565545109843361,7.513463007088868,7.471149438230443,7.437420580179543,7.410811405351072,7.389904462346024]}