{"timestamp":"2024-05-12 03:51:24","trueValues":[7.39308861156037,7.339198879523176,7.304495639918037,7.287391602335264,7.28179781232148,7.279033875119477,7.270308296274922,7.248997620159974,7.212417114619866,7.16297216783405,7.107789107743683,7.056223964106211,7.0167793190056855,6.995481400750695],"predValues":[7.37940288307991,7.307616265621346,7.247059488601458,7.207084063368959,7.1866467690835885,7.179033516154061,7.177825506289353,7.17918607889605,7.181398238654899,7.183877781895353,7.186502445792821,7.189287114517255,7.192256772211069,7.195413545184257]}