{"timestamp":"2024-05-12 03:51:29","trueValues":[7.63377972645881,7.670198898228207,7.659909949961383,7.585596478865023,7.435659995505434,7.20589997449167,6.899520233405514,6.526843077001802,6.106536576757449,5.667243324325997,5.246348633579863,4.884766263706686,4.619988060031884,4.480133026985049],"predValues":[7.215816552720991,7.238465475187713,7.256899519671036,7.270783260769583,7.277120461914629,7.274336590556444,7.264211899736569,7.250255598309515,7.235597614584808,7.222193090600907,7.210936139709821,7.202032482403361,7.195322645432061,7.190491137550726]}