{"timestamp":"2024-05-12 03:51:34","trueValues":[7.147785264498612,6.8886282104669565,6.582858853243133,6.248132210486819,5.909276007935573,5.5964671027971775,5.339633706904622,5.161459893286698,5.071866227003962,5.065334069811443,5.121487524624814,5.209100134466052,5.2932062597874605,5.343849249359892],"predValues":[7.1765151677562375,7.103589645507734,7.045995084096685,7.013826406003066,7.0055021681696665,7.012370149446688,7.025691215763368,7.040049655567827,7.053111577854124,7.064305536811672,7.073803497761142,7.081985272825017,7.089216321533324,7.095778911537616]}