{"timestamp":"2024-05-12 03:51:39","trueValues":[5.6002891450093895,5.336297925208908,5.148625884852764,5.047513266419506,5.028145572507745,5.071293385802442,5.14734259032487,5.223377840937969,5.271835914098337,5.277969919744688,5.243329738520275,5.184005889060326,5.124213919166004,5.087283569184879],"predValues":[6.314395471950114,6.199222828030462,6.132413902265243,6.130741825244588,6.18748493239786,6.279667646885683,6.382522178333424,6.47923791993733,6.562131716326856,6.629638071769742,6.683180550806224,6.725201884935003,6.75819317920712,6.784310379060986]}