{"timestamp":"2024-05-12 03:51:44","trueValues":[5.3342530130204375,5.448903980072773,5.539572496056912,5.567528887607437,5.507071249790968,5.3505004799120135,5.108218619350146,4.804425268581586,4.470304343330056,4.13772804627927,3.835770132941287,3.589183491351636,3.4164841950463325,3.328228044196309],"predValues":[4.939892212439587,5.029519368104711,5.187513503182339,5.387286041472061,5.594874762401255,5.784574039994054,5.9440701472929085,6.07146548552354,6.170321092346537,6.246004438655814,6.3037923613818405,6.348151041770299,6.382596466288801,6.409793565830304]}