{"timestamp":"2024-05-12 03:51:49","trueValues":[4.966737640242424,4.731344841327741,4.485736121681526,4.273444100642375,4.135257639527067,4.103255943215077,4.196610420626947,4.417064699945185,4.745043510397923,5.140377463260049,5.549503426878685,5.916155418128806,6.190958525559988,6.337848139594145],"predValues":[6.141082868106238,6.184076191690515,6.22602562996266,6.267575853533639,6.306545534139504,6.339959033839583,6.366429068257894,6.386493593822637,6.40162640914763,6.413358723216501,6.422907848500175,6.431124176101435,6.438561078195928,6.445560624903759]}