{"timestamp":"2024-05-12 03:51:54","trueValues":[3.824291381339068,3.8329096479761695,3.982755696713874,4.268833928341863,4.667494144340124,5.142251074599717,5.652488327707865,6.160479732333214,6.634756764394491,7.0508268577667685,7.391244835007789,7.646104350755074,7.813020482562852,7.894793314903003],"predValues":[4.6328968713868965,4.59763189556641,4.645914290669515,4.761411512487221,4.91700411332226,5.0850740673135215,5.244847392277698,5.384796132470392,5.501080437833199,5.594594753954067,5.668423559266424,5.72624736347358,5.771535640012053,5.807238643996973]}