{"timestamp":"2024-05-12 03:51:59","trueValues":[5.312122046378546,5.800213847357976,6.258426075845503,6.651016524015714,6.951681009629743,7.144813746283555,7.227171579660499,7.208867240086743,7.111676268199426,6.9644160117546345,6.79774972137102,6.640778740083093,6.519133608545096,6.452736788235374],"predValues":[5.308828126410817,5.6264804999242575,5.912210049937007,6.119912395556446,6.242469182503892,6.300655123881712,6.320205215322551,6.320379838530717,6.312762598769952,6.3034308886830495,6.295180540121904,6.289050521306789,6.285215322551496,6.283469356258587]}