{"timestamp":"2024-05-12 00:00:04","trueValues":[7.436318354236981,7.587779401861469,7.755089964172926,7.95332425007717,8.191947528507528,8.469028312624214,8.771082076029845,9.07836496728548,9.371838804081069,9.637352727625204,9.865236811647744,10.04736695724337,10.175380918787557,10.241669164393269],"predValues":[8.37742608076445,8.524031699520183,8.661397438201831,8.784486334224997,8.883358951527935,8.953696754515097,8.999111546498149,9.026593571578696,9.04265465410996,9.052020518051124,9.057723813029542,9.061563397299196,9.064550862839198,9.06721991345777]}