{"timestamp":"2024-05-12 00:00:09","trueValues":[8.511430389136095,8.788250700278653,9.058317053517555,9.30275499241221,9.5091649402391,9.671607050033096,9.787946506561344,9.858176399316369,9.885242730793308,9.876712506679349,9.844816793631065,9.804201614879457,9.76861888030351,9.748217999076768],"predValues":[8.031073040755786,7.988430159637211,7.985226607844179,8.040383886425882,8.139296903618687,8.253501544914078,8.361186653982532,8.452410934241062,8.525452871961676,8.58237977203496,8.626359038984063,8.660448306578756,8.68718213633056,8.708523112362906]}