{"timestamp":"2024-05-12 00:00:14","trueValues":[9.72986315964068,9.862089872858274,9.944789510566574,9.977976956935535,9.965971810715702,9.917738594837084,9.845052282462778,9.759713362475807,9.671443855741142,9.587293543040191,9.512373542018365,9.451024714526124,9.407321602087348,9.38457061674097],"predValues":[9.645837767651814,9.599230115762754,9.53059708181239,9.463643832756404,9.408169468197013,9.36330751681211,9.326404875308082,9.295748269408154,9.27033567552818,9.249430327255624,9.23236562640772,9.21851537469156,9.207302810521576,9.198219214231967]}