{"timestamp":"2024-05-12 00:00:29","trueValues":[9.169650113167556,8.94020159656775,8.689645200668568,8.435063699952853,8.197116588100233,7.996334982824512,7.848892129509081,7.763451678219949,7.740095757680595,7.77060086399353,7.839004256464664,7.922992172239905,7.997600403059029,8.04116185009453],"predValues":[9.631016855423905,9.634681019119142,9.64104240704036,9.65431270770596,9.669102788438972,9.678361273725496,9.679662575441142,9.67436965829135,9.66496764708031,9.653620062225777,9.641800436552824,9.630370457186066,9.61975910716657,9.610127986053794]}