{"timestamp":"2024-05-12 00:00:39","trueValues":[7.542815121808161,7.724669644470958,7.960618290719015,8.232746367284772,8.52501830735688,8.824144407691058,9.118000448707866,9.393836544112467,9.638569508518632,9.84140566082498,9.99677513200514,10.10525574679968,10.17189164408923,10.203041553907507],"predValues":[7.80525599583508,7.800537448172117,7.842116376928002,7.944110151511748,8.08926961368357,8.245478711522171,8.387864668097023,8.505711944198977,8.59826490241431,8.669159798619608,8.723057770108024,8.764202665836612,8.795999505470224,8.821024313565246]}