{"timestamp":"2024-05-12 00:00:44","trueValues":[9.233695101730772,9.559405392751003,9.82247140191583,9.99418316012381,10.049846766272571,9.974177772555748,9.76510090042028,9.435144899921756,9.01124799236004,8.533516371032198,8.052407637858154,7.62367736189386,7.301082912379455,7.127706785024541],"predValues":[8.743616529851739,8.800274185922174,8.852427520061427,8.904144163285892,8.950161232574427,8.984423528644792,9.00587161754303,9.017197939297636,9.021932168496791,9.02294960782839,9.0221697836385,9.02073133492831,9.019244512665786,9.01799690027746]}