{"timestamp":"2024-05-12 00:00:49","trueValues":[10.1862468944287,10.064305674224194,9.816608633687943,9.457591822939154,9.012262242226647,8.51432456282516,8.002648794559638,7.516100960423792,7.087562052358859,6.738685348177389,6.477327829091847,6.298957265352393,6.19155256341425,6.142012730045002],"predValues":[10.264885280050589,10.274256991344236,10.235573033643664,10.16204363935718,10.069594338754,9.970770892369645,9.874292765907445,9.78568198641892,9.70768362010489,9.64095841779564,9.584880181198267,9.538198108459458,9.499460993009066,9.46725802816681]}