{"timestamp":"2024-05-12 00:00:54","trueValues":[8.193151817329749,7.677360841861745,7.227077756232063,6.886134846211549,6.684752824151588,6.6349437467794905,6.729673514850042,6.9455096606641415,7.247050983361486,7.591716796390795,7.934610595829782,8.2335447966871,8.453546117988514,8.569923316519137],"predValues":[9.312840612285964,9.16846203745903,9.051964170836312,8.990393143949818,8.980435102675635,9.000967283544439,9.03264239193096,9.064432852634594,9.091851088415355,9.113923249296509,9.131152207591365,9.144475134429284,9.15482760620715,9.162988383959846]}