{"timestamp":"2024-05-12 00:00:59","trueValues":[6.413072601628083,6.438352168239127,6.595443551830401,6.860670423525498,7.204819809015285,7.596919876943387,8.007680441369054,8.411940078780221,8.789269468553993,9.123216818697912,9.400806588269148,9.613030399194082,9.755255021998224,9.826271117873116],"predValues":[6.9320129079843,6.889655749771019,6.935702853188204,7.078985846791303,7.287443962718839,7.515311302050184,7.728131011350626,7.909381927764192,8.055766144491917,8.170688415409908,8.259822798734179,8.328877373640633,8.382743716267907,8.425308987071741]}