{"timestamp":"2024-05-12 04:45:04","trueValues":[4.434695107227877,4.304937359689114,4.216343640515923,4.1746972678649525,4.1819628691106425,4.236384344764027,4.332488390173651,4.461207371948415,4.610344679413055,4.765334122517379,4.910519764880988,5.03134194800455,5.116824460363228,5.160746316942523],"predValues":[5.066421411584055,5.021202904592223,5.029731832986031,5.099810591613591,5.220444529855596,5.368051042593293,5.518338234207333,5.65483019237628,5.770229022521425,5.86366918358129,5.937537990100388,5.995318072058317,6.040473188433485,6.075997848167751]}