{"timestamp":"2024-05-12 04:45:09","trueValues":[4.182882830418502,4.247835404500948,4.3442672255795145,4.46370818140351,4.596426759542552,4.732515026131091,4.863686624461901,4.985157730816418,5.095988549401379,5.197077113952841,5.288058330400309,5.365370031481013,5.422727177091918,5.453502657009887],"predValues":[4.2514404966466985,4.309720709971469,4.43126553948027,4.597452604443339,4.783476928978863,4.9663017466938815,5.130343007720497,5.268594022278246,5.380449356820248,5.468764313431011,5.53764014540369,5.591186810612969,5.63298647692499,5.665949198906578]}