{"timestamp":"2024-05-12 04:45:14","trueValues":[4.690770128913185,4.805022163664901,4.910593753824021,5.008991639197455,5.104059889239998,5.198692511522749,5.292600261439488,5.38236728843383,5.463306208573648,5.531610395394177,5.585440324962821,5.624662106197217,5.650000412121814,5.662357728434219],"predValues":[4.738660909212169,4.875837688704996,5.02523791003966,5.171618472172084,5.30158099748319,5.407966000885369,5.490488490392388,5.552828111894123,5.5996772993089365,5.635226145819371,5.662734749774833,5.684589894142334,5.702490367711817,5.717632352748654]}