{"timestamp":"2024-05-12 04:45:24","trueValues":[5.351232595021439,5.308283392369515,5.260465737200129,5.2216111431226295,5.20721635670673,5.23184626916776,5.30527373346896,5.429119130719282,5.5957384429414905,5.789210060250418,5.987394377869828,6.165092496074031,6.2985426349037805,6.369910103504997],"predValues":[5.557842482434846,5.55532247285734,5.549614460128625,5.551045333859463,5.5634261060289765,5.583736286845085,5.606707278828541,5.628584350767843,5.647809781251644,5.664225558868594,5.678262128497881,5.690480703083249,5.701385616776138,5.711371565868977]}