{"timestamp":"2024-05-12 04:45:34","trueValues":[5.764828859611368,5.978536569122589,6.186007279847178,6.374569114488159,6.536505428292598,6.6680147776763405,6.767448209239904,6.834124506419316,6.868513583723007,6.873893413793757,6.857946620424611,6.832002449046417,6.80768756270027,6.7934901908777725],"predValues":[5.525930888508804,5.620643911888161,5.700914373323965,5.764483068448775,5.810109959853616,5.838529687641028,5.853252656714893,5.859063330347951,5.860164758924266,5.859434903019208,5.858527633124119,5.858246960205058,5.858888308456661,5.860477060704471]}