{"timestamp":"2024-05-12 04:45:39","trueValues":[6.599614574670196,6.696830397805554,6.769542358794148,6.820636790556945,6.855366343248245,6.882520916589891,6.913191609293522,6.956931134790927,7.017874368652022,7.093315581410859,7.174879769582959,7.2510024646945155,7.309794404420308,7.341768525149578],"predValues":[6.64722185804466,6.670806888485749,6.667575295979686,6.639917451641599,6.59370888155933,6.537857495659324,6.481269874924282,6.430099427579239,6.387222519467072,6.353144282105467,6.327098978108236,6.307821718818359,6.293978111820927,6.284361343300603]}