{"timestamp":"2024-05-12 04:45:44","trueValues":[6.880352080397147,6.898825195826589,6.927499283446901,6.971342998133958,7.029069390764565,7.094351360166143,7.158279401679751,7.212121291742106,7.249831665254683,7.269586148243588,7.273847805046829,7.268188896789512,7.259385973418966,7.253317750488019],"predValues":[6.953651833204399,6.876348504469292,6.794767571605998,6.720036014807286,6.657088467989148,6.6062857393785,6.566233102514385,6.535261005369262,6.511812590345216,6.494505888841246,6.4821338212532655,6.473659944354118,6.468217255244204,6.465093041392781]}