{"timestamp":"2024-05-12 04:45:49","trueValues":[7.192141419893955,7.27341111413204,7.336451421223618,7.370878772107181,7.37046042061608,7.333724162868993,7.263470880704048,7.165678428877495,7.048264122647843,6.920384915999454,6.792757145507725,6.678266116835166,6.5911145175792605,6.543857012198626],"predValues":[6.910632595217084,6.918745265206191,6.917432268785584,6.907362862025524,6.887688115661352,6.859885549349375,6.828065851883338,6.7965799850861845,6.768323983168224,6.744577884745175,6.725508870940226,6.710698856051027,6.699499714212873,6.691226906502427]}