{"timestamp":"2024-05-12 04:45:54","trueValues":[7.442417408662825,7.407313359624027,7.339715307062698,7.241727766294297,7.115831875291773,6.965736450260216,6.797760618709734,6.621001665050514,6.445593848497397,6.280676580977307,6.13414817385319,6.013885542493693,5.928012520015384,5.883262997271358],"predValues":[7.446475737072996,7.440417879903265,7.416488653032077,7.377069523651468,7.32578983713054,7.268668379692908,7.212264020300378,7.161346603844489,7.118183308355155,7.083130822333684,7.05548879242617,7.034132134857626,7.01787171076453,7.005624165205509]}