{"timestamp":"2024-05-12 04:45:59","trueValues":[6.93103826064131,6.785795606591017,6.642113664075501,6.5098626311873655,6.396515291502231,6.306572511697539,6.242551311227367,6.205185267039262,6.191955499157902,6.196156290337597,6.208721320557432,6.221832413762314,6.231256618333907,6.235900745147119],"predValues":[7.276806831190679,7.27805869619899,7.272584776911055,7.260993729562337,7.241587164046018,7.214786355529439,7.18393545805391,7.153032200194807,7.124896334791445,7.100857337166875,7.081173022407736,7.065515407197623,7.0533109194159564,7.043934955502328]}