{"timestamp":"2024-05-12 00:06:04","trueValues":[8.94509742532637,8.744123123207544,8.519782800576898,8.276307282742774,8.02053345369855,7.764169307842549,7.524831057677083,7.324076297065023,7.181449801672226,7.106347203779757,7.092508115191061,7.119238223900376,7.158825065981676,7.186037847059376],"predValues":[9.046973189705511,8.966534882674644,8.907920224044508,8.889292685351833,8.906746235139686,8.943177367402793,8.983215784568833,9.018813934892227,9.047532940811138,9.06968590147202,9.08650926613573,9.099325599617847,9.10924217784717,9.117102082735872]}