{"timestamp":"2024-05-12 00:06:09","trueValues":[7.4295729015733,7.150163808014405,6.942170556609064,6.838782188458733,6.862321503234974,7.016795797908131,7.286761948788621,7.642124695814639,8.044988144926728,8.45542152340224,8.83549172675684,9.15201184019907,9.37845747551142,9.496385817181856],"predValues":[8.654831392943798,8.636648784617135,8.635469214148582,8.664977346863601,8.719043031052708,8.780824031051,8.83693894649575,8.8819797737088,8.91588484970036,8.94068905313362,8.958730261845757,8.971983552031414,8.981931493333128,8.989620230267404]}