{"timestamp":"2024-05-12 00:06:14","trueValues":[7.10866833692574,7.332560273936638,7.61810350603626,7.927220339660758,8.222813841730504,8.473603865940156,8.657495393576136,8.763780327514276,8.79434789418325,8.763426296900459,8.69460322399448,8.614916833334846,8.548235220380452,8.510946653612713],"predValues":[7.163664281736734,7.202288436968754,7.303609234439753,7.466856418354806,7.659660640114717,7.846713193343872,8.007677517692812,8.136934573216593,8.236983039945596,8.31316952435694,8.371008345628422,8.415186954139358,8.44936632412,8.47628594020743]}