{"timestamp":"2024-05-12 00:06:19","trueValues":[8.551217370145473,8.761122705811918,8.890119819939066,8.935889439902178,8.90779131650119,8.82425710212068,8.707434973224046,8.577304801659439,8.448256124514964,8.329188878054591,8.225752136351923,8.142513213271677,8.083802339114364,8.053337898480041],"predValues":[8.654258883978216,8.795733450932365,8.895212863949524,8.952535257681484,8.972393398282541,8.964423988429207,8.940193622905277,8.90939322529208,8.87826776803872,8.850037016051925,8.825919344957619,8.806030372861663,8.789963177189172,8.77712983322711]}