{"timestamp":"2024-05-12 00:06:24","trueValues":[8.793435707196302,8.685124399834944,8.569677993503706,8.461981189730292,8.370760364725502,8.300584958664047,8.25382687034299,8.231355494760676,8.232119903203118,8.2523445664892,8.285079640407174,8.320958729438379,8.350533043551929,8.3669346014708],"predValues":[9.026812049930466,8.882669761301493,8.753235956259555,8.667018604456773,8.626381365238988,8.616779746677363,8.622842122255829,8.63470453991739,8.647489776115862,8.659276178195178,8.669567518560743,8.678443799626045,8.686158318068983,8.692975002117427]}