{"timestamp":"2024-05-12 00:06:29","trueValues":[8.499500726921008,8.465178894170844,8.432686485380806,8.393572481484176,8.337649465516284,8.253752981070738,8.131894952744704,7.967068186293685,7.76329619180172,7.535382073650531,7.306830062501476,7.104770810708781,6.954275639398562,6.874069631734417],"predValues":[8.642137853863769,8.606859978983053,8.582420703502322,8.583415550790244,8.606657182167481,8.63878173932875,8.668861052065608,8.692386280038146,8.709091102919755,8.72033662489463,8.72770083376624,8.732485031250233,8.735625325320978,8.737751103736365]}