{"timestamp":"2024-05-12 00:06:34","trueValues":[8.230398655263876,8.127719145707424,7.990033397371847,7.820945239906337,7.633702913510317,7.448879796308702,7.289147668600639,7.173573949458579,7.113510742145789,7.110378687526268,7.154534172416032,7.225607412871983,7.296222965101966,7.339780159517481],"predValues":[8.385497021919946,8.416742881476651,8.451889722504056,8.499426837648755,8.554097988608335,8.604876663337189,8.644913485770733,8.673330289881905,8.692327274935845,8.70469309648822,8.712748621896267,8.718139349305732,8.721939862629267,8.724817025838389]}