{"timestamp":"2024-05-12 00:06:39","trueValues":[6.966047423096676,6.743765900116641,6.611801520394421,6.601489980083921,6.733435488804954,7.013594372425091,7.430212920881159,7.953732767384553,8.540671669947008,9.139817983967369,9.6984155664234,10.167342935436947,10.505302898326194,10.68225335277915],"predValues":[8.029220758963234,7.943826289127697,7.894741751885676,7.9021346659421905,7.9593031679884145,8.042602956692209,8.129469364620318,8.207039545259533,8.27098300252059,8.321635693382364,8.361122067316499,8.391875420321103,8.416052362306463,8.435374407000564]}