{"timestamp":"2024-05-12 00:06:44","trueValues":[6.880881265796626,7.210209207481003,7.641036290887031,8.139749276069674,8.668249472153905,9.189701747977969,9.672745689034286,10.09410484561949,10.439797134797864,10.705258432169678,10.894502147846502,11.018010990093265,11.089365700834522,11.121198687738016],"predValues":[6.913752689342894,6.837232905840167,6.820949889703396,6.884136380606986,7.015148173452393,7.181517312014501,7.350571714308874,7.501872225528899,7.627597480154495,7.72779213069551,7.805976017556421,7.866538110351291,7.913560126900213,7.950419179049389]}