{"timestamp":"2024-05-12 00:06:49","trueValues":[9.356895097451066,9.83385885508273,10.225995601858209,10.514135058459145,10.69017332592515,10.75732538496547,10.729181014322135,10.627446649557523,10.478791002179898,10.311120296113394,10.149642467901172,10.013898306377849,9.916995981072066,9.86670874974032],"predValues":[9.0046250683097,9.164952562815772,9.25596554101876,9.281117130347106,9.253542079204369,9.19201411009523,9.114757294391218,9.035230111192302,8.961317981107097,8.896553502400039,8.841748393910908,8.796288152051758,8.758952540675427,8.72837646876648]}