{"timestamp":"2024-05-12 00:06:59","trueValues":[10.435842729788597,10.271065400044913,10.100708101302398,9.924827180775864,9.74297239232432,9.555865086612847,9.366078098732842,9.17848652592049,9.00035384311149,8.840337587230628,8.706463515346048,8.604241959804313,8.53608920612359,8.502227453698136],"predValues":[10.145567926377304,10.022019747395674,9.867989851511034,9.725211324953744,9.61527259308158,9.53502618552757,9.475218401202678,9.428779259380557,9.391422119115546,9.360643781968523,9.334897888997164,9.313139358839964,9.294595277814512,9.27866230546032]}