{"timestamp":"2024-05-11 23:43:04","trueValues":[7.892425137148427,7.882415001279419,7.865814633376211,7.8418819512512865,7.812816091014785,7.782295303165652,7.753775638808575,7.729333971229102,7.709434899160681,7.693438137506703,7.680371431022921,7.66965429708128,7.661554916529629,7.657054049852188],"predValues":[8.038738654068888,8.064440957685392,8.092243789786119,8.123193560676317,8.151962003302563,8.172826154319004,8.18428643360316,8.188323233124654,8.187846673897498,8.18523981784622,8.182026431869472,8.179029663723249,8.176612580838835,8.174873525053403]}