{"timestamp":"2024-05-11 23:43:09","trueValues":[7.783566039175151,7.755327579314631,7.731075950690773,7.711215683779722,7.695042969973834,7.681524954194062,7.670033311837511,7.66081044224337,7.654847205868322,7.653054726544319,7.655237649540766,7.659757918796892,7.664288819602982,7.666980728053975],"predValues":[7.894658028429706,7.854544658836419,7.83211634103146,7.834630968386797,7.856716152916653,7.8869339415918,7.916212167038839,7.940525192863743,7.959323633722096,7.973520473967096,7.98432106557596,7.992763845191462,7.999620929129769,8.00541857911412]}