{"timestamp":"2024-05-11 23:43:14","trueValues":[7.646455989270147,7.627487975189861,7.613384426795799,7.606770805351677,7.610279216839938,7.625334554744565,7.651568701648041,7.687275559569822,7.730245626638552,7.777864870506725,7.8263503199082525,7.870342876294811,7.903851927050195,7.921943104047165],"predValues":[7.846580033180567,7.841243792464671,7.845297070888609,7.862879794008531,7.888879249446541,7.914768934131169,7.935227491516468,7.949260605892016,7.958139544844808,7.963598048385295,7.967055960011226,7.969471979740642,7.971421806004118,7.973216145849365]}