{"timestamp":"2024-05-11 23:43:19","trueValues":[7.620469823269593,7.644470015736791,7.677994216450876,7.719134327981978,7.765648953808848,7.814178258353978,7.859802757660076,7.896935040643338,7.920944801505506,7.929417615249656,7.9230370905385055,7.906287615147046,7.887108564799965,7.874483599217207],"predValues":[7.710847034784706,7.693090220034117,7.6880824942121215,7.702036669329184,7.730211074101167,7.762664146156335,7.79186635602113,7.814968714093833,7.832164714583798,7.844756722361668,7.854120991570337,7.861344066616169,7.867190355941608,7.872157947662488]}