{"timestamp":"2024-05-11 23:43:24","trueValues":[7.865697686326603,7.918233756264576,7.957413675770987,7.976459831743512,7.970884646942165,7.939667226781614,7.8863212985251,7.818955279541745,7.748284443251947,7.684047821000622,7.632032165433406,7.593771077632672,7.568655369785454,7.5561104066161775],"predValues":[7.6983411425615484,7.679928892755653,7.672482289371818,7.681583427718866,7.7030182271796495,7.7280794483332995,7.750341116592565,7.767526485532566,7.77996167794846,7.788849122141224,7.795380614861871,7.800454256293646,7.804668071122047,7.808388847820848]}