{"timestamp":"2024-05-11 23:43:39","trueValues":[7.694397634890993,7.770402319797944,7.856494485099895,7.948203032459304,8.041376341615063,8.131840466051136,8.215758213596612,8.290614159529905,8.355726555709552,8.411675353186107,8.459123163311105,8.497764329023068,8.525883449735236,8.540916727173688],"predValues":[7.732265886920542,7.737020581853384,7.748689505305592,7.769238165076839,7.793488198968204,7.814605646662548,7.829239177822337,7.837700562650276,7.841841551361421,7.843523196777045,7.844084011037668,7.844329068264349,7.844673796271945,7.845292818268623]}