{"timestamp":"2024-05-11 23:43:44","trueValues":[8.166762715585541,8.24888054172204,8.316966050849238,8.369286831900432,8.405742682517207,8.426917540581359,8.4332709548401,8.424925719695523,8.40240597056087,8.368156432350464,8.327600258701157,8.288365320923681,8.257923206544284,8.241491614496763],"predValues":[8.119208058383402,8.13780210769369,8.147985272038367,8.149426112847298,8.140661728845371,8.122377323427799,8.098112405366484,8.072156007705829,8.047699721745156,8.026422535012596,8.008848848710144,7.99483540270203,7.983930090326018,7.975589905167673]}