{"timestamp":"2024-05-11 23:43:49","trueValues":[8.429503930898955,8.44328959594908,8.443960712540585,8.431491233376056,8.407429377919064,8.37593739798068,8.343038066615755,8.314329426458059,8.293024331906842,8.279667915686531,8.273094694132274,8.27138620405299,8.27228563317998,8.273511982468378],"predValues":[8.331623237207697,8.291065468825897,8.251951730718014,8.218589129563389,8.190281564628101,8.164798802518362,8.141245400938418,8.119978579967073,8.10158068275363,8.086320421723437,8.074109289223044,8.064625680866024,8.057446460963796,8.052137064911559]}