{"timestamp":"2024-05-11 23:43:54","trueValues":[8.370117155952652,8.34148586032095,8.318898069266524,8.305493279493874,8.301486779889778,8.305067751706547,8.313317834478944,8.322620706486568,8.329008407493946,8.32911817824733,8.321698685315903,8.308721018063075,8.295019076468918,8.286269842425693],"predValues":[8.44658378170556,8.396673173031301,8.35088202417951,8.313823098891003,8.28432745824719,8.259253479233584,8.236849879782293,8.216892599977816,8.199655136442988,8.185293241384791,8.173709370332299,8.16462285036645,8.157660779872245,8.152436702008474]}