{"timestamp":"2024-05-11 23:43:59","trueValues":[8.327909371016373,8.337460755504416,8.345453554767673,8.34707778981349,8.338248553356781,8.317251773754531,8.286014951015295,8.249915523111078,8.215918750001073,8.189934178733015,8.174714849170185,8.16922046414857,8.169604528891034,8.171302387420353],"predValues":[8.264366457400227,8.245839121065966,8.233721811994009,8.229943624925399,8.230052864101284,8.228802859614216,8.224189032718403,8.216952668235114,8.208652085600388,8.200559881344962,8.193416011346365,8.187520019524841,8.182894497924067,8.179419575818194]}