{"timestamp":"2024-05-12 01:41:04","trueValues":[7.830735036902332,8.12695234516624,8.374856169349297,8.559845138730356,8.671186703620327,8.70453468639375,8.66372016608031,8.560774070408499,8.414139480679111,8.245743968693784,8.07802276276495,7.931675756462102,7.823944134362552,7.767006868528055],"predValues":[7.724999754097354,7.8305144322405695,7.915554871462289,7.980670191318175,8.024989667866139,8.049603034977537,8.059028435598503,8.05906165919214,8.054533150484792,8.048596227195906,8.042966821489742,8.038410139174987,8.035146253335908,8.033119879912688]}