{"timestamp":"2024-05-12 01:41:09","trueValues":[8.541489236139272,8.511181079289429,8.442490634969253,8.358634550413573,8.284480818355426,8.242483803897192,8.249307664241861,8.313054172039827,8.43086237719566,8.58801343036111,8.760376371004414,8.920123382882428,9.042032176859545,9.107748445077169],"predValues":[8.954230458323313,8.945229788123427,8.905276954934603,8.845860677437148,8.77749422960214,8.707972132285999,8.642733486450528,8.58503021744109,8.536120569195985,8.495848257930728,8.463292059840906,8.437247951893045,8.416503937391202,8.399974800872755]}