{"timestamp":"2024-05-12 01:41:14","trueValues":[8.128803298015047,8.09940467026466,8.132248983358519,8.23052304439846,8.386428345696828,8.583074278036385,8.799381667302658,9.0153251917714,9.214922442381082,9.386905305113157,9.524560487742589,9.625448049552537,9.69048283541744,9.722079270334223],"predValues":[8.486941676948028,8.37824471011171,8.288766661934838,8.237454017609021,8.222878959974036,8.230809298881253,8.247524487524077,8.265085947544069,8.280305542895647,8.29251667539604,8.302058225700367,8.309529813226618,8.315496504855405,8.320400573065246]}