{"timestamp":"2024-05-12 01:41:19","trueValues":[8.646803775354408,8.85524833605574,9.05307676254009,9.222675500192642,9.352046579089787,9.435093868481928,9.471778563211686,9.467586543060712,9.431919287662549,9.376083981981864,9.311839651856817,9.25063009766911,9.202855101593958,9.176688730821503],"predValues":[8.479385037022062,8.59901788194054,8.692225212056186,8.754617526177432,8.783676210117708,8.783186627241845,8.762306794689206,8.730898272418042,8.696333774539939,8.662975691794049,8.632903289564666,8.606799379148256,8.584599639667532,8.565898477491352]}