{"timestamp":"2024-05-12 01:41:24","trueValues":[9.45727553432771,9.504190438010742,9.510006427418784,9.482747664887484,9.432017097922222,9.367636683957627,9.299039265699642,9.234769419854675,9.181605822680057,9.143514042312503,9.1210086457703,9.111330214260184,9.1095318875837,9.110340948535994],"predValues":[9.594040856225115,9.60977608174997,9.58658282392507,9.531596447509044,9.45599921675448,9.370931401291603,9.28553985513231,9.206086029628146,9.135855605295626,9.075839974168929,9.025626632109432,8.984106176878353,8.949937438447677,8.921804230931805]}