{"timestamp":"2024-05-12 01:41:29","trueValues":[9.37586071943261,9.311461700255578,9.251412579746493,9.201955672466966,9.166380379975996,9.144414534594487,9.132464672434471,9.124788161782655,9.115475455591314,9.100757669398057,9.080610882215463,9.05857008440671,9.039868124864284,9.029191390812509],"predValues":[9.567379586801822,9.513649859591592,9.446047554410278,9.37714288435832,9.31436677128336,9.25850276041777,9.208717338244345,9.164631490006848,9.126107005555742,9.092897764509356,9.06456574700915,9.040543228287024,9.020213046867546,9.002973988600225]}