{"timestamp":"2024-05-12 01:41:34","trueValues":[9.227758444230634,9.224336679874584,9.21663571665785,9.195436937606278,9.153914887642705,9.089729031042458,9.005425624022022,8.907216149648114,8.803371422215559,8.703120956037232,8.615555523698958,8.547816071523105,8.503321705978223,8.481817004076426],"predValues":[9.20940573110454,9.19703167010094,9.184474214860456,9.176166190140757,9.169422597998317,9.15988450294773,9.14618681397356,9.129550033011723,9.111830428686009,9.094494091736514,9.07841227768282,9.063976227563622,9.051260362228668,9.040168997728276]}