{"timestamp":"2024-05-12 01:41:39","trueValues":[8.94966420761359,8.864927299143355,8.784245263829554,8.720579821600065,8.686744382260773,8.6934164772297,8.746346977671354,8.843616357239657,8.974842907394347,9.123315692112582,9.269972076519394,9.397062687949171,9.490234402372437,9.539430305100336],"predValues":[9.348221347412586,9.352657893212744,9.347657875264472,9.33622683274272,9.318554007236848,9.294778140473898,9.266927200609585,9.237904663939188,9.210070734554815,9.184797413979377,9.162629037571048,9.143590057894748,9.127418407243855,9.11373985505962]}