{"timestamp":"2024-05-12 01:41:49","trueValues":[9.101867603214345,9.19998511468106,9.278397579866205,9.334455084941148,9.370310518773682,9.39177561815186,9.405893784927123,9.418038204451491,9.43017890293337,9.44124103067136,9.449055219895214,9.452516320986136,9.452593399723376,9.45165091281903],"predValues":[9.156468585944156,9.192176772809685,9.21604407090233,9.227732396933222,9.22557791333293,9.210250407749214,9.185700564148853,9.156884279547768,9.127711838022874,9.10051473848137,9.076355604342202,9.055492250692009,9.03775032011137,9.022761960971518]}