{"timestamp":"2024-05-12 01:41:54","trueValues":[9.557835644398754,9.588101009259992,9.599132305503083,9.586362750840808,9.542718111926836,9.461555264765892,9.339984022500149,9.18114919760908,8.994805768762554,8.796383038635192,8.604929555298263,8.44024179636303,8.319785803688553,8.256263621594837],"predValues":[9.44534161949264,9.38994699155798,9.328906479014712,9.274052996973245,9.229596107641989,9.19358864264496,9.163378030266042,9.13753432703501,9.115433992546452,9.09671289621409,9.0810191337341,9.067975285082742,9.057182667136352,9.048263859871192]}