{"timestamp":"2024-05-12 01:41:59","trueValues":[9.464543261883394,9.37166444666165,9.2485409981011,9.103036542132934,8.94729709301401,8.795575838204144,8.661401425033066,8.55473322371871,8.480020537921185,8.43573136129062,8.41548224543962,8.410492859041312,8.412355240806331,8.414889802317852],"predValues":[9.584184346253096,9.586328729880922,9.572439141429893,9.545709830086825,9.50869502573067,9.4643327571941,9.416644408251155,9.369661462648352,9.326216165296213,9.28771772814252,9.254509018673632,9.22630989554798,9.202544660334995,9.182544056964414]}