{"timestamp":"2024-05-12 01:22:14","trueValues":[4.427035391102645,4.345199903217839,4.3613716120100205,4.464927057459812,4.640260731410774,4.8688875787045,5.129345170309148,5.397856925154505,5.651682854903685,5.873540843512012,6.053912796532269,6.189690048754857,6.280581694393874,6.326318622340846],"predValues":[4.778866989243506,4.750031684135061,4.814201277786221,4.958054753715693,5.152861959488902,5.365923337209474,5.570720611801133,5.751516165640285,5.902461051514,6.024171301295529,6.120401446854809,6.1958435898742685,6.254988364164505,6.301667911910198]}