{"timestamp":"2024-05-12 01:22:19","trueValues":[5.005258569769008,5.260174100495167,5.504117406527726,5.710153456031803,5.858177722235914,5.938117276679075,5.949526657417777,5.89889669149405,5.797579349276791,5.661722626218219,5.512467160081039,5.373797395349066,5.267960913477864,5.211041721278306],"predValues":[4.713017893098513,4.77234792214688,4.891606868742548,5.0553620081807455,5.239183234692587,5.419162617730407,5.579369244802821,5.713224113450279,5.820779650503542,5.90537808303549,5.971348976874763,6.022839699662484,6.063361586563155,6.095711399689293]}