{"timestamp":"2024-05-12 01:22:24","trueValues":[5.735131883990104,5.7486161445987385,5.726788243578021,5.687629720065913,5.652180278547646,5.64343077871567,5.682757679400339,5.7839540877367535,5.947629723115373,6.15898068378823,6.390153106214767,6.606317368239644,6.773221938236836,6.864003946016846],"predValues":[6.118514612524873,6.136418275559345,6.15310343007352,6.174010771761692,6.199592938863598,6.226668838735507,6.251902955470453,6.273672117177617,6.291864028110501,6.307080035313965,6.320076174884857,6.331516387118455,6.341906733793066,6.351605099459367]}