{"timestamp":"2024-05-12 01:22:29","trueValues":[5.601770252813809,5.60611563307302,5.66867845067682,5.7936396955430975,5.971159735285396,6.17964057615098,6.391492149932788,6.580134119881624,6.725982240702392,6.820123286693662,6.865203716430331,6.873625498734653,6.863495492139796,6.85278553449438],"predValues":[5.929406183321346,5.788969521432473,5.689614896233021,5.652245263896804,5.674228385547002,5.735720606069385,5.813685483001027,5.891596404816601,5.961067337798538,6.019441856293852,6.067074123810733,6.105525383461457,6.136621205269291,6.162037785980502]}