{"timestamp":"2024-05-12 01:22:34","trueValues":[6.349424302772913,6.578323168239558,6.766504127603063,6.887664992040179,6.926700056678325,6.88159145333425,6.762797703496714,6.590507721865041,6.390090512964352,6.18662550447761,6.000738700702055,5.84766006275048,5.738619563955935,5.681816521439738],"predValues":[6.065528828023403,6.246602994918812,6.392699628219997,6.493641942512262,6.54922089494443,6.5686505840819205,6.565292476131281,6.550855097068337,6.533068248189098,6.516094048410266,6.501734279662061,6.490473209045364,6.482154685670071,6.4763640790875705]}