{"timestamp":"2024-05-12 01:22:39","trueValues":[6.7681031127177125,6.664007347811624,6.524852186376588,6.378867715927527,6.252354131872069,6.164725574705884,6.12678077551659,6.141426665853213,6.204213277583765,6.302934528194085,6.418465721136288,6.528578411744745,6.613326882025567,6.658975169424711],"predValues":[7.225037296005141,7.229366994728155,7.203821772262375,7.153278586365232,7.086804554423893,7.015297546729393,6.947825743823892,6.889636081403585,6.842485157311343,6.80595701215481,6.778634460323726,6.758823364331262,6.744914639090297,6.735529372570449]}