{"timestamp":"2024-05-12 01:22:44","trueValues":[6.209352701730944,6.149012409647208,6.129725050384864,6.146953078419097,6.189868260111135,6.242580415095395,6.288251693221337,6.3146237844856,6.317840625716087,6.302657975000636,6.279128228619363,6.257364781370304,6.24309896894491,6.236794991393502],"predValues":[6.418084048492565,6.363066840581643,6.3264572311735074,6.3187932125929,6.336366367317853,6.367417536615837,6.401231978643949,6.4319191502500255,6.457545704073033,6.478239351606922,6.494868557589408,6.508403052271624,6.519671697867671,6.529311058431669]}