{"timestamp":"2024-05-12 01:22:49","trueValues":[6.072294746420766,6.106038222852867,6.139376504336948,6.174868870738196,6.222903409526856,6.297352831568386,6.40914464259935,6.56054827985403,6.743082823031426,6.939976204696405,7.131017183894715,7.296457390778682,7.418784270458147,7.48401095579991],"predValues":[6.382991029686855,6.477848907934478,6.561413023549262,6.626635722059788,6.668154981241496,6.686402973600442,6.68740792086083,6.678719685335524,6.666281303454641,6.653697003550496,6.642729629501566,6.634002588818889,6.627535948553026,6.623075880448574]}