{"timestamp":"2024-05-12 01:22:54","trueValues":[6.185170709759353,6.256737254133654,6.372010233306096,6.528755427051653,6.717531753213166,6.926016182226864,7.142103764197621,7.354599742801647,7.553181946178476,7.729265131943082,7.876976697683865,7.99262669819692,8.073003342237994,8.114539479005272],"predValues":[6.3954034971647005,6.317373369095151,6.2636348708562,6.24470991455327,6.256935266751741,6.288059793744479,6.325804719794441,6.362389876637659,6.394430710342955,6.421220355732071,6.443267798259555,6.461460905241809,6.476686082157118,6.489688733552363]}