{"timestamp":"2024-05-12 01:22:59","trueValues":[6.837163800765397,7.030968185588212,7.226895425150174,7.418972980470015,7.603350901516869,7.778814799496048,7.945626210536676,8.10303321826752,8.247543092736514,8.373476725741412,8.475367374290505,8.550308638412265,8.598496138626036,8.62181059612053],"predValues":[6.820018034349014,6.851733276836651,6.872225589393088,6.87798709210756,6.867670236022079,6.844502228128345,6.814661859476935,6.783957411602167,6.756092916511647,6.7327242381123344,6.714158893986951,6.700004978624932,6.689589116230406,6.682193012708902]}