{"timestamp":"2024-05-12 04:01:04","trueValues":[6.890017754047308,6.8368499042526985,6.744666923976126,6.598631023404112,6.389917351594306,6.119176825193282,5.79693255235583,5.441105140149179,5.073467737111729,4.717010704582028,4.394866426455531,4.129563813272836,3.940937591307384,3.843148893746912],"predValues":[6.444093869691791,6.398080388551369,6.371991495199283,6.375903772691818,6.406390008003567,6.451335815738811,6.49877751272258,6.541659337926604,6.5775111836110245,6.606446408677337,6.629587173224287,6.648232785551903,6.663528263591352,6.676378086455859]}