{"timestamp":"2024-05-12 04:01:09","trueValues":[5.818551410525372,5.508602259433033,5.207033161811405,4.944860136396403,4.751286971173518,4.650655613105916,4.659607810082682,4.783006748681686,5.009373079276022,5.309084811895271,5.637891741184203,5.944859805666516,6.181582694540733,6.310316810700636],"predValues":[6.453144641070884,6.403924019989317,6.37028273933125,6.361842617603239,6.376750044068987,6.405467189466654,6.438072691369436,6.468464837464,6.494306148596289,6.515437151516839,6.532577735052614,6.546633574366211,6.558412268571802,6.568547325152892]}