{"timestamp":"2024-05-12 04:01:14","trueValues":[4.396800695771286,4.332465183493495,4.396418923456782,4.590211289644598,4.898825226038084,5.292917081628428,5.734954470000073,6.186116120339939,6.611712746952218,6.984745661596614,7.287703106749221,7.512496864985851,7.65864931392435,7.729924288040877],"predValues":[5.201232721045187,5.128192378057068,5.116676881160284,5.1736936842779535,5.284800026124961,5.423289718979411,5.563894957382408,5.6906797788563335,5.797163256990058,5.882973819112326,5.95062423205723,6.003496258974079,6.044852456758208,6.077467659950333]}