{"timestamp":"2024-05-12 04:01:19","trueValues":[5.452888153421942,5.87057650159318,6.270463914081477,6.614054611620633,6.873035181922878,7.0322054322153225,7.090519749558963,7.060197771694165,6.963905165778844,6.830048370162954,6.687108775623706,6.559091890403278,6.463757851611624,6.412985157129626],"predValues":[5.127396540095043,5.381510784189821,5.629808839534997,5.834654753467743,5.979052996662111,6.0688995609396255,6.120054326748471,6.147520936081572,6.161864491716081,6.1695424642060175,6.174185129181108,6.177706032740578,6.18104673152815,6.184621324414941]}