{"timestamp":"2024-05-12 04:01:24","trueValues":[7.384739921162053,7.497591697724471,7.490392809454807,7.370665343741645,7.151816748245124,6.849467161961733,6.479383439277468,6.058564232536081,5.608595176313473,5.158135274718447,4.741654604175981,4.394330181042403,4.145913309820477,4.016735559014714],"predValues":[7.207270115493337,7.291499899030269,7.313096829628009,7.275597758170974,7.194464413561182,7.091401902417261,6.986006031844898,6.890785883532237,6.811145208537451,6.747761502382023,6.698957770953436,6.662239985524412,6.635094714788986,6.615318570017028]}