{"timestamp":"2024-05-12 04:01:29","trueValues":[7.067646235599243,6.782958045905511,6.441419636192613,6.0520199819554765,5.62835989216922,5.188378844902257,4.750815262591034,4.331229897058409,3.940713066261573,3.5879799334484748,3.2827375024197627,3.0372308269649357,2.8645708673945003,2.7753859842078974],"predValues":[6.599846209565046,6.413549160855238,6.257603326772631,6.159089391386616,6.118932166649725,6.120223102604156,6.14332519488811,6.174232173789701,6.20538009019236,6.233584396198619,6.258005863833159,6.278851409637164,6.296692346526846,6.312149822808878]}