{"timestamp":"2024-05-12 04:01:34","trueValues":[5.239601320394938,4.8478003312567735,4.479177870211356,4.140261478188606,3.8333549105781177,3.560017162967971,3.3229872216413443,3.125213680533685,2.9675624129424083,2.847819664376172,2.7616653045069297,2.704078982547103,2.669938683512581,2.6544471862706622],"predValues":[5.557233294621884,5.406059033057687,5.307643838191967,5.28360477412021,5.329974079948504,5.4232521763186,5.535296885344343,5.645175150276083,5.742038138846997,5.822533856247672,5.8873623900432674,5.938858827289094,5.979693547547468,6.0123043652252335]}