{"timestamp":"2024-05-12 04:01:39","trueValues":[3.420650367241455,3.182219918548577,3.000667066116021,2.8815861315350704,2.826437889770837,2.8326412662807066,2.8940057753091413,3.000355295913314,3.137102278387033,3.2862661138529567,3.4292557431242257,3.550034071104185,3.636836623285321,3.68212403601036],"predValues":[4.050760538955717,4.088698959215032,4.205537218166376,4.378494288028826,4.577594189747632,4.775591342252278,4.954240751613142,5.1052346090638805,5.227593516287614,5.324303011855916,5.399798379072384,5.45855802546516,5.504495092340212,5.540787283534723]}