{"timestamp":"2024-05-12 04:01:44","trueValues":[2.6908340647070434,2.714973530478777,2.792789299922169,2.916739883069952,3.0765877617782538,3.261452474919104,3.4619675605266527,3.6707361177131497,3.880828103528656,4.083950875777324,4.269780319018461,4.426326590650056,4.540825659432275,4.601674974347102],"predValues":[3.164684107142873,3.282952392623419,3.4766302620016565,3.702400594549706,3.929416313505307,4.13882176698186,4.320738002469841,4.471982031504205,4.5938922810900165,4.690205527162886,4.765448611021058,4.823995692861732,4.869638564815112,4.905472403311781]}