{"timestamp":"2024-05-12 04:01:49","trueValues":[3.200295945586848,3.3759603811772303,3.561356273133178,3.7531417930649353,3.947347286333751,4.13843381507894,4.31922018259445,4.48116277098602,4.615519270734101,4.715829522769184,4.780598669391149,4.814475771116865,4.827104324847737,4.829624799555554],"predValues":[3.6575904719708823,3.7952465848609354,3.981157608636252,4.17947830910755,4.362300842700505,4.515983767984982,4.638249657452424,4.73271428463394,4.804827639524146,4.8598485352539615,4.90214413014823,4.935105622856852,4.961282060378177,4.982557220471525]}