{"timestamp":"2024-05-12 04:01:54","trueValues":[4.2369203243884055,4.41131820183619,4.552515742160681,4.648890028280964,4.692209341766025,4.680974335058537,4.622281052794055,4.531304882179872,4.42828321944433,4.333451226529101,4.26149699604063,4.21779801993926,4.198087491764739,4.192369661464105],"predValues":[3.765511800790109,3.781144697646554,3.842104676198842,3.937993183544736,4.053464374676826,4.172516537625686,4.283131469299182,4.37898359681004,4.458393145646253,4.522423322716131,4.573328487971866,4.613622427796581,4.645628086022112,4.67130608657987]}