{"timestamp":"2024-05-12 04:16:04","trueValues":[7.87385208514932,7.889892170369402,7.913611689917541,7.9454385636798035,7.983945240284717,8.02635289836033,8.06941785201249,8.110222538142215,8.1468251041485,8.178685733081899,8.206378794429243,8.230258053015596,8.248970644107988,8.259572957310015],"predValues":[7.972934143986558,7.952000887895347,7.93577395318464,7.928827830015381,7.928200834356228,7.92856496494251,7.926986445561541,7.923312713471333,7.918550576453516,7.913722789614669,7.909493824827568,7.906170933886186,7.903822424499044,7.902377331070129]}