{"timestamp":"2024-05-12 04:16:09","trueValues":[8.093712804202454,8.141414974160352,8.179362165448385,8.203079824475282,8.209809064025265,8.19862653398393,8.169582202636107,8.122713546195422,8.058639586658552,7.9808615592175345,7.89744243136539,7.819959429435885,7.760381020801474,7.728074929924564],"predValues":[8.008720206955575,8.000912928239195,7.994721645117411,7.993161199371382,7.993151099398916,7.990464506722905,7.983743240835393,7.974192919502347,7.963676721855032,7.953624325574916,7.944824591669358,7.937565635142395,7.931833900767822,7.927463802154945]}