{"timestamp":"2024-05-12 04:16:14","trueValues":[8.207419357382012,8.18955542976553,8.15561766175783,8.105234480687654,8.040434652076964,7.967330785577806,7.895138042910601,7.833197569662842,7.788219202805832,7.762845414083229,7.755276016297304,7.759839343330786,7.768848518770643,7.775340143178923],"predValues":[8.09102674310394,8.038008266586331,7.993626329682326,7.96525843070099,7.950907432981506,7.944161448740326,7.940009562690468,7.9363198832753135,7.932707016808651,7.929390504797247,7.926638262300206,7.924597536284534,7.923293310892648,7.9226681757547395]}