{"timestamp":"2024-05-12 04:16:19","trueValues":[7.8701756951716195,7.781892898999499,7.712246146760025,7.672184871761563,7.668603899944794,7.703423555022043,7.773475103526414,7.871563644019476,7.988362915083686,8.113755136406645,8.236726553802704,8.344937924594399,8.425801759412593,8.469051967822885],"predValues":[8.110951862469776,8.043497335832967,7.988713224655014,7.955944661354652,7.943023341316635,7.941672071316155,7.944681065744838,7.948308019015203,7.951317279232635,7.953623528208668,7.955488833649927,7.9571824395592605,7.95888933490605,7.960705469428723]}