{"timestamp":"2024-05-12 04:16:24","trueValues":[7.689279872526866,7.739505706657569,7.814477270696727,7.906576793306078,8.008261455574608,8.111959999195152,8.209537162134925,8.293121344800268,8.357264940989404,8.4006033912644,8.425751791127759,8.4377991977587,8.442291027618673,8.443474053340964],"predValues":[7.649131418818696,7.6312613780609855,7.6260208212947695,7.6416029525001345,7.673413347359952,7.710343365105141,7.743732279345927,7.770210420321087,7.789906163996438,7.80424865647595,7.814785054068198,7.822760311274013,7.829065617769167,7.8342934166754254]}