{"timestamp":"2024-05-12 04:16:34","trueValues":[8.440623469006752,8.423809406949259,8.390072309447136,8.344966098201805,8.293587538266209,8.241198449506493,8.193357006244062,8.15420419719006,8.124251134109027,8.100533209293385,8.079586663764717,8.060433394926301,8.045000371209188,8.036281171294611],"predValues":[8.522957912973775,8.512201708086014,8.485212721135063,8.446540989716953,8.399981711380232,8.349585772450098,8.299732839934396,8.253978369929984,8.214274580799074,8.181131786939964,8.154161405201453,8.132557829884986,8.115401431918638,8.101816171585341]}