{"timestamp":"2024-05-12 04:16:39","trueValues":[8.180229434136734,8.131257591324335,8.098550425225017,8.084718512932547,8.088463476407517,8.107167828048686,8.139455579501906,8.185179483800173,8.243203559829784,8.30926907446374,8.375847295594731,8.434150715599658,8.476766752054573,8.499074667556183],"predValues":[8.40246284935318,8.370526470626285,8.336912699103749,8.307080038326065,8.280855459817557,8.255980290788285,8.23159364147988,8.20837965213255,8.187337422654203,8.16908544346402,8.153776277303992,8.141235566754702,8.131125228527278,8.123052426850538]}