{"timestamp":"2024-05-12 04:16:49","trueValues":[8.269668411367487,8.33380988124663,8.397470273489883,8.459201305203344,8.519095205082948,8.577673982231953,8.635284756756699,8.691710910826657,8.745704566264752,8.794963195137441,8.836901736070875,8.869568236491578,8.891858344146998,8.903166858055412],"predValues":[8.31406895348393,8.351433801622665,8.376043979269074,8.388568476704668,8.387705194847557,8.374204455336479,8.352079934071753,8.326375769934003,8.300995070703923,8.278139098801645,8.258673528183024,8.242661084992848,8.229768735928484,8.219518327030281]}