{"timestamp":"2024-05-12 04:16:54","trueValues":[8.584158430344008,8.637596321507715,8.687935647434287,8.733973979822752,8.773710992547299,8.805184633061995,8.827427430320073,8.840696667830677,8.846094039958867,8.845283650062829,8.84050423677632,8.834401461307989,8.82932622514372,8.826603750986578],"predValues":[8.554366701033686,8.540979719107227,8.519001381654512,8.49188136085025,8.460551246260076,8.4260085430594,8.390626478989033,8.357114770346158,8.327341380459524,8.302091183505256,8.281353282144641,8.264680885490424,8.251456300489671,8.241044292032008]}