{"timestamp":"2024-05-12 04:16:59","trueValues":[8.87400557965798,8.909235878352607,8.929963679740755,8.93418865769662,8.920385184800303,8.887892244432768,8.837233706218512,8.769989684271,8.688689955904264,8.597566675370397,8.503901125451286,8.41828525358774,8.352655100924828,8.317053229558946],"predValues":[8.779381595509577,8.769370928063069,8.746236409551724,8.712597653886773,8.670547747467465,8.62321555544833,8.57483881364519,8.529258169482695,8.488830106010461,8.454427473480566,8.425927477490921,8.402700996072383,8.38393205776518,8.368805222687042]}