{"timestamp":"2024-05-12 04:08:04","trueValues":[7.254709420378363,7.279361592647131,7.304841165291881,7.335789607238333,7.3758745374354655,7.424803854048006,7.477528102420351,7.526531308305144,7.565682256837902,7.592950587764166,7.610286393136164,7.621182137117209,7.628111781384024,7.631712155779478],"predValues":[7.250897743927366,7.27894058326854,7.28469384653179,7.270615813857643,7.239639995670032,7.197265029610562,7.15057152795554,7.105590503211039,7.065889106178872,7.03280079901333,7.006252224019658,6.985493325347862,6.969547860922464,6.957455004415424]}