{"timestamp":"2024-05-12 04:08:09","trueValues":[7.404418654357462,7.45268535961847,7.498710934146976,7.537321002575293,7.567499188726822,7.592154816249329,7.615543428804825,7.640529963319975,7.66757423433074,7.695475408268637,7.722473963614554,7.7465565505939775,7.765181697187911,7.775500945372135],"predValues":[7.120385102352788,7.1167206728688,7.101643274497995,7.0821093961708526,7.060565357534185,7.037675098883272,7.0146455669278245,6.99313687819479,6.9744067450449565,6.959012526485213,6.946944919909339,6.937873018324693,6.931331425631579,6.926837203672866]}