{"timestamp":"2024-05-12 04:08:14","trueValues":[7.46537570923351,7.471854309993084,7.491924815804682,7.531325339972854,7.593946232418336,7.682205373391786,7.796457856662017,7.9337183429990175,8.086849607122916,8.244904873612843,8.394430447566306,8.521344841055422,8.613205419579323,8.661259228052293],"predValues":[7.342373726131303,7.275169572496157,7.205727211804749,7.145678888661911,7.099114560338956,7.064552986137093,7.038976666387667,7.019973036614999,7.00596437480437,6.9959005496080415,6.989001471047375,6.984637751364476,6.982278610427368,6.981476194193803]}