{"timestamp":"2024-05-12 04:08:19","trueValues":[7.782662889005673,7.88503913359939,7.9943963196885,8.100993289618096,8.19267605546884,8.256875998872788,8.283184300837265,8.26622458654526,8.208106155509714,8.11905283775392,8.015415159756923,7.915983322925856,7.838286892630814,7.795771590111814],"predValues":[7.46687927618723,7.425755643558572,7.378732829643402,7.334385445276781,7.295670921870062,7.262251176134379,7.233427981025817,7.209021663349976,7.188991557428244,7.173118653331351,7.160975828539479,7.152016887173204,7.145672243943182,7.1414060687312055]}