{"timestamp":"2024-05-12 04:08:24","trueValues":[8.265448217609107,8.307910096589538,8.310166908858236,8.273033296931228,8.204710172662326,8.11877535429985,8.030561663202496,7.953641867632356,7.897319105385803,7.86508876430239,7.854243520183676,7.857345540674547,7.865442794916206,7.871351013020188],"predValues":[7.85632863292045,7.869226031971047,7.856964665397072,7.822308736189274,7.769733861093931,7.706607970025139,7.641263806056269,7.580227546132987,7.527042951647182,7.482763343411584,7.446950701567657,7.418494294932867,7.396102124397787,7.378550764350262]}