{"timestamp":"2024-05-12 04:08:29","trueValues":[8.082488811116256,7.988455675357126,7.908896597508317,7.854686324239695,7.830887333855572,7.836150482665463,7.863930988511264,7.905409714908734,7.952464157685047,7.999019980768029,8.04078549322579,8.074611364170114,8.09825353919226,8.110364735122989],"predValues":[8.111101235746775,8.034318055593678,7.945304871939001,7.8579092786114115,7.780414050399447,7.715274809556142,7.662111478170267,7.619631525554897,7.586285934880216,7.560505489371472,7.540838716669774,7.52601248866688,7.514956739858871,7.506798885782415]}