{"timestamp":"2024-05-12 04:08:34","trueValues":[7.909536616816175,7.938274759525022,7.971489582135142,7.9985548504570865,8.011436036393988,8.00488992529214,7.976334379453932,7.926128479479412,7.858015062533557,7.779182119547318,7.699480047351487,7.629545180107978,7.578348951254272,7.551550003258936],"predValues":[7.586919575258095,7.588782754389362,7.585897351729016,7.582245148527486,7.576408959174513,7.566114695132705,7.551580834753833,7.534921195959573,7.518352456917509,7.503329013662775,7.490513743335653,7.480028642971984,7.471700418307349,7.465225538590262]}