{"timestamp":"2024-05-12 04:08:39","trueValues":[7.977832630632669,7.955674885774305,7.917009001708674,7.866079093181577,7.810041256474069,7.75797616419952,7.718828670920501,7.698816904422457,7.699729888775652,7.719084891274644,7.75136493485414,7.788856298437451,7.82215776817978,7.841870522335075],"predValues":[7.897799119866697,7.911273014714116,7.907899092332904,7.889255340526533,7.85713849123899,7.815748272494975,7.770965260368561,7.727970740734912,7.689889591917326,7.657915205399306,7.63199548658603,7.611461976773481,7.595435446779603,7.583037996366082]}