{"timestamp":"2024-05-12 04:08:44","trueValues":[7.695171080150905,7.647014411432028,7.623772514266042,7.629887781805582,7.665471047959026,7.727179221840061,7.8086107814263555,7.900312684067037,7.990947710668788,8.070166578918736,8.131587700950732,8.1738289752694,8.199107345831072,8.210673940614873],"predValues":[7.64649984441375,7.575146462616237,7.51401531610952,7.47348439239138,7.452920316872683,7.445235035192147,7.443573058143958,7.444006825382507,7.44496233593556,7.446041172468201,7.447261142826618,7.448715273073003,7.450463365675905,7.4525117995653]}