{"timestamp":"2024-05-12 04:08:54","trueValues":[8.134733842373954,8.15151760451405,8.144362837176738,8.118005098504927,8.077288122662408,8.025904246951828,7.965586945594891,7.896109766577349,7.816946448175965,7.730148082167628,7.642245098117986,7.563368034199395,7.504127177276354,7.472511605569634],"predValues":[7.956182276496357,7.949911256749839,7.92966187511009,7.898446315470782,7.85894372842295,7.814866385425425,7.770667842758305,7.730031400906768,7.695009480591445,7.666185753905385,7.643217884939731,7.62533322580082,7.611635005249152,7.601270838766329]}