{"timestamp":"2024-05-12 04:08:59","trueValues":[8.085072011968865,8.049623766499968,8.003798596688291,7.94354774251863,7.866647083738426,7.774860394486778,7.673484578744715,7.568827600894878,7.465866621053117,7.3678711066222435,7.2778864650895665,7.2005307759708845,7.142496068391309,7.11104156466655],"predValues":[7.646412665704043,7.569953482036111,7.506078066694827,7.466109020392307,7.449256950543691,7.447276292785318,7.451953908980917,7.4583966282593614,7.464565585126221,7.469942225731982,7.474606286701377,7.478781562161156,7.482668722616901,7.486400396654416]}