{"timestamp":"2024-05-12 01:38:04","trueValues":[8.687435167219713,8.915253335632473,9.11268201583816,9.257396547643973,9.33223043311109,9.328974520934484,9.249350059053391,9.10341130426918,8.90750984621588,8.683001279307048,8.455138724173185,8.251152769738187,8.097160350067169,8.014209276202209],"predValues":[8.437103894391027,8.481853417135053,8.51881958215012,8.546982026428395,8.56308138253953,8.566379023549747,8.55987118602777,8.547895808147837,8.53404475906543,8.520573256316753,8.508611433663026,8.49855877159416,8.49040809381393,8.483958995605509]}