{"timestamp":"2024-05-12 01:38:09","trueValues":[9.471781752676677,9.43598053974896,9.326748274371932,9.15294422713095,8.927417689313023,8.666605568740655,8.389629505391119,8.11652492096113,7.865854767477327,7.652197026250938,7.484195413191793,7.364011853985156,7.2886511752173,7.252903917405653],"predValues":[9.505412534679152,9.493630651008573,9.44810954352588,9.379521693662864,9.29968247447249,9.217682392751849,9.139829147094831,9.069953816531122,9.009689938712754,8.959087481924561,8.91729565638064,8.88308518911635,8.85515823366979,8.832316348571215]}