{"timestamp":"2024-05-12 01:38:14","trueValues":[8.383671053213554,8.09762308827937,7.849613214385418,7.668192193172421,7.576094265295565,7.586528068430656,7.700647125748834,7.906850024140164,8.181891145396175,8.493459082864973,8.804081078175685,9.076130215482957,9.277046309865726,9.38347981971462],"predValues":[9.062290595316762,8.968701592557395,8.886204751664664,8.829874547333135,8.7994435960812,8.785228416412513,8.778307543174419,8.77381252384946,8.769836589951511,8.765901321732178,8.76204525856008,8.758412989514733,8.755116145870764,8.752207088011748]}