{"timestamp":"2024-05-12 01:38:19","trueValues":[7.565888243118463,7.630857644951087,7.777890386226641,7.987496443761586,8.233382665550142,8.486456612480902,8.71966444514813,8.912699371542267,9.05521370408294,9.14745728419431,9.198124061859788,9.220282869873149,9.226943004348364,9.227797249388004],"predValues":[7.720950728293401,7.653123831619087,7.6275360829534495,7.6633633431785775,7.751171972222286,7.863452834551614,7.974835065120198,8.071600775008937,8.149890445791993,8.21100059498753,8.258019156282714,8.294177057711735,8.322235047011608,8.344354784078849]}