{"timestamp":"2024-05-12 01:38:24","trueValues":[8.529693265664989,8.766583069873647,8.958670725165955,9.093939656405867,9.171136403852582,9.197876346745616,9.186878008307414,9.151856619569587,9.104582901075258,9.053825223657586,9.005827496610678,8.965327670176183,8.936113765606427,8.920854036153735],"predValues":[8.398508178555161,8.565183771544994,8.694116299006108,8.779450169006846,8.82064928564025,8.825227762632434,8.80579249193121,8.774449885269826,8.739725914142257,8.706443846978612,8.676799098846548,8.651434612730164,8.630202875873703,8.612614571190049]}