{"timestamp":"2024-05-12 01:38:29","trueValues":[9.140760470871715,9.13567221105874,9.11545578722388,9.093414989415123,9.079098544233023,9.078387293540406,9.09411614013528,9.12627817351017,9.171616418333477,9.223547287289726,9.273642087567117,9.314480528867978,9.341980627583467,9.355419438316003],"predValues":[9.35469170872094,9.300694598029104,9.22384443911123,9.1410342332833,9.063805591186693,8.996014044416011,8.938160870552078,8.889792899777659,8.85004126867191,8.817799498672287,8.791880311436508,8.771143739019639,8.754565431582606,8.741278386225812]}