{"timestamp":"2024-05-12 01:38:34","trueValues":[9.127360996874048,9.137510937625088,9.1563362231471,9.179295586872785,9.199193595786207,9.207999177044249,9.200035614543392,9.174609199648463,9.136229835854373,9.092506523470664,9.05126514642615,9.018306278381424,8.996422295934646,8.985833803747573],"predValues":[9.157599251282877,9.125561607042568,9.087496405549928,9.0506825374881,9.016672209151892,8.983917466866483,8.951782012366504,8.921051251405574,8.892790996867628,8.867674491654164,8.845896558918279,8.827306762227977,8.811571802491873,8.798286351867574]}