{"timestamp":"2024-05-12 01:38:39","trueValues":[9.156113492175349,9.15273797506164,9.139778115655002,9.123185987203016,9.111366893107562,9.111945249425624,9.129165170903011,9.162579600863712,9.207256031701732,9.255526989582728,9.299701611262426,9.334392358796356,9.35730919632218,9.368444681754925],"predValues":[9.32308783171918,9.37145181566236,9.395339845277435,9.394347921665757,9.370104798281869,9.328205328294558,9.2767257686343,9.223131062108616,9.172438237145728,9.127180260524652,9.088150777450238,9.055152041093146,9.02752808482057,9.004467189792729]}