{"timestamp":"2024-05-12 01:38:44","trueValues":[9.3090940540785,9.343944274861895,9.374100134758502,9.386963778637964,9.36792001476418,9.304218956842313,9.18869334546384,9.022045394503916,8.813496378824183,8.580226085800916,8.345819545875198,8.137388008822574,7.981165089969019,7.897569744176215],"predValues":[9.048767795339508,8.993816503038364,8.948638794619521,8.92340773445519,8.915683647617282,8.91676381309367,8.919804967960994,8.921842770300426,8.922329961077546,8.921643694527342,8.920320863923017,8.918790186516889,8.917321437889303,8.916057346598532]}