{"timestamp":"2024-05-12 01:38:59","trueValues":[8.017618548487052,8.072079460546085,8.157015179000656,8.258229129394511,8.363180601178362,8.462538282948428,8.550663732181075,8.625175481684273,8.685835118950067,8.733107242711903,8.767199168194086,8.788486189110364,8.798951355317849,8.802475979919805],"predValues":[8.115595989282987,8.122141568807336,8.152313376028886,8.21621909128757,8.302969881109817,8.392313705968387,8.469875912945128,8.53087416507729,8.576411751462427,8.609648368749973,8.633819197594102,8.651566178160973,8.664848705109033,8.675048348356157]}