{"timestamp":"2024-05-12 00:53:04","trueValues":[8.685960571239647,8.647745996470006,8.64080439170948,8.667934778274958,8.725973738474519,8.806325398373176,8.898066637748727,8.991149578729786,9.077901963284528,9.153110610887891,9.21375722450498,9.258771207054371,9.288389110522775,9.303106896716033],"predValues":[9.1773186501569,9.1742695216271,9.173656081194151,9.181116239804192,9.192824765780015,9.20201733545676,9.205446541897786,9.20361632057141,9.198451513598693,9.191764800248563,9.18479316135939,9.178230837143849,9.17239305305838,9.167368582545189]}