{"timestamp":"2024-05-12 00:53:09","trueValues":[8.772544445727451,8.859259885646068,8.950378647771199,9.039667720147454,9.123327918395042,9.199540715892546,9.267981318788555,9.328904884282217,9.381819171610177,9.424878543698606,9.455985395739528,9.474814402304029,9.483768825261569,9.486776490746506],"predValues":[8.865291163940888,8.898877027644765,8.934208326064052,8.974064677936951,9.012312210511482,9.041385247044207,9.058743910248628,9.06631729486579,9.067442112852024,9.065015461572646,9.06101161985604,9.056595805578317,9.052379332862422,9.048630116767466]}