{"timestamp":"2024-05-12 00:53:14","trueValues":[9.182212352605523,9.244483467057176,9.299881284456823,9.348876782467894,9.390750736735292,9.424615944414484,9.451319740037638,9.474228072323491,9.497823202737044,9.524998507601122,9.55510493079039,9.5841832830981,9.607051215494089,9.6195406288148],"predValues":[9.386409343307315,9.39376106010772,9.39044348494132,9.380064965866044,9.36298803873568,9.339391845167128,9.311485621242998,9.282459363530116,9.25490132286732,9.230279184727202,9.209120805565494,9.191372496054877,9.176685541356516,9.164605442709432]}