{"timestamp":"2024-05-12 00:53:19","trueValues":[9.404134263408013,9.421203216875902,9.434633522368468,9.450190137853918,9.472361703727234,9.502319285217002,9.538002487940112,9.575990610695513,9.61346150854514,9.648862975194191,9.681340765603029,9.709706272485622,9.731636502174748,9.743877137226292],"predValues":[9.599984424232732,9.592652375799764,9.574177399849075,9.548376222817904,9.516718124911328,9.48022692439092,9.441301630506157,9.40295469293946,9.367496879075595,9.336142843498,9.309218443213084,9.286506263024076,9.26752309898509,9.251701757905526]}