{"timestamp":"2024-05-12 00:53:29","trueValues":[9.684431888755183,9.713030226582,9.73485467234898,9.746532898407406,9.745522901160786,9.732384431714744,9.711140468575824,9.686934555616812,9.663440956505418,9.642497866230489,9.625259339540666,9.612667331762797,9.604942447558642,9.60144679393034],"predValues":[9.768867658572676,9.756907696440194,9.735348507844828,9.709215626454764,9.68013302152707,9.648296313581088,9.615045077912342,9.582505624513711,9.552429501241845,9.525767700241047,9.502782820795453,9.483305821260618,9.466946523752853,9.4532440505812]}