{"timestamp":"2024-05-12 00:53:34","trueValues":[9.73189591199388,9.713046705484444,9.69191703150764,9.672046664624125,9.655019174201096,9.641596842371005,9.632190046962478,9.626364489159467,9.6227391306216,9.61980375967642,9.616823204643891,9.61399946497334,9.61190132858786,9.610845615676393],"predValues":[10.031656715860931,10.014352805138827,9.980440818639792,9.93702847909254,9.88945282457922,9.840488689640548,9.792479267888677,9.747624227011254,9.707401884030832,9.672405479435424,9.642562718685271,9.617415381976912,9.596336739439938,9.578670292864048]}