{"timestamp":"2024-05-12 00:53:39","trueValues":[9.698538892402986,9.69714509620265,9.694053441472994,9.68548600693416,9.667598955696503,9.637712074014,9.59487171185484,9.53973383585182,9.474419971800348,9.402871235272238,9.331306551419182,9.267721908969424,9.220161670203552,9.194782565705967],"predValues":[9.74426040460251,9.705312252885324,9.668874741692235,9.642642986887504,9.625265718470644,9.611266093477486,9.597210121269514,9.58248276668129,9.567711291160713,9.553660103150223,9.540838453893125,9.529471200671155,9.519573759231772,9.511039814075325]}