{"timestamp":"2024-05-12 00:53:49","trueValues":[9.354765066415691,9.271329193872354,9.195768110387668,9.134696234772004,9.09294082228671,9.07349890686676,9.077398027816216,9.102996673820568,9.14520020613686,9.19576545250018,9.245345154181791,9.286317553012209,9.31445554472556,9.32850354327106],"predValues":[9.69756291611625,9.666558658532487,9.638731108078092,9.621522881305667,9.612764078867476,9.606355912126414,9.598645380514712,9.589091869716675,9.578519856432049,9.5678946853976,9.557896244233552,9.548883347751207,9.540972943000174,9.53413845110554]}