{"timestamp":"2024-05-12 00:53:54","trueValues":[9.126709814438726,9.127669311823016,9.142703918205212,9.165130641277678,9.185691527331382,9.194953202082896,9.186501651438672,9.158964342298308,9.11584755984007,9.06389914882638,9.01113476635292,8.965091649766972,8.93154618595296,8.914012102174127],"predValues":[9.326989610556126,9.302277104241307,9.290514357360664,9.299899889669264,9.32402659758104,9.35091378744108,9.37286634338513,9.38787649720241,9.39691384624967,9.401717712101098,9.40384455367148,9.404422378412049,9.404186889580338,9.40358195438736]}