{"timestamp":"2024-05-12 04:41:04","trueValues":[7.457540256909726,7.164722386746943,6.8941045218536345,6.676913650785316,6.538164348770173,6.492973085125125,6.543312676840447,6.677202297366851,6.871343170746039,7.096139055292662,7.320833408537124,7.517196010070128,7.661927286567133,7.738521225130863],"predValues":[7.798692076887042,7.64055813692738,7.469048112379973,7.322996663166135,7.217955886362583,7.149391425909489,7.106602095190154,7.080270669604504,7.0640955636998735,7.054223903769152,7.048376285499968,7.045188681031883,7.043817476875221,7.043714616629314]}