{"timestamp":"2024-05-12 04:41:09","trueValues":[6.6096353420891685,6.640011806647534,6.733733437992708,6.8648629752539705,7.003091995792731,7.119716112071277,7.192125472569008,7.206865850805939,7.161868081370244,7.067304165479138,6.943766883836222,6.81767298021561,6.7154934192962354,6.658469373435153],"predValues":[6.171871703908849,6.016833272615705,5.9146227473070585,5.888706217958771,5.932076031306163,6.0175950231706565,6.1169952311405815,6.211812310815215,6.293808804387743,6.361242865290871,6.415440380699536,6.458746271852767,6.493545992773833,6.52189409049336]}