{"timestamp":"2024-05-12 04:41:14","trueValues":[7.457212273593324,7.582194117087656,7.619525741632751,7.552617676664114,7.377243349493385,7.101621745609318,6.7442036541864265,6.330635164520779,5.891343639716197,5.459695269075417,5.069484826259118,4.75107580201235,4.527478475218046,4.412652598404049],"predValues":[7.070182126054509,7.240368788420094,7.356115270249076,7.412099683418012,7.414749065669148,7.380143370534933,7.326586140222876,7.268252951878049,7.213449172332663,7.165846407366933,7.12632043090918,7.094358536462369,7.0688930506213214,7.048747326593726]}