{"timestamp":"2024-05-12 04:41:19","trueValues":[7.26885921601477,6.989491319711986,6.652535905400006,6.2779784264907095,5.886234249697667,5.496337304710944,5.123285452618173,4.775866167818858,4.457237228299896,4.168772670529306,3.914811055623705,3.705118151614988,3.5535399575993303,3.473616882058613],"predValues":[7.304282743129999,7.20084015407485,7.092612038591962,6.998937186066632,6.928242960366912,6.879219022959688,6.846651130164904,6.825457135310816,6.811927690614834,6.803628171135102,6.79899308113936,6.796989831337313,6.796905576303844,6.798228672696918]}