{"timestamp":"2024-05-12 04:41:24","trueValues":[5.435986646865992,5.096358327998579,4.798775164576584,4.54631780601427,4.33814535485074,4.173702121564688,4.054774580315568,3.98397975357431,3.9605703762727895,3.9764616197933695,4.016060189803224,4.06104207836116,4.096848009039173,4.115894763036383],"predValues":[5.653638661414016,5.453616215252944,5.3274359967360585,5.298531337375893,5.356858479026679,5.4700789710313,5.603376945802183,5.73245073998345,5.845371754515011,5.938838095766664,6.014020164495117,6.073799642318231,6.121337687723552,6.159466944304728]}