{"timestamp":"2024-05-12 04:41:29","trueValues":[4.056430211657372,3.909501061546784,3.818610279721201,3.788663861358896,3.817669055313413,3.8959473636274446,4.010080208736982,4.148380959014409,4.302948462479519,4.466701191130702,4.6287914153091485,4.773179276130505,4.881886608728039,4.940196706675287],"predValues":[4.601105380751859,4.639746828864368,4.741313846387824,4.89102957557948,5.062003271654775,5.228687170543017,5.3754344547020265,5.496750672662999,5.5935407686694685,5.669486581368492,5.728872824737296,5.775598752619709,5.812862733928156,5.843151222410565]}