{"timestamp":"2024-05-12 04:41:34","trueValues":[3.82852373493272,3.910305670537529,4.01660678436577,4.14379082054086,4.290096513305018,4.450773675751766,4.616171532936216,4.7742808043776,4.915000797073025,5.032504474769566,5.124849885195439,5.192438701597736,5.236578770740051,5.258396106657991],"predValues":[4.009092836757629,4.249955069775106,4.561042718668363,4.854750408033675,5.087608363036292,5.2581236067429655,5.379828208513576,5.46692492239279,5.530357134994932,5.577762219578511,5.614294484460655,5.643406060362002,5.667417415956665,5.687898698280013]}