{"timestamp":"2024-05-12 04:41:39","trueValues":[4.298682303879339,4.435407433534341,4.577069256968139,4.720421704493741,4.866683791291249,5.0203161336544095,5.186404167390739,5.367950707340503,5.563412949485896,5.765152324519036,5.959688558662527,6.1296439848163855,6.256619642612172,6.324771200243524],"predValues":[4.089090931172782,4.125745325985143,4.209393746468786,4.327434649674466,4.460819580972276,4.591769143950323,4.708944265223471,4.80780816133308,4.888383548911301,4.952908086825101,5.004304820066418,5.045406757688429,5.078648690750957,5.105996093830083]}