{"timestamp":"2024-05-12 04:41:44","trueValues":[4.918216874160859,5.048119995686538,5.197317852112349,5.369926315112643,5.564931334162378,5.775961421367871,5.992502040261488,6.2017916762906165,6.391195263900031,6.550883669358866,6.675728897436155,6.76527963883591,6.822048926180969,6.849328951812195],"predValues":[5.311998521057397,5.349510549715951,5.372338946035509,5.3870016475105125,5.3981647749731625,5.407760546182306,5.4163876502953165,5.424404370545994,5.432174638179059,5.440006303013168,5.448101630286395,5.456562084853712,5.465417036371898,5.474650338174443]}