{"timestamp":"2024-05-12 04:41:49","trueValues":[5.819578418251936,6.02425741685024,6.212996399692503,6.372448386059004,6.493010029761251,6.571050390697642,6.609184830159426,6.614776360968842,6.5978123940568505,6.568819359937606,6.536929095558681,6.508638408208961,6.487878977959669,6.476921438094456],"predValues":[5.784505732285533,5.898704526228443,5.967557633263073,5.993360272132367,5.986220388965005,5.959835539840785,5.926449150593115,5.894072227014568,5.866641100479472,5.845392751826191,5.830138471042853,5.820086074762737,5.814283773475276,5.811824961757252]}