{"timestamp":"2024-05-12 04:41:54","trueValues":[6.563844326131752,6.605785524952674,6.617095633593582,6.607764853767302,6.588075489021929,6.5666057383406375,6.548940089130994,6.537718222354791,6.533559425797455,6.535689855515952,6.542052040803416,6.549756857957011,6.556151735260615,6.559641142853315],"predValues":[6.872336954878964,6.930887026843067,6.933473417160663,6.886509342559046,6.804694515596534,6.706780332522888,6.609087950160374,6.521752159301335,6.448939331482454,6.390924956742185,6.3460788197878575,6.312134938638928,6.286842348379177,6.268233016215816]}