{"timestamp":"2024-05-12 04:41:59","trueValues":[6.573183611198004,6.558389942316876,6.549932544320173,6.548032420552781,6.551428137611419,6.557514699966054,6.56284216965323,6.564250850023517,6.559778954319729,6.548775565895294,6.531867414620616,6.511516767467455,6.49251406795541,6.48085936420128],"predValues":[6.612827996543486,6.559128037673156,6.496260891951625,6.438557888730939,6.3922282518734495,6.357259356413574,6.331422430795645,6.312563921679992,6.299093083403188,6.289861708569075,6.283995485087452,6.280792996449417,6.2796765508087775,6.280169721832753]}