{"timestamp":"2024-05-11 23:37:09","trueValues":[4.752828363188596,5.326554840585569,5.923283207908082,6.499883061024505,7.017923805359356,7.448968569750906,7.777310435176081,8.000307461468722,8.12727182324267,8.17725073962545,8.175242174048421,8.147166642691108,8.115259500726612,8.09526819996225],"predValues":[4.1750715980944815,4.330251993803243,4.526398534000917,4.72997775689669,4.91512774442432,5.069333725355248,5.190969022709528,5.284120204951923,5.354582795756793,5.407840681490163,5.448387486086063,5.479675207370756,5.504271165319087,5.524055748883828]}