{"timestamp":"2024-05-11 23:37:14","trueValues":[7.561796956903402,7.906738392865538,8.136060128232018,8.254280837526471,8.275743013228412,8.221470811181248,8.114935238452697,7.97835543710217,7.830837897148237,7.688009933883615,7.562047329905064,7.461675929845889,7.392409255517643,7.357186133119244],"predValues":[7.416448784719711,7.555722355042477,7.601350575391062,7.563534949533837,7.4660021733151645,7.337873656820109,7.20425926054341,7.081184717112697,6.975948319789799,6.889989580439902,6.821713500779591,6.768364914635587,6.727033169416376,6.695099182788221]}