{"timestamp":"2024-05-11 23:37:19","trueValues":[8.17141667658247,8.076635345494592,7.961301633592979,7.845454949405582,7.744671576785285,7.669717554803568,7.626207139207896,7.614582602476791,7.630646608684293,7.666585500184047,7.712404291065745,7.757702933365435,7.793406867610975,7.812963603770542],"predValues":[8.369812562046173,8.186014857838627,7.932559504052895,7.690337180170829,7.495409306305524,7.348386133424936,7.239588964230203,7.159266806882697,7.099778766422984,7.055515371301081,7.022416964163073,6.997538074091313,6.978728204316748,6.964409898613404]}