{"timestamp":"2024-05-11 23:37:24","trueValues":[7.629914626469242,7.575070978611489,7.554324306222154,7.565510291517228,7.60308777065525,7.659372259321932,7.726031014443903,7.795449985725389,7.861509387218116,7.919786494136881,7.967564413888274,8.003657994440012,8.02781340753669,8.039959156004805],"predValues":[7.727558502385042,7.645195087444366,7.556433605735096,7.476474781607624,7.4112217831797,7.359448792740423,7.318098442308774,7.284786075227732,7.257925198453853,7.236374780887207,7.2192112066246334,7.205638172573797,7.194965956930754,7.186603977094982]}