{"timestamp":"2024-05-11 23:37:34","trueValues":[7.930111058096086,7.933525646155912,7.921401692365227,7.89695524058827,7.864650212866358,7.83021249622158,7.79975948450347,7.777791512811971,7.765508351560569,7.761032734814293,7.7612400500386,7.763450083487456,7.765894542613027,7.767436117357869],"predValues":[8.031091645968223,8.04049578348926,8.027883841555205,7.996126338656461,7.949867667394985,7.895400110617224,7.839237618986384,7.786331305320899,7.7394102884966385,7.699390210754288,7.666074122630759,7.638722334037272,7.616412292225668,7.59822782337776]}