{"timestamp":"2024-05-11 23:37:44","trueValues":[7.79676776634348,7.806933654419467,7.814802861914388,7.817558293876418,7.812800675267336,7.799022718090935,7.776191464542325,7.74613155438415,7.71246887773178,7.6798499534971665,7.6524670676200355,7.632661553191301,7.620580391389222,7.615070059042659],"predValues":[7.867003772239732,7.873958400648964,7.874642275100426,7.871231939660586,7.861884149354362,7.845494817717948,7.823841008327898,7.800070988917428,7.776861252190084,7.755802278020544,7.737559335647831,7.722205782766702,7.709506396334191,7.699098906285263]}