{"timestamp":"2024-05-11 23:37:49","trueValues":[7.854578414007555,7.844020487526631,7.82223245481828,7.790224578917872,7.749868012619149,7.702717354315657,7.649008092839108,7.587790299200183,7.518353520072505,7.442155606744951,7.364178237742099,7.292824590155837,7.238009381694239,7.208231207610121],"predValues":[7.813075500833918,7.810871314737542,7.803294740655392,7.794521054047247,7.783495605156636,7.768591766839002,7.750468960980887,7.731266255435137,7.712982115806312,7.696812857254162,7.683222015357135,7.672197363832771,7.663481619171932,7.656723940225792]}