{"timestamp":"2024-05-11 23:37:54","trueValues":[7.674072769246496,7.630902031672187,7.586638370761536,7.540867421854678,7.494591208535761,7.451352429041679,7.416935709708082,7.39734176312364,7.395859725058599,7.411074536212693,7.437160107205415,7.466093338856109,7.490184431075504,7.503724241532703],"predValues":[7.6149007516094755,7.570985273960159,7.535124524352643,7.516770216494053,7.514075384366819,7.519390096194037,7.526351103533248,7.532097190500272,7.536103424315618,7.538767159159205,7.540646817192917,7.542183873529023,7.543660330030333,7.545223167875104]}