{"timestamp":"2024-05-11 23:37:59","trueValues":[7.439252396238414,7.401651261901721,7.379611793036711,7.377025934296613,7.39313937721145,7.422785985864758,7.458513043731472,7.493006576013562,7.520610863918703,7.538001155984269,7.5445945774834575,7.542713058928503,7.536927901015359,7.532344374036945],"predValues":[7.718697902855938,7.7056144516809635,7.691553429486759,7.681310994251028,7.673411752627458,7.664569226733294,7.65354749888517,7.64119496677025,7.628924031801306,7.617797583186033,7.608354374718878,7.600724908675655,7.594800743246727,7.590357286939094]}