{"timestamp":"2024-05-12 00:23:04","trueValues":[6.830747660361865,6.708303567844041,6.596369294043554,6.50225907954718,6.4372969869051575,6.41532848363616,6.4493091765268415,6.546188776894574,6.702010620525721,6.900179655292058,7.114099995802567,7.312519802253689,7.465243080647705,7.54828824372985],"predValues":[7.033520554945922,7.030348897802784,7.036560912446999,7.056909964867666,7.086832728031299,7.11785585661625,7.144141300748304,7.164047549112952,7.178395357367446,7.188711416086681,7.196382876752264,7.202429305005783,7.207519691128752,7.212064412949795]}