{"timestamp":"2024-05-12 00:23:09","trueValues":[6.330303061478765,6.3237638608843945,6.380637868996604,6.502329779354444,6.678922482151096,6.891463379053721,7.116697549247626,7.331881981048907,7.518774529451097,7.666647163173841,7.773474040371417,7.844175442367362,7.886328209032577,7.905973452845597],"predValues":[6.917258177154916,6.896564928304152,6.889748510044458,6.90161969873474,6.927451175683312,6.958089176370803,6.986436078040958,7.009563951833577,7.027394124278921,7.040977524090973,7.051518971669452,7.060007201161053,7.067153197469644,7.073431659301137]}