{"timestamp":"2024-05-12 00:23:14","trueValues":[6.9375535402482615,7.157841116032467,7.360855612589466,7.527129067201894,7.645322666043939,7.713733234811299,7.738856118954743,7.731376823554767,7.702171158436234,7.660782534424714,7.615919254096068,7.575573053558559,7.545920065975273,7.530455147608266],"predValues":[6.684968378827117,6.765287878287132,6.841125913648391,6.907804071349048,6.959230739048233,6.992518121986859,7.009942169223562,7.016473396155459,7.016887760815322,7.01457220923307,7.011533978041985,7.008799011813636,7.006793635701596,7.00562097574052]}