{"timestamp":"2024-05-12 00:23:19","trueValues":[7.697178582572938,7.732865506338536,7.740812324148197,7.731786935594645,7.714568874638504,7.696292177094654,7.682453354294706,7.675777804072041,7.675428823444459,7.677804974861509,7.678629185772501,7.675460718094353,7.669430502954528,7.66458517405824],"predValues":[7.921566481389675,7.911604187495508,7.871105158427261,7.806482345123477,7.727683423097124,7.645455294629745,7.568398352065064,7.501478060813968,7.446342311120943,7.402515606913829,7.368515378550088,7.342571738749391,7.323000118419874,7.308349045202644]}