{"timestamp":"2024-05-12 00:23:24","trueValues":[7.785412739403972,7.776442103332736,7.764391241448056,7.745152654421176,7.712330136004743,7.659875663212747,7.585224374616267,7.491684276986737,7.388388669109846,7.287287147356864,7.199071861527017,7.13065730592842,7.085017390874873,7.062470265499062],"predValues":[7.570280402197517,7.479842325058858,7.3993848812380545,7.339367123801363,7.300287672442116,7.276541574019067,7.262071768728729,7.252865378037033,7.246796357739838,7.242827334349368,7.240424604057408,7.239262841435044,7.2390940655793585,7.239713087576038]}