{"timestamp":"2024-05-12 00:23:29","trueValues":[7.499459395264472,7.42220842691294,7.3460966291400975,7.285761254148219,7.257492228581552,7.274146817389578,7.341510444274192,7.457000439960282,7.60995867560851,7.783056522143106,7.955089353160014,8.104834468620243,8.214627814046644,8.272457864289404],"predValues":[7.701369273780167,7.71496410250843,7.716884957798254,7.706469759875602,7.683135899802423,7.649498207292469,7.610911262485324,7.572685790376969,7.538274918395852,7.50917344246697,7.485555720009741,7.466907981372133,7.452456249716736,7.441395982499992]}