{"timestamp":"2024-05-12 00:23:34","trueValues":[7.397534459966745,7.456265268280243,7.544973858028438,7.64943229168269,7.750162772341913,7.826059547016725,7.859103467461166,7.838728101954338,7.764505264821425,7.646743306907936,7.5051193666767855,7.365318471475785,7.253841354323767,7.192167998768865],"predValues":[7.304055759538258,7.255168437548077,7.22247588982996,7.212759982106219,7.221619784269075,7.2395081644504735,7.258729209419913,7.275591910818494,7.289217836830404,7.299981218014391,7.308590912964335,7.315707140933025,7.321825597937554,7.327288619886776]}