{"timestamp":"2024-05-12 00:23:39","trueValues":[7.954915261529346,8.031936322612896,8.050260596342838,8.002423139911643,7.890561426439663,7.72566130229389,7.525116780582377,7.308763409862507,7.094529970205546,6.8956987227708,6.721187145879686,6.578269611806613,6.47513294560169,6.420551764133684],"predValues":[7.628283746704698,7.704294278964131,7.756929753894271,7.780494584390428,7.774003225770896,7.743642974326226,7.699863048938957,7.652370586304108,7.607504913876721,7.568307452312869,7.535621283524731,7.509120284717149,7.487982105500373,7.47126053792757]}