{"timestamp":"2024-05-12 00:23:44","trueValues":[7.918424326797688,7.761578664904967,7.575328527909377,7.368455576081538,7.144488952432141,6.903010305470087,6.643742018846928,6.370767405115254,6.0940709515297815,5.827990366372541,5.588705406851272,5.392346925043878,5.253113621716604,5.1810690562770265],"predValues":[8.092647522896018,8.028744465524827,7.957913890196814,7.889163909196839,7.827374403958576,7.774030070434557,7.729262739844341,7.692683829036727,7.663532119034263,7.640810636239035,7.62344134148465,7.6103945691570525,7.600755208593053,7.593752206631485]}