{"timestamp":"2024-05-12 00:23:49","trueValues":[6.787406020621878,6.553325204808197,6.326954920606218,6.120556534589916,5.948568621871607,5.824240751594461,5.75694716004524,5.749694316659506,5.796644437351794,5.882633742407839,5.986265041474857,6.08519001916137,6.160917220614251,6.201477381094794],"predValues":[7.213316809535605,7.220241669604936,7.237819342738624,7.269122878453888,7.3075601841952835,7.343694696214383,7.372120005565527,7.392186258757139,7.40557882224733,7.414391314012845,7.420335413597957,7.424597070401198,7.427925011328813,7.430764698324312]}