{"timestamp":"2024-05-12 00:23:54","trueValues":[6.023377390301935,5.959429813315268,5.930691271923297,5.92448417437094,5.920243913562001,5.893865044684636,5.824376038067759,5.7001500977758965,5.522809930569559,5.307689088726503,5.080529611281227,4.871944448331616,4.7119138564700975,4.624877825484664],"predValues":[6.4211937768571605,6.409622663664626,6.428770350939311,6.485649541932128,6.571031652590829,6.666694737853883,6.756921114253876,6.833700573364485,6.895363031580674,6.94348647670591,6.9806841437214535,7.009533120338681,7.032186295425387,7.0503128223259885]}