{"timestamp":"2024-05-12 00:23:59","trueValues":[6.203291920884972,6.200171693864787,6.119515838742773,5.948499915479962,5.687223594857272,5.347069944527242,4.947358583861638,4.512486573612522,4.069951450125726,3.648191783119204,3.2741101325180035,2.971169564950965,2.7581959639647877,2.648349726577313],"predValues":[5.880549161248563,5.949096079644217,6.046142861135141,6.165072960600972,6.28959113562248,6.403335430804412,6.497536146369857,6.571015173688385,6.626625090509823,6.668318840005323,6.699737595143327,6.7237764598735215,6.742586861225586,6.757714493669971]}