{"timestamp":"2024-05-12 00:03:04","trueValues":[5.31803950064156,5.503850886859555,5.70551105684546,5.925930463849225,6.182495545999553,6.497732697149825,6.887611834290357,7.3521781415084995,7.87164896220794,8.40873360331095,8.915877673404133,9.344673599189456,9.654196823811349,9.8160541983573],"predValues":[6.253401738226689,6.586921035590166,6.969421345477887,7.313275971244909,7.570642406473806,7.744260401590411,7.856111483512427,7.927421541743835,7.973441534708611,8.003998204038874,8.025151799003098,8.04057312801525,8.052473553467934,8.062185740149188]}