{"timestamp":"2024-05-12 00:03:14","trueValues":[8.564911072288407,8.955836885522938,9.263002563940216,9.47206720979322,9.581900157743238,9.602327086267394,9.551217504545898,9.451378213562442,9.32686841088653,9.199126617021433,9.084301624785615,8.992727832322007,8.929951719247043,8.898269168775549],"predValues":[8.69356266104171,8.909087036653105,9.0277284895374,9.057426129630535,9.01899254493163,8.93894069474197,8.841031030077058,8.741765577002933,8.650323084181384,8.570562272672,8.503165953771244,8.447207056322224,8.401112908296447,8.363190169573329]}