{"timestamp":"2024-05-12 00:03:19","trueValues":[9.561062319812958,9.51990599516816,9.4379117608,9.339893122747952,9.247215775398034,9.174824488535243,9.130429262193784,9.115327145469312,9.125852911511592,9.155085952871286,9.194558240001715,9.235442396967423,9.269174710272065,9.288324258067991],"predValues":[10.187794316526023,10.07191626926623,9.87969784590936,9.668839657577356,9.4753608639722,9.309703241891462,9.171680207633262,9.058350542899944,8.966193609920786,8.89169621301004,8.831606958399838,8.783071540713479,8.743684305982763,8.711476822731774]}