{"timestamp":"2024-05-12 00:03:24","trueValues":[9.039697488487354,8.978374176715032,8.959411212620978,8.984699948943867,9.052623858511604,9.15898454224324,9.29724040744566,9.458062269025078,9.629124971107732,9.796106752736542,9.944926125983615,10.064185537709596,10.14652317114161,10.188313136164286],"predValues":[9.295229449769888,9.232978003685671,9.15777998763227,9.085847983727945,9.024700092530033,8.973572968751096,8.92984008797242,8.891885188810658,8.8589358891609,8.830506061401023,8.806136688361308,8.785334997700907,8.767598648684,8.752441513688463]}