{"timestamp":"2024-05-12 00:03:29","trueValues":[9.23280789888624,9.360620392558602,9.498777915923853,9.63314901276927,9.748717150347598,9.832335353972828,9.875682841065291,9.877045805770733,9.841287650620371,9.778432332498175,9.701773009902166,9.62601417958814,9.565427102650856,9.53174209974356],"predValues":[9.322260697131949,9.350920697948556,9.354644398323597,9.33657607915905,9.30141594869419,9.254828496750063,9.203002880138463,9.151251152799116,9.103045578950404,9.060090927629124,9.02284807652623,8.991056021090099,8.96411514190274,8.941312061961534]}