{"timestamp":"2024-05-12 00:03:34","trueValues":[9.887123983559512,9.944289296140749,9.955966459044175,9.924331750547523,9.85648066709704,9.762821496107907,9.655604441026636,9.54756397240062,9.450361837385843,9.37264467556837,9.318211139750495,9.285447360647618,9.268923805692904,9.262557633574204],"predValues":[10.064773994000127,10.091966309344146,10.063917622650491,9.994032723691816,9.899492728788127,9.794534346496802,9.68954406955558,9.591418584426393,9.503896475654226,9.42824289768485,9.364134119821845,9.310407582076603,9.265570614834122,9.228115132731942]}