{"timestamp":"2024-05-12 00:03:39","trueValues":[9.701381237285975,9.589859467624107,9.484331765832184,9.398773304338448,9.343864538237163,9.324781437628513,9.34020462716191,9.3834553671497,9.445223609288036,9.516057905658537,9.587264306277792,9.650635254573263,9.698403871718437,9.724141791027323],"predValues":[10.092441539627556,10.045123700200874,9.956346536955406,9.85092142962064,9.74955916910478,9.659030458002675,9.579824879190182,9.51126201346958,9.452501436816185,9.402563983478268,9.360358856429478,9.32475857979609,9.294687772299202,9.269170457652075]}