{"timestamp":"2024-05-12 00:03:44","trueValues":[9.33572714989439,9.343772575329972,9.37633010236354,9.424185366640923,9.478434976644415,9.531491726741898,9.576883660892523,9.609230151659297,9.62508179265626,9.624157910964351,9.61001794951166,9.589410284638111,9.570199605429886,9.55885946266033],"predValues":[9.311366016305898,9.271751266405944,9.236725093470636,9.217169420466064,9.210963784751828,9.20965131990872,9.20733417359397,9.202212955976105,9.194653923951396,9.185629864341587,9.176037016808683,9.16650742699807,9.157419046510975,9.148955269584295]}