{"timestamp":"2024-05-12 00:03:49","trueValues":[9.65156870466014,9.719948176143854,9.765721251360706,9.780004207160417,9.75691460694767,9.694898649695164,9.596929448350451,9.469441748529505,9.320910490286463,9.161390462000192,9.003261572026762,8.861834049681203,8.754163293205202,8.695660531638442],"predValues":[9.512285300153655,9.53116799604548,9.53232151921662,9.520566214420953,9.498668410959215,9.468795881869166,9.434205070904902,9.398490505109397,9.364360571836087,9.333331330109909,9.305977415206428,9.282294574505666,9.261970772016166,9.244573835231874]}