{"timestamp":"2024-05-12 00:03:54","trueValues":[9.952626026045357,9.900943403780776,9.798431341136263,9.64209439890934,9.430303292067954,9.16497116802821,8.853976271102496,8.512113200432559,8.159995734033183,7.821498080504487,7.520469995881674,7.277481668824671,7.107713092161437,7.020615979599098],"predValues":[9.972333730214416,9.966607577403575,9.93216613971631,9.877957461180182,9.813858783289646,9.746521203702446,9.680447183828518,9.618877751674518,9.56369469158415,9.515559817542702,9.474283356383308,9.43921784671313,9.409525522394974,9.384345759459222]}