{"timestamp":"2024-05-12 00:03:59","trueValues":[9.165722287033198,8.894168579954268,8.60182780059614,8.306826210070664,8.028608381685281,7.784469986710876,7.586328461080074,7.438916173470789,7.340092992875184,7.282573649680134,7.255902280284372,7.248456740055533,7.249702491922616,7.252155987865656],"predValues":[9.618656615435258,9.59746581004616,9.567491218076448,9.537262532062588,9.509077229951892,9.481144958730347,9.452411068641489,9.42357086305298,9.395863980690685,9.370247792628891,9.34721028701097,9.326851931984086,9.309039301596185,9.293508733408146]}