{"timestamp":"2024-05-12 04:39:04","trueValues":[7.384701116004683,7.519518472159858,7.629390491055995,7.708208018294785,7.757493226042386,7.78595415108591,7.80468800527823,7.82090829527021,7.835444547747825,7.845528041311587,7.849179978724369,7.84726364184328,7.842833474973102,7.839441744745699],"predValues":[7.061734030664025,7.091712343676223,7.11217435631526,7.122899198130627,7.122595135801644,7.111943385892284,7.094408770535951,7.074282714875789,7.054851962583301,7.037929192927422,7.024176485682186,7.013566464606435,7.00574031488887,7.00022572992232]}