{"timestamp":"2024-05-12 04:39:09","trueValues":[7.973293490375356,8.009929279975278,8.024498224469035,8.010474412699704,7.958358023196578,7.861173696027989,7.717840202562558,7.53395053544782,7.321486983071187,7.098089678922385,6.885238872338297,6.704826120745052,6.574998416776932,6.507458571951659],"predValues":[7.592967332455361,7.488481522559953,7.390409195180585,7.313642759718682,7.261528496525548,7.229119545402732,7.209760024495006,7.198385860765562,7.191889983737296,7.188514998201088,7.187266588446515,7.187541945590594,7.188941589143411,7.191173948847192]}