{"timestamp":"2024-05-12 04:39:14","trueValues":[7.916007775490774,7.815699898942636,7.678863611449216,7.512969171593021,7.329460379755759,7.1420846274076855,6.963866626410223,6.80365873684125,6.664474205749437,6.545015585356,6.443371987449206,6.36024921405232,6.29973522902104,6.2674616972658965],"predValues":[7.820113055332871,7.786040266640622,7.748724057842976,7.711249704739609,7.673908246010797,7.63692400736079,7.601661282438773,7.569787098279168,7.542357433582193,7.519652163900661,7.501396995245489,7.487031379144804,7.475906791050775,7.467392514261762]}