{"timestamp":"2024-05-12 04:39:19","trueValues":[7.399613725351038,7.263263565479742,7.122498388696968,6.969142267291321,6.790714293182059,6.575571457320015,6.317956243821951,6.020861434002853,5.696411247442157,5.364567881036197,5.050842802079616,4.783124027967231,4.587603187708559,4.4844300150036505],"predValues":[7.360115922500691,7.266542601277521,7.20022458733191,7.17222852681058,7.177158908106583,7.2008781618659725,7.230651020175108,7.2591815818709,7.283661257241495,7.30371475257315,7.319944876748846,7.333186472229542,7.344203150091433,7.353601174471239]}