{"timestamp":"2024-05-12 04:39:29","trueValues":[5.285848496293015,5.082856658226878,4.938443165403029,4.860891158069536,4.84808233311958,4.8883619203518425,4.964253611816829,5.056824843008664,5.148756254234202,5.226182842501709,5.280500826660908,5.310232687055493,5.32118305062448,5.3230035706615135],"predValues":[6.026873708402112,5.965682892321221,5.950793672384787,5.993645596354537,6.084930609342239,6.201707819940273,6.320997265794901,6.428300436430883,6.517943672315328,6.589807102722385,6.646256779096639,6.690314852409854,6.724820478080028,6.752138777291126]}