{"timestamp":"2024-05-12 04:39:34","trueValues":[5.015028731621163,5.096571091892242,5.179907094313102,5.2431468094137,5.268595816352303,5.245343221189164,5.172013633594824,5.0578424816818215,4.920086830905228,4.778401726038188,4.649590481305652,4.545425441053877,4.473062025411878,4.436190359977288],"predValues":[5.118145164657559,5.216664349371369,5.36681824792773,5.549312125426512,5.73620447448714,5.9050175405973215,6.045164758538413,6.155694073011102,6.240506864169207,6.304870400548234,6.353727023937893,6.391126025930888,6.420179659884929,6.4432005537060295]}