{"timestamp":"2024-05-12 04:39:39","trueValues":[5.231153158557267,5.1815319273836025,5.099018474694054,4.999862061454251,4.901424241321263,4.816727300834176,4.752187031548788,4.708108093818768,4.680141203612653,4.661253922864909,4.6447110151669,4.627315855844866,4.6108679011774765,4.60047570228752],"predValues":[5.757391027256254,5.880714880533634,5.99379417226529,6.090282265805583,6.166027673787777,6.220462937232521,6.256873470867573,6.28029450965046,6.295391975071822,6.3055942762064365,6.313116230700644,6.319280802053144,6.324831534289572,6.330164585540478]}