{"timestamp":"2024-05-12 04:39:44","trueValues":[5.152201208658614,5.128639235391511,5.0928266599947705,5.026684996884194,4.910130251469166,4.726000012312889,4.465656141954555,4.133074118505935,3.7458242301187927,3.333034169252104,2.93155454926226,2.581496812774117,2.3213769389988075,2.182420321759357],"predValues":[4.876545749932627,4.843860444957924,4.873447716272993,4.960764303894909,5.086559161949178,5.226804455938692,5.362039897796217,5.481156979647047,5.580295119910348,5.66003500055574,5.722986268416366,5.772307889222595,5.810982810105696,5.841540276802205]}