{"timestamp":"2024-05-12 04:39:54","trueValues":[2.996312383250591,2.585491750567625,2.240572242177291,1.994416776385884,1.8699439183460984,1.876227164375076,2.008066623385214,2.248512548162599,2.571643758055833,2.9439243576458725,3.3249918003871373,3.6697158211525007,3.932685382224994,4.075454606176064],"predValues":[4.149203741310874,4.136824563873855,4.190763566500416,4.299816358024607,4.444460138111289,4.602446891321707,4.755065789490407,4.890692389327639,5.004623567223788,5.09690432453644,5.170022875863985,5.227307594040758,5.272048345756064,5.307115583053109]}