{"timestamp":"2024-05-12 04:39:59","trueValues":[1.5505790679221376,1.6020822827810668,1.7834791172178948,2.084708138135035,2.4894386203152523,2.9741602199559587,3.507931538512553,4.054003261365648,4.573808618735337,5.032905815780723,5.406819255327331,5.683843692229205,5.863360868632322,5.950670745088324],"predValues":[2.7289809962400358,2.905595892397238,3.227477895169652,3.5592352124680877,3.844219623722704,4.075128217592155,4.258186713453033,4.401575881355504,4.513010505531257,4.599243821270783,4.665941439691413,4.717699330007381,4.758150683218757,4.790108723728705]}