{"timestamp":"2024-05-12 04:36:04","trueValues":[6.971350706007682,7.006327176446907,7.033957245860711,7.058828428058746,7.086827678045066,7.123299741775536,7.170852272667684,7.228006156332707,7.289638580420246,7.349103231470037,7.400753161718476,7.441244482913,7.4690467834362275,7.483264355203658],"predValues":[7.297560945664989,7.323852502938272,7.307556197364047,7.253475894793739,7.171900011916678,7.076824452683535,6.981296520999405,6.894047111483826,6.81912259205326,6.757249097570279,6.707365333559681,6.667698621959273,6.636359603446003,6.611625036665011]}