{"timestamp":"2024-05-12 04:36:14","trueValues":[7.33907502196609,7.34449099930672,7.336124501062212,7.317323933893865,7.292998415997754,7.269966757732314,7.256400634188955,7.259337865655377,7.281518999923662,7.319951255678825,7.367102711348565,7.413483911223381,7.450095514047135,7.470173461943707],"predValues":[7.574532224817041,7.596003437336453,7.584522692318615,7.54182612187272,7.474344218994753,7.392927012000911,7.308875838503381,7.230404899793431,7.161749008010642,7.104091454666055,7.056865843935313,7.018727816325416,6.98812436817531,6.963583561392419]}