{"timestamp":"2024-05-12 04:36:19","trueValues":[7.219070338587604,7.188794342176403,7.177277449888686,7.18999703626613,7.22711470086819,7.2844216788527,7.35555817703094,7.433982071132298,7.514136515779115,7.5916904833046335,7.662805984171693,7.723097504019968,7.767450469950321,7.7910830765775],"predValues":[7.6762118370993395,7.643644475882054,7.589482841954519,7.521167159770592,7.446066422399365,7.370988277071814,7.301334348536114,7.240325730642738,7.1890492335868,7.147132753119545,7.113467418579684,7.086708338896715,7.065537467663799,7.048790650159831]}