{"timestamp":"2024-05-12 04:36:24","trueValues":[7.237822000626116,7.292913629386788,7.357164870019314,7.427572841236242,7.502776438853374,7.582104812067955,7.664201375104524,7.746399203654505,7.825243043979457,7.897402828841773,7.960061994867126,8.010636012259164,8.04647337245676,8.065140779461801],"predValues":[7.277300932475276,7.2745375268507715,7.264614303902723,7.247999583407063,7.223276711331032,7.191471632246195,7.156337283289998,7.121941827056331,7.090994714053624,7.064677906849175,7.04312429981754,7.025910491481384,7.012394867800355,7.001900996407966]}