{"timestamp":"2024-05-12 04:36:29","trueValues":[7.604619777005124,7.67989088496453,7.750597071157959,7.812958553784309,7.863841151914064,7.9013173655386755,7.924540391703475,7.933547706622088,7.929570709569145,7.915586766112183,7.89627987137678,7.876964205612657,7.862040433138839,7.854088565342945],"predValues":[7.548222062331321,7.53293734873621,7.502424534549551,7.459991094965276,7.408652403342046,7.353130994174061,7.298852147408169,7.249926286049366,7.208345496772239,7.1744071971870405,7.1474543575059695,7.126442162156273,7.110262537842907,7.097904424164256]}