{"timestamp":"2024-05-12 04:36:39","trueValues":[7.850086584147585,7.8285377613134335,7.816765180249073,7.81902571356026,7.837747075681371,7.87414179488585,7.928566559675005,8.000255366873896,8.08648680548038,8.181552530529807,8.276419179806151,8.360013994021458,8.421887488504439,8.454616980858681],"predValues":[7.965341356790713,7.918428845206423,7.853085744392549,7.7779746412601085,7.700436355270789,7.626196773446681,7.55927754535058,7.5018121572716,7.454209126517122,7.415742584013325,7.3851556147656625,7.361065851490013,7.342179700344452,7.327381114371466]}