{"timestamp":"2024-05-12 04:36:49","trueValues":[8.092825867146672,8.207091639854358,8.331240767197727,8.462048700072566,8.597066460944571,8.73272211481444,8.862747565611897,8.97836567147506,9.0704088468696,9.132543877481703,9.164297659337963,9.17216500631164,9.167464798072366,9.161637645536864],"predValues":[8.068205057950298,8.097634782984333,8.097642225069308,8.069562441092007,8.017155278697352,7.948801854511051,7.874806000969878,7.8035658451794845,7.739921931838676,7.685652387679003,7.640657276130799,7.603929789412432,7.5741627784557775,7.550059725742672]}