{"timestamp":"2024-05-12 04:36:54","trueValues":[8.922960943567935,9.075599169562231,9.19511905426234,9.26460580167485,9.270396275362977,9.206206166142746,9.07558269065979,8.891244372136551,8.671883867509244,8.438912055251228,8.214794463592336,8.02197376292998,7.880701461213903,7.806103330367245],"predValues":[8.412903828784497,8.383657232198601,8.324598174779952,8.244965739236388,8.15514269726317,8.064396570964291,7.979620325759187,7.904848634859361,7.841499747030065,7.789219897446234,7.746749779014582,7.712523896002846,7.68500173682118,7.662818210454152]}