{"timestamp":"2024-05-12 04:36:59","trueValues":[9.319080800537586,9.232426757820017,9.08884076504293,8.900510831085548,8.68108175296097,8.444501326856276,8.20475402780593,7.974805030991549,7.765061560673313,7.582876662595373,7.433292083539607,7.319755900948229,7.244095678260125,7.206514743868364],"predValues":[9.267306746943312,9.240254236481327,9.163571524475394,9.050017002460326,8.913844389473436,8.76918567330494,8.62785144281032,8.4980838070995,8.384260572659082,8.287571675718835,8.207141342350441,8.141041275179102,8.087000309343663,8.042804424564034]}