{"timestamp":"2024-05-12 00:07:04","trueValues":[9.653138453012389,9.49279182171638,9.329686834782102,9.166009870459735,9.004669720819551,8.84775521964081,8.695342914083255,8.545816276974794,8.397825633047447,8.252877738719915,8.116916427788569,7.999823460156591,7.913098186054259,7.866802835945405],"predValues":[9.841243529688022,9.83899070425056,9.821644267328598,9.79594834264207,9.765542109743803,9.731413239625494,9.695020912519755,9.658569580311717,9.623971327262476,9.59239083967064,9.564303347819614,9.539711509596897,9.51834900467587,9.49983362883532]}