{"timestamp":"2024-05-12 00:07:09","trueValues":[8.839444537033616,8.702531436591702,8.573576051298165,8.45053792092608,8.333399769206753,8.225623760386103,8.133599721781499,8.064385673625576,8.022859371042017,8.009362352573426,8.018743898050786,8.041336739091445,8.065494278498118,8.080723708033414],"predValues":[8.98604111897188,8.974009925454634,8.978479960637177,9.009663359837845,9.05879972588594,9.1099805389922,9.152900637776096,9.184734687834585,9.206686180623638,9.221138709645285,9.230347226646971,9.236062216330351,9.239525975308762,9.241570422366925]}