{"timestamp":"2024-05-12 00:07:14","trueValues":[8.152388594244885,8.054717607876675,7.987849677009153,7.959452807054165,7.972349408738514,8.023117186128655,8.102552672209127,8.197657202415924,8.294243770687762,8.379752529685415,8.446043433178616,8.490948176552124,8.517136342002003,8.528840349569094],"predValues":[8.707209052787302,8.691143186058557,8.699839262351961,8.741391080655436,8.803603455793533,8.867846456974839,8.922460197564611,8.964207104809933,8.994375190988995,9.015608522577953,9.03045122948329,9.040908422028302,9.048423864698158,9.053987886372042]}