{"timestamp":"2024-05-12 00:07:19","trueValues":[8.000883691476794,8.071374588783444,8.158095078688293,8.248156798958211,8.330561676943748,8.398894635396369,8.452715528147543,8.496204149065788,8.534606636481051,8.57103989505415,8.605567979873626,8.636090362455253,8.659463293474552,8.672328532086507],"predValues":[8.12975907435685,8.13632219593864,8.167667460487515,8.237773495685452,8.335849278318557,8.439151796702925,8.530693162939144,8.60414654164338,8.660077265484997,8.70167745734081,8.732461641840311,8.75540665297354,8.772783389812902,8.786238945236633]}