{"timestamp":"2024-05-12 00:07:24","trueValues":[8.22868511519836,8.266272960097599,8.311302092605688,8.375699782838975,8.46869474774408,8.59488539846937,8.75393099383848,8.940372764522177,9.143183932686108,9.346318831546451,9.531517242461812,9.682510236099116,9.788015611636112,9.84196381719811],"predValues":[8.746622866392931,8.817023927102381,8.872487660111808,8.915514605972849,8.943995465172556,8.956699104225052,8.9563562367387,8.947788270622366,8.935360520291447,8.92201154615611,8.909368241149664,8.898160195388414,8.888590205687933,8.8805899643397]}