{"timestamp":"2024-05-12 00:07:29","trueValues":[8.529969420175316,8.656311570487595,8.809986372603428,8.984170497755638,9.168114917352693,9.349688501307678,9.519115007850807,9.671273219364211,9.804996323239298,9.920491103122872,10.017162723794426,10.093030527495586,10.145451510905191,10.17222388002562],"predValues":[8.484806064348923,8.442797355185728,8.415613013504181,8.419204085293417,8.449733112593773,8.492189144221722,8.533827343868658,8.568713180344435,8.595768880271411,8.616040322377337,8.63110310236694,8.642401782091635,8.65106250848141,8.657901252996027]}