{"timestamp":"2024-05-12 00:07:34","trueValues":[9.375407283826627,9.529959188814525,9.660085639336645,9.764692648901647,9.845000719445451,9.902605646617715,9.939066015643224,9.956691530751751,9.959554607157171,9.953643996954447,9.945470992919294,9.939704971796086,9.937571219718226,9.93747128314856],"predValues":[9.422681002320958,9.507262424372964,9.548357086027968,9.547788298104871,9.512073732309366,9.452262226941984,9.380632159056644,9.307283501119558,9.23863930404173,9.177813017230244,9.125668454119712,9.08181384209394,9.045277457486185,9.01491800340776]}