{"timestamp":"2024-05-12 00:07:39","trueValues":[9.94042100668619,9.984312297559338,10.006406253117916,10.009054040636556,9.996457248661205,9.97348565865306,9.94357698229313,9.907456291288984,9.864098704224052,9.81355631569316,9.759497542011529,9.709212968567272,9.670872409930553,9.650388602614088],"predValues":[9.787694007249687,9.74199801077008,9.675258455868375,9.600195992077024,9.526474698313685,9.457950106172955,9.395975611965309,9.341280008440812,9.294064763471289,9.254002956895324,9.220391843260282,9.192359635469074,9.169004778084716,9.149492694435]}