{"timestamp":"2024-05-12 00:07:44","trueValues":[10.241295465412016,10.25810660379327,10.246205646763087,10.192733734639496,10.08575748416492,9.918296751210214,9.690222362443311,9.407719753633517,9.08251605596909,8.73312319003685,8.387007233592392,8.07965736357198,7.848505406879125,7.72434936902828],"predValues":[9.890793463029736,9.82370891433169,9.742375962371316,9.663086394314105,9.595210858298705,9.538837596189818,9.491402278136029,9.451017804018647,9.416572113711396,9.387293888264358,9.36251015056478,9.341581412882302,9.323902208446455,9.308920228236582]}