{"timestamp":"2024-05-12 00:07:49","trueValues":[10.42135511665207,10.298501709460616,10.083463195682596,9.764645870081804,9.336094469945662,8.802375511772642,8.181206207789716,7.501653215599632,6.800276840797565,6.11845706926069,5.500603147686984,4.990788133230392,4.627475129752771,4.438578484346896],"predValues":[10.224991983541566,10.20581798318072,10.15675656955987,10.08975335221905,10.016816666843084,9.944391890597904,9.875887498402108,9.813488805350882,9.758339766220402,9.71066364355992,9.670036238525851,9.635683574280788,9.606707816430236,9.58221644635468]}