{"timestamp":"2024-05-12 00:07:54","trueValues":[8.743515264338328,8.189754239749867,7.602599782511882,7.016363891190825,6.466373080008498,5.9864861777141165,5.605350294369956,5.341229236765534,5.1978241796794045,5.162891298595033,5.209525197123067,5.299842141039321,5.391720726750973,5.448413400489102],"predValues":[9.545969771483456,9.482320808156413,9.43084656427114,9.403427265335376,9.39689949365722,9.400401526215502,9.405520617523374,9.408663303692858,9.409208702206032,9.4076947694911,9.404886445567996,9.401421623434588,9.397745233456888,9.394124659116503]}