{"timestamp":"2024-05-12 00:07:59","trueValues":[5.38645545163109,4.924715209735054,4.636612116357356,4.55085993639501,4.679376413098884,5.015119432031796,5.531543350182213,6.184576539010716,6.917341103244638,7.6659058783525715,8.364503697571434,8.950832614954681,9.372403339384178,9.592393497558133],"predValues":[7.116509370813256,6.96395380511993,6.898789580134208,6.944425774145268,7.085123972163267,7.280143277358265,7.487628340675307,7.679475988727168,7.842968495657651,7.975895030651651,8.081292230167762,8.16399266524231,8.228875685731472,8.280160422238634]}