{"timestamp":"2024-05-12 03:08:04","trueValues":[9.032689702328302,9.179671943741525,9.368586612946949,9.587934625503047,9.826190849670883,10.071089134678996,10.308914249495777,10.525447559198794,10.708549428461168,10.850978708602124,10.95192633866937,11.016404562893635,11.052597016860044,11.0683609475698],"predValues":[9.507847159621008,9.587049017391012,9.645792583564466,9.685229255002518,9.70415660340419,9.703912077755009,9.689573306317982,9.667129572765576,9.64133211677689,9.615225814261738,9.590485665917011,9.56787023283268,9.547592146008029,9.5295780477483]}