{"timestamp":"2024-05-12 03:08:09","trueValues":[10.339316761351554,10.60004276636921,10.81077762872163,10.949019141331595,10.998194312537066,10.950794078598156,10.809645368650418,10.587292348496872,10.304467072145655,9.988748843359495,9.673226766670176,9.393899270257258,9.185010044978664,9.073299565304929],"predValues":[9.995445656682088,10.022643819378589,10.019695690573451,9.995998497280237,9.960039937413049,9.9169858810996,9.870993264375985,9.825609835465327,9.783242045702083,9.745117307529643,9.711592309449312,9.682491099309178,9.657376720405708,9.635708026845707]}