{"timestamp":"2024-05-12 03:08:14","trueValues":[10.962933182347545,10.86414854112056,10.69352651678393,10.468749503238495,10.212352133788857,9.950261569333266,9.709302273586976,9.51293648258898,9.376283855121194,9.30269226626742,9.283410355674434,9.300194383603277,9.330023323338477,9.351450149136785],"predValues":[11.167025983859684,11.145653378966191,11.053485814437073,10.917477990474628,10.766439812749976,10.617376445431216,10.478642160480398,10.354496488390764,10.24664419819912,10.1549242219235,10.077982631675932,10.01389777480035,9.960602877983666,9.916148646539902]}