{"timestamp":"2024-05-12 03:08:19","trueValues":[9.721782650090216,9.451446787059712,9.247604358549234,9.1348174344416,9.12548665461532,9.218205465010096,9.398760014900994,9.643035822658687,9.92153193186439,10.204550702424958,10.46588483210058,10.683736453999186,10.840300379817853,10.922231356463724],"predValues":[10.51295548799059,10.43842672800745,10.334878620818904,10.231167850915902,10.146035182998242,10.07980381618484,10.026946407649191,9.983116779765837,9.945815455138142,9.913642258635788,9.885722213696702,9.861409985238048,9.840169211564117,9.821530509743978]}