{"timestamp":"2024-05-12 03:08:24","trueValues":[9.361468258668266,9.524720492569552,9.728743657429426,9.94034658583644,10.128150789648078,10.26726993670761,10.341226187725166,10.34238768455878,10.273007784223411,10.146672544418609,9.987911077222297,9.828343206961184,9.7001182091502,9.628952208420811],"predValues":[9.00821746904268,9.001770497144252,9.013088845236382,9.059872449277352,9.133008476215153,9.21083726930725,9.278048333449874,9.32964802962473,9.366656986628405,9.392112638285736,9.409118865608836,9.420212356419215,9.427275426638086,9.431633298968508]}