{"timestamp":"2024-05-12 03:08:29","trueValues":[10.513897974894936,10.644498592545473,10.685099950282126,10.626204884521677,10.468840402990692,10.225467213824976,9.917883183916596,9.572791577311214,9.21723958869583,8.875866632479255,8.570381802111353,8.320105015976235,8.141967814758502,8.049202225543878],"predValues":[10.318849432937537,10.395434866261294,10.4122300573176,10.381296499541095,10.319550052080192,10.241697869578172,10.15894135307756,10.078942129060223,10.006052754081598,9.942069960085671,9.887156941364402,9.840602978802664,9.801322059571593,9.768152155260072]}