{"timestamp":"2024-05-12 03:08:34","trueValues":[10.13433728857238,9.850142668585748,9.546236091810066,9.251238222327077,8.9894719201454,8.779751307659588,8.635292996207921,8.563267168875157,8.563326705554957,8.625748522227354,8.730670225671306,8.850006184557028,8.952645294223615,9.01175086467336],"predValues":[10.750010347012443,10.672360695537249,10.540758585880068,10.399183550778751,10.277667592572822,10.180029032432005,10.101325794355333,10.036853949061044,9.983399578994891,9.938758763849252,9.901295839662096,9.869702062632804,9.842902051482472,9.820004350746585]}