{"timestamp":"2024-05-12 03:08:39","trueValues":[8.57628842548284,8.38921673546375,8.289833537973768,8.287228010866237,8.381578498391805,8.562294116264663,8.808489184579688,9.092451770988347,9.38503096285443,9.6607559585619,9.900724925429008,10.092288445308068,10.226454353239172,10.29590867442429],"predValues":[9.139062080764898,9.0320023726231,8.957565043969655,8.944641863410393,8.987351989082494,9.058287285177656,9.132863355558136,9.19831170871666,9.250874091740794,9.29121497650332,9.321512236014453,9.344107469153853,9.361006317822312,9.37377799879458]}