{"timestamp":"2024-05-12 03:08:44","trueValues":[8.507469870985595,8.721326156407569,8.971678426547435,9.233219871447362,9.48548156796084,9.715520667161169,9.917208080493856,10.088007651714893,10.226140190937723,10.330591979873248,10.403066192825762,10.44873242096547,10.474395387847103,10.485739251659153],"predValues":[8.295629061648128,8.323260991583176,8.376383391501687,8.4705414479729,8.59168663087382,8.714049392034415,8.820113987099543,8.904334733819004,8.9682215780765,9.015728659092549,9.050932378912265,9.077215696734324,9.097145068720144,9.112586863465978]}