{"timestamp":"2024-05-12 03:08:54","trueValues":[10.533090048890724,10.581940426244778,10.594832243731643,10.572921682409952,10.515701617346402,10.42238318753363,10.294490957236532,10.138234283211842,9.965351459775276,9.79171645417873,9.634026115641332,9.506162058951643,9.417218511949237,9.371862725068487],"predValues":[10.588083867391724,10.53611844589809,10.438327323015285,10.321297878894342,10.206998616804269,10.103329841523626,10.011657707222843,9.931886529952244,9.863441674436247,9.805362048558074,9.756419708296828,9.715287836216948,9.68067682530775,9.65142198927063]}