{"timestamp":"2024-05-12 03:08:59","trueValues":[10.412766950590804,10.30619044639489,10.177990432726324,10.038895206654214,9.90263700969011,9.782480295147131,9.687523011907343,9.62082279374051,9.580050268049428,9.559576029127932,9.552607048126248,9.552853700085423,9.55554454538142,9.557636302836922],"predValues":[10.626534462570577,10.61342735619693,10.55979916028886,10.480127388010429,10.39064482142482,10.300817261042868,10.21546824108343,10.137456053754445,10.068253700303485,10.00816524305953,9.956697378104232,9.9129214395482,9.875754604027552,9.844120958685894]}