{"timestamp":"2024-05-12 00:26:04","trueValues":[6.300653263360468,6.495831111544312,6.656590379873315,6.79266890364302,6.918122787955773,7.0465303826373935,7.18852616132855,7.349820595303887,7.528555555418372,7.713908389596963,7.888568010821332,8.034468226236926,8.137926762617022,8.191208104207501],"predValues":[6.754343229176251,6.989209052060431,7.153239515419113,7.238468664652702,7.2548968014464865,7.224326842678767,7.169998027628042,7.1092211775238905,7.051905694299409,7.002371708282641,6.9616531377076285,6.929172157833804,6.903727137726438,6.884000030978692]}