{"timestamp":"2024-05-12 00:26:09","trueValues":[7.085751765188666,7.210269009949552,7.344513857139143,7.486413154514373,7.626109063159475,7.748767115620332,7.840575067971908,7.89402040122059,7.90940079876538,7.893218250775773,7.856005433801531,7.81068685734566,7.77072923995935,7.747493455934594],"predValues":[7.142358124030521,7.104863836770971,7.0527636603815385,7.000965951588594,6.957051802883024,6.922434413043847,6.895980458844857,6.876191157529819,6.861787533638011,6.851730884737909,6.845160852648641,6.841352631451382,6.839698893854416,6.83969783069942]}