{"timestamp":"2024-05-12 00:26:14","trueValues":[7.778637252611642,7.87694825828771,7.934721163949412,7.95085214892169,7.930362228463997,7.882382309263279,7.818725106485015,7.752292271799787,7.69471232876994,7.653872824314082,7.632385398680975,7.627361193956535,7.631633216520992,7.6366784185566114],"predValues":[7.739205631159823,7.854448177520492,7.915316990531835,7.922081314196703,7.882297256863564,7.810990122308395,7.725297171707608,7.638824131128182,7.559622804935676,7.491116020641138,7.433836153109036,7.386856131182473,7.348686208922682,7.317749195892443]}