{"timestamp":"2024-05-12 00:26:19","trueValues":[7.818594338420452,7.750396134863632,7.686481648576228,7.640886120243783,7.623615698904066,7.638724726136015,7.683645682623217,7.749933928228928,7.825736879475304,7.899505483635988,7.963055839337109,8.01222755528884,8.0454745383376,8.06223278475778],"predValues":[8.012138250269139,7.966190817632871,7.899921177239596,7.824556511640504,7.748775886649053,7.678276749891181,7.616383587040764,7.564483549579412,7.522460487823764,7.489300683484712,7.463620174545634,7.444005496438761,7.429177407914624,7.418056009285584]}