{"timestamp":"2024-05-12 00:26:24","trueValues":[7.645432436797321,7.683440759497653,7.740166989065356,7.803966654613144,7.863894575452635,7.912841699911366,7.948236787630441,7.970631084475514,7.981992490345,7.984850782552938,7.982036877066102,7.976455047546028,7.970803049796189,7.967306598801636],"predValues":[7.322297638755975,7.2462092303930525,7.187037212756032,7.157446685528787,7.155575266946299,7.17025876639092,7.190502034889439,7.209968137085559,7.226350292425748,7.2394587277431395,7.249877646708279,7.258317236858792,7.26537738340142,7.271499561448437]}