{"timestamp":"2024-05-12 00:26:29","trueValues":[7.951282726695251,7.989401883303961,8.010263110644162,8.014384165199123,8.003019835653397,7.978133769285411,7.94243887185734,7.8994063444325695,7.853272062305677,7.808732512673448,7.770060515466588,7.740095491891846,7.71999760983909,7.709955047742691],"predValues":[7.92301476428358,7.922232547994946,7.907281665068719,7.880427698802318,7.844132650378755,7.80215955690794,7.759083705917064,7.718711989659641,7.683247796865798,7.653449422836749,7.629148889083053,7.609718136790565,7.59437229178316,7.582334985124685]}