{"timestamp":"2024-05-12 00:26:44","trueValues":[7.537410307594995,7.518115373353302,7.517530903894007,7.540020087322513,7.588378223913216,7.661431058972543,7.752733215334562,7.851658990387324,7.946334537553056,8.026938962552117,8.088077816932557,8.129321320287064,8.15363381453447,8.164670426552542],"predValues":[7.65450380680447,7.643818035935223,7.637925499367439,7.6410931696793405,7.6494644521213315,7.657039963048485,7.6608232001033265,7.660969915492836,7.658875500149843,7.655894147751068,7.65293512160722,7.650487473016659,7.648739114625008,7.647707056912211]}