{"timestamp":"2024-05-12 00:26:49","trueValues":[7.662924791742546,7.750156659200683,7.843769317158721,7.932092779009457,8.00572397038685,8.059927864725493,8.09518447650628,8.115596786649235,8.126131589508987,8.130544214321723,8.131090675989894,8.129390956939332,8.127050421214662,8.125481736017411],"predValues":[7.512329152285162,7.538502167776341,7.561579807495378,7.584637513058231,7.604503627321762,7.617163942808153,7.621964619194591,7.621015753360266,7.616998356417458,7.611961128044311,7.607127493852984,7.60308458119026,7.60002402374425,7.59792588735877]}