{"timestamp":"2024-05-12 00:26:54","trueValues":[8.034345166046087,8.06985720081477,8.093891945819355,8.112252101030425,8.12931042294835,8.147556554786052,8.168283293019204,8.192032049329745,8.218267259388217,8.244997368097533,8.269290725555,8.288567054584256,8.301516814018427,8.307925246548237],"predValues":[8.100279115249235,8.108546208501574,8.099191773476623,8.07376057438421,8.034988109030186,7.987868282221591,7.9384826063268275,7.891844654520369,7.850839297885066,7.816461649497588,7.78852167040232,7.766259204776807,7.748729905195456,7.735008029445117]}