{"timestamp":"2024-05-12 00:26:59","trueValues":[8.17506037454403,8.197402311005527,8.219633945136144,8.240203336429822,8.256243687438655,8.264258281379337,8.26160411493072,8.24761299517753,8.223607221146601,8.19230820384007,8.157439377844236,8.123641680507317,8.096329494437448,8.08088902863536],"predValues":[8.057311440279246,8.037614899237647,8.01119629494229,7.982359013030024,7.951755830668667,7.919529210627742,7.887172354099752,7.856786586935168,7.829914281245077,7.8072063536760545,7.788629580634459,7.773768002727934,7.762055489920872,7.75291023064147]}