{"timestamp":"2024-05-12 03:16:04","trueValues":[8.693492758600694,8.72441329272849,8.739964858227708,8.72182238400216,8.65374591169243,8.524683413533001,8.331435856139574,8.080027075721993,7.785206487334662,7.468873223383058,7.158556353556325,6.885549845174756,6.681270459960739,6.571715527042292],"predValues":[8.46454339327172,8.42745523122081,8.416974915054626,8.44973417574877,8.517816495410976,8.59952633581759,8.676754180547949,8.741169944416175,8.791515915061478,8.829683445222525,8.858351153912857,8.879982637047982,8.896540478751334,8.909481467156784]}