{"timestamp":"2024-05-12 03:16:09","trueValues":[8.81916113443398,8.69227225666478,8.48634949961501,8.202193684785746,7.846848745605918,7.433648240463414,6.982435957366842,6.518466611679203,6.069703439011311,5.663577034320764,5.323609303220737,5.065770760726232,4.89621338644776,4.813222510717621],"predValues":[8.82445750683751,8.86461180789816,8.90050418636682,8.937264099312578,8.971005981012183,8.995780150316794,9.009794127902406,9.015082260854712,9.01479627216067,9.011590859846391,9.007233519093472,9.002741157656004,8.998620900467289,8.995074215399157]}