{"timestamp":"2024-05-12 03:16:14","trueValues":[7.180349967828406,6.741464169549342,6.325685779329214,5.968643114514441,5.702782070863966,5.552317133023958,5.527826626761836,5.6223255573037845,5.811914399671329,6.0612322199996544,6.330021059615959,6.577788268381973,6.7675117327509415,6.870314302498231],"predValues":[8.156668856260564,8.088930201450957,8.054685979015531,8.074381191113384,8.140968183273095,8.230405034193856,8.32050981224113,8.399299697450013,8.463286212488425,8.513387657484545,8.552068159931377,8.581941486387677,8.605249033374694,8.62374447505906]}