{"timestamp":"2024-05-12 03:16:19","trueValues":[5.464050749307094,5.392579224410601,5.439362163979698,5.586372446105952,5.805732020472639,6.065933491393925,6.33586508973703,6.587548429932442,6.799516684975108,6.960014284280611,7.067863385007267,7.130598832403615,7.160885460364781,7.171830109475662],"predValues":[6.243100563677404,6.166159637901711,6.180116603800638,6.2890151714031575,6.469647065820045,6.685486666887883,6.90280299024578,7.099616103708528,7.266256081005979,7.401613519899348,7.508996958737561,7.593261029023129,7.659275778006005,7.711279738868258]}