{"timestamp":"2024-05-12 03:16:29","trueValues":[7.178855171903408,7.09239754707143,6.920667981017257,6.682392221376361,6.399674190785412,6.094648111798476,5.787440438758839,5.495649244086684,5.234458308099645,5.016114079978156,4.848326028178921,4.7325361563366455,4.663661238012792,4.632772382581532],"predValues":[7.688630550612789,7.757237537265741,7.810986401265907,7.859393974563944,7.903143068456317,7.93906149422239,7.965805955524158,7.984612901622484,7.997733031644835,8.007248268862998,8.014680785443131,8.021009215559458,8.026811383952545,8.03240171871259]}