{"timestamp":"2024-05-12 03:16:34","trueValues":[5.610926542326299,5.276941848863128,5.013879195281259,4.854701403233058,4.826860131434492,4.947737997300993,5.219528356037412,5.625426913322783,6.128996257634803,6.677981457084869,7.212162223209468,7.672653988903743,8.009648341267468,8.187446396041338],"predValues":[6.653699661437987,6.522714846150614,6.463749213477278,6.494695263324988,6.599378820049735,6.743676063519441,6.895563436297502,7.034972027304816,7.1534210491347565,7.249792062731066,7.326476369469493,7.386999657106992,7.434857845060618,7.4730570040828095]}