{"timestamp":"2024-05-12 03:16:39","trueValues":[4.759937348413873,4.939906864044382,5.254521305379081,5.679329403219935,6.17708674495515,6.704841004915002,7.221879725665705,7.695474079324891,8.103288375466665,8.433305241588737,8.682524720079892,8.85520315196839,8.96062108300693,9.009603291580545],"predValues":[5.306905609941312,5.295226586516638,5.369677005265977,5.519908049006768,5.719615668394519,5.937369480033452,6.146938327143522,6.332374884778083,6.487551260432015,6.612921288394424,6.7122069414134815,6.790148694723952,6.851322633219274,6.899651001470076]}