{"timestamp":"2024-05-12 03:16:44","trueValues":[6.708037513306182,7.1807114405271975,7.598079779044506,7.940470174592678,8.200746465046837,8.383236488608759,8.501972562287738,8.578145225684128,8.635913347148346,8.696016954350998,8.768659943159198,8.8493868967716,8.921427608274314,8.964298004562128],"predValues":[6.987229191668305,7.372425662627005,7.682481262113363,7.886914273224366,7.992795208263857,8.029120556604818,8.025849228680764,8.004305190044096,7.9769350620269215,7.950022356446967,7.926241971275282,7.906374793856754,7.89029935873304,7.877535651423245]}