{"timestamp":"2024-05-12 03:16:49","trueValues":[8.078795942236113,8.15160398585751,8.20927881547079,8.28898407713161,8.424281979345178,8.63628917243959,8.927407855129307,9.281215472184275,9.668498916400996,10.055501687698651,10.410041021179923,10.704180924580784,10.91493705003313,11.02509585498956],"predValues":[9.227388997869372,9.234605693985223,9.171786523132909,9.06672607796192,8.945017688701636,8.823924866184292,8.713299336184425,8.617568607684724,8.53757443365362,8.47216461986372,8.419327942850503,8.376867127025069,8.34273453586427,8.315173571525236]}