{"timestamp":"2024-05-12 03:16:54","trueValues":[8.58581057320848,8.834784197106709,9.142083567264788,9.48280932787728,9.829190541493348,10.15658646476044,10.445778444807852,10.6830145717566,10.859828942370012,10.9738852735434,11.03066625559342,11.044246465940482,11.035027848966326,11.023780732258958],"predValues":[8.035822154124896,7.849855082147109,7.710616595939227,7.646094782360105,7.645634967824144,7.681378504593303,7.729836046176172,7.777781944417003,7.819770187846518,7.854568845612588,7.882772752935722,7.905555898720744,7.924116990226143,7.939481972023483]}