{"timestamp":"2024-05-12 03:28:04","trueValues":[8.228706909875786,8.205999513884262,8.221587226653359,8.282854456999619,8.390689205133823,8.538681709582416,8.715046099843581,8.9059945845572,9.09838045482601,9.280388337597046,9.441152788806654,9.570893845642564,9.66175479268106,9.708468760069763],"predValues":[8.625591972654128,8.617767417669059,8.596089421502839,8.565094466525293,8.527175183055913,8.48463702270449,8.44070187668774,8.398578878362425,8.360418524497604,8.327161973053874,8.298887631712224,8.275193096306502,8.255469444812494,8.239069215837366]}