{"timestamp":"2024-05-12 03:28:09","trueValues":[8.645857301618825,8.812880280503745,8.978247661270455,9.125827395791678,9.242142399755007,9.316720064867985,9.342967235420168,9.319682014688077,9.252203035486348,9.152593917559622,9.03858117574109,8.93070921718201,8.847870306169174,8.803306835549527],"predValues":[8.343835964440586,8.379876918819999,8.400749309287663,8.40808162350938,8.400908250959631,8.38029792819859,8.350617830162895,8.317220942259635,8.28423150850876,8.254002290917404,8.227503418419815,8.204860874883071,8.185775647964428,8.169773570535469]}