{"timestamp":"2024-05-12 03:28:14","trueValues":[9.409182123331124,9.470524040315883,9.479459858060986,9.4360581500637,9.346123211027107,9.220558227017223,9.073180491945326,8.917160635696092,8.76214678986224,8.61445250039015,8.47994425655019,8.366510934204719,8.283642520640733,8.239788971769958],"predValues":[9.358011410197332,9.3802876968378,9.357212980795005,9.294763256303948,9.203614725838916,9.096970179723227,8.98708938979837,8.883009970900353,8.789877859000708,8.709613909389256,8.642052801464054,8.585940543906796,8.53960692021807,8.50135008503732]}