{"timestamp":"2024-05-12 03:28:24","trueValues":[8.784253769069524,8.749307598547698,8.725916062315962,8.707494509903848,8.682597280408398,8.636164517516256,8.553650931932332,8.426602049336164,8.257047432615964,8.058430942490501,7.85293025797432,7.666865375736861,7.525757331467734,7.449698957233462],"predValues":[8.879831403249739,8.862596331813654,8.833051254462507,8.79734891494946,8.758157034949338,8.716694255876817,8.674812062158196,8.634795439669585,8.598365636350223,8.56635403940733,8.538870951171782,8.515599019877147,8.496023146927644,8.479571886512687]}