{"timestamp":"2024-05-12 03:28:29","trueValues":[8.72065636875981,8.679848227376347,8.59436498409861,8.46081889553043,8.285856806709575,8.083822007481796,7.872771919672933,7.670438639679905,7.490786176803491,7.341903811622876,7.2261424456239425,7.142255529573363,7.087921132958908,7.061247371464403],"predValues":[8.593547417906343,8.661141483636436,8.703578910051949,8.721775073604817,8.716165602054836,8.690745034512389,8.652938179683883,8.610370782570056,8.568498157246406,8.530290492984241,8.4969029076872,8.468433743192453,8.444458269078922,8.424355868617429]}