{"timestamp":"2024-05-12 03:28:34","trueValues":[8.008280592364546,7.802965694183992,7.617594520581713,7.468288753923764,7.364403360812596,7.308153956260797,7.29623359665193,7.321855632066203,7.375904305775366,7.447349916268822,7.52393242591634,7.59359539126951,7.6461293348974895,7.674279818682054],"predValues":[8.485470536221701,8.416891723176153,8.351442306862635,8.303224772520213,8.274137117606285,8.258279097679344,8.249398032416558,8.243758792526677,8.239688237834045,8.236575851581959,8.2342321263923,8.23258556509156,8.231576896788685,8.231131966422673]}