{"timestamp":"2024-05-12 03:28:39","trueValues":[7.25724477925613,7.232343031351947,7.248202646011384,7.298213722832806,7.37408285547771,7.466255204204318,7.564985358737734,7.661529400809714,7.748739207801675,7.821169299821837,7.875443362390246,7.911039120614898,7.930594793619468,7.9386149691238845],"predValues":[7.482962153395919,7.45145077087885,7.442985133430925,7.472286482499138,7.532800999107916,7.605674426761595,7.674806611982791,7.732627625408082,7.777922280876534,7.812361060676308,7.838347226676863,7.858097722834531,7.873371539090927,7.88547236926044]}