{"timestamp":"2024-05-12 03:28:44","trueValues":[7.69495153864414,7.813494118113766,7.905454898996082,7.954832601228373,7.948193464064336,7.8764004676757935,7.737005431894684,7.53628814749625,7.289646554082719,7.019937686711368,6.754517852384417,6.521986850766799,6.34895305932074,6.2565072139712985],"predValues":[7.463430667167518,7.5052195690352,7.54427430204078,7.587548697227241,7.632317356761202,7.671716020408132,7.701740314873925,7.722523931899387,7.736231720846023,7.745240630497131,7.751411182096485,7.755996303807395,7.759763061959791,7.763151071144706]}