{"timestamp":"2024-05-12 03:28:49","trueValues":[8.106557842869478,8.030060917199172,7.878776087515344,7.656509448705259,7.373274326102916,7.043500390897531,6.684415804017716,6.314881200889114,5.9542663352862935,5.621128046094666,5.332045105881575,5.1010540842763055,4.9396156592461375,4.856424179457607],"predValues":[7.937958736702329,7.958777703631423,7.962318275558327,7.95711997920322,7.946772291622841,7.932203347129086,7.914769465708667,7.89657596004329,7.879485477686721,7.864606091934005,7.852342599050036,7.842643967594986,7.835225803607306,7.829714939683244]}