{"timestamp":"2024-05-12 03:28:54","trueValues":[7.096547306811296,6.77454476884116,6.4448170808781216,6.1226520130879045,5.821120125891152,5.550073078615216,5.315966813528807,5.122476657454629,4.9712312974000445,4.861800321709463,4.79080814682199,4.751250674397467,4.733387544147234,4.727512566248688],"predValues":[7.399397107520513,7.306861425573871,7.23819702855111,7.214412922336938,7.2338761008568175,7.279401460959498,7.333008659556388,7.383613774232071,7.426740922451525,7.461756995414367,7.48965949829601,7.511881829820409,7.529777386298033,7.544457696277666]}