{"timestamp":"2024-05-12 03:28:59","trueValues":[5.168513793793722,4.890094298194953,4.690088713007651,4.585597828208315,4.590778997800902,4.7137354728857215,4.953148393077891,5.29619286151403,5.7183115758970064,6.184286563485436,6.649965728196104,7.065064363690382,7.378608440508819,7.547759324119119],"predValues":[5.93146445139446,5.863697091399947,5.861037874965095,5.93587136174909,6.072532893139969,6.239324370024415,6.40646828279018,6.555734446924511,6.680189098434983,6.7799599488155415,6.858355403520744,6.919530670959812,6.967389124702187,7.005192790065702]}