{"timestamp":"2024-05-12 02:49:04","trueValues":[9.496371464589402,9.582809686842696,9.671647981500458,9.753737368240802,9.818444170789304,9.855403159508146,9.856674161306394,9.818799796135616,9.744398083174548,9.642789170699515,9.529034775545115,9.421274979838165,9.33728467196418,9.291288334198075],"predValues":[9.567674612313334,9.564136432485174,9.556866047041998,9.549933213310194,9.541620935970506,9.529047001827577,9.51203652188449,9.492511680374818,9.472635997716315,9.453920748736437,9.437147352357556,9.422567776313835,9.410115041840502,9.399572265318277]}