{"timestamp":"2024-05-12 02:49:09","trueValues":[9.925968477664547,9.949810791614771,9.93122790543195,9.869077990649892,9.768375949386822,9.639674658137436,9.496905699975116,9.354596024771258,9.225471066255787,9.11860644705584,9.038224487239782,8.983793609309398,8.951592770777136,8.937038710453333],"predValues":[9.831048404849632,9.82545408325835,9.807046617649938,9.780636252805802,9.748577877043065,9.71219618148729,9.673797149325768,9.63616465191668,9.601411709815457,9.570638156865918,9.54412732387462,9.521662858799782,9.50278601026044,9.486957227095902]}