{"timestamp":"2024-05-12 02:49:14","trueValues":[9.564001411800623,9.424496871054885,9.296058710667117,9.193727915949497,9.128125405316489,9.103749919135543,9.118550099841029,9.16499189955064,9.231987143228988,9.307177185619912,9.379233047081328,9.43945705658733,9.482149108624489,9.504147911810884],"predValues":[9.887945802371764,9.820862848406213,9.751127322724535,9.69301154957648,9.650480033943785,9.619388597650309,9.59504181665427,9.57479243501452,9.5574933084899,9.542658043669537,9.530009688676856,9.519303717862677,9.510289758225332,9.502713715720684]}