{"timestamp":"2024-05-12 02:49:19","trueValues":[9.273104131138917,9.288031358866473,9.312779480873669,9.330614969093997,9.324888816283153,9.282421621527742,9.196282145828448,9.067331013154895,8.9047698300013,8.725675257709268,8.552227898969592,8.406155984022075,8.30305254141079,8.250461453201751],"predValues":[9.348541888644014,9.35458964584128,9.36406395159208,9.38364992451405,9.40831618358652,9.429338478908685,9.442327043500226,9.44760720279006,9.447405203340736,9.443979717942195,9.438992457853882,9.43349063074729,9.42806375606795,9.423003669862378]}