{"timestamp":"2024-05-12 02:49:24","trueValues":[9.168769289253005,9.097999313759786,9.003048409449976,8.895943517220829,8.794910568965118,8.72080919729055,8.690787029134748,8.711929460971508,8.778921249396117,8.876757290577522,8.985796593322696,9.086362019168725,9.162201649262478,9.202597818084818],"predValues":[9.553196035994278,9.590101866963298,9.613250472278343,9.6237852751381,9.62091847769019,9.605483061874336,9.58130160148024,9.553187530754307,9.524941628808811,9.498814594771227,9.475799415408233,9.456102342789135,9.439510214337153,9.42563338374608]}