{"timestamp":"2024-05-12 02:49:34","trueValues":[8.84992219531231,8.944031612442435,9.029281227409705,9.099881098103491,9.154920632269338,9.196184335568775,9.226193480075873,9.247388006507457,9.261770367299338,9.270541927597488,9.274284233184968,9.273891397413784,9.271299425532456,9.2690742421249],"predValues":[8.915311809157277,8.940394559199603,8.971466858703142,9.011583417761418,9.053257498889485,9.08726835880319,9.109905586564947,9.122424236648063,9.12783835346745,9.12896210829869,9.127817090367522,9.125673238317194,9.123254029122789,9.12093103545556]}