{"timestamp":"2024-05-12 02:49:39","trueValues":[9.388986431018694,9.443677781923206,9.471046580996637,9.465134907638916,9.41951545831905,9.328590190403268,9.18987663697488,9.006261263849225,8.787137045419877,8.548389643643684,8.311581968158501,8.101985479018525,7.944862865249229,7.860629094881061],"predValues":[9.42670982817998,9.422283382352289,9.409309701930695,9.394381411048144,9.378235807694663,9.359565211224632,9.33868963129198,9.317299484341046,9.297058607941269,9.278992415086716,9.263495336281066,9.250541324226909,9.239881600655073,9.231180208586686]}