{"timestamp":"2024-05-12 02:49:49","trueValues":[8.5256397214523,8.266700879983667,8.01988173968573,7.801550369094978,7.6231590738330945,7.490384835792334,7.403539690964153,7.358137391052311,7.345425778337342,7.353673734799745,7.370821627526121,7.3876872526009425,7.399624622689751,7.405514501370045],"predValues":[9.22810343802698,9.179198839768109,9.142314803476514,9.127394486256437,9.130502088311037,9.141173506587831,9.1516737569102,9.159061620980482,9.163227593834044,9.165032299440506,9.165396961604284,9.165020604735544,9.164351880242783,9.163648071635135]}