{"timestamp":"2024-05-12 02:49:59","trueValues":[7.142040240686584,7.288560009676354,7.493131496725644,7.7541578430297955,8.063476941892368,8.405030634458338,8.757836493717912,9.101097347419422,9.417981325659182,9.696468398047411,9.928112329714873,10.106593195785209,10.227380361241076,10.288097143087928],"predValues":[7.95228714237814,8.065692025327456,8.179060495218145,8.291475846654523,8.392492581796539,8.47211412000139,8.528234882798618,8.56486216715857,8.587707507510885,8.601685603615365,8.610289717001578,8.615774002050728,8.619510194496979,8.622299913207645]}