{"timestamp":"2024-05-11 23:48:04","trueValues":[8.385736231794144,8.437748697896371,8.504762812575901,8.586345340171691,8.681191789503103,8.786917238124364,8.899404618311749,9.012985719201726,9.121740096407857,9.220886210333628,9.30702887549791,9.377163084303254,9.42761244677196,9.45427212146276],"predValues":[8.48553964129647,8.44889375172408,8.420866062341606,8.409482330217195,8.41189223680538,8.420127966985326,8.428237447509442,8.434013037027619,8.437482377569761,8.439390209210877,8.440475424673497,8.44125737517338,8.442034275687032,8.44294938635022]}