{"timestamp":"2024-05-11 23:48:09","trueValues":[8.787807630433884,8.888222885636662,8.98650146508534,9.077446401368553,9.157605098635356,9.22557525544544,9.281012941157456,9.323483325377858,9.352511177823237,9.368884296345954,9.375620977980912,9.377097168693474,9.376929190204036,9.376734632839687],"predValues":[8.723096575265394,8.715610900935442,8.70419447679489,8.692162485911396,8.67843051018859,8.661285009560956,8.641233640539294,8.620308092321807,8.600469088510685,8.582910286378183,8.568086716262782,8.555965154570838,8.546262536284551,8.53859931507019]}