{"timestamp":"2024-05-11 23:48:14","trueValues":[9.270005034324283,9.332731179114417,9.378638211860816,9.40531596018656,9.41161568511798,9.398866330400638,9.370313708238667,9.329368419860666,9.278749484170028,9.221475729779156,9.162470095899078,9.108848278920988,9.068255958001805,9.046529322494496],"predValues":[9.13984137337729,9.106401959274171,9.063962406548669,9.018763435029896,8.97387968896757,8.930457515236602,8.889772168255227,8.85321531791379,8.82164493029442,8.795218352336589,8.773585274468969,8.756133053624861,8.742170904845327,8.731035950990082]}