{"timestamp":"2024-05-11 23:48:19","trueValues":[9.319219542264625,9.294316731205445,9.268239665452692,9.24613188887916,9.232615467831884,9.232867435566044,9.252358256115828,9.294662788156783,9.3587083082975,9.437662982530831,9.520466809428784,9.594918490674685,9.650509802283684,9.68004903228235],"predValues":[9.384222433479634,9.328322275344169,9.265059768858332,9.203665225701249,9.148565091700602,9.099972529433185,9.057355429823277,9.02053146178898,8.989340088925841,8.963404422787619,8.942143980746252,8.924882064646507,8.910929750050688,8.899659243933398]}