{"timestamp":"2024-05-11 23:48:24","trueValues":[9.262353507814886,9.272942531579456,9.30024435188811,9.342759388618362,9.393906180764734,9.44378462900035,9.482460081460948,9.502936978269936,9.502810994402855,9.484465191784238,9.454121153453263,9.420240530026623,9.391607108084926,9.375333926131873],"predValues":[9.399383555306407,9.363565331898748,9.322241560342013,9.281016662199942,9.241569890789425,9.203521699776726,9.167181998843311,9.133618195605612,9.103763208573,9.078019441911636,9.056308222151776,9.038259571354663,9.023367427741992,9.011107124323011]}