{"timestamp":"2024-05-11 23:48:29","trueValues":[9.43943313559991,9.483453068227623,9.511215766227236,9.52012713140742,9.512082769126836,9.492464901554976,9.468514145795108,9.447425934863166,9.434416107171694,9.431399936446788,9.43690123197588,9.44710805151923,9.45738610244734,9.463695395773732],"predValues":[9.39184206533914,9.41077579267079,9.4160336257057,9.407776632425826,9.386071260018449,9.353269207335698,9.31409779306926,9.273529393137494,9.235122387313496,9.200753775743488,9.171052946185362,9.145908267364492,9.124848761617454,9.107274277948754]}