{"timestamp":"2024-05-11 23:48:34","trueValues":[9.53481727557077,9.51444297321894,9.492388885972728,9.472237846170149,9.454435847332212,9.43645577003237,9.414148651897005,9.383579756284284,9.342753541265882,9.292922935005103,9.239015129332971,9.188650287686484,9.14989881964364,9.128952539903722],"predValues":[9.761221979415758,9.742989402804264,9.70392005141748,9.65169096748473,9.593533199714315,9.53430324012999,9.477587110534753,9.425956582864998,9.380748574528756,9.342228342697638,9.309978067458044,9.28324131403,9.261160647908875,9.242902555577466]}