{"timestamp":"2024-05-11 23:48:39","trueValues":[9.489353046880384,9.483592873109655,9.467015097250124,9.43483020604281,9.38510485212668,9.319449715321351,9.242410314814112,9.159722903388271,9.076565045876505,8.99710271513237,8.925330981843754,8.865827259847844,8.823262786410258,8.801141454610521],"predValues":[9.40230882627912,9.379592393470126,9.356957823595856,9.338860799246406,9.3234402676005,9.30701983868044,9.288338610660444,9.26837202824975,9.248644124135756,9.230300979404628,9.21393955558687,9.199732083791908,9.187588195845038,9.17728516077451]}