{"timestamp":"2024-05-11 23:48:44","trueValues":[9.247352390815076,9.176716904428911,9.11138815620749,9.058545631841792,9.023458859071685,9.009839311989754,9.020093973507944,9.05438603791821,9.109049215215316,9.176045522048655,9.244516956439565,9.303836752621091,9.346350194618848,9.368205471880724],"predValues":[9.56031173238547,9.539376615773016,9.511134434870009,9.481424036916914,9.451798159786035,9.421719910204176,9.391585844984998,9.362731286804038,9.336395342809656,9.31325417957958,9.29345344934833,9.27679700001906,9.262916979963002,9.251388127181574]}