{"timestamp":"2024-05-11 23:48:49","trueValues":[8.945211714488487,8.937830760925682,8.958274699929781,9.00613155893966,9.07696585531016,9.163546008755478,9.258430997455507,9.356137067938604,9.45328604520356,9.546791590295705,9.63195668444076,9.70249755003224,9.752481782190005,9.778181427919016],"predValues":[9.22621208528831,9.20575910946674,9.190798392356797,9.187100739279169,9.190780850299356,9.194744823703594,9.195105764824884,9.191632437451506,9.185642622201549,9.178548720487782,9.171358071669342,9.164650095219285,9.158687390421736,9.15353853077396]}