{"timestamp":"2024-05-11 23:48:54","trueValues":[9.254854012469975,9.34314850334706,9.420780612764815,9.48174510972584,9.521386438500707,9.535114958969777,9.519062381678484,9.472601445178933,9.400636483469714,9.313656052168238,9.225320098246293,9.148846296197162,9.093919988038436,9.06562092834312],"predValues":[9.251152106772365,9.284150843129456,9.30684920230351,9.320225286891258,9.322228270904557,9.312203250865595,9.29298778745989,9.26902640015006,9.244112957540915,9.22061935842952,9.199681052352076,9.181629743667472,9.16635539583358,9.153544378126442]}