{"timestamp":"2024-05-11 23:48:59","trueValues":[9.540245744982606,9.53872064914021,9.509875127776722,9.457534412569345,9.390433384968851,9.319764940777798,9.255610978827445,9.203998524792633,9.16609173339446,9.139878583802163,9.122798467206811,9.11299033078713,9.10865372155664,9.107444382748184],"predValues":[9.576332946604364,9.582920254962325,9.573315181146963,9.551460967040082,9.519911310943144,9.481377258097073,9.439706898011494,9.39875257281602,9.361164196339285,9.328203201984564,9.30012474695101,9.27661201104968,9.257087701117506,9.240911797846628]}