{"timestamp":"2024-05-12 00:30:04","trueValues":[6.885624266024507,6.935146291547565,6.982101329331712,7.047813344929351,7.147478544282139,7.287211929140865,7.463082749694932,7.661747879161483,7.863388513674328,8.0471933941781,8.197370416355634,8.306568660772776,8.375203289455635,8.407653437834563],"predValues":[7.47223491948181,7.504722278285613,7.5060044432113235,7.479442578780195,7.432497109391017,7.375276778538716,7.317258815650334,7.2648003560271,7.22082932852922,7.185845416005019,7.15905072062967,7.139145003842521,7.124761579895646,7.114667720570668]}