{"timestamp":"2024-05-12 00:30:09","trueValues":[7.214209328155119,7.360477129410732,7.531319226831625,7.711196015412288,7.88445014573136,8.04099147950635,8.179195781691442,8.304499761149698,8.42467853615885,8.544234036551337,8.660652432338072,8.764503007123107,8.843144582209986,8.885535495594404],"predValues":[6.894605533645708,6.794945384279153,6.715956157508437,6.674926082519466,6.671420594707445,6.692458305777057,6.723686889065071,6.755701409684207,6.784224529295024,6.808125050981307,6.8277107581145255,6.843762006462072,6.857090780652476,6.868387599855929]}