{"timestamp":"2024-05-12 00:30:19","trueValues":[8.723830683790439,8.738909942682486,8.697719065500305,8.59265543086433,8.425752588494007,8.209751919444207,7.965938849898713,7.719026949327338,7.490601453622859,7.294492148767757,7.136654563263354,7.018420032953946,6.939705100172312,6.900370491613919],"predValues":[8.110064925413992,8.095848682590308,8.059731712628649,8.0084437866565,7.947989338305019,7.884449879942611,7.823402722680614,7.768686919211184,7.722008833303611,7.683469996260055,7.652295102299361,7.627369433407757,7.60754398482284,7.591777662014341]}