{"timestamp":"2024-05-12 00:30:24","trueValues":[8.191590042639973,7.96397892366277,7.739793555872856,7.540212518376869,7.377711669269319,7.255754235951117,7.171921275016608,7.121118147722836,7.097091642169474,7.0929820165307245,7.101911721134597,7.117389397361562,7.133102296631489,7.143007445944598],"predValues":[8.777675497529035,8.727667344383853,8.639741502501789,8.531683491818331,8.42027308764234,8.315567470451416,8.222470974244152,8.142799201965719,8.076425106594046,8.022110909924521,7.978140945581638,7.942721139508896,7.914196159376836,7.891138719602731]}