{"timestamp":"2024-05-12 00:30:34","trueValues":[7.176726204023032,7.3451841763644,7.543702590441442,7.754195850820919,7.953954435201311,8.119626409874503,8.232242963393956,8.281309161212288,8.267143949828434,8.201103950914392,8.10330485436911,7.998441624449965,7.911172280778203,7.861734244499864],"predValues":[7.307568689435255,7.354427777480973,7.401309457570365,7.448686833676849,7.490882923908167,7.522272309389394,7.541806719294035,7.552036662458558,7.556395332155224,7.557664739220977,7.557661815544737,7.557415163585562,7.557429250389266,7.557900759630188]}