{"timestamp":"2024-05-12 00:30:39","trueValues":[8.162502653514796,8.294110610524458,8.361536697765112,8.362486626754434,8.305110277906405,8.205908614132067,8.085860872976225,7.966249025368926,7.864841846554466,7.792347167868271,7.750193869625559,7.731666001713799,7.726522989418507,7.7261522141134975],"predValues":[7.9088519449984656,7.982499615278304,8.027590144987439,8.041675088169063,8.02648712167863,7.989486935703676,7.941071122954416,7.890357832257845,7.843124513653379,7.80204898878831,7.767770745392999,7.739861066215131,7.71744816415762,7.699558986609974]}