{"timestamp":"2024-05-12 00:30:44","trueValues":[8.293366933604446,8.185539893343966,8.070017737219233,7.960893913651843,7.865301395301678,7.781695683747658,7.701604762611879,7.614946733063071,7.515903479383203,7.405919563423691,7.293153902415984,7.190101225455781,7.110764612789977,7.067454601911135],"predValues":[8.382029807687795,8.288106974259545,8.18370993780634,8.087159251015631,8.007882440818378,7.946368026935444,7.899584157105725,7.864234253473999,7.837640494392977,7.817756306494506,7.803020446666309,7.792228891874917,7.784442610469718,7.778933075489402]}