{"timestamp":"2024-05-12 00:30:49","trueValues":[7.723008730577765,7.653595872437508,7.587944190885917,7.521522785116902,7.456063534619667,7.39858804656822,7.358623518674435,7.345051281989845,7.362732612735686,7.409418672305732,7.474847888674319,7.543405704408686,7.599111570968553,7.629990110473989],"predValues":[7.584490797668722,7.565282776347988,7.555154364485626,7.561877756683131,7.581489245325015,7.604653000598763,7.624649085560609,7.639314245581542,7.649164908201083,7.655532675052278,7.659673132185925,7.66250803498394,7.664640192329307,7.666428419033323]}