{"timestamp":"2024-05-12 00:30:54","trueValues":[7.432170455018359,7.381292641086087,7.349657932589432,7.341690117468591,7.355513790309839,7.382314864615168,7.409232088603857,7.424490489112805,7.421796454351819,7.401876650760967,7.371065621597806,7.338210145376484,7.311553394361923,7.296838531844906],"predValues":[7.609774484005377,7.589383702751101,7.575055297075291,7.5728035347928255,7.579870060265432,7.589985980056586,7.598837011190723,7.605140191375883,7.609292874791988,7.612133093364985,7.614383260914957,7.616516481415319,7.618786317332725,7.621296426279327]}