{"timestamp":"2024-05-12 00:30:59","trueValues":[7.463332591119096,7.50799015095593,7.535113892802679,7.534604109981884,7.503158111497097,7.443290524703654,7.360811491657113,7.262405599397613,7.154509719851113,7.043650827329528,6.937399382773776,6.844792735231122,6.775588521258918,6.738407598934568],"predValues":[7.356534950683923,7.423786148927661,7.482730119817946,7.534127816543478,7.574084636563539,7.5992471232306,7.6106441447924675,7.612342003321787,7.608644350244159,7.602705832222778,7.596413283587582,7.590717164905389,7.585993833044943,7.582304950996035]}