{"timestamp":"2024-05-11 23:53:04","trueValues":[9.50738043457757,9.510006427418784,9.505561376378656,9.49236443340781,9.469597500736484,9.43950117751968,9.407092492185615,9.377583030526848,9.353777395423997,9.335485813710198,9.320976405896245,9.308988270156355,9.299771247914691,9.29461654091444],"predValues":[9.494791616264688,9.438646400902542,9.38724817259951,9.352704672032589,9.334661868587954,9.325828113722512,9.320147676576518,9.314929711853974,9.309575663291888,9.304257761999684,9.299280070306336,9.29484990343616,9.291058161141343,9.287902717111905]}