{"timestamp":"2024-05-11 23:53:14","trueValues":[9.38134819394675,9.37827301811954,9.372478823388926,9.36268982375918,9.347527107199909,9.32518543652716,9.294187557873377,9.254627560455734,9.209034690010782,9.162303712142135,9.120448894664674,9.088427197749311,9.068245858029336,9.058977272770347],"predValues":[9.538723307027702,9.5475405829907,9.549702508675969,9.549418646291915,9.54513147376876,9.5342995190875,9.517327844301786,9.4967908792355,9.475379469184638,9.454958388012964,9.436499890964722,9.420348971836262,9.406474267555184,9.394658362924716]}