{"timestamp":"2024-05-11 23:53:19","trueValues":[9.260266002979373,9.227980112047394,9.195176464632148,9.166625437202676,9.149005769446628,9.149246574053322,9.171900812295023,9.21678827939984,9.278610742442993,9.34895279805014,9.41901683862572,9.480956780295978,9.527702642334576,9.553038689054803],"predValues":[9.39112177782905,9.3764018653258,9.363910857272591,9.36001705209812,9.36167291600508,9.362709492126612,9.360014925788128,9.35380344272141,9.3455570809915,9.336688773588673,9.328141538994773,9.320411339015635,9.313683694198144,9.307960199274795]}