{"timestamp":"2024-05-11 23:53:24","trueValues":[9.15967771930092,9.179417318119876,9.21929254099396,9.273838771241458,9.334703863210317,9.393461250398722,9.443015436360422,9.477476010837623,9.492252802133184,9.485500704750772,9.46000996897856,9.423861635944508,9.388988025751187,9.367621799787678],"predValues":[9.203581768034027,9.136913444517088,9.089795478229735,9.074184641839466,9.084353719380442,9.106300959549513,9.129242249640251,9.148395518478669,9.16284645276782,9.173278129592916,9.180738819780457,9.186165694459795,9.190257778041106,9.193494553427776]}