{"timestamp":"2024-05-11 23:53:34","trueValues":[9.498487674609825,9.448114327723363,9.390379164064036,9.337122009249724,9.296813550714589,9.271379693734689,9.256579513029203,9.245776795110348,9.234076774374495,9.21996498652921,9.20440837104376,9.189367385731586,9.177138445385,9.170148732860888],"predValues":[9.761019979966434,9.741216060270196,9.710532875495357,9.675705512544384,9.63961937407762,9.6028331480457,9.566428063080004,9.532074867257446,9.501099314858584,9.474131325218814,9.451212892960497,9.432024540007196,9.416083062413032,9.40286432476476]}