{"timestamp":"2024-05-11 23:53:39","trueValues":[9.266229239354418,9.25123981705957,9.240863424294288,9.230389221269334,9.218453180124268,9.206109419038068,9.195305637964218,9.188187283685531,9.186862060982468,9.192517513986044,9.204155871732103,9.218408527614418,9.230927177697534,9.238128989643435],"predValues":[9.221491145526604,9.205169058443715,9.197886446718082,9.207214568656871,9.22753571325888,9.248663260925692,9.26454892288254,9.274093396863108,9.278564495200648,9.2796845289894,9.278871746994618,9.277099999193048,9.27496518396019,9.272801131964927]}