{"timestamp":"2024-05-11 23:53:44","trueValues":[9.146637591692052,9.128778182484306,9.120457399904645,9.12620375266042,9.14949482074499,9.19114657561813,9.248710571323034,9.317395168290728,9.391347698265792,9.464323188799131,9.530226040718633,9.583934504828932,9.62177059641984,9.6413289273119],"predValues":[9.353099634113764,9.329795808169235,9.312110224803408,9.306646671276688,9.30959639481432,9.313793199162776,9.315261416212866,9.313529005146162,9.309625631576722,9.304732992283093,9.299713305967389,9.295069976520423,9.29102998753394,9.28765500199773]}