{"timestamp":"2024-05-11 23:53:49","trueValues":[9.15979466635053,9.203657252038774,9.2591512849656,9.322321296966743,9.389247435570322,9.456446805007984,9.521473085632916,9.583068565084329,9.64057621357442,9.693332622385403,9.74038998883796,9.780130722604994,9.809796999625735,9.82590539255434],"predValues":[9.265754009071008,9.25956378910422,9.257380600319024,9.265294194535048,9.278978062494264,9.290890714229404,9.29720798121827,9.298089868287818,9.295292707492177,9.29057867823795,9.285206556040924,9.279921612553606,9.275100204644737,9.27088532666134]}