{"timestamp":"2024-05-11 23:53:54","trueValues":[9.483296784443148,9.55134827261046,9.613283961660734,9.667365061597287,9.71191231910324,9.745184817871916,9.765185952819996,9.769400299225897,9.755416621557682,9.722850589284144,9.675513613067524,9.622319715975502,9.575888547815852,9.548758958616624],"predValues":[9.695489763873187,9.73035061620655,9.74482812937061,9.740336831088136,9.718739900490398,9.683977389994206,9.641917383602433,9.598253076321026,9.556933557384273,9.520009652780312,9.488149023846914,9.461216649899525,9.438688927102396,9.419908825667733]}