{"timestamp":"2024-05-11 23:53:59","trueValues":[9.73476217786429,9.760616512645283,9.773537566894554,9.771098689332714,9.752522182079868,9.720760958138634,9.683334712798857,9.650901043322374,9.633508890735566,9.636205583384042,9.656722348505395,9.686650161655264,9.714990152817943,9.731983622281083],"predValues":[9.65768981955216,9.615031788474887,9.572949455828187,9.53987417231135,9.515669854084834,9.49591483951843,9.47762006833964,9.460114689745712,9.44375805012544,9.429006774549794,9.416109109710447,9.405080471354848,9.395785838798446,9.38801098630946]}