{"timestamp":"2024-05-12 00:41:04","trueValues":[8.54842100671608,8.73670921183985,8.900343649962359,9.02956402663876,9.116790046744416,9.156710985283349,9.146646628509522,9.088033298823133,8.988263644491944,8.861142467356018,8.725248400978195,8.600886642635539,8.50656034188614,8.455889045811926],"predValues":[8.486479736102075,8.544339288895987,8.574276404652071,8.580240172604618,8.566105261138162,8.53718292682618,8.500250251193501,8.461552738266725,8.425283471351825,8.393509223761887,8.36680649129373,8.344924369368194,8.327244633354848,8.313052311518582]}