{"timestamp":"2024-05-12 00:41:09","trueValues":[9.350063263443923,9.387163651777293,9.36293753887335,9.275395230156253,9.12818547357379,8.929969261304485,8.692745094849446,8.430015042663495,8.155627761730297,7.884078307271354,7.631859402746485,7.417916470192301,7.26162949625021,7.178989395221709],"predValues":[8.924286963637247,8.878865261146721,8.825318396595879,8.773181541359069,8.726393684698113,8.684875355777027,8.648102419182564,8.616092151183413,8.588924554193062,8.566418891862112,8.548132625923294,8.533478894818574,8.52183841076252,8.51263015954958]}