{"timestamp":"2024-05-12 00:41:14","trueValues":[9.018765029762392,8.824255507388186,8.603805800467022,8.365641007628879,8.117236437442498,7.86703752741087,7.625550375208844,7.404265560037974,7.213062715491455,7.058043288093874,6.940899820599565,6.859601155387827,6.809772143859545,6.786503667818648],"predValues":[9.251220148692136,9.196943428236237,9.13653283502836,9.07953390620407,9.029654926390954,8.985975734939597,8.947250845771665,8.913114799357128,8.883531714214858,8.858349293391614,8.837217758893566,8.81964566732361,8.805099049084781,8.79305376876383]}