{"timestamp":"2024-05-12 00:41:19","trueValues":[7.713373091056255,7.466381453860145,7.257999353514855,7.10356678767531,7.013679956402306,6.992605300696567,7.037892514080045,7.140644849753754,7.286327915761323,7.456292112943903,7.629791034700905,7.785791222582706,7.904371278265957,7.968723252834398],"predValues":[8.389226569647466,8.337220216686472,8.313616315244195,8.327750163555656,8.36983090146986,8.421623826065321,8.469634576760935,8.508401726339978,8.537584533626086,8.558857201949913,8.574235738973458,8.585447239988447,8.593793006710523,8.60019293400036]}