{"timestamp":"2024-05-12 00:41:24","trueValues":[6.655053190642833,6.644723709591768,6.721061959378854,6.88424588557162,7.130366798825642,7.451557352167244,7.835417968872914,8.263659459327592,8.71118179722026,9.14738552123205,9.540147403145436,9.860639729443124,10.086571860892196,10.203191458762008],"predValues":[7.3597547155906495,7.340570881046085,7.3649641750732195,7.44442145583112,7.564917051029212,7.698884148975981,7.823566182761317,7.928166281818844,8.011021405945375,8.074820805704412,8.123471575707885,8.160667647990934,8.189429977475951,8.212062421040226]}