{"timestamp":"2024-05-12 00:41:29","trueValues":[7.563374147340625,7.913231080428814,8.28426499789115,8.649776622513212,8.9801469876716,9.24768622148396,9.432219628949044,9.52484435012664,9.52903371239012,9.460039737318462,9.343269703016656,9.211189173611071,9.09810297137194,9.033134632694312],"predValues":[7.470678726355767,7.516388012272833,7.579921889071507,7.66370355277744,7.756388873789831,7.842590012478917,7.91319945156767,7.966744987174766,8.005841980591455,8.034103564073146,8.054733820990371,8.070155681580022,8.082074180667645,8.091640449325638]}