{"timestamp":"2024-05-12 00:41:34","trueValues":[9.440842879125192,9.66722950933524,9.787583970707557,9.796335862638276,9.699179974865842,9.512488894335476,9.261587504639948,8.977181848386522,8.690179967631778,8.426396063055604,8.203314250151998,8.030420795165469,7.912420690532776,7.852388580503632],"predValues":[9.06128059807014,9.141145332980429,9.17333394523023,9.160235344096556,9.110633316160015,9.038013982550488,8.956149453091891,8.875507817667955,8.802200622775727,8.73878050356167,8.685550990777266,8.641651460452897,8.605759347772985,8.576475806550963]}