{"timestamp":"2024-05-12 00:41:39","trueValues":[9.668307016924135,9.45971441188955,9.208430286395304,8.937533077526679,8.6641714753763,8.397123419172296,8.138237203875983,7.887044775500179,7.645536625986973,7.420186571898455,7.220877436292809,7.058617657580702,6.943641165757893,6.883939165355145],"predValues":[9.90526087622133,9.799379143815592,9.647155548269906,9.487602562178742,9.346298100024022,9.228959809376615,9.13333805426405,9.055872860180736,8.99330672021757,8.94285257355138,8.902156860808791,8.86925061893639,8.842511207620856,8.820622972554089]}