{"timestamp":"2024-05-12 00:41:49","trueValues":[7.604896197304199,7.474949685765227,7.351074320833442,7.226456607925392,7.092291497360534,6.939515061216698,6.761712488034094,6.557971590825776,6.334339329422761,6.103580872972963,5.883580349037796,5.694627140463751,5.555980366458576,5.482580477740097],"predValues":[7.804371982455538,7.784124992914531,7.793335370437465,7.842886366934175,7.922600931201215,8.01187458783002,8.094335015664122,8.16276100017893,8.216442353836822,8.257531433928095,8.288840551207091,8.31290931717156,8.33175081580727,8.346856919362978]}