{"timestamp":"2024-05-12 00:41:54","trueValues":[7.005390536895041,6.860145490746005,6.688864177417207,6.493366984051306,6.28111486662459,6.06387695094768,5.855491528243027,5.669133746804048,5.514953680276157,5.398591166573923,5.320339902265113,5.275037406028562,5.2535074541955975,5.245917989359116],"predValues":[7.341145250532914,7.373105816035979,7.431045637032122,7.521466172113341,7.63183707649156,7.741603843043049,7.836364176819748,7.911456143162253,7.968340782824427,8.010660464824083,8.042140218480007,8.06584033544946,8.08405430684852,8.09842444135794]}