{"timestamp":"2024-05-12 02:21:04","trueValues":[11.050750848208722,11.086696650215952,11.091274595630637,11.07114694523798,11.03552593708216,10.994085750053312,10.95592539618849,10.928394997555602,10.915456401248893,10.916719960962164,10.928097845734095,10.943661371727025,10.957622723140313,10.96569898007079],"predValues":[11.406402241816274,11.47759056880059,11.490291018388096,11.4570546668893,11.395059441159225,11.31821247170634,11.236732804356455,11.15772922499329,11.085387906415331,11.021539069948956,10.96645169380827,10.919516590180308,10.87973226705842,10.845995169556296]}