{"timestamp":"2024-05-12 02:21:09","trueValues":[11.028071094247103,10.99052364923773,10.959379055194436,10.937429688715373,10.923358832337453,10.912609272168416,10.89947877638485,10.879340494442229,10.850216958047172,10.81342594781777,10.773212110077315,10.73552220229842,10.70639069224089,10.690547556483898],"predValues":[11.23153131853636,11.2100603718057,11.161792071812195,11.105989192358903,11.0544628538788,11.008089627666456,10.965365680979405,10.925852993959108,10.889773234422323,10.85736348593326,10.828637569506874,10.803394548848832,10.781299530135255,10.761956488129975]}