{"timestamp":"2024-05-12 02:21:14","trueValues":[11.016011195544952,11.02456321433634,11.018360768087092,10.990629964737376,10.93765241968713,10.858957686850427,10.75682676527214,10.635560116912878,10.501056657270402,10.360933360316729,10.22495424153919,10.105122320847627,10.014682914765224,9.965726221911524],"predValues":[10.968028884245497,10.977649373808305,10.97108120224028,10.959673017550951,10.946886452408734,10.930534596985945,10.909732374748044,10.885853913527937,10.860892628943953,10.836447506110742,10.813500900245018,10.792520067967716,10.77362355106094,10.756730549744962]}