{"timestamp":"2024-05-12 02:21:19","trueValues":[11.01550407061165,10.941649882473754,10.83575751851805,10.696747876423151,10.525123296924878,10.32426354975692,10.101621351444344,9.869026427632566,9.641680831615725,9.435711029957362,9.264613775337324,9.136205914866954,9.052267170010298,9.011166661002814],"predValues":[11.066676910055437,11.061335087775808,11.034649897365092,11.003278319730056,10.974936202257382,10.948414206138622,10.921971946644591,10.895616334282774,10.870136761638024,10.846280095095343,10.824489138710751,10.804909544718765,10.787482308017072,10.77202722383378]}