{"timestamp":"2024-05-12 02:21:24","trueValues":[10.20712619540384,9.989463283517104,9.778247343528797,9.592269108423546,9.450055648746869,9.365544394924626,9.344215910963488,9.38196748173218,9.467119818017274,9.58342100096565,9.71208295548017,9.833154514897586,9.927388852739794,9.979028417227015],"predValues":[10.795081208354148,10.803537011618356,10.80201404208595,10.80150904346264,10.802469604001926,10.800016905425132,10.791830080375023,10.77881493690857,10.762978711659056,10.746117604992971,10.729466471438682,10.713723272251356,10.699215459169896,10.686029679326513]}