{"timestamp":"2024-05-12 02:21:29","trueValues":[9.205031911449174,9.147846930500506,9.16119909410083,9.240993660781353,9.379040616026971,9.564237963787331,9.782806152153542,10.018774466769036,10.255221201132924,10.476062414881527,10.667733844992728,10.819970729975871,10.925529263262687,10.979579531704347],"predValues":[9.591674804780537,9.50759838135184,9.467935789477044,9.499316935507048,9.58807496196258,9.70025322983475,9.808712049951865,9.900844530366108,9.974106009593488,10.030513292662256,10.073404154683752,10.106022813129616,10.13104948174588,10.150547212803144]}