{"timestamp":"2024-05-12 02:21:39","trueValues":[10.625608986146172,10.746041057833226,10.817022069593236,10.83711144640602,10.808388187867124,10.736530073235048,10.630208194660783,10.49962511906769,10.355225281140829,10.207556241599905,10.067922527522091,9.94850257939165,9.861087317696628,9.81490971200363],"predValues":[10.601066053053287,10.63111825533774,10.634742019143117,10.62226536368236,10.599704151502843,10.569576996791143,10.53479428635002,10.498731005715683,10.464060458126683,10.43234707616029,10.404233537011857,10.379766087923718,10.358668308596808,10.340523442272517]}