{"timestamp":"2024-05-12 02:21:49","trueValues":[10.485289005518158,10.432728217226517,10.375573004617747,10.30498323389643,10.208107487465558,10.070841419564829,9.882696474576829,9.641761631395454,9.357764758238156,9.052090686280888,8.754544434271427,8.4975453190938,8.30963373662752,8.210769092987054],"predValues":[10.548658890658633,10.51981815349263,10.491085858136262,10.476383487690454,10.474768555250858,10.477199459150224,10.477369563949654,10.473594300557286,10.466555682903335,10.457520460166066,10.44760281878175,10.437570888235314,10.427887672527712,10.418789192068154]}