{"timestamp":"2024-05-12 02:21:54","trueValues":[10.071426686390367,9.928719391217845,9.744873313457958,9.526758560697733,9.290664262215165,9.05884756786078,8.853757526961978,8.691885534034823,8.57981783428228,8.514105552895893,8.484431568001426,8.477865256954647,8.482062592880602,8.487076963421327],"predValues":[10.288686662533454,10.343223855963483,10.389583261160872,10.43308862677031,10.468935555362872,10.49102632145646,10.49876715298556,10.49564998253599,10.485894472288631,10.472831486847335,10.4586463413073,10.444603658536783,10.431350899928624,10.419160233161913]}