{"timestamp":"2024-05-12 02:21:59","trueValues":[8.628776121868476,8.382631553415782,8.224603663167017,8.1781623950349,8.255306782098039,8.457182373865098,8.775313698704437,9.191517616711891,9.676482147269285,10.189372038540744,10.681204550375158,11.102001297967243,11.408560446459052,11.569872954069329],"predValues":[9.633019839437202,9.526380077519,9.46374057986108,9.470581450685692,9.53429420331252,9.62359390723874,9.71327528380868,9.791092913773316,9.853906237273154,9.90286399328185,9.940511906438386,9.969467995921503,9.991948939898789,10.009688744169432]}