{"timestamp":"2024-05-12 03:31:04","trueValues":[8.054827378630058,8.027391866580603,8.057210706343334,8.137632002894257,8.260000611407333,8.416106583211281,8.59912605796143,8.802859513084773,9.019499669864931,9.237410296865844,9.440946536737345,9.612807136644829,9.73727494469838,9.802638777034684],"predValues":[8.138703663130672,8.040424817893246,7.977486573681327,7.974123017061331,8.024850926139104,8.104804434491594,8.189942418184236,8.266518283113026,8.329786902740091,8.379898713497425,8.418896833499446,8.449180803573121,8.472891817881287,8.49174713753195]}