{"timestamp":"2024-05-12 03:31:09","trueValues":[8.382856676486279,8.539682670011565,8.71475346643081,8.903003929552206,9.096567243979578,9.284504873743272,9.45491426708061,9.597742761922731,9.706578470486086,9.779409903517406,9.819095353224624,9.833360235389398,9.833265614594714,9.829796539841322],"predValues":[8.708439123118186,8.793897913831007,8.857337967201246,8.899854864452744,8.92092978594723,8.922363982037432,8.90959389579766,8.88916484096351,8.86627378494635,8.84410540853802,8.824213246977077,8.807121701465512,8.792792764212205,8.780933801804382]}