{"timestamp":"2024-05-12 03:31:14","trueValues":[9.388218301533763,9.56688947234846,9.706728906918084,9.79735595985736,9.833216709464878,9.814677944214406,9.748750108152487,9.64833777662595,9.529580174058292,9.408391136013767,9.297935710813334,9.207817377539854,9.144470350231805,9.111844781278462],"predValues":[9.116431231933117,9.152613054349558,9.166913552206712,9.162644984895994,9.142167556509508,9.109066757272757,9.068783814457536,9.02681683412795,8.987085668755885,8.951645396949461,8.921171122131422,8.895528089405971,8.874191897571107,8.856508440515274]}