{"timestamp":"2024-05-12 03:31:19","trueValues":[9.796171605191324,9.742513640943354,9.659926166087178,9.5643969054593,9.470936012877004,9.390872467982383,9.330917968267984,9.293527870198082,9.27767303973613,9.279546318839865,9.293244007814032,9.311761509964576,9.328378622558978,9.338014527869236],"predValues":[10.063153745785549,10.026419082770955,9.950876604498708,9.85195268996719,9.74513910220707,9.640233346088069,9.542864827316343,9.456175168906393,9.381385935949124,9.318291939530226,9.265821519413285,9.22252027956316,9.186861529404968,9.157429678060945]}