{"timestamp":"2024-05-12 03:31:24","trueValues":[9.402896219414654,9.342128406127973,9.30216281507919,9.281622660547914,9.276487090337596,9.280857188950476,9.288034548331462,9.29198363756575,9.288744204291588,9.277218009397652,9.259197000630447,9.23874668269637,9.221033457300637,9.210776669472454],"predValues":[9.40536008111891,9.339760759950895,9.279601602899678,9.23646036787652,9.210025550467469,9.19314371227895,9.179890953670792,9.167672113296677,9.155917340078505,9.144788233575738,9.134544735185012,9.125347381310783,9.117232319222936,9.110144264861653]}