{"timestamp":"2024-05-12 03:31:29","trueValues":[9.339742686315956,9.357117828422822,9.366298703394603,9.360726176480748,9.336676547306215,9.2936123910203,9.233983216734808,9.162540795706342,9.085303648369765,9.008592762756424,8.938483538093498,8.880535477646132,8.83935363728142,8.818041366433977],"predValues":[9.23832833120527,9.252397592850697,9.263263036914342,9.273850997523915,9.280661036853632,9.27978606029156,9.271122941803046,9.2572679058894,9.241147818255836,9.224886331007744,9.20970500923604,9.196144998833908,9.184339194175909,9.174195100777348]}