{"timestamp":"2024-05-12 03:31:34","trueValues":[9.258205077018763,9.205862235501396,9.148154182294476,9.091824509540446,9.043272347162894,9.007748086111752,8.98883509030253,8.987824561478412,9.003076051479884,9.030037130612175,9.06229963213423,9.093214053120796,9.117168529923148,9.130186862854591],"predValues":[9.487871540392842,9.486480933657496,9.476420297926156,9.461928432169644,9.443170125412404,9.419529279334004,9.392349190272444,9.364160698696756,9.337176230154542,9.31272207050386,9.291331391975431,9.273021205049194,9.257531036751022,9.244486656522168]}