{"timestamp":"2024-05-12 03:31:39","trueValues":[8.901255571160558,8.866354850514828,8.858971239064534,8.882009010471203,8.935391617575092,9.016515925367417,9.121113898114949,9.243674937682382,9.37714607382331,9.512477731208014,9.638880481355091,9.745144417982052,9.8215533675764,9.861389785293117],"predValues":[9.14940870519028,9.11883874642256,9.09847985981818,9.095942640419167,9.10614627049753,9.119211382248814,9.128921176831328,9.133790426715036,9.13470367685698,9.133076518134924,9.130110847272348,9.126621040996524,9.123094555873324,9.119786017524392]}