{"timestamp":"2024-05-12 03:31:44","trueValues":[8.98170397816389,9.063384050230605,9.161604687731971,9.271903297570434,9.388672800294744,9.505301966559523,9.615244951051672,9.713518214725369,9.797622811761467,9.867205774701157,9.92279283369017,9.9646869879025,9.992764379781056,10.006834173003984],"predValues":[9.081489579820026,9.088967812065004,9.0994600887249,9.116880946496613,9.13600125753014,9.149806856736449,9.15564251451192,9.15476434848486,9.149680341291871,9.142586971155604,9.134953518281144,9.127615622495696,9.120969309035434,9.115146409119916]}