{"timestamp":"2024-05-12 03:31:49","trueValues":[9.505124419675116,9.607081515411489,9.69533029062372,9.767876798115992,9.82526590482398,9.86935015832898,9.902184637239124,9.925760630862742,9.942232091222632,9.953862475306217,9.962491041257348,9.969010839273034,9.973467585018122,9.975700210510652],"predValues":[9.41336138562214,9.43415457104257,9.441896465726668,9.439476724954762,9.427047379891349,9.40533616013149,9.377413457304916,9.34724962374584,9.31797405618629,9.291383486570258,9.268194481365343,9.248456477278882,9.231873917221863,9.218015160265734]}