{"timestamp":"2024-05-12 03:31:54","trueValues":[9.948352674537151,9.983810488401016,10.000493516605198,9.99776067668684,9.97558751608103,9.93452474907592,9.87572589884265,9.801616021928108,9.717043636693573,9.62979475875549,9.549390472684513,9.484441270796818,9.440215086099792,9.418250303873284],"predValues":[9.809735336635942,9.776791884338664,9.7295282658168,9.677473539303469,9.626411267979313,9.577977115806364,9.532947717509526,9.492243233738217,9.456491989095332,9.42581305694048,9.399909817029648,9.37824324977964,9.360192472672534,9.345140855810394]}