{"timestamp":"2024-05-12 03:31:59","trueValues":[9.798737529775238,9.739206697326916,9.681696390949336,9.635623506023489,9.612282469654083,9.622784314708948,9.674460558043547,9.7674866202323,9.893675676225092,10.038069135221978,10.182315878829352,10.308259346017968,10.400768183300949,10.449522345127829],"predValues":[9.91469371892727,9.876735364511772,9.826675648349262,9.774147817862511,9.72444106915882,9.678216153068483,9.635406622404217,9.596483454829446,9.56194899107999,9.531960578095328,9.506324190088602,9.484616159793736,9.466308630754988,9.450860988656672]}