{"timestamp":"2024-05-12 01:56:09","trueValues":[9.258642565299802,9.272540127413304,9.312676354839017,9.37869455907563,9.466404314704668,9.56945752324237,9.679835869705563,9.787613739047458,9.88195439238931,9.954061285290551,10.000508932352648,10.024434703970094,10.033442284677458,10.035526600047984],"predValues":[9.515056945229384,9.45942789161801,9.421381826915304,9.412478966975092,9.426653480965168,9.45007000133932,9.472668955521208,9.490452880724206,9.503065088447007,9.51150760227376,9.5169956083654,9.520537509236046,9.522863160790768,9.524459488017923]}