{"timestamp":"2024-05-12 01:56:14","trueValues":[9.57502845542373,9.68664856692277,9.795268986599345,9.88979090786809,9.961138176524376,10.00561898684305,10.026157015064332,10.03024325129316,10.025914084147646,10.01845870973509,10.009833333248949,10.000545611200025,9.99190375581144,9.986474754822105],"predValues":[9.51027965825287,9.485499641595778,9.472162362165404,9.477783794209094,9.496105675840292,9.51616103169319,9.531392853327226,9.54045093389692,9.544487201840916,9.54518569467358,9.543959345385185,9.54178731972745,9.539271363428368,9.5367516860868]}