{"timestamp":"2024-05-12 01:56:19","trueValues":[10.115325950925987,10.146685833856065,10.150230924191703,10.1296684434055,10.08630819845308,10.019124776340362,9.927412242149716,9.81387579376959,9.685919774172708,9.554595147969597,9.432282355093834,9.330404995982198,9.25783350434751,9.220233964743311],"predValues":[10.42374881012656,10.42829805035634,10.39980868591666,10.347563123081464,10.282296037849836,10.211871587730464,10.142060046466542,10.076959876569354,10.018888224353653,9.968642456066767,9.92600621966692,9.890222548796649,9.86032397240918,9.835319098470343]}