{"timestamp":"2024-05-12 01:56:24","trueValues":[10.055422482651416,9.983684504533938,9.890593058312906,9.78109766207426,9.663098089019066,9.545268089185804,9.43503061075964,9.33736281385642,9.254689755023028,9.187680690329728,9.136193688584497,9.099628598791837,9.076796282088228,9.066035027214234],"predValues":[10.16859214255777,10.165305398886266,10.149681273058542,10.126801114380095,10.098545112462135,10.065381587080594,10.029070059754586,9.992299249470117,9.957357065779526,9.92559956288078,9.897567886667067,9.873252468743424,9.852349246780864,9.834427643005826]}