{"timestamp":"2024-05-12 01:56:29","trueValues":[9.350074426571387,9.22817254310175,9.141017222803356,9.098260318311414,9.106803831862829,9.170550073872043,9.289392728839417,9.457640196491491,9.662783395140115,9.885565398334728,10.102075318627824,10.287858464791224,10.422586781715449,10.492989437157393],"predValues":[9.865881615153086,9.823147568493567,9.789587486298354,9.775257751678796,9.776320906675242,9.782949678078062,9.788483931412046,9.790772372541888,9.790060590271771,9.787312866183465,9.783453613546376,9.779158998938245,9.774851626470156,9.770764327086331]}