{"timestamp":"2024-05-12 01:56:34","trueValues":[9.206424112917016,9.299753174279754,9.43127342100221,9.588874986097402,9.755248643068246,9.91032999924437,10.035646204985085,10.119045930258544,10.157416257235164,10.156172365889324,10.12662675696068,10.08332179606807,10.04198101403139,10.016882050875363],"predValues":[9.3896716344139,9.367926925271655,9.364020362237229,9.3874007353415,9.429494231115662,9.474846296953922,9.513329849937662,9.541999950726735,9.561830980875389,9.57496626085644,9.583455553503034,9.588883491337372,9.592362134485736,9.594627717783156]}