{"timestamp":"2024-05-12 01:56:39","trueValues":[10.111136588662507,10.261248226807758,10.349930769258542,10.36583822589282,10.306542350698711,10.177070803654402,9.988649438367329,9.758234513875756,9.507483560612224,9.259995430032776,9.037604136299358,8.857629271670273,8.731977906316931,8.667619021241013],"predValues":[9.905332639183593,9.990234070889525,10.046830595547664,10.07424723659593,10.0733898020913,10.049536325013609,10.01123403995676,9.966867518800203,9.92243773992136,9.881318625701436,9.844955535358102,9.813622231302936,9.78698807233205,9.764465665309906]}