{"timestamp":"2024-05-12 01:56:44","trueValues":[10.269409004560456,10.11990761738316,9.926541518207628,9.705464284049814,9.473590710903125,9.245296780629456,9.030335877166175,8.833870415387267,8.658138602348984,8.504837499214403,8.37704573706447,8.279090356734713,8.214157899538215,8.18240358610446],"predValues":[10.53224803013354,10.493603940745338,10.425083069647096,10.344811146373171,10.26663363844224,10.195210885781208,10.131505575239355,10.075746816718414,10.027784705363889,9.987100953115007,9.952907230541914,9.924297729587636,9.900367705350202,9.88028045484741]}