{"timestamp":"2024-05-12 01:56:49","trueValues":[9.005160898427906,8.787758459515299,8.619206663745494,8.50989200385624,8.467846615845668,8.49915041734968,8.606120554683027,8.78324191130166,9.01380966432397,9.270889047703829,9.52276907157358,9.73949321759846,9.897239371773168,9.980050640756096],"predValues":[9.510107958720944,9.431320199822052,9.379154373611591,9.370243540008904,9.396940425124582,9.439610682484314,9.482776901649888,9.519301059975184,9.547616066995449,9.56860912555521,9.583855299781696,9.59487171185484,9.602878863710549,9.608785752870784]}