{"timestamp":"2024-05-12 01:56:54","trueValues":[8.612735770859643,8.694187264602121,8.824548672378455,8.98492586938061,9.148371065913752,9.286179874440167,9.375204752799808,9.402823393297398,9.368931606743296,9.285637133814484,9.17464641007334,9.062119427362331,8.972374793070104,8.923043603868908],"predValues":[8.93918575196865,8.912079286390593,8.91431855660185,8.95816997916263,9.03199705684812,9.113677128914832,9.187133697084056,9.24626637798621,9.29123305013826,9.324581032911684,9.34918881845935,9.367502726428077,9.38138434121663,9.392171643388036]}