{"timestamp":"2024-05-12 01:56:59","trueValues":[9.425411184351823,9.551376977795364,9.607505182677569,9.586748144527018,9.493567393286284,9.342033785333289,9.151671630600209,8.942406580030372,8.73115608750468,8.531323082274536,8.354126773228653,8.209836706055174,8.107715884449352,8.054809304995118],"predValues":[9.283003698888294,9.38116054708988,9.46099391892777,9.52129022297353,9.558719657778298,9.573476780706422,9.570771051240474,9.557527861027284,9.539478678652674,9.520342951871696,9.502148648840071,9.485802640769764,9.471562742747407,9.459350812880768]}