{"timestamp":"2024-05-12 00:40:04","trueValues":[9.355197238921749,9.273949339361089,9.161836987098695,9.029704894675788,8.895039038107607,8.779612565932553,8.703866759267235,8.680150960761583,8.708447628358158,8.776772347359556,8.865567850028711,8.953560139098055,9.022583350932116,9.060168006366364],"predValues":[9.560895404478517,9.558106748922848,9.54214241349626,9.516820719368482,9.484282860702349,9.446457400661409,9.40639187304296,9.367348568953592,9.331645166285549,9.300399572517591,9.273824418649006,9.251606073955845,9.233195418882444,9.217975823530866]}