{"timestamp":"2024-05-12 00:40:09","trueValues":[8.809987701547172,8.720928802227649,8.6765450048024,8.676638562442086,8.709947474269391,8.758794662158456,8.805151941045853,8.835573323902818,8.843743138472984,8.830683076707931,8.803128757087622,8.770733361191011,8.743068473451073,8.727360624167378],"predValues":[9.123661749063924,9.01060850462968,8.92451979458147,8.88261341408668,8.879930276664407,8.899517312741374,8.926481049761158,8.952609678531235,8.97481207589945,8.992641716767295,9.006688120580298,9.017784269278172,9.026695634458356,9.03402343027134]}