{"timestamp":"2024-05-12 00:40:14","trueValues":[8.778051322820277,8.833428674486242,8.872713048971054,8.88838448519612,8.879969613399275,8.852499017234937,8.813849612071753,8.771946155253204,8.732762248915556,8.699593673547781,8.673560462938635,8.654685209131788,8.642629031472126,8.6368531761652],"predValues":[8.840392073924196,8.898308505510418,8.953435218385973,9.00580835982074,9.04883530568178,9.076907913362856,9.090133561518604,9.092414028985974,9.088167256352683,9.080769823887431,9.072353888935591,9.064094769345726,9.056548495180971,9.04991175011568]}