{"timestamp":"2024-05-12 00:40:19","trueValues":[8.817468325890895,8.78259019728884,8.749951073109294,8.726455613476656,8.71586260288085,8.719044625785202,8.734824503819906,8.760498368040256,8.791848150997865,8.823519272553149,8.850458822796764,8.869697675612393,8.881019213169514,8.885957302339243],"predValues":[9.075374312280486,9.022814055566345,8.979391084469128,8.956014963984842,8.950311669006425,8.953557481210563,8.95892960340759,8.96343684901501,8.966477472304835,8.968375203973487,8.969619626896822,8.970604640001028,8.971575300512779,8.972656529144162]}