{"timestamp":"2024-05-12 00:40:24","trueValues":[8.731940430103306,8.744368446222975,8.76416173436925,8.78688188822073,8.807223498556422,8.820550678014332,8.824767150730224,8.821048234552666,8.812862472657555,8.804067522949481,8.797291238790903,8.793307065441734,8.79149412038405,8.790875098387371],"predValues":[8.838533944779162,8.81535371060297,8.802050983709979,8.806804349699075,8.824997323786953,8.846345476115527,8.863830388975774,8.875503299259218,8.882195328384329,8.885471706294616,8.886709484499224,8.886879855087406,8.886583500632147,8.886160896521062]}