{"timestamp":"2024-05-12 00:40:29","trueValues":[8.94825021146832,8.970522245488802,8.973040859675375,8.953895032921935,8.911700005845612,8.84470635689976,8.751076954250529,8.630366335954406,8.485615125301218,8.32493625806882,8.161688276787519,8.013278218214074,7.898975235081512,7.836376137313458],"predValues":[9.029953141367455,9.04026946587544,9.046219944390533,9.050932378912265,9.05209015470339,9.046765874481205,9.035156221920047,9.019739942894129,9.003187151177013,8.987354115392485,8.973216811827287,8.96111119746029,8.95100909868409,8.942701605541885]}