{"timestamp":"2024-05-12 00:40:34","trueValues":[9.062814730730008,9.01143351290692,8.915731223803373,8.76884759001607,8.568664806792096,8.319172097466856,8.030812036204159,7.720122264762423,7.408193386172332,7.117300623919359,6.866704093919061,6.669995834117838,6.535257284326774,6.466866915504347],"predValues":[8.854932579021796,8.816664049136085,8.790984869140754,8.786842285697114,8.799671908616688,8.818764843409056,8.836320190287818,8.84948842807376,8.85836524071656,8.864036375256337,8.867619473383098,8.869965059094,8.871636338748408,8.872974053522682]}