{"timestamp":"2024-05-12 00:40:39","trueValues":[8.28585202251209,8.02333088028294,7.749447800606804,7.484789716834804,7.249582089619269,7.059158006107644,6.921081814099622,6.835273511181722,6.796042294446734,6.793928210736306,6.81660902785292,6.850027178856109,6.880753155619555,6.89870851456573],"predValues":[8.761132008418135,8.72371984988206,8.700760220367629,8.70088806475595,8.718821894813448,8.743039768266168,8.765167744784634,8.782128788020383,8.79404064238928,8.802109457234781,8.807590818607693,8.811458044907255,8.81437029223126,8.816739798929582]}