{"timestamp":"2024-05-12 00:40:49","trueValues":[6.70390303641939,6.779569239354349,6.877988952628804,6.99019884936212,7.109221709101389,7.229892990662645,7.348965021320501,7.465246004323944,7.578693413473118,7.688485695744523,7.79117583685094,7.880042570904857,7.946303971846908,7.981825840799308],"predValues":[7.113503300060814,7.170416910696641,7.2599135640859505,7.385068967633453,7.529316242818327,7.669484723859346,7.790100721360787,7.88636010368247,7.960107976320723,8.015624601291224,8.057329513914187,8.088926214619718,8.113253061459575,8.132389851395548]}