{"timestamp":"2024-05-12 00:40:54","trueValues":[7.085418200308531,7.172650333555419,7.267516451254263,7.376772637618711,7.506805796289893,7.661014568002686,7.838137785142564,8.032226298138177,8.233970058685678,8.43206374234164,8.613802646898574,8.765707295945328,8.875132258165461,8.932411859908814],"predValues":[7.626819250697098,7.709760756167091,7.786447720793009,7.861558026559203,7.9310857054390755,7.9880599159097,8.029587015859509,8.05744752411879,8.075319425397744,8.08669013387345,8.094140724088522,8.099358157233565,8.103364391048911,8.106747616036342]}