{"timestamp":"2024-05-12 00:40:59","trueValues":[7.565504178375997,7.705904161417494,7.866115772028953,8.042303412771961,8.229679165120034,8.422665186384336,8.614833641456375,8.799576224667007,8.971077743974444,9.124498452046126,9.255243658776172,9.358447303745873,9.429618088672749,9.465796190046705],"predValues":[7.583586318555498,7.541088558093938,7.517217273170058,7.529146138018895,7.574346438481413,7.636725728953953,7.700276350443824,7.756034311598517,7.801313285530772,7.836751431027202,7.8641489352855345,7.885405656284414,7.9021314764772015,7.915569224054741]}