{"timestamp":"2024-05-12 00:32:04","trueValues":[8.584688413109735,8.66681341554246,8.737517475425896,8.784849135867532,8.796635272158099,8.763968771737394,8.682880611214951,8.554906252194382,8.388039822882687,8.197654012950935,8.005426021199096,7.835510197568855,7.709529519955364,7.642762854601253],"predValues":[8.240434572641549,8.181616319829594,8.126326146873335,8.082224085522142,8.049469343236735,8.02452613228769,8.004442337038638,7.987822832345493,7.974137369653782,7.963113781284415,7.954484152178288,7.947934851611452,7.94312912523878,7.939742710786361]}