{"timestamp":"2024-05-12 00:32:09","trueValues":[8.730475136729458,8.679929292944827,8.594701206866233,8.481992690439586,8.354606787709548,8.229513578729339,8.123805672165519,8.049688087377254,8.01096931135055,8.002655705067115,8.013822553572252,8.032329158384083,8.04881311081518,8.058053256678015],"predValues":[8.654454238708812,8.626940850555865,8.586293511365614,8.537433565616592,8.484430239057682,8.430735064384837,8.379609269549643,8.333561368766212,8.29386209804404,8.260688206901284,8.233537886179624,8.211598619673028,8.193983204536966,8.179857861465479]}