{"timestamp":"2024-05-12 00:32:14","trueValues":[8.185098684020442,8.068892919232997,7.987299228509745,7.946260648280803,7.943078625376449,7.96905097036205,8.01387119291334,8.069236318296849,8.129773426949301,8.191649313531025,8.250746112952047,8.30193197604454,8.339753183465495,8.359823955065842],"predValues":[8.353185349479304,8.257659809893916,8.176770459355808,8.123593838532477,8.09724646562188,8.088491384226174,8.088321279426744,8.091276850316854,8.09486792210609,8.098240515543555,8.101247117873495,8.103975705171866,8.106545882375766,8.109051472913634]}