{"timestamp":"2024-05-12 00:32:19","trueValues":[7.883318151448898,7.906096247247686,7.944793494385712,7.998267798608046,8.067315197218276,8.152402946837338,8.252330213896748,8.364160564296332,8.483739985676241,8.605720542615614,8.722785602428935,8.825173010150117,8.901811335434946,8.94296048378352],"predValues":[8.090527591833112,8.152662356656469,8.205121082068452,8.245988760131715,8.27078206622626,8.278048996415697,8.271327730528185,8.256346813473309,8.238068786985714,8.219696139703435,8.202888456575922,8.188295591094747,8.176000469349635,8.16581012870873]}