{"timestamp":"2024-05-12 00:32:24","trueValues":[8.13163022715059,8.212951218617253,8.304054033417438,8.402638004138844,8.505960722468144,8.610017549322489,8.708911961302855,8.795706872057455,8.864634931519333,8.913235467449224,8.9430561677332,8.958604277978678,8.965280359778841,8.967458232789054],"predValues":[8.114869588631667,8.10855019533281,8.102054584093294,8.099218352351533,8.097755716865176,8.09412929517231,8.087286298037705,8.078340114531388,8.068905411304206,8.060185148234632,8.052810042024309,8.046977307925072,8.042626080313381,8.039572433374849]}