{"timestamp":"2024-05-12 00:32:29","trueValues":[8.676576367874794,8.783285766445264,8.871324302756951,8.932220492009453,8.9609591662958,8.957071208473806,8.924054398481776,8.867824130719914,8.795319883638749,8.713971781719675,8.631887179176816,8.558043888377632,8.501763652330936,8.471191567253225],"predValues":[8.393291542776366,8.383643411183646,8.36680968075872,8.3462227474076,8.322058829070947,8.294365501934855,8.264911855913402,8.236241489335578,8.210313796859827,8.188081896940462,8.16971031281318,8.154901626867726,8.143155624678277,8.13393089456289]}