{"timestamp":"2024-05-12 00:32:34","trueValues":[9.046286391577809,9.032446239834115,8.988829774527549,8.918208906522583,8.823616285446574,8.70901269523877,8.580110467695052,8.444611363398408,8.311529076197429,8.1898188264159,8.086873793899086,8.00755924169946,7.954222084471665,7.927538754582193],"predValues":[9.01784486911297,8.988240255082022,8.935786048078775,8.867957290883217,8.792929379629246,8.717588103440075,8.647119532388352,8.584733065619586,8.531678441832097,8.48777864571898,8.452075774628433,8.42331610303091,8.400235805424382,8.381692521765174]}