{"timestamp":"2024-05-12 00:32:39","trueValues":[8.691234085810752,8.575966289518917,8.45991388483971,8.351831953168832,8.259599004607427,8.188537990433936,8.140331619218976,8.11301305421913,8.10193019495871,8.101129373457638,8.104796195040372,8.108638702986264,8.110771657697878,8.11141619541447],"predValues":[8.814489631379612,8.773416764402032,8.728203971868307,8.684609301239167,8.643997311952548,8.60577928192917,8.570043984611232,8.537650183447116,8.509334910638106,8.485335515537152,8.465445480286201,8.449206319293035,8.43605987618452,8.42545277878501]}