{"timestamp":"2024-05-12 00:32:44","trueValues":[8.23173929371439,8.185178420645176,8.154355165199554,8.133076915312,8.114115280161691,8.090915377618064,8.059282263853902,8.0185756537726,7.971694239471956,7.923714851848738,7.879993399986272,7.844731206641753,7.820440241283026,7.80817302735657],"predValues":[8.172421623842858,8.12089129853152,8.086526673792747,8.078672882045275,8.092649117628513,8.116621933854553,8.140980409555555,8.161336904061196,8.176905745829105,8.188422372328073,8.196960570104505,8.203464686583994,8.208632683021701,8.212941384433536]}