{"timestamp":"2024-05-12 00:32:49","trueValues":[8.081172359441911,8.057111035562418,8.027187209243786,7.99415126246182,7.962479609329037,7.936376230490125,7.918276814041932,7.908303091231552,7.904557596179084,7.904029208145852,7.903873190150124,7.90260431466187,7.900497938825167,7.898885398484312],"predValues":[8.280227135214659,8.306422476960766,8.328009573374787,8.345530899293664,8.355537314120184,8.355558311431365,8.346911671845294,8.333144612007606,8.31766162000566,8.302723229150642,8.289480304726201,8.278330200912256,8.269244744101405,8.261996684913155]}