{"timestamp":"2024-05-12 00:32:54","trueValues":[7.924306231815509,7.906467554130193,7.898378539339758,7.898528178405508,7.904180707732845,7.912578834838497,7.922052077434301,7.932336241503641,7.943802899717776,7.956245268429896,7.968404837912963,7.978649931036184,7.985865298208292,7.989566672328409],"predValues":[8.019772500509845,7.985861577165805,7.964057597132507,7.962511503978931,7.97736005823675,7.998761899892643,8.01903254463232,8.035068908809915,8.04674208488211,8.055027251769388,8.061012814399362,8.065558333586655,8.069247481424311,8.072449704273597]}