{"timestamp":"2024-05-12 00:32:59","trueValues":[7.881955718320956,7.892356297862408,7.907758490084625,7.929495757141895,7.958030571457673,7.992281438611826,8.03008829344033,8.06889770343048,8.105708647816067,8.13684845766188,8.158881547596911,8.170571468360299,8.17411868500593,8.174049579931161],"predValues":[8.073302354580743,8.078881260424577,8.084465747832143,8.093641838606441,8.103595893049388,8.109727107913873,8.110251774904617,8.106312254065298,8.099998176541424,8.093065874387118,8.086593918346273,8.081094483338422,8.076718271584316,8.073413188489123]}