{"timestamp":"2024-05-12 03:26:04","trueValues":[7.578733281785485,7.957717206522471,8.262080408369126,8.497233283102345,8.673352084559333,8.802457640496117,8.895879196343545,8.96287762948688,9.01059680992472,9.044626275050865,9.069280307840875,9.087350753315414,9.099838571903632,9.106391859301706],"predValues":[7.964921410567117,8.15387887176115,8.232581046682824,8.21517294677107,8.129257265198529,8.007108995558465,7.875962182028509,7.753155022079401,7.646813475137701,7.558923248948016,7.488259323165696,7.432311057266639,7.388322487711317,7.353768355594429]}