{"timestamp":"2024-05-12 03:26:09","trueValues":[8.94551896628246,9.053394114306528,9.120116127150787,9.14716385341529,9.13489770264383,9.083687652775172,8.994668090190515,8.870570525864473,8.717250285939956,8.545547564549445,8.371926645756599,8.216614850734995,8.099702885241163,8.036975145718538],"predValues":[8.790667251585566,8.669895236088397,8.48700706098031,8.293340354729535,8.120215131953781,7.977041111737817,7.862839128329917,7.77335363806807,7.703832072329426,7.649989119112076,7.608263209177934,7.5758146555315005,7.550429437892685,7.530402787224691]}