{"timestamp":"2024-05-12 03:26:19","trueValues":[8.818840327413803,8.654518559586096,8.46860491114688,8.262565207047503,8.034717270294843,7.781985127695441,7.50304036708124,7.201401499912972,6.887197469630493,6.57701362707269,6.291917318754697,6.054174731344517,5.883587126650899,5.794565304861875],"predValues":[8.991942160779635,8.939553072019919,8.845574157165608,8.7333913708847,8.622478257458297,8.521493682754924,8.432915329493792,8.35695503130794,8.292853429741164,8.239346699291438,8.194961307133694,8.158211494160403,8.12772339832741,8.102299375531224]}