{"timestamp":"2024-05-12 03:26:24","trueValues":[7.765611211806474,7.519800739811414,7.261959871665354,7.000693518120755,6.749295103464391,6.523509820299204,6.338154726916245,6.203590800333347,6.123246449625291,6.092859220622586,6.101188375547843,6.131795810529185,6.166143690576764,6.188031526960407],"predValues":[8.007331992318969,8.009069187583156,8.009326471092296,8.013439817773534,8.01816607331022,8.018514256571555,8.012891495584118,8.002638163009674,7.989901831941037,7.976460097532261,7.963451598784536,7.951479144580842,7.940776629020402,7.931362125738151]}