{"timestamp":"2024-05-12 03:26:29","trueValues":[6.426455463828932,6.230334730057617,6.09475004178376,6.027033713229077,6.026577353946854,6.084976192112711,6.187126782058433,6.313572589982868,6.444185965493358,6.561999486424174,6.655783445231014,6.721047606786402,6.759493683556519,6.776444095242305],"predValues":[6.80605269610449,6.670269197846298,6.594407374391993,6.599045255169601,6.671010482667567,6.778184214182733,6.8913198531292,6.993650382058071,7.079163393675709,7.147849585375897,7.202138797903006,7.245001486317093,7.279154809000323,7.306812520444035]}