{"timestamp":"2024-05-12 03:26:34","trueValues":[6.206874753222985,6.301811703623468,6.403453308114642,6.488063568245926,6.536404561462311,6.537125912127397,6.488614016745334,6.399233114356262,6.285360576102885,6.166963914656519,6.061984800842762,5.981881387635774,5.930375116206229,5.905867798805726],"predValues":[5.873502171249016,5.8523390078898245,5.886785096880199,5.986102511654775,6.132122066218719,6.293800963619645,6.445856314887144,6.575705946427065,6.680721340405077,6.763358517757338,6.827762321131853,6.878080649747247,6.917834938740486,6.949794706877304]}