{"timestamp":"2024-05-12 03:26:39","trueValues":[6.404662381134347,6.357415773092426,6.2867190223995895,6.213280926548426,6.160271752637035,6.146854470793177,6.182805455681017,6.266352162132733,6.38582447064675,6.523671552753038,6.660560865101905,6.778584757827643,6.86388885948848,6.908199033430226],"predValues":[6.909616219040485,7.027992148964419,7.12024104485077,7.186685840029708,7.227685615101279,7.246593029346769,7.249956851755514,7.244720547609283,7.23609915795438,7.227218092691594,7.219617863410773,7.213863005415028,7.209996044904216,7.207820032415246]}