{"timestamp":"2024-05-12 03:26:44","trueValues":[6.232729220898356,6.259188092189204,6.319712575876074,6.400365640216223,6.482490509754573,6.547401172273643,6.580185151321453,6.572852969994111,6.526220998434508,6.449146912495509,6.355558839996764,6.261742322068157,6.184974557662509,6.141406997485778],"predValues":[5.823278463428306,5.689774502376862,5.626755989962711,5.649262981237406,5.740962358884971,5.869795880037042,6.006296476340335,6.132174293707919,6.239684380885085,6.327715342217424,6.398314149756212,6.45456554772363,6.499548964566873,6.53592667329141]}