{"timestamp":"2024-05-12 03:26:49","trueValues":[6.72347824489702,6.782050643116047,6.784442210280545,6.723996001380288,6.602241099088908,6.426922321766744,6.210529215628883,5.970344029614376,5.727794918465277,5.5048284578787845,5.318608620800593,5.178292361215067,5.086002666755727,5.040513786158862],"predValues":[6.362046477573808,6.428602904027371,6.493919558860708,6.561608909857356,6.627248896703986,6.684236529506441,6.729446265469552,6.76355174617794,6.788949455887964,6.808178208731128,6.82328324913184,6.83572535205521,6.846479430632979,6.856169822636806]}