{"timestamp":"2024-05-12 03:26:54","trueValues":[6.393677465027976,6.195117455011697,5.9816573277202725,5.774718460282655,5.595092310492403,5.457342573515476,5.3663579682614575,5.318229606044361,5.304031968433114,5.313343744363833,5.335894258546196,5.362162160620808,5.384179635466829,5.396495222945624],"predValues":[6.704784524805816,6.679607818440678,6.658972910220344,6.658994306214646,6.6805582790074975,6.714480764162124,6.751044525011038,6.784576699387594,6.813107792660885,6.836697075721959,6.856169291059309,6.872477291338495,6.886452463766736,6.898739877638125]}