{"timestamp":"2024-05-12 03:26:59","trueValues":[5.513880026624124,5.417830152283928,5.356034135221312,5.318000230353879,5.292446303306566,5.269331320268279,5.240845411082338,5.202567844379158,5.154682213737187,5.102107737324968,5.052584515752539,5.01316302749678,4.987339291645525,4.975031677829204],"predValues":[5.375921911267896,5.2986268884311984,5.2889157649049405,5.3558472192835,5.482015743095424,5.636817290165922,5.79263155881772,5.9326849533303765,6.050432292862664,6.145732310694432,6.221403696509999,6.281126029752053,6.328424067916927,6.366284877861501]}