{"timestamp":"2024-05-12 03:53:04","trueValues":[6.715387635374089,6.819515959401944,6.938978433732244,7.0621771005087925,7.174124132169237,7.258921906263019,7.30330224843453,7.300093912444014,7.250471418773793,7.164474937421522,7.059614099601118,6.957252473388602,6.87735664119467,6.83402802510339],"predValues":[6.6040311863141685,6.583680804949758,6.571709148112312,6.57364382441709,6.58684528579667,6.604513592893804,6.621184261921153,6.634629584478041,6.644828430358919,6.652584278952343,6.6587637344747925,6.664031933270916,6.668824635994881,6.673398461683953]}