{"timestamp":"2024-05-12 03:53:09","trueValues":[7.228015990516424,7.290276739206861,7.313551062600239,7.298926302469171,7.255222392664146,7.19731606105039,7.142317458351907,7.104238967421811,7.089639723010658,7.096794756136718,7.118372815733272,7.145168574263618,7.168658718121273,7.182257267892025],"predValues":[7.082079362042203,7.129370356805225,7.15876685824562,7.167679818158298,7.155607161596192,7.126875663606072,7.089171669023473,7.0498094184351725,7.0135497199152415,6.982585862221341,6.957392544059383,6.937542642909548,6.922245968820727,6.910645087288292]}