{"timestamp":"2024-05-12 03:53:14","trueValues":[7.156416754125983,7.095633525091853,7.055555239613447,7.044463875113058,7.062313715925836,7.103175546636619,7.158680742690908,7.220250440633657,7.280011711927456,7.331529279378837,7.37083996694981,7.3971296637018495,7.412196430522689,7.418783738880649],"predValues":[7.468789499927088,7.409215609701413,7.344261092038739,7.282359423948351,7.22738660275853,7.180357675702132,7.141288590104099,7.109789699658239,7.085138324755718,7.066393573224685,7.052548903072257,7.042647209012886,7.035842219669404,7.031420823827947]}