{"timestamp":"2024-05-12 03:53:19","trueValues":[7.17920122885475,7.239233604672642,7.296689158567906,7.340880790727549,7.362947370044967,7.357353048453685,7.323095536580805,7.263729758945683,7.186229214958736,7.099569324888685,7.013667198542349,6.938470777221442,6.882821257876386,6.85326980159526],"predValues":[7.0783957957682775,7.106771668412087,7.128876521309378,7.144064487799811,7.149317802425985,7.143758033372087,7.130148852051371,7.112713641687206,7.094917224412999,7.078800060455675,7.06523234217982,7.054362379707439,7.045968505221774,7.039680740784061]}