{"timestamp":"2024-05-12 03:53:24","trueValues":[7.400448833600745,7.379690732295197,7.331747757730605,7.261314802371262,7.174769998829577,7.07932446165767,6.982418149520652,6.890984427727823,6.810743601737546,6.7458103471748005,6.698366125197916,6.668125345795971,6.65212353415576,6.645845471007391],"predValues":[7.386699581609246,7.39722242397529,7.394438286828354,7.378364446437135,7.349468425211316,7.311381694829997,7.269931673617432,7.230346957846125,7.195739136401917,7.167241266722266,7.1447377307013085,7.127511164505195,7.114651241668224,7.105265443570876]}