{"timestamp":"2024-05-12 03:53:29","trueValues":[6.9929808601990615,6.893154327075563,6.809187408611502,6.749858309823757,6.721787828452675,6.728575541527465,6.769661697942498,6.8394955654613465,6.928103421273629,7.023399319379786,7.114026372319064,7.190892212773134,7.246944136284345,7.276652407927445],"predValues":[7.109829302181856,7.044190644278972,6.990630756079424,6.957979139828671,6.944702194444343,6.943468137282222,6.9473829397678735,6.952533128359391,6.957406099285588,6.961705498091202,6.965568205982029,6.969202335548619,6.9727700179279335,6.976361621294666]}