{"timestamp":"2024-05-12 03:53:34","trueValues":[6.643478755090934,6.667819157156995,6.727566075858343,6.816624443600369,6.926929698157556,7.050824465668026,7.181990415987918,7.314510559984528,7.441569276764412,7.555536302918099,7.649604522792113,7.719655008141486,7.764887203253897,7.78672839371207],"predValues":[6.586026523555034,6.517882142219909,6.474033909124117,6.465570397986184,6.488778938664158,6.530152279822605,6.5761018387688654,6.618399593196719,6.653948439707154,6.682597941868173,6.705384675801307,6.723597318256621,6.738393246342117,6.75069129176347]}