{"timestamp":"2024-05-12 03:53:39","trueValues":[7.168819520314486,7.300194114802429,7.417751415379103,7.510734154001749,7.568509717550942,7.58296091762884,7.551174177967693,7.476887551534993,7.370106124213516,7.245349935367178,7.119343742033773,7.008561130883182,6.9268387984053605,6.883663542422317],"predValues":[6.9659387154982895,6.98045795749596,6.98976534791232,6.993762810698945,6.990582648315835,6.979965716732608,6.964304380480007,6.94695050147307,6.930546285666706,6.9165455975185495,6.905451575130669,6.897198568682032,6.891444242263785,6.887754297059881]}