{"timestamp":"2024-05-12 03:53:44","trueValues":[7.577988807499226,7.565750032968925,7.516697921954295,7.439782379004141,7.3474622517330275,7.25327256640067,7.16934126362899,7.104118565118464,7.06095526962913,7.038226078960179,7.030919546247125,7.032754285982236,7.037838293175225,7.041636414400018],"predValues":[7.527256911590216,7.552415677214789,7.553510461072377,7.5307772835721885,7.487275904793986,7.430431133444179,7.369486570639339,7.311870746128362,7.261685311887523,7.220233695942463,7.187153628228143,7.161335706505775,7.1414706553972405,7.126319633542932]}