{"timestamp":"2024-05-12 03:53:49","trueValues":[7.166280971971728,7.073882968597127,7.009233310629683,6.979107750650478,6.98502500557193,7.0243181510854615,7.091642707023956,7.17996935833968,7.280893067419507,7.3848717523816125,7.482021527012816,7.563360326325671,7.621753848716546,7.652249918212012],"predValues":[7.342599114990549,7.271231380600583,7.204701533021931,7.152669398552272,7.116435747329753,7.0922346185682255,7.07579478706948,7.06427311058428,7.056112864409082,7.050473092941703,7.046833647600129,7.044808868909403,7.044079278793094,7.044367925374629]}