{"timestamp":"2024-05-12 03:53:54","trueValues":[6.9681638989058445,7.017078597137184,7.089490083944908,7.180012681905785,7.28258082597636,7.390972933117449,7.499653686840072,7.604193983429049,7.700965806459017,7.786698093794671,7.858479395478254,7.914044659789843,7.951867727732043,7.971012491330487],"predValues":[7.029623560306461,7.05042604833311,7.068374762560556,7.084630668244916,7.096318462698312,7.100716469129846,7.098178983942086,7.091230202885336,7.082571071228058,7.074090018032684,7.066791458982104,7.061049358846315,7.056870096555299,7.05408409888712]}