{"timestamp":"2024-05-12 03:53:59","trueValues":[7.454530730903546,7.560667354719682,7.653805579760556,7.72836012125236,7.7797405417092,7.804769868212956,7.802415777262083,7.774303301268642,7.724900083316436,7.661491658807341,7.593659446358045,7.531865688499795,7.485391462562791,7.460636695836866],"predValues":[7.32074171141868,7.350017810555728,7.3646962600141155,7.364524028904692,7.349688764084329,7.323327570158778,7.2910488555230275,7.258314047393803,7.228713951771589,7.20387067739221,7.184061176132239,7.168855401795615,7.157540508957223,7.1493589996820965]}