{"timestamp":"2024-05-11 23:47:04","trueValues":[8.628301423162565,8.570256349821772,8.5098441618814,8.450272397965717,8.39654798653047,8.35510248372664,8.331500442805607,8.327813421277945,8.34152466547832,8.366551068305835,8.395514599873927,8.421910346336862,8.441304685570723,8.45140731592442],"predValues":[8.693413553553459,8.648720643812995,8.614314024451863,8.597287065606332,8.59412550843566,8.596984332221094,8.600346559897346,8.602220370578577,8.602594069559826,8.602061960484107,8.601207183866967,8.600419386014602,8.599904021630078,8.59973551156314]}