{"timestamp":"2024-05-11 23:47:09","trueValues":[8.309829888724364,8.27390561560581,8.260558236202968,8.269547477486642,8.297311770218748,8.339007114446742,8.390354045521194,8.448429684568133,8.511268523787885,8.57668285598652,8.641047322626168,8.69879338362421,8.743019568321238,8.767164349867953],"predValues":[8.497592363702394,8.44525935636874,8.410854863317603,8.4028304351932,8.415766905189917,8.437881060693428,8.460091697512864,8.478452118512683,8.492369880571117,8.502607265820615,8.510191016198991,8.515997968789561,8.520663092913953,8.524606866373258]}