{"timestamp":"2024-05-11 23:47:14","trueValues":[8.2470396888457,8.280742233810436,8.328486929968191,8.39247185027411,8.474804965297386,8.575782629493283,8.692736058031976,8.819870524605356,8.949100203887976,9.071491670233478,9.178722546329702,9.264121002996472,9.323120789524069,9.35315172870859],"predValues":[8.515616030357089,8.533610460249383,8.551970083882955,8.571761777296736,8.588327858451308,8.597017024237235,8.597248526237712,8.591462039380822,8.582638650276593,8.573024008066263,8.563935893367919,8.555988278192011,8.549360569944186,8.544001205607117]}