{"timestamp":"2024-05-11 23:47:19","trueValues":[8.639800773392839,8.75231047983515,8.865593897326125,8.969711589804014,9.05461036362246,9.1120132913454,9.13690334454462,9.128386941445616,9.089894351644404,9.028804933971298,8.955750238390728,8.88360560348711,8.825772097990612,8.793588535727043],"predValues":[8.574423651619078,8.556382177118193,8.542895258622067,8.538717591063545,8.540571467588592,8.542682096045281,8.542003271580052,8.538526488952936,8.533464276437371,8.528012417615614,8.522957381396276,8.518688548296808,8.515323662733067,8.512822856392685]}