{"timestamp":"2024-05-11 23:47:24","trueValues":[9.165850397210267,9.207698304180251,9.213569577648109,9.184042042354402,9.123240208107834,9.038399376236695,8.939241567605961,8.8367595390901,8.741226291630987,8.660129094291074,8.59712626341312,8.552500066648681,8.524584008540835,8.511298292127787],"predValues":[9.05200669703617,9.053054967862662,9.039140395269218,9.012188352954396,8.974456982130636,8.929640746410584,8.88258975888801,8.83763770511716,8.79747463302779,8.763169279180069,8.734705164671556,8.711500212141695,8.692761573751891,8.677676999084863]}