{"timestamp":"2024-05-11 23:47:29","trueValues":[8.98638504961323,8.890272382681054,8.79833233332117,8.722380274586541,8.670876262361364,8.647534694414462,8.651418399616468,8.678026777078692,8.72057237951509,8.771078886564855,8.821434691393874,8.8645546633171,8.895399713440149,8.911288299073238],"predValues":[9.260936322204628,9.214984636948374,9.161745024191504,9.108452253684812,9.058460047864578,9.01228510005907,8.970276656684625,8.933085900176557,8.901120816264758,8.874317349860688,8.852242531092045,8.834271490609673,8.819725935525842,8.807967441265182]}