{"timestamp":"2024-05-11 23:47:34","trueValues":[8.675455536719795,8.674527136619151,8.691478611459935,8.718893657775709,8.748629305659968,8.77307070745069,8.786485065618308,8.786199342713015,8.772996552389689,8.750412216589002,8.723363692958252,8.696986285919007,8.676039474601591,8.664423708899204],"predValues":[8.720684808155966,8.694145269979762,8.67822718179552,8.678354494606346,8.689342467283332,8.70230232668997,8.711793377131965,8.716695319031814,8.718009378607416,8.717145830961556,8.715236138799195,8.713015208011626,8.710891555906231,8.709056018804873]}