{"timestamp":"2024-05-11 23:47:44","trueValues":[8.801236606982702,8.743723376928882,8.673557007684895,8.593989158807368,8.50880147261864,8.422073274840066,8.337878043840519,8.259706649050818,8.189945076071727,8.130073236658298,8.081324390606405,8.04481724276105,8.021009481348207,8.009448733916887],"predValues":[8.872820427625696,8.837109317083929,8.807531281927892,8.789840116998334,8.781153077522399,8.775496561363823,8.769304746664542,8.761936550961693,8.75405006719808,8.746440003733543,8.739638203855051,8.733882814281806,8.729205198086207,8.725517379192297]}