{"timestamp":"2024-05-11 23:47:49","trueValues":[8.353610345689132,8.26965246404254,8.200613304883534,8.1511439055328,8.124426023105944,8.122393536541493,8.14538745280456,8.191136341245242,8.254105682740807,8.326012968291469,8.397296979225464,8.458844616702036,8.503470016100227,8.526728126379911],"predValues":[8.666625768685588,8.628068060640844,8.602885108240102,8.597632590980176,8.607202049103158,8.621742288412008,8.634485529988122,8.643235827186345,8.648358107959208,8.650973203461707,8.652126726632847,8.652562354392641,8.652737243389556,8.652899640315262]}