{"timestamp":"2024-05-11 23:47:59","trueValues":[8.220704542217561,8.258962972130806,8.297074952443289,8.337930404224094,8.386548482211428,8.447654644575726,8.52328509892393,8.612022925434529,8.709898037562056,8.811401431903693,8.909559609049023,8.995725929411975,9.060368411083193,9.0951261373819],"predValues":[8.332758155166399,8.338871827973446,8.350451180617203,8.371368223594718,8.396781880629687,8.419226145759593,8.43480747959871,8.443684026452761,8.447773983724076,8.44906412231226,8.449011761928686,8.448511547502859,8.448041632994432,8.447818370445178]}