{"timestamp":"2024-05-12 03:46:04","trueValues":[8.270886521204663,8.173660199413714,8.050790844897314,7.912869873518773,7.769487474923505,7.628127462920221,7.494568350703337,7.373536393809538,7.268833700294856,7.183214107388824,7.118246566077444,7.073873400202158,7.047870755299159,7.036420575987469],"predValues":[8.526079070254582,8.504026311952117,8.484012950721578,8.472133256791325,8.466765387214284,8.463087934081589,8.458174563265528,8.451743272903297,8.444678873740683,8.437911360610826,8.432027595071762,8.427274229082666,8.423663488925996,8.421083743327127]}