{"timestamp":"2024-05-12 03:46:09","trueValues":[7.45076636484989,7.308275687507889,7.198892454121367,7.132882223547226,7.11847487861293,7.160639074194355,7.259398199701425,7.407995107765496,7.592263789636465,7.792243244467368,7.98548043609958,8.15061472013332,8.270295938604137,8.332920286303358],"predValues":[8.004500544774693,7.982161531989435,7.975689044371091,7.994893078860588,8.034397526429663,8.080720252779674,8.123131897686523,8.157224620534954,8.182883600585354,8.20169028089493,8.215466111761339,8.225732733773238,8.233612838606874,8.239882529409645]}