{"timestamp":"2024-05-12 03:46:14","trueValues":[7.1508184457034645,7.219538924152287,7.331613002834807,7.475076466998553,7.633576132276991,7.789749880211961,7.9287294881782096,8.04076183802712,8.122393536541493,8.175817075112747,8.206740798705532,8.222040130681844,8.228108619401539,8.22982375419955],"predValues":[7.364930685690831,7.32038582028362,7.30882533864105,7.344756256478332,7.4212377664011875,7.517033613144422,7.61177613907493,7.694067259475848,7.760604549139476,7.81246498407721,7.852285188680229,7.882837073813008,7.906491209328864,7.925097750710361]}