{"timestamp":"2024-05-12 03:46:19","trueValues":[7.782379026621623,7.921233182298291,8.034058645774547,8.117655586299845,8.174416634193683,8.210150070990375,8.231681351767085,8.24515019662827,8.254931222595545,8.263036716288426,8.26945551457945,8.273530587680815,8.275319080173581,8.275757631609613],"predValues":[7.758040750865554,7.822244681100739,7.879745419083351,7.931171289416289,7.972682707829899,8.000625079023909,8.015428980771878,8.020598571942081,8.020108457488721,8.016995805447886,8.013141071219533,8.009539102091583,8.006617817950108,8.00449230532347]}