{"timestamp":"2024-05-12 03:46:24","trueValues":[8.249048254422728,8.275835241924355,8.29089695875896,8.296984584268593,8.294540922509269,8.282261748089102,8.258748746399021,8.224177072224693,8.180779351058645,8.132260146485981,8.083197669710135,8.038883508937154,8.005000493411771,7.986572827858426],"predValues":[8.30357003210531,8.267914737200854,8.23110326123777,8.201813872663266,8.1809723136905,8.165254098645589,8.151916287637714,8.140036859496211,8.129663921984667,8.121006916637382,8.11413601168412,8.108951270555218,8.105245112237618,8.1027700874059]}