{"timestamp":"2024-05-12 03:46:29","trueValues":[8.27207061008195,8.25831285285048,8.23732883110819,8.211081394767259,8.182441859684332,8.154478756967892,8.13023430464026,8.112402271673673,8.102380972677201,8.099230312845243,8.099820895445767,8.100705440402807,8.100335462464045,8.099478559536912],"predValues":[8.40824907042132,8.421201753531733,8.424988977417811,8.422014003949016,8.411528903585346,8.393144295809359,8.369043900983744,8.342752077921713,8.317256557952016,8.294317394171266,8.274637332032112,8.2582469372407,8.244835502749323,8.233962350811954]}