{"timestamp":"2024-05-12 03:46:39","trueValues":[8.14141178469536,8.174225532083073,8.208658464530366,8.24209920757723,8.271397101391702,8.291644622510209,8.297346322756132,8.285066616758467,8.255162458807272,8.211680216819005,8.161340093526185,8.112454632057247,8.073653993095817,8.052181983210158],"predValues":[8.188491743191591,8.205314842066553,8.224729912822843,8.24839335094492,8.271155233630012,8.28704727451684,8.29425307329398,8.294559793510455,8.290784795906836,8.2852513399391,8.279436413686055,8.274120107126343,8.269623758857637,8.266009829235978]}