{"timestamp":"2024-05-12 03:46:44","trueValues":[8.371296460632458,8.39445596328622,8.393861925431958,8.366128729983497,8.311339834608063,8.232456391759492,8.134802681659973,8.025472340234526,7.912385340629144,7.803333280024013,7.705502820406337,7.625399672988098,7.568607262021866,7.539181789607818],"predValues":[8.381760032107447,8.4279958455365,8.463587882718667,8.487418767752683,8.496447877348722,8.490434938477591,8.473333027204811,8.450647957468211,8.426846309196598,8.4046088277135,8.385147775503613,8.368765088585928,8.355283751653534,8.34432501573895]}