{"timestamp":"2024-05-12 03:46:49","trueValues":[8.25317515633017,8.17588777492001,8.08950589988153,7.99998851496979,7.912325803949344,7.830101130735702,7.755567586555079,7.689704602947945,7.632072299534522,7.581098535863822,7.535454899767787,7.4958446682765665,7.465533321961733,7.448869430547488],"predValues":[8.366984835544383,8.3198169009722,8.28609707973877,8.272406567060827,8.274211006878538,8.282461887017183,8.29074200391823,8.296672814065886,8.300214183359037,8.302097030857738,8.303067691369488,8.30366518447749,8.304212709300657,8.304871599609704]}