{"timestamp":"2024-05-12 03:46:59","trueValues":[7.681739977292093,7.619482949644144,7.541804858772791,7.449597160142552,7.344713198700976,7.229252971354786,7.106038888830788,6.979403839316987,6.855101086076633,6.739186359969463,6.637039623960604,6.553501954326356,6.493528583610766,6.461947165758307],"predValues":[7.83449222665976,7.844447344257702,7.866722036165676,7.905574769721931,7.953990050893692,8.000751328679737,8.038769219775036,8.06661776754061,8.085954696404661,8.099175560362927,8.108354840602214,8.114995306709996,8.120088350720456,8.12425352620777]}