{"timestamp":"2024-05-12 02:22:04","trueValues":[8.37299006654179,8.60963454773502,8.934186797175375,9.325225304839527,9.753153696147754,10.183423154758149,10.583055675836048,10.927219148129536,11.202800617912487,11.40854024651412,11.552380333335355,11.64661892379755,11.702813575867031,11.728948583567089],"predValues":[8.99851299023515,9.04436101787925,9.118339595151731,9.231279082001356,9.364756065494763,9.491741956157393,9.596548307284229,9.676248784747564,9.73432575273825,9.775863218449272,9.805457200930256,9.826675648349262,9.842100432615156,9.853538917221885]}