{"timestamp":"2024-05-12 02:22:09","trueValues":[10.28447975821253,10.672885894105493,10.989886287817365,11.219704250778433,11.35978395837725,11.418838497387163,11.41270302990269,11.359850937142026,11.278981520760102,11.188301310071,11.103876171803472,11.036786838907942,10.991899371803129,10.96977830579214],"predValues":[10.080406093490325,10.261811167378376,10.386238575542064,10.453811643960975,10.47083116072153,10.45007678045847,10.406716535506046,10.35363161180116,10.29942080695504,10.248804529151894,10.20381553074492,10.164915221002571,10.131754353508525,10.1036360301626]}