{"timestamp":"2024-05-12 02:22:14","trueValues":[11.477428437663631,11.48842464979184,11.449565271516857,11.376528649571224,11.284126659365386,11.184948650789718,11.086934796935155,10.992681853880509,10.901984632711466,10.8154789001159,10.736496052275164,10.670459242826109,10.622993093277422,10.598244439692728],"predValues":[11.450125554199982,11.37371766776063,11.20516135358209,11.020730540574164,10.863946010093738,10.738655320072937,10.63837428818846,10.557256625114867,10.491168784225984,10.437091936909416,10.392678636933017,10.356023710543155,10.325572293557542,10.300058168375408]}