{"timestamp":"2024-05-12 02:22:19","trueValues":[11.251652589999038,11.173141251399224,11.094816496501284,11.013034893132412,10.924566576413412,10.828785879628876,10.727540566162626,10.623871259304485,10.521050350133509,10.422704260342556,10.33351990873345,10.259313284714231,10.205981709050173,10.178107379775934],"predValues":[10.99720664154537,10.899420302860047,10.776392538249176,10.666906178827997,10.588496371530344,10.534896880807178,10.495985939514869,10.46526341800516,10.439459051508996,10.41705412311396,10.39732196637998,10.379845292970954,10.364322166867892,10.350496899294148]}