{"timestamp":"2024-05-12 02:22:24","trueValues":[10.85729863347848,10.771018289742155,10.682496815273335,10.593122690497363,10.50412917521012,10.417411343192764,10.335800907778316,10.262331050171635,10.199251406345187,10.147641610197866,10.107558540521978,10.078363772742158,10.059240272243642,10.049716529785506],"predValues":[11.177707502108946,11.191113355036592,11.161726156202416,11.106005139683848,11.04081885423195,10.97412714130509,10.909513364818777,10.849304771060224,10.794931835077149,10.746942081692712,10.70521590596982,10.669232893537714,10.638283920013762,10.61162424532296]}