{"timestamp":"2024-05-12 02:22:29","trueValues":[10.32147170473626,10.231892922623476,10.16077689017892,10.114066112255204,10.096153545297636,10.109455740613129,10.154066255841371,10.227549402885508,10.324763764182746,10.43736888878599,10.553461693355064,10.65856944892339,10.738279494781697,10.781231488215486],"predValues":[10.651858283008345,10.657214457880425,10.65342962609309,10.65017424549398,10.647960225213888,10.642432882387382,10.631545643646309,10.61623621169753,10.598449097029544,10.579906610736582,10.561785133822214,10.544743822384232,10.529080359821638,10.514854814391736]}