{"timestamp":"2024-05-12 02:22:34","trueValues":[9.972916339152466,9.986674627961436,10.038961122263991,10.131107423693187,10.261670830918844,10.42534460577622,10.612982425830918,10.813052248836518,11.013306529234002,11.201672610461262,11.366761444618906,11.498710674382426,11.590202603911308,11.636874576677652],"predValues":[10.337160151441273,10.325804592924264,10.321583867588387,10.335131651708055,10.360309288333816,10.385108973358342,10.40277967255422,10.41233158861976,10.415373806642082,10.413991705146708,10.4099283267503,10.40443234699619,10.398312826836666,10.392059349147589]}