{"timestamp":"2024-05-12 02:22:44","trueValues":[11.353619254130376,11.45657890502839,11.513295566201126,11.52165462236066,11.483323632118909,11.40286459356561,11.287014188335723,11.14453334517744,10.986490570758724,10.826283212767253,10.678515299811655,10.556626174201975,10.470615340257254,10.42635513460034],"predValues":[11.263444042064586,11.289994211790754,11.26649476532688,11.208066424609871,11.132938576786234,11.052476880345443,10.973221864825618,10.89930548212043,10.833001289189774,10.775086983913544,10.72533930374249,10.682985866571698,10.647031559324496,10.6164546900493]}