{"timestamp":"2024-05-12 02:22:49","trueValues":[11.34229346395327,11.237451497134051,11.116635094915782,10.992242770866978,10.877970087651814,10.787247882340356,10.730457331895366,10.712314060303571,10.731006983028529,10.77898876275049,10.844288805787006,10.912144673434971,10.967575448639511,10.998567479940816],"predValues":[11.562425021741747,11.535848273140669,11.452925372883117,11.343619218233831,11.235643070485104,11.138395219805478,11.052785195294415,10.978211782801424,10.913902068644092,10.85892366589054,10.812183651204425,10.772527969837109,10.738829677492356,10.710066019063593]}