{"timestamp":"2024-05-12 02:22:54","trueValues":[10.746035210480745,10.674039417276632,10.642085762281042,10.650683496737276,10.695026096906414,10.766113424166068,10.852082795065929,10.94038951222547,11.020491330699963,11.085735558099168,11.133704048383674,11.165358956825262,11.183609607071698,11.191692774509654],"predValues":[10.948317990611445,10.898084980184514,10.835674060850833,10.782908615222375,10.747771874167436,10.724474427152884,10.70613978766173,10.689299412518077,10.672916725600388,10.65698906902118,10.641777447332077,10.627516817787289,10.614331569521404,10.602243497211848]}