{"timestamp":"2024-05-12 00:58:04","trueValues":[7.705224805374767,7.716234306940431,7.749419095421901,7.794844253166167,7.842992416645071,7.88728956693811,7.924921798558449,7.956266531529826,7.983546291372302,8.009137495291679,8.034008145912216,8.056973622779127,8.075148523232066,8.08528862979939],"predValues":[7.735299599702892,7.7060317400170675,7.702815696152827,7.736934466298672,7.800662634672949,7.87580377193404,7.946996351538342,8.006897693502921,8.054248756523243,8.090628325769025,8.11838039221867,8.139700636728588,8.156351238705376,8.169653965598368]}