{"timestamp":"2024-05-12 00:58:14","trueValues":[8.146992551060439,8.15959279828953,8.150149324033627,8.112302069315257,8.042181415736119,7.939741381842616,7.80867802597988,7.655321904574233,7.487667677410175,7.3153119130630975,7.149978021678776,7.005660046686639,6.897534791449656,6.839286921293294],"predValues":[7.96267310353839,7.933099852579836,7.917368348097472,7.924540657492225,7.950165882371486,7.982828130172205,8.013443273027272,8.03820893709191,8.056886709858167,8.070642340779644,8.080846502435502,8.088636504883189,8.09483177483621,8.099986216047714]}