{"timestamp":"2024-05-12 00:58:19","trueValues":[8.203137234845089,8.12002695351941,7.99301235767188,7.818323499685109,7.59354462561843,7.319593769811271,7.002727865206449,6.655640317989619,6.297140466357846,5.95027737773964,5.639233708578463,5.38592261163631,5.2075168308876,5.115473190362749],"predValues":[8.034346494989833,7.985215444716717,7.952449273515096,7.945552055475674,7.960364462463614,7.985433391490988,8.011157755573668,8.032989111848124,8.050008097031181,8.06289008033433,8.072691837824037,8.080355856404644,8.086590994670033,8.09188178550983]}