{"timestamp":"2024-05-12 00:58:24","trueValues":[7.27705162262861,6.988721861283311,6.683023735444248,6.37840192114471,6.095787415271539,5.855087263555629,5.671497406149889,5.552953431289329,5.499371283282043,5.503075581078399,5.549418906056467,5.61764342269945,5.683271316157995,5.72326468213106],"predValues":[7.708684045944443,7.674795448855328,7.662873760302716,7.68272100356506,7.728184434889198,7.784085921968412,7.837506005285928,7.882291941088582,7.917407950621089,7.944159056641585,7.964440864508726,7.9799900379092,7.9921698073371985,8.001977412179384]}