{"timestamp":"2024-05-12 00:58:29","trueValues":[5.433595146148681,5.20055828209432,5.07419287526649,5.071537379874125,5.201086005655679,5.46095417748558,5.836772956903781,6.300789214305638,6.813706083135133,7.32952895325303,7.802132446455531,8.191384322148162,8.466962868254875,8.60940145100205],"predValues":[6.549980120506264,6.490893819740832,6.488898012023759,6.5564487541877465,6.680467777938425,6.832346113899017,6.984526385878598,7.120030274372725,7.232471141529018,7.322069060431739,7.391975222490345,7.446080509203068,7.488007621220287,7.520765021393187]}