{"timestamp":"2024-05-12 00:58:34","trueValues":[5.333827352338736,5.630544277003786,6.011448658347471,6.446415401520898,6.901506472727618,7.345097795020939,7.753079272285904,8.111192932865219,8.414021204685758,8.661770871394332,8.856781937138107,9.001295798438338,9.096815490671249,9.144302371742365],"predValues":[5.639599965474737,5.667749386104305,5.760983560883609,5.913372078348118,6.1016754334305885,6.297079999417424,6.477215799134096,6.630667471595048,6.755001322119049,6.852822479130507,6.928649085575554,6.987166465523515,7.03247813147191,7.067903253319633]}