{"timestamp":"2024-05-12 00:58:39","trueValues":[7.334199658941152,7.718554376931419,8.04834984102548,8.320007205716562,8.536650286172963,8.704658278162087,8.831345156481966,8.924065827397989,8.989961503021263,9.035474636841483,9.065709170207825,9.084376577212865,9.09445316026915,9.098599464755278],"predValues":[7.525007009828994,7.748519932083659,7.901338362849855,7.978753854437087,7.991847937162026,7.961397051753909,7.908924771115722,7.850439817395153,7.795181539088787,7.747235375059207,7.707616106750516,7.675811027665681,7.650707280312173,7.631067086485386]}