{"timestamp":"2024-05-12 00:58:44","trueValues":[8.835290524673765,8.97334173253937,9.063504186745202,9.1078584816193,9.10827949099789,9.066572452064936,8.985339436674227,8.869622723185145,8.72829247952176,8.574162912856202,8.422799675491387,8.29061336216366,8.192684294920063,8.140582523798136],"predValues":[8.696780831215943,8.622415531313507,8.517997497549121,8.405890461061713,8.301683197775372,8.211928197721926,8.137916396855807,8.078603511181758,8.032002769800176,7.995890318247251,7.968164033306268,7.94699980679208,7.93089327438472,7.918641210416963]}