{"timestamp":"2024-05-12 00:58:49","trueValues":[9.071578848943185,9.014953619100144,8.929548783503392,8.822531867350204,8.70383831987108,8.58489625991154,8.476765157322077,8.388183614595956,8.323822071632549,8.283313474169333,8.261866182637341,8.252579257954665,8.24930474056562,8.248357203675042],"predValues":[9.144862122847991,9.096819743291231,9.016185284163525,8.917474266420042,8.814210818981794,8.715239062475437,8.625556888539247,8.54753008282906,8.481601715189646,8.426980266726149,8.382258651800779,8.34584639053886,8.316214400266752,8.292017258336461]}