{"timestamp":"2024-05-12 00:58:54","trueValues":[8.740344670350186,8.652746014418277,8.569937669111589,8.490131939303605,8.406741250847615,8.309886235939175,8.189805802767193,8.040949219095243,7.864950288364104,7.671417273854131,7.476733659849259,7.301658610810029,7.168212458811517,7.095678177601704],"predValues":[8.860363440532375,8.807826573228155,8.75023918811333,8.696311182496265,8.648973674702148,8.607349827647663,8.570423796733712,8.537978432552269,8.510028087695787,8.48642418625351,8.466802331850412,8.45066337321566,8.437463772357322,8.426680722805902]}