{"timestamp":"2024-05-12 00:58:59","trueValues":[8.539274152704184,8.462671443111732,8.3389148857508,8.159284217551814,7.922735686097013,7.635956802102775,7.312592096793447,6.972043085699115,6.637548875203899,6.332856626885846,6.077664875202173,5.883950061187809,5.7557323725674285,5.692336573023915],"predValues":[8.419880783448653,8.470197517331552,8.513890795586612,8.54864480084283,8.568947340232402,8.572557814600323,8.562616783806083,8.544662488014904,8.523558861335514,8.502465866206087,8.483042024421076,8.465949415754515,8.45128505309983,8.438864744853886]}