{"timestamp":"2024-05-12 01:15:04","trueValues":[8.288740348848677,8.265604235604835,8.210210139247675,8.129324775540802,8.03351005779638,7.935759866380937,7.8498250480184595,7.787250668604073,7.753856970165803,7.748042043912758,7.762126987094382,7.785531546974825,7.807885709718782,7.821210497077949],"predValues":[8.234325684031987,8.24510288623093,8.242162996877015,8.224929254384676,8.193974433508245,8.153121373826183,8.108325338051063,8.064965358887388,8.026334824725389,7.993737695168203,7.96718034914581,7.94602542523784,7.929402199502208,7.916437555898086]}