{"timestamp":"2024-05-12 01:15:09","trueValues":[7.888209461798782,7.793395172906014,7.725785957217223,7.693338998303284,7.696646207708469,7.730016250948067,7.784314234503897,7.849677535262703,7.917267879950308,7.980150308524914,8.03358235233614,8.074840474071848,8.102679719231203,8.116661536378171],"predValues":[8.238669203769955,8.191915899646384,8.147710712260537,8.11070786839809,8.080203825240153,8.053742960533686,8.0300675619179,8.00917576887155,7.991373238456115,7.976762830917498,7.96517151778003,7.956245002641147,7.949556162981027,7.944675218392358]}