{"timestamp":"2024-05-12 01:15:14","trueValues":[7.771299356826192,7.82164665641524,7.876713035244747,7.926531946800562,7.963568545834144,7.983289539440661,7.98427614727736,7.967941036545764,7.938034486495827,7.90014709767634,7.861032827990961,7.827275796332655,7.803513484795911,7.791587277834563],"predValues":[7.6502376315924945,7.649324647239299,7.66030225415507,7.684834024120491,7.715953368232621,7.744694434617708,7.766274620524255,7.780417239864436,7.78891344301851,7.79379385602968,7.79663008777144,7.7984504749141,7.799860218439383,7.801178796423722]}