{"timestamp":"2024-05-12 01:15:19","trueValues":[7.968456932507788,7.98059098627094,7.98019336630227,7.970813149768654,7.957168086966808,7.944323048299786,7.9362563597642755,7.934067057837851,7.935219252065245,7.935044894645829,7.929877695574367,7.919623831422426,7.907976968436394,7.900254476330982],"predValues":[8.029506747657276,8.029731073361525,8.026079135948745,8.019617279880364,8.008740141111758,7.992766237290203,7.973402729551241,7.953366510488278,7.934840768886512,7.91900374627075,7.906207878522313,7.89630963971668,7.888932938773862,7.8836285927078595]}