{"timestamp":"2024-05-12 01:15:29","trueValues":[7.869916551141237,7.846876653424575,7.826880834251478,7.818041497822302,7.826987947117368,7.855731139812449,7.900365841816859,7.952588015242133,8.003330011123609,8.046135554956638,8.078314864600223,8.100068876348688,8.113004814767907,8.118910640773146],"predValues":[8.117284013628588,8.13247596695026,8.139429532204494,8.137103083283527,8.123971790133712,8.10110518668147,8.07244571744236,8.042513385883758,8.014575001520985,7.990297059810965,7.97015399367086,7.953941943130102,7.941151125367899,7.931185642008741]}