{"timestamp":"2024-05-12 01:15:34","trueValues":[7.86773389393354,7.909693166389402,7.957000374266119,8.000355569232312,8.033299021529588,8.053454313952152,8.061738151895685,8.06093573566212,8.054503382144892,8.04570205350684,8.037044782370806,8.03007952241161,8.02546170868456,8.023231209502022],"predValues":[7.676126253122126,7.629889908115574,7.602708490110269,7.602231930883112,7.623124255506961,7.65366736961102,7.684297928213535,7.710467222662227,7.731229842376509,7.7472643460328605,7.759672959573843,7.769473122331053,7.777453695311852,7.784177884875604]}