{"timestamp":"2024-05-12 01:15:39","trueValues":[8.225966893661205,8.262810264274183,8.275677629196132,8.26049816794567,8.212983644844645,8.129042773677996,8.005781380756657,7.842984708771347,7.644890227749135,7.422054535227206,7.192769478708103,6.982620680547474,6.820609945893284,6.732196647445349],"predValues":[8.067590022784856,8.052992107317449,8.036942985279897,8.02180658180679,8.006302326704914,7.98899841598281,7.970371940445131,7.952049261447685,7.935503911815543,7.921546281444743,7.910381559249599,7.901835919388191,7.895552939147962,7.891123303855283]}