{"timestamp":"2024-05-12 01:15:44","trueValues":[8.066025590207591,7.970412606123745,7.850530451358599,7.710988965976731,7.560843306871592,7.414477961145055,7.290739477419063,7.208830295450616,7.181433588558531,7.208389617704591,7.275056878066534,7.356915294383899,7.428011126883526,7.468577666294047],"predValues":[8.046773713743253,8.01065222537286,7.980469786601345,7.961060031620037,7.950052656364366,7.942427974518626,7.935069081421998,7.92734526037284,7.919764433670705,7.912955989073485,7.907299472914911,7.90291209803334,7.8997311382839825,7.897604296713599]}