{"timestamp":"2024-05-12 01:15:49","trueValues":[7.319097010639183,7.165471911019436,7.058271600629359,7.015219936414653,7.041908050501609,7.129685316472921,7.259583188670806,7.409872905277963,7.562629938843115,7.7059251587286735,7.831992483474375,7.934475575145234,8.007286542442872,8.045220975870949],"predValues":[8.062085006213275,8.040990682140103,8.023097251972471,8.011129847755011,8.002395763670485,7.993202396627494,7.982248179121646,7.970317719540312,7.958723216937855,7.948430813417293,7.9398979314158415,7.933197131262011,7.928175850213812,7.924587170523319]}