{"timestamp":"2024-05-12 01:15:54","trueValues":[7.068818098194073,7.178781814208653,7.311846825140941,7.453360197252461,7.595158760691779,7.733442267924106,7.865586852418223,7.988429893848462,8.098196394611202,8.191143783330217,8.2644491177012,8.317101071533786,8.350146320921972,8.365796228258361],"predValues":[7.086977051322066,7.147458344337206,7.222653170925618,7.311164811210723,7.40079675107333,7.478580891655578,7.538766893370456,7.582212988088843,7.612555963264821,7.633617595321852,7.648443557535997,7.659192851916282,7.66731083768037,7.673732559647634]}