{"timestamp":"2024-05-12 01:15:59","trueValues":[7.872373236549267,8.010803724959853,8.123628125281112,8.202053348326215,8.238126197355522,8.226478537003242,8.166192067141202,8.062052845774632,7.924588233678316,7.7689808815677,7.613252861364989,7.475986793464257,7.3738766034084,7.319468317521691],"predValues":[7.897399373588034,7.943926491486113,7.97263752374255,7.983509612524925,7.977469297412634,7.958442544018794,7.932476843751921,7.905128510412174,7.879989147366286,7.858728971113669,7.841729654298046,7.828687134590433,7.819018271475284,7.812076932503508]}