{"timestamp":"2024-05-11 23:33:04","trueValues":[6.028633495709974,5.9897846160905805,5.954609335667021,5.9255420135924,5.903807271528246,5.8902368953649,5.885819619249054,5.891759200425431,5.909132614905428,5.938092957008532,5.976481224725717,6.018522227221929,6.0551189458757335,6.076568762400841],"predValues":[6.130302343547933,6.094546979179439,6.075298026391343,6.0818151665195375,6.112214754699076,6.156232693911174,6.2027564894498886,6.24480852217919,6.279775557117821,6.30765839163203,6.329531343845722,6.34669358916455,6.360313800718354,6.371329149636499]}