{"timestamp":"2024-05-11 23:33:14","trueValues":[5.926393467850176,6.026594231532422,6.142822455469167,6.263412405673194,6.376943804067088,6.475189425710876,6.55424044836576,6.613581507647215,6.654219411336872,6.677714738075137,6.686805643555345,6.68617359790996,6.681620105060195,6.678047505589023],"predValues":[5.841788124810751,5.836508629992791,5.848829267457818,5.885134415853846,5.9412331181849005,6.0056898135204895,6.067531014670455,6.120682651351369,6.163584543605952,6.197131203469335,6.22306633803006,6.243165947709686,6.2589322705181845,6.271535574317891]}