{"timestamp":"2024-05-11 23:33:19","trueValues":[6.5124215123694285,6.601067243078461,6.667674966760602,6.711412498842389,6.731827466872835,6.729663680666324,6.707890000550425,6.671208893968778,6.624415588638466,6.571554724849079,6.516798787278534,6.465826485445953,6.425836308937877,6.403734113928078],"predValues":[6.559943078872305,6.623329708703974,6.666797730994163,6.686926178753066,6.684194933567205,6.663957246632417,6.634281799899831,6.602427151213286,6.573029985301018,6.548231097642741,6.528527247410542,6.513553107968768,6.502595966786679,6.494874803625011]}