{"timestamp":"2024-05-11 23:33:24","trueValues":[6.794248751967734,6.79204430008261,6.771649266208348,6.7344858859414405,6.680780478401754,6.610759096920408,6.5264883819161135,6.43248262239814,6.33459807477002,6.238518897220234,6.14948072942314,6.073263014833776,6.016691873001179,5.986360459635787],"predValues":[6.74193381826902,6.72954248099673,6.712823305522669,6.694077092153516,6.6735415889253495,6.651514612131548,6.629380788260603,6.608903226979743,6.591338444600386,6.577201938401435,6.566440417738691,6.558685765194637,6.553444809745297,6.550215476443602]}