{"timestamp":"2024-05-11 23:33:29","trueValues":[6.6866779320613965,6.619893193072347,6.538089927920422,6.443504616035012,6.3379494051075564,6.222937297592368,6.101212828112761,5.97791316161155,5.860026415880354,5.754815401382997,5.668415054026452,5.604693264582154,5.564342346294349,5.545324629717978],"predValues":[6.6769894005788135,6.674831328830409,6.672683224160096,6.6711384599502646,6.667826865030719,6.660784526334282,6.650411588822738,6.638584786853558,6.627153079859932,6.61727557257673,6.609436000527335,6.603663999157272,6.599750658509741,6.597394175460125]}