{"timestamp":"2024-05-11 23:33:34","trueValues":[6.241479252307829,6.138470430491228,6.036323694482369,5.940241327467594,5.854924733735548,5.783202702943018,5.725029519425155,5.676848132352611,5.632451709961779,5.586101142240297,5.536279705691366,5.487258891301944,5.447282137125699,5.424748367634531],"predValues":[6.450797194838738,6.464709508227815,6.483601108042732,6.507406211568084,6.531511390591183,6.550943604721791,6.5638375485186495,6.57115099173918,6.574824856723764,6.576590092700982,6.577618296476917,6.578578857016202,6.579794043177137,6.581377479649964]}