{"timestamp":"2024-05-11 23:33:39","trueValues":[5.770443779830707,5.718891659841941,5.680686254784145,5.649632427598671,5.619572251651746,5.588028376460099,5.557683208526941,5.53452417100349,5.524061264000372,5.528121984509285,5.543901198072116,5.565220911004534,5.584789208974687,5.596360654403158],"predValues":[5.842395584996844,5.79504212987778,5.780821767328484,5.807656596804949,5.868797045917884,5.947737101770015,6.02810417741612,6.09984428184359,6.159269596158513,6.206539062032858,6.243434660135037,6.272098647782882,6.294486167014853,6.312195405579351]}