{"timestamp":"2024-05-11 23:33:49","trueValues":[5.607975489844922,5.644595199225524,5.675144293576437,5.690288404923267,5.68313257443096,5.650465941115882,5.593118164558383,5.515385188310338,5.423966151345898,5.326886877180396,5.232619049955799,5.149702661522598,5.086909471520506,5.052693754928423],"predValues":[5.636875365007604,5.6732162619903885,5.720901288573967,5.780422021049821,5.845545979040053,5.907426516924886,5.960070497094999,6.001801855698498,6.033691987183049,6.057773643901851,6.076058448002549,6.090185784489655,6.101382932912192,6.110529388240964]}