{"timestamp":"2024-05-11 23:33:54","trueValues":[5.592146307997259,5.5294499979942175,5.452513191944134,5.370310977879794,5.292939740119289,5.230389082350761,5.1917552258293975,5.184960070669633,5.21576731234312,5.284719957264292,5.383175684914251,5.4920567104593285,5.585752693190213,5.639967949997881],"predValues":[5.803677074758889,5.812543920323597,5.826360815551743,5.8481096444196,5.875872475313585,5.904788962273086,5.930702435050759,5.951852043183746,5.968331875889232,5.981030863638619,5.990950498438554,5.998932799046222,6.005601704550159,6.0113924440270345]}