{"timestamp":"2024-05-11 23:33:59","trueValues":[5.057257347750654,4.984470002428094,4.957047082120628,4.988649829520202,5.088011365227132,5.254028931721353,5.473288901754311,5.722512765759825,5.97481379900817,6.206426234708861,6.4009469202105285,6.549813205171823,6.649816753602228,6.7000033838924375],"predValues":[5.489334169855001,5.460612439601411,5.45327361355534,5.474884365168035,5.521759799221822,5.582177568725925,5.643976708806344,5.699497586396831,5.74580914961938,5.782906747170883,5.8120592545395935,5.834854095029576,5.852769319874635,5.867028487581301]}