{"timestamp":"2024-05-11 23:31:04","trueValues":[7.537064782221151,7.540181952670721,7.537089766363568,7.526989262319862,7.508004503548381,7.477048885305704,7.431240991762719,7.370252839603024,7.297967868239878,7.222226048405797,7.152587269828796,7.097134965735579,7.0601276034644,7.042077623723541],"predValues":[7.589737999153666,7.588993790656156,7.589851756738286,7.5924615364658035,7.593242158021941,7.589302637182622,7.580822647142245,7.56988517432759,7.558646562860192,7.548521606251569,7.5401723842757535,7.533742422857268,7.529090322381583,7.525954015142076]}