{"timestamp":"2024-05-11 23:31:14","trueValues":[7.205567738555283,7.225210590269561,7.275841486453908,7.351520048565701,7.441778452509963,7.53505967189786,7.622101500400383,7.698465797484881,7.7650506633346,7.825610364030728,7.882471348494231,7.933603788048151,7.973221461624346,7.994968297076586],"predValues":[7.255359805447437,7.193256669485223,7.1549126555947655,7.148998324349554,7.170227137529776,7.205677243519916,7.243737129237575,7.277986401659232,7.306313103384456,7.328884681325185,7.346698109079335,7.360865446773183,7.372343268114781,7.381870731615403]}