{"timestamp":"2024-05-11 23:31:19","trueValues":[7.615517381507413,7.700347581828585,7.763548159535877,7.803475477004787,7.822101155176218,7.821247973291573,7.800224880603164,7.756966432741649,7.691659744986403,7.609795747105306,7.522222341104561,7.442247038074645,7.38192548409772,7.349686106196837],"predValues":[7.52619189607253,7.571077236867351,7.605408638012484,7.626084610594557,7.6307709978188765,7.620932029904296,7.601599619448979,7.578456064120163,7.555674247278887,7.535518689067574,7.518826358257174,7.505605228510159,7.495468045619076,7.487894926790664]}