{"timestamp":"2024-05-11 23:31:24","trueValues":[7.8273063620388035,7.818066481964719,7.78885045108497,7.738907947760818,7.672259026822564,7.597730798416923,7.526107109461563,7.466549432349583,7.424450620800439,7.401105331811047,7.394228845294055,7.398670972657943,7.407545127413251,7.414106122685049],"predValues":[7.661962370682016,7.6413427453147555,7.620477796932066,7.603318209500729,7.589007611671109,7.575532122091197,7.562286008201765,7.549846297377137,7.538970753341024,7.530102711726945,7.5233309459771025,7.51849864072952,7.515331767783866,7.513522809557418]}