{"timestamp":"2024-05-11 23:31:29","trueValues":[7.61992362739017,7.552356937901236,7.49503959415551,7.452371994683268,7.424635078192321,7.40863060866462,7.3985534940308355,7.387302922069728,7.368560828426186,7.33934718964518,7.30184944713189,7.26295631368577,7.231285457919235,7.213720808434253],"predValues":[7.73037161050563,7.66457028988829,7.610088912095575,7.573897255495416,7.553972667707081,7.544035889532827,7.538798788020349,7.535510715405101,7.533170179680432,7.531549665677104,7.530638807633901,7.530435479240832,7.530886522748073,7.531905025234664]}