{"timestamp":"2024-05-11 23:31:34","trueValues":[7.376428706977361,7.371845445787696,7.371661785762061,7.370288455295405,7.364944506705785,7.357253111884019,7.352555827320986,7.356756086923182,7.37275869592964,7.398981945494402,7.430446017614129,7.460939695010852,7.484771111622367,7.497770041975125],"predValues":[7.354062849528443,7.329408550949683,7.319395491404435,7.328576632164966,7.351556195835581,7.378732563854653,7.403150576235454,7.42228311355144,7.436365398845574,7.446599063052584,7.454212847559609,7.460157212933471,7.465077228468258,7.469382208837604]}