{"timestamp":"2024-05-11 23:31:39","trueValues":[7.344190658020224,7.33283456792572,7.330343595769055,7.340472539208914,7.362714804889496,7.393336326674541,7.427449515256654,7.460622609033163,7.48969564556589,7.512986447861713,7.529978588381111,7.540864763967187,7.546526595900744,7.548604532341291],"predValues":[7.605172883392023,7.589244163657818,7.577779365964927,7.57220152327609,7.569220968243562,7.565170879284613,7.558867167521955,7.551124209682861,7.543262178484166,7.5362716685938045,7.530657944423837,7.526549116151335,7.523848436671621,7.5223565644228625]}