{"timestamp":"2024-05-11 23:31:49","trueValues":[7.487804824404716,7.437805176499507,7.372310841887389,7.298167741379209,7.224488442238227,7.160000915407741,7.110341211312644,7.077163333338651,7.059066043200451,7.052960078267131,7.054924788700557,7.060728020248641,7.06659238320902,7.070039397496236],"predValues":[7.54397502390928,7.523306493412184,7.506662270365373,7.497047362366292,7.491992591935705,7.48765412218397,7.482181266051032,7.475759544083768,7.469301143269126,7.46359465882572,7.459068808005862,7.45584160101416,7.45383595911337,7.452883106447809]}