{"timestamp":"2024-05-11 23:31:54","trueValues":[7.16822043247399,7.115133914036608,7.0765847112318365,7.051111251728317,7.035800490835793,7.027211527408281,7.021951302274631,7.017473027640865,7.012912092706125,7.009032374335355,7.007000419348405,7.007032313998297,7.008166700379501,7.009119818833813],"predValues":[7.197820262307454,7.1378362600419,7.10122625195064,7.096666645959647,7.118980408813739,7.155244359953656,7.19382519161957,7.228327494930382,7.256708949137923,7.279202119397665,7.2968552765361,7.310814767428145,7.322058694670524,7.3313360509582335]}