{"timestamp":"2024-05-11 23:31:59","trueValues":[7.023148680589374,7.0125764015159975,7.0019392699878376,6.990839666036225,6.980738364626273,6.97372738900223,6.9711460486708665,6.973286179678706,6.980135024165791,6.991909199962647,7.008405112887454,7.027628018378138,7.045241572992955,7.0559050176072775],"predValues":[7.0649692113182,7.05200961770031,7.053325803585907,7.073159225833298,7.106281288169978,7.143025785368287,7.176031963810354,7.20243302604827,7.222397216360224,7.237255073224261,7.248450892703053,7.257154411081432,7.264205520806591,7.270168491392889]}