{"timestamp":"2024-05-11 23:38:04","trueValues":[7.728113469293186,7.794800398022563,7.828846076262401,7.812495283994608,7.731253231786431,7.576098252126802,7.345790972078619,7.048566324455582,6.702742735635147,6.336091010173774,5.983323690282822,5.681017294671162,5.461070526510503,5.345670832551923],"predValues":[7.405085252540232,7.431016931847219,7.453388636648617,7.475970048773064,7.495983675792351,7.50923032125928,7.514640717036178,7.51405119759065,7.510066226875233,7.50477118341545,7.499466837349447,7.494813407930017,7.491063394468814,7.488238325854516]}