{"timestamp":"2024-05-11 23:38:09","trueValues":[7.569193592002404,7.38440901416941,7.145345855359274,6.867710104334445,6.574355606687208,6.292514546073949,6.0486943002322295,5.862431272482308,5.7419655785184895,5.683869340843494,5.675525567537036,5.69819907546305,5.730359115422323,5.7523936671954745],"predValues":[7.715873631607888,7.738102342062264,7.745499242950016,7.740406198939556,7.723683568211757,7.697645573405126,7.666658857878802,7.635269738186325,7.606607345270974,7.582152654042795,7.562215308394501,7.546459351347218,7.534283037172958,7.525027741351424]}