{"timestamp":"2024-05-11 23:38:14","trueValues":[5.994756327537071,5.715014466464289,5.521980138094835,5.436051299979213,5.465333778046239,5.6063907244283495,5.845218261512399,6.158234481875102,6.514634203705775,6.880239651756273,7.221305356178878,7.507241424049685,7.712783837399476,7.820089400134201],"predValues":[6.724080522202504,6.579909528388626,6.4812702736074055,6.451250231761597,6.486335144010459,6.5632695579618,6.655625832502793,6.745100691214675,6.823020384058969,6.887186306503031,6.938601279497256,6.979405434049482,7.011863290302133,7.037960555999817]}