{"timestamp":"2024-05-11 23:38:19","trueValues":[5.67285545376347,5.868701096179455,6.1190675860173975,6.39361952308067,6.661309326219401,6.894805406785039,7.07366103499162,7.186618329687434,7.233391833755938,7.224871709614445,7.180458409638044,7.122879795551942,7.072578477416491,7.043902795063685],"predValues":[5.565097585024946,5.57683302211162,5.6439383023320975,5.765054647153738,5.91908627066525,6.078700919746207,6.22385254114993,6.3455835224538895,6.44298380298113,6.519054536392236,6.577949602152684,6.623641346012306,6.659448804975626,6.68796807064958]}