{"timestamp":"2024-05-11 23:38:24","trueValues":[6.873275454952074,7.056782120479343,7.178368778492535,7.23817629702868,7.24711875949251,7.224056535520922,7.190468811295801,7.164723981479439,7.1582206623661975,7.174326131618561,7.209330244087694,7.25399604337575,7.295442875123326,7.320467949007096],"predValues":[6.840238179226361,6.9864528227321525,7.091746098847359,7.151179121036007,7.1686526049800445,7.155593606369987,7.125901282051832,7.0908891959202265,7.057473702804529,7.0288801491751975,7.006022050962928,6.988624316812388,6.975922006703637,6.96703217041213]}