{"timestamp":"2024-05-11 23:38:29","trueValues":[7.098520788273443,7.049964639064653,7.021586108533352,7.029899449028038,7.083114609219989,7.18136235717377,7.317362473262486,7.47732211613979,7.643267587435815,7.797277017586776,7.925930998438822,8.022477432609545,8.085682528725572,8.116745259834142],"predValues":[7.424917877421375,7.325358461990733,7.222504063437366,7.135796331392475,7.073107662815971,7.032162906015465,7.006907924863714,6.991865344819043,6.9832931260827245,6.978904422257408,6.977326700242687,6.977710764985153,6.979496599590426,6.982294026174817]}