{"timestamp":"2024-05-11 23:38:34","trueValues":[7.142344303015567,7.262644277694314,7.407886931744608,7.562377705320209,7.710935808226909,7.84316890037448,7.955359128740361,8.04892421051231,8.12684177704661,8.190773273813956,8.240722687645585,8.276548884715716,8.29910106007776,8.309851151824294],"predValues":[6.898813235332879,6.823676084903026,6.763629356492681,6.733697822300327,6.733867661311009,6.753207513851301,6.779695489010177,6.805779996847902,6.828355827408617,6.846885024264122,6.86188959651767,6.874155215711631,6.8844061561873335,6.893211471656622]}