{"timestamp":"2024-05-11 23:38:39","trueValues":[7.820217776100021,7.926232934457812,8.014990960913345,8.090619023162805,8.15604850532014,8.212556788113574,8.261114797843605,8.303318861737399,8.340783912234548,8.373982255942222,8.402018716353416,8.423559565525094,8.437856873917259,8.44490080734619],"predValues":[7.942314482722756,7.995515290322256,8.007957659034375,7.981216121408848,7.923072972019635,7.846321154938933,7.764194291984966,7.686409354036471,7.618113606008726,7.56092463822882,7.514407886091957,7.47720862434392,7.447718033686339,7.424397197261867]}