{"timestamp":"2024-05-11 23:38:44","trueValues":[8.234612204303529,8.284278818906103,8.325031676229752,8.357682229325508,8.38202209981407,8.3967332412886,8.400472888988588,8.3930568513109,8.375763040561264,8.35099578176413,8.322166473514338,8.29379884032175,8.271041210256644,8.258382489502747],"predValues":[8.112814510023544,8.113417584695275,8.089181106030116,8.0439954239488,7.982989198154166,7.913476137655494,7.843221260758055,7.77811178825465,7.721255587988631,7.673486439265957,7.634299077674572,7.602581177299445,7.57706412844107,7.55654311069973]}