{"timestamp":"2024-05-11 23:38:49","trueValues":[8.421255177070304,8.433695685261181,8.434061942157456,8.422271819035654,8.399137566313057,8.366361560927718,8.326816979257528,8.284295297808548,8.242511977504599,8.204214742433983,8.171133079987168,8.144536397229906,8.125698353847936,8.115869485905822],"predValues":[8.454891274847764,8.454722764780827,8.426489089117792,8.37412259240175,8.304040212402485,8.224735494386575,8.144619589108379,8.069935608495758,8.004040198661233,7.947948938415154,7.901248526252656,7.862843115161153,7.831418379776295,7.805696142003607]}