{"timestamp":"2024-05-11 23:38:59","trueValues":[8.185859902997896,8.14511528512547,8.106578042814409,8.071891282111714,8.04309280535682,8.022382280237363,8.012068347828123,8.014443170301426,8.031065067093312,8.061294018895921,8.10089920040091,8.142175395771556,8.176070106001902,8.195056193717127],"predValues":[8.216540429885244,8.213365849065866,8.201749285997233,8.185044197326874,8.162876352496045,8.135173191176236,8.104083881192754,8.072720543008941,8.043523914707878,8.01778652697649,7.995884205106021,7.97764684429704,7.962646524663478,7.950373463384542]}