{"timestamp":"2024-05-12 01:25:04","trueValues":[8.348693253830584,8.20330999753201,8.080572740023918,7.981680720142293,7.906913547651202,7.855690208345086,7.826306464764649,7.815879306348286,7.82072915365331,7.836767644140897,7.859434640242558,7.8835252008844545,7.903589327766074,7.914970933580493],"predValues":[8.476031048797033,8.428847698477401,8.394948735627072,8.384119970410802,8.39214572747895,8.408179965346552,8.423959843381255,8.436139081231754,8.444433284936505,8.44969191533766,8.452912211821886,8.454896059045248,8.456194171295905,8.457152871313948]}