{"timestamp":"2024-05-12 01:25:09","trueValues":[7.704916224637049,7.655053457937631,7.638317271983627,7.657326749108775,7.714090189101356,7.809076443314797,7.939978199618073,8.100915413514606,8.282240484989174,8.470737865858494,8.650427273371035,8.804344209037305,8.916965015176746,8.976476976623879],"predValues":[7.9043662282797245,7.8748293903798,7.867161384967956,7.891068285584216,7.9393214356190205,7.996120757092729,8.04890268162363,8.09224990292735,8.125710845919144,8.15091665615231,8.169899022825048,8.184423049020204,8.195834954752021,8.205095566348536]}