{"timestamp":"2024-05-12 01:25:19","trueValues":[8.694403616643896,8.901046395415007,9.074325509876497,9.1976716894088,9.257789914992657,9.246262125366226,9.161097031221171,9.007831543778972,8.799895702743438,8.558157645962252,8.309524497451635,8.084426942674773,7.913030675711985,7.820211131381293],"predValues":[8.325043370934711,8.362400511199722,8.383462940623001,8.39021796168165,8.383214428142582,8.36433757960324,8.33788681486924,8.308792249447835,8.280772799516583,8.255865735837418,8.234805432724134,8.217547503455624,8.20367492548454,8.192643895030198]}