{"timestamp":"2024-05-12 01:25:24","trueValues":[9.358499398340696,9.3194645994913,9.209751788055884,9.036173661251643,8.811605026085513,8.554084964959628,8.28510435876084,8.026944012538351,7.799075610052009,7.614456087032213,7.477488234107984,7.384980459979999,7.329629687188943,7.304122738303034],"predValues":[9.069112860928936,9.047854545197564,9.001155993556306,8.936692121924493,8.8629261756513,8.787297316035591,8.715640403486592,8.651703590944265,8.597082674058267,8.551776323884853,8.514891756015762,8.485176308076436,8.461337980957444,8.442202519965218]}