{"timestamp":"2024-05-12 01:25:29","trueValues":[8.708026618979567,8.473153088221663,8.238038487068316,8.014898466428653,7.808989796182587,7.6173903948223955,7.431052015962101,7.2396038484001535,7.036932750907006,6.825478398410745,6.61771345954089,6.433858477857912,6.296204757066603,6.222640544453985],"predValues":[8.82548238825408,8.729872859423974,8.642348624341814,8.577125128465042,8.535732783411031,8.51116220828824,8.496017299575163,8.485720909223364,8.478060080107745,8.472089135858972,8.46739743285967,8.463767555913066,8.46104082913594,8.45906787925129]}