{"timestamp":"2024-05-12 01:25:34","trueValues":[7.54101333987794,7.37971677959261,7.229627999279781,7.085613820827877,6.949240537335408,6.829651015983034,6.740757171476707,6.695223837711554,6.697953488164921,6.7428194263810575,6.814373744472899,6.892708067765806,6.958297288961356,6.995520471696814],"predValues":[7.675578728298957,7.65542742270763,7.662775684254294,7.70934240467599,7.78579893045643,7.871715143606469,7.950712609828407,8.015675898519802,8.06604339805378,8.104067402290308,8.132591585056122,8.154144660510259,8.170703033791108,8.183717379891315]}