{"timestamp":"2024-05-12 01:25:44","trueValues":[6.801175738347057,6.987930342388459,7.191621802889443,7.3903004875821985,7.563568704704973,7.69539381112266,7.7766196502171425,7.805715278793544,7.787945706182997,7.734429141549555,7.661219491128251,7.586851267549575,7.528050556795061,7.496094243911981],"predValues":[6.895211000416182,6.953791372297682,7.038751011739672,7.151121179088701,7.275052359657799,7.390763491583149,7.486767450916937,7.560958659188707,7.616267171568653,7.656996107904882,7.687102531094151,7.709691119514824,7.727027456464319,7.740710792846038]}