{"timestamp":"2024-05-12 01:25:49","trueValues":[7.610622881692539,7.698891591060956,7.747785557769866,7.764953384652426,7.762864816661914,7.757322058087959,7.764413833491731,7.795694511374571,7.854155278318972,7.933655616854227,8.021754221423215,8.103825800317367,8.166608823899807,8.200476423677742],"predValues":[7.8127018018526675,7.870577036182777,7.9101574993340975,7.933470627884846,7.941597916255153,7.936718034821482,7.923091311443324,7.905509917267148,7.887653963313141,7.871648696419191,7.858380522063585,7.847972500437159,7.840165753298278,7.834549637029569]}