{"timestamp":"2024-05-12 01:25:54","trueValues":[7.692376577242754,7.676539554626993,7.687354233039558,7.73140606031717,7.806758765422552,7.905477491039756,8.017283654663172,8.13247862483775,8.24344994600021,8.34482390122103,8.432696851142023,8.503605568362275,8.553924428555167,8.580189672742287],"predValues":[7.916402471783203,7.811078629961848,7.724125574901528,7.673932166998217,7.6604952167869245,7.671131816737587,7.692178564624667,7.714938055211018,7.735513028068428,7.752828899284242,7.767059760489127,7.778777854859921,7.788582536025867,7.796972689469045]}