{"timestamp":"2024-05-12 02:50:04","trueValues":[8.623540880877242,8.96421401531741,9.264016282229322,9.499596545271112,9.654776774861906,9.720762552871127,9.696213240848266,9.588330650739223,9.414318225118938,9.200981822490224,8.980784349091968,8.785517594571546,8.640922401914086,8.564319160744137],"predValues":[8.281505844886631,8.382545969438569,8.465009055160161,8.531170785321295,8.578943123508958,8.606827286966912,8.617690870509314,8.617083809006346,8.610298488030299,8.60106578425244,8.591563570682982,8.582870683854567,8.575400159483312,8.569209673727775]}