{"timestamp":"2024-05-12 02:50:09","trueValues":[9.794841066713277,9.803633358533858,9.728137127503956,9.58100923385622,9.3834553671497,9.161604687731971,8.94071297412104,8.740548530320755,8.57401061590296,8.44782395200891,8.363032025267609,8.314841335588847,8.293333975799555,8.28669138338178],"predValues":[9.654801759004322,9.610883357678766,9.53431812429994,9.443029257375375,9.35128376537984,9.266159071124656,9.19072290835205,9.126091058230797,9.072107768553916,9.027814605092113,8.991871460972373,8.962863808471926,8.9394690827752,8.92053827911979]}