{"timestamp":"2024-05-12 02:50:14","trueValues":[9.009922769656974,8.795036021254699,8.621997179822406,8.508382323761293,8.464072947185795,8.490756808652764,8.580712745000536,8.716522290556142,8.873488354752212,9.02515193340352,9.1503288658397,9.238470793974797,9.290272489598973,9.312972975083024],"predValues":[9.267604430342317,9.100934684704963,8.957086624221255,8.865631373539749,8.826139418041883,8.820133389678228,8.829863915783172,8.84455459152402,8.859147722793942,8.871830098746509,8.882285164981528,8.890772065529383,8.897692938767477,8.903430786283279]}