{"timestamp":"2024-05-12 02:50:19","trueValues":[8.545290281040305,8.618102843070435,8.725308469235495,8.841464265738107,8.940651842708743,9.003943054379484,9.025132265036088,9.011591391423892,8.979613815440883,8.946618268548782,8.924066624764235,8.914497698218751,8.913624050600424,8.91520629102388],"predValues":[8.370823888236538,8.306180874987824,8.275412637813268,8.296152133906377,8.360107551661144,8.443481761214688,8.525409016818074,8.595418039122585,8.651079518961353,8.693822868227091,8.726242982477368,8.750885586351169,8.769841905726494,8.784701623111776]}