{"timestamp":"2024-05-12 02:50:29","trueValues":[8.993595366799104,9.003860659867257,9.01896809236671,9.029124943625227,9.026209241047484,9.005489413321808,8.965494585510625,8.907412301744959,8.834739013019359,8.753269445641942,8.671013675144657,8.597439362559573,8.541946658576492,8.512093266276377],"predValues":[8.727248195526505,8.645061530103987,8.59411089005446,8.589108214218697,8.620433810400137,8.667837233804033,8.71573980847876,8.756881248953608,8.789559709868023,8.814587441639283,8.8335166505622,8.847876419310404,8.8589212707797,8.867596881339423]}