{"timestamp":"2024-05-12 02:50:39","trueValues":[8.636661808265842,8.565978214116086,8.518555122344756,8.502912922882093,8.523800729097204,8.58101069418829,8.668978530692716,8.777390306201237,8.892985022654479,9.002450384764476,9.095447210190828,9.166198580471605,9.212925837297762,9.235963342915683],"predValues":[8.991122468277378,8.951990390745806,8.926891693378533,8.92566667303388,8.942998757363391,8.966851171286084,8.988559201580955,9.004966341063557,9.01616455264109,9.02335839092452,9.027826831374572,9.030578276505366,9.032309624417072,9.033470589673188]}