{"timestamp":"2024-05-12 02:50:44","trueValues":[8.561912975198439,8.634259875340128,8.725484155598657,8.823935497734256,8.918531308275256,9.001730628831885,9.070984013722676,9.12791915324718,9.176085390361024,9.218656242728589,9.25689739637314,9.28969094381592,9.314221650626344,9.327432946189642],"predValues":[8.584846557415457,8.588537565774356,8.604728087426436,8.64247593715264,8.694753660426475,8.747624889977079,8.791709675059579,8.824530864532264,8.84749262035669,8.863086180478266,8.873607959689311,8.880791432211527,8.885836634247145,8.88953269259228]}