{"timestamp":"2024-05-12 02:50:49","trueValues":[9.181749348604573,9.268234349677709,9.323618877639902,9.344382826297933,9.327227757275327,9.268614959166436,9.165550587501272,9.01765084332612,8.829952157647876,8.6153040875423,8.39487458056607,8.19556916600291,8.044597967043034,7.963374254258544],"predValues":[9.21729274644565,9.24457808785186,9.258285876798496,9.259899214505598,9.249423948325646,9.22822570085157,9.200104188040662,9.169512434595516,9.139831804982322,9.112963751912218,9.089651952305214,9.06993627447368,9.0534919245662,9.039859088046814]}