{"timestamp":"2024-05-12 02:50:54","trueValues":[9.187202270581327,9.106942042012369,8.998236569936076,8.867408437116303,8.726813099344211,8.594712901571196,8.492143694345625,8.437086883911084,8.438262201759652,8.491533177588916,8.580518985002435,8.68084546676301,8.766303725898332,8.815157292717377],"predValues":[9.129630301213954,9.086643223665282,9.050823937102628,9.031382021682678,9.025756337019,9.0259051787185,9.02610239397034,9.02442898800594,9.021041776187271,9.016693472251822,9.012069811172292,9.007627949597154,9.0036092237106,9.000104001687326]}