{"timestamp":"2024-05-12 02:50:59","trueValues":[8.407528517122481,8.267586222306953,8.189664403152666,8.191049428324282,8.276509547980847,8.437890097510897,8.657038502716414,8.910385946270008,9.173527439439582,9.424577139257114,9.645754841562091,9.823475020232472,9.94773763937171,10.011678438745276],"predValues":[9.21350100415084,9.153840466792952,9.10485187928936,9.076396535809565,9.06571023336282,9.06389914882638,9.064182479632931,9.063717880899484,9.062027464455142,9.059498750296104,9.056639926510668,9.053834792052552,9.051306077893514,9.04914946798323]}