{"timestamp":"2024-05-12 00:08:04","trueValues":[4.84585774773671,5.236110185175368,5.7522517360034495,6.350918168437291,6.986562593485536,7.616186371788924,8.203398505185465,8.72263755809568,9.16194383417584,9.521380059570728,9.80683664453814,10.022990407907429,10.169968928278164,10.244786334842836],"predValues":[5.34173310578666,5.426671747917471,5.6254905697281945,5.89401308901789,6.183958314380284,6.459941523857518,6.702184845050764,6.903645009002963,7.065509825633892,7.193011346469794,7.292568635590443,7.37028127899918,7.431327904683679,7.479851893453826]}