{"timestamp":"2024-05-12 00:08:09","trueValues":[7.641456502899374,8.195342979777417,8.669395287451321,9.052893368303202,9.34898894532002,9.56882973021697,9.724678684300526,9.826500759352347,9.88300053690581,9.904161573955008,9.901953401027397,9.888615590019525,9.874269376497525,9.865546189751708],"predValues":[7.831835136534901,8.17435151595015,8.425286395028067,8.574646914168333,8.637495587571802,8.641842030986009,8.61482646516015,8.575644153554997,8.535269779410081,8.498874262839355,8.468256462096797,8.443507542723353,8.423984030157424,8.408809884681943]}