{"timestamp":"2024-05-12 00:08:14","trueValues":[9.623294097529742,9.78818624801304,9.894357158577812,9.948133133030389,9.957112540130344,9.931174747682128,9.881150647212,9.816880269789536,9.746312825323145,9.675919206698667,9.611517529634144,9.558454932184183,9.5209999816595,9.501749434138908],"predValues":[9.4153165276606,9.257353489866617,9.068631783293046,8.905911658467478,8.788032753504382,8.70853693337786,8.65595461619754,8.621089245455444,8.597790469497149,8.58216129368319,8.571735198421823,8.564920640683376,8.560654199682649,8.558207880035834]}