{"timestamp":"2024-05-12 00:08:19","trueValues":[9.791465018022071,9.736064011157431,9.68305616618979,9.645377953115853,9.63362955882766,9.656031297757709,9.717628903519111,9.818680722776012,9.953142187796129,10.108324012119416,10.266337018198232,10.407182728971987,10.512509494469583,10.568720093864012],"predValues":[10.236696788474903,10.120311616281809,9.948969836012589,9.770015865968835,9.61273803157006,9.4827131123501,9.37671283816226,9.290453225948369,9.220249912068258,9.163065462697087,9.116382858380778,9.078116189016312,9.046548459284432,9.02028959402729]}