{"timestamp":"2024-05-12 00:08:24","trueValues":[9.616855099293788,9.651130153224107,9.7228638787216,9.829020968271417,9.96095744017498,10.105741608633055,10.248960281358872,10.377994340122148,10.484445923605978,10.564976193544036,10.620678604850166,10.655574009720914,10.674826151974,10.683076766323891],"predValues":[9.87256939165821,9.841939364633191,9.785193466698054,9.71415770245573,9.639253648758844,9.565998016883944,9.497235809601513,9.4348328639303,9.37977047193203,9.33218578060124,9.291611001739495,9.257258337494434,9.228227295584066,9.20363758367134]}