{"timestamp":"2024-05-12 00:08:29","trueValues":[10.33429654345835,10.498257901742264,10.623896243446902,10.693908721005153,10.696866949782756,10.627950585025836,10.489050447895572,10.28871749402835,10.042203213425644,9.77132088872697,9.503296856236233,9.267885634838876,9.092957832766654,8.999812165640805],"predValues":[10.033434842592484,10.090622481428642,10.106060023554493,10.081939162995194,10.026209641236656,9.950292400828165,9.865646657898871,9.781343250878436,9.703094511562742,9.633639658800128,9.573669211760778,9.522698903343816,9.479696410047694,9.443461429881433]}