{"timestamp":"2024-05-12 00:08:34","trueValues":[10.680596425717193,10.590402076861468,10.444551032364458,10.25350048477118,10.032287698351322,9.79948705404773,9.574716419432274,9.374957037685634,9.210979732076773,9.085673094731028,8.995386251390613,8.933610035589805,8.894733912623627,8.87575978540211],"predValues":[10.89149873498155,10.86743900583455,10.756645497345248,10.604234254942687,10.446533284855327,10.298732945672342,10.165787008099656,10.049397583286574,9.94968640248019,9.865641873701389,9.795539027968442,9.73735308659062,9.6890603340322,9.64881619637435]}