{"timestamp":"2024-05-12 00:08:39","trueValues":[9.767561572659549,9.546230244457584,9.354917629157685,9.20524241613847,9.10051473848137,9.03685673833686,9.006667389057867,9.002178217085387,9.017038466048168,9.045680924807336,9.08196959430092,9.11873189934542,9.14855924434812,9.16525556198976],"predValues":[10.280763499922465,10.21213525016958,10.109829971171877,10.008479936938478,9.927983687960303,9.866698118190357,9.81799073518332,9.777316019751911,9.742322273043994,9.711827266703526,9.685140481560314,9.66174894532858,9.6412098539523,9.623117082222834]}