{"timestamp":"2024-05-12 00:08:44","trueValues":[8.908599314298485,8.855176838882228,8.838008214633422,8.856464319582921,8.910813866156076,9.00016300678963,9.12108040873256,9.267337046860712,9.430204950230785,9.59883143263909,9.760620233687773,9.901609470386049,10.007180761532824,10.064082411674942],"predValues":[9.234464825948198,9.285447360647618,9.334288169606705,9.387306114546815,9.437575803821122,9.47555276344906,9.498028923228858,9.507327276827748,9.507489939542204,9.502114096302687,9.493784808483056,9.484163787342748,9.474240830183447,9.464557082898349]}