{"timestamp":"2024-05-12 00:08:49","trueValues":[8.813914996104034,8.895604104988216,9.016540909509832,9.17664886250914,9.374163924058289,9.605013147365906,9.861874583971492,10.133298586140857,10.403981037700198,10.656867337774086,10.876139866325438,11.049396388743252,11.168401174847585,11.228735752473211],"predValues":[9.064780504318431,9.091696399363377,9.120198521663012,9.15976170854564,9.204761870080077,9.24457755627436,9.273600092944758,9.291865627361144,9.301857158017716,9.306286793310392,9.30729466424702,9.30635908785015,9.304420424714138,9.302047994339574]}