{"timestamp":"2024-05-12 00:08:54","trueValues":[9.814112877333796,10.07429826803576,10.322923974461403,10.53751436840842,10.695366306505274,10.777849060594304,10.774047749904522,10.6829848034167,10.51456935727519,10.289332529193793,10.03711761150016,9.794894224463098,9.602656132738794,9.495890386953512],"predValues":[9.411207433599348,9.415945915418494,9.413195001865198,9.412448135480195,9.413511290476638,9.411758147887504,9.404927908612857,9.393829102027492,9.380353612447578,9.366182287922491,9.352427188578517,9.33968474436865,9.328195228322093,9.317986282468748]}