{"timestamp":"2024-05-12 00:08:59","trueValues":[11.041013943173798,11.104392865131745,11.063890380809758,10.916457893255542,10.668469548250268,10.335775392058403,9.94338348808378,9.52368657433551,9.111603976671768,8.737661267139165,8.423092840481656,8.17991367710279,8.01448064651505,7.930673732877954],"predValues":[10.697599463575305,10.69149110654324,10.630710003819104,10.531695189535393,10.414371783057934,10.29293821936423,10.176205395487298,10.069542775736672,9.975636421210863,9.895084888172878,9.827134931307723,9.770331091425282,9.722989331011178,9.683457507200943]}