{"timestamp":"2024-05-12 03:48:04","trueValues":[7.560270266328509,7.783672088886046,7.979366497503786,8.136890983861736,8.251708799801326,8.324866355627805,8.362859262580686,8.376855166531358,8.380430822573146,8.385579416432169,8.3985116338089,8.418021856937372,8.43762616928303,8.449807533443522],"predValues":[7.64273122574011,7.799451169554501,7.898966995630289,7.936844816054807,7.921108261586209,7.868981506321866,7.798961320889891,7.725060088143401,7.655545698700985,7.594195808053751,7.542010047687105,7.498532855685072,7.462682737627521,7.433204904829898]}