{"timestamp":"2024-05-12 03:48:14","trueValues":[8.547471077726758,8.55338221950698,8.536657462469188,8.485668283051039,8.393484505408221,8.261175131889654,8.099124263134348,7.925545604752612,7.761916216616338,7.626680774758812,7.529835859822837,7.470929896723677,7.441458177067284,7.430427678190441],"predValues":[8.231998969322273,8.205094768982288,8.164387893112238,8.119433181453898,8.074916223865344,8.03228503745173,7.992540582642208,7.956652456793534,7.925179082067588,7.898180526721671,7.875362296821766,7.856241719999491,7.840271005642926,7.826916184155109]}