{"timestamp":"2024-05-12 03:48:19","trueValues":[8.221204756643388,8.068146052847997,7.9110372600936545,7.772125162469679,7.669857891263098,7.613171530007762,7.599216557524452,7.615543163016076,7.645576760088089,7.674769933135414,7.694758841801034,7.70411806102347,7.706166494912866,7.705600896454758],"predValues":[9.04963373508411,9.091858530500332,9.076784055805769,9.015356554843796,8.923467005346241,8.81688359064285,8.708334933928535,8.606402290757085,8.515652177626968,8.437604374605602,8.37190219319168,8.317239547472072,8.271968015624793,8.234439441616608]}