{"timestamp":"2024-05-12 03:48:24","trueValues":[7.759684920067553,7.753445529182178,7.760573717644579,7.759134737356893,7.730019706201808,7.662000112684389,7.553510461072377,7.411524250776187,7.2491871275380895,7.083409103154004,6.932061015747888,6.810271560919125,6.727205932103297,6.685786875280003],"predValues":[7.355430332642618,7.283553347009356,7.246309432751468,7.258522425773105,7.310038132703243,7.378897352879102,7.447291176955268,7.506461599859794,7.55421187758128,7.591500710137768,7.6203068947663875,7.642640857565413,7.660191420246691,7.674264668723354]}