{"timestamp":"2024-05-12 03:48:34","trueValues":[7.208725840472216,7.170443755360301,7.156737029568662,7.156102060247036,7.1521423394627845,7.12923719664192,7.076719997705134,6.990566435202139,6.87374909050299,6.7362462048268,6.594031416206376,6.466042040121481,6.369908774561251,6.318533536985019],"predValues":[7.11412311942374,6.982875571957871,6.8968812169155935,6.877694724483538,6.9184276476510025,6.994100362410315,7.0797991603635815,7.16008171518747,7.22857627319955,7.284336094875487,7.32881451309542,7.364163619360898,7.3924669316762,7.4154712137004815]}