{"timestamp":"2024-05-12 03:48:44","trueValues":[6.579488253221285,6.384656461988783,6.206307692926757,6.062001412639581,5.966060312344958,5.928825700693288,5.955471155686013,6.0448317252357775,6.188711547475005,6.371460715067309,6.570202923271102,6.7568411118403935,6.902267691705071,6.982030363735699],"predValues":[6.930998658117693,6.827920997015072,6.754655530956455,6.730683512096662,6.754104285090801,6.807556794635707,6.871680988246159,6.933555811672887,6.987362883409108,7.031819241162864,7.067768764212584,7.096750103626867,7.120322641996747,7.139819044110266]}