{"timestamp":"2024-05-12 03:48:49","trueValues":[5.889354476717852,5.883158409398583,5.936295294803921,6.043934023735656,6.195094331390525,6.3727767680585305,6.555677302343453,6.72187607031738,6.853728021398727,6.942469303163064,6.990343704230384,7.008396873436231,7.010760266993325,7.008942271949406],"predValues":[5.974776057005797,5.8947373633592175,5.866239493679566,5.903990665765132,5.997632560485573,6.121048376670145,6.24851175682055,6.363932514537497,6.460926536961722,6.539163847361204,6.601043454985415,6.649720803863799,6.688190801621335,6.718961696683381]}