{"timestamp":"2024-05-12 03:48:54","trueValues":[6.525587623845377,6.73364599349425,6.911777081570754,7.035677430644956,7.089911359112248,7.070896300423369,6.985772935111927,6.847940205598092,6.672665416313905,6.475640070534993,6.274463104494971,6.090593637325166,5.948525431199877,5.870725343292682],"predValues":[6.216414044322943,6.324500893085679,6.425192169904408,6.517386579097192,6.595968484609895,6.656566990463393,6.6994011065869525,6.728129813795206,6.747154706667802,6.760095695073254,6.769467140578149,6.776854207282183,6.783197521568459,6.789026534625206]}