{"timestamp":"2024-05-12 00:10:04","trueValues":[7.720628858118228,8.0089963614659,8.277751844594192,8.518166804982304,8.726652828728497,8.904137784355914,9.0536109979258,9.17769500702564,9.277897897017876,9.35536681214368,9.411868716007136,9.450095517059234,9.4732090382594,9.48397454575338],"predValues":[7.745013912694139,7.87581573242775,7.976170919373228,8.044899637273275,8.082727755201708,8.09517543968881,8.090855043572017,8.077773187129536,8.061514889346432,8.045296991453196,8.03067409184337,8.018203549523845,8.007919917032002,7.999610563368554]}