{"timestamp":"2024-05-12 00:10:09","trueValues":[8.926817272528782,9.071639448777985,9.186946050227188,9.27377870298416,9.33323458300523,9.36760638404023,9.380847979520924,9.378238997159652,9.36557947903951,9.348395704832004,9.331431472131264,9.318151603070696,9.310046109377817,9.306572782004435],"predValues":[9.045031337104508,9.021214538874194,8.948102964501313,8.860017649369782,8.77628382763869,8.702357610749784,8.63892765735201,8.585458668904657,8.540981048050973,8.50432665323861,8.474276045686656,8.44967144960398,8.429479478334038,8.412815321131042]}