{"timestamp":"2024-05-12 00:10:14","trueValues":[9.3472613184508,9.3639087309626,9.368210256078209,9.366430003036664,9.364226614306537,9.365999425263103,9.3742495080355,9.38876901582192,9.406521577952525,9.423183874634276,9.435599398682736,9.443108462422613,9.446877346885,9.448359384950042],"predValues":[9.648220829576342,9.65738150460319,9.602220239190252,9.509765091234591,9.404071005685724,9.298407751631755,9.199561978992476,9.110976715223869,9.033917646349192,8.968196062356586,8.912799042323185,8.86634847158485,8.82740191460016,8.794617138186101]}