{"timestamp":"2024-05-12 00:10:19","trueValues":[9.331849823622363,9.335855260071462,9.349441849348503,9.37097445906896,9.39746721842532,9.426836343624554,9.458991998069468,9.494898994919328,9.53476358624345,9.576925123937384,9.617955996292602,9.653556804503488,9.679684370118569,9.693449037857516],"predValues":[9.469448127459485,9.490821263930473,9.471947073278622,9.426077250957096,9.366745228493109,9.302520566735495,9.238847682421031,9.1792605027579,9.125661012034737,9.078682319051918,9.038149003235034,9.003458787278603,8.973835568035216,8.94848304241254]}