{"timestamp":"2024-05-12 00:10:24","trueValues":[9.438838831956897,9.46347744899946,9.488378665326143,9.513818369658528,9.538673870320366,9.560634931504389,9.57718081271403,9.586732197202071,9.589497463347818,9.587526905561912,9.583795231524398,9.5807455714171,9.579276291212018,9.578910565893242],"predValues":[9.638436614144076,9.702504992117216,9.714946563463087,9.685303675852268,9.62852482011224,9.557730923631604,9.482807201567288,9.410416446281992,9.344294052855728,9.285972027638362,9.235595491286912,9.192562166495897,9.155949234728396,9.12476317764024]}