{"timestamp":"2024-05-12 00:10:29","trueValues":[9.532801533697514,9.546245660205033,9.555487135011612,9.561854370285308,9.56844699441825,9.579054623395258,9.596506844239368,9.621442081525938,9.652260818562825,9.686056389589751,9.719553745640171,9.749384280107863,9.772049149899534,9.78436101633584],"predValues":[9.610588332167254,9.651539999475236,9.655151536998153,9.629885658507687,9.586300024696015,9.53263887098306,9.47531355357486,9.419104548912925,9.366961048957387,9.320267281513615,9.279341129925548,9.243886505526676,9.21331760991395,9.186948708114675]}