{"timestamp":"2024-05-12 00:10:34","trueValues":[9.61614597491116,9.631590959121985,9.649215411075511,9.666310411840817,9.6792564502325,9.68471096694175,9.680138868879547,9.664019312823482,9.636472966865648,9.60017951317458,9.560524363384758,9.524232504426184,9.497182651851688,9.482957637999284],"predValues":[9.5972143738895,9.585361790411657,9.547984450201714,9.500981836231478,9.454739909661194,9.411396675188714,9.37088781193675,9.333447745582015,9.299458148768242,9.269124210409732,9.242395430644162,9.219026220667352,9.198656170935507,9.180888193057456]}