{"timestamp":"2024-05-12 00:10:44","trueValues":[9.668099170122332,9.653877345734916,9.640711765836464,9.627226176284086,9.609769171242494,9.584465019172155,9.549410672629442,9.505812812535314,9.457569496684227,9.409753037564212,9.366996664649768,9.332575426907436,9.30847795575806,9.296014589734762],"predValues":[9.78209596461592,9.766671180350029,9.7259422440138,9.673319261154866,9.619007988161584,9.5666991676041,9.517582469923434,9.472550945316602,9.432209528976578,9.396732046745278,9.365919688638373,9.3393413453048,9.316462249781347,9.296734345667351]}