{"timestamp":"2024-05-12 00:10:59","trueValues":[8.927427789285488,8.930550009721292,8.974008330722139,9.05767331316721,9.178480678568013,9.33136608809898,9.510318994987736,9.708818538063593,9.918663539683989,10.128075305643332,10.321596093870845,10.482788464966523,10.597820240849147,10.657515330744417],"predValues":[9.037157611200852,8.976735854865513,8.924890835675228,8.899904035371328,8.901025398103826,8.916098809643394,8.934209389219049,8.94989384909282,8.961622575013578,8.969679695154122,8.974901912496648,8.97813868788332,8.980066719469368,8.981173463820666]}