{"timestamp":"2024-05-12 04:38:04","trueValues":[7.075149717775388,6.979736075253376,6.90817989664029,6.863302263719193,6.848199349628475,6.865010222220978,6.913102835851319,6.98765817470937,7.079693642230185,7.177587625358899,7.269312651620753,7.344654725176172,7.3969146406038195,7.42326972138814],"predValues":[7.0673403127490175,7.00723484502512,6.970482905741836,6.97048157679809,7.003274061085872,7.053263077441118,7.105402324776668,7.151354010032922,7.188611745305764,7.2177023238959315,7.240186191549455,7.257692367509632,7.271580627016915,7.282882230417851]}