{"timestamp":"2024-05-12 04:38:09","trueValues":[6.921835059414603,6.958246523310276,7.010774088008278,7.069272065377554,7.121990997974915,7.158227838662423,7.1709357303349055,7.1587315083419885,7.1264014964776585,7.083080854048852,7.038745430175941,7.001151472135474,6.974759180926277,6.961363693759846],"predValues":[6.741232667548866,6.69755932344999,6.679822575749959,6.700674101800818,6.755349771169133,6.827209214744954,6.89982057469201,6.963728150471935,7.015971321208388,7.057172032574289,7.089268416128149,7.114355684579212,7.1342340251252025,7.150312649713906]}