{"timestamp":"2024-05-12 04:38:14","trueValues":[7.202657085963772,7.231803214402503,7.234546685870824,7.213168233624852,7.173842130306431,7.123336686411664,7.066269449878851,7.004463199949393,6.93811249398764,6.86776538839426,6.796379580369354,6.730406028642591,6.678832512659522,6.650380890222216],"predValues":[7.066091371416945,7.104741042368881,7.141442481789834,7.177852085164265,7.210303828275686,7.234223220963156,7.248421124363152,7.254869425205328,7.256489141842408,7.255721543934976,7.254165085020184,7.2526995258575875,7.251727004824591,7.25137164526703]}