{"timestamp":"2024-05-12 04:38:29","trueValues":[6.296836802711987,6.18865333973895,6.096269821851175,6.022978574283894,5.9728118781498685,5.950635793867816,5.9607121111353525,6.003828096227343,6.074800071169884,6.162450157224747,6.252357321337058,6.330747194478529,6.387477543771844,6.416917501672718],"predValues":[6.270985790290355,6.21696648623797,6.199902981439436,6.234097235590028,6.313093904445719,6.415957206922181,6.521246761994901,6.615633662579099,6.694115631522137,6.756768551511886,6.80584325457019,6.844104342370926,6.874097007975576,6.897909819374652]}