{"timestamp":"2024-05-12 04:38:34","trueValues":[6.016665559915016,6.018440497181578,6.042592853707643,6.082258635047428,6.125521468423304,6.158624393970047,6.17031564367718,6.155229474277656,6.115020420734688,6.057226119078683,5.992795205251758,5.933276599085897,5.888360958373676,5.864428143354377],"predValues":[6.052661197312706,6.01008449759266,6.000995851316819,6.03901028715838,6.1190255913950375,6.221948962128799,6.3273039012338,6.421928682748452,6.500714581126098,6.563634353019955,6.6128928489982695,6.651246962861193,6.681253981058294,6.705021342581273]}