{"timestamp":"2024-05-12 04:38:39","trueValues":[6.048179999002699,6.056994749972582,6.052540662114985,6.040329662508966,6.031008716866402,6.037197873678194,6.069906900298755,6.13529000231937,6.232490542601654,6.353201692475276,6.482982484729177,6.603808189553664,6.697310678075197,6.748357400757529],"predValues":[6.08964503727959,6.148623162024134,6.217097387196906,6.296976076016522,6.381183666192903,6.458971262028889,6.523412010039531,6.573197299318584,6.610361476951739,6.637893869000245,6.658531302213696,6.674394505021246,6.687002460124061,6.697401444933018]}