{"timestamp":"2024-05-12 04:38:49","trueValues":[6.349290345243362,6.46952878982669,6.579542872809228,6.668688817944085,6.731749856558094,6.769747016130962,6.788167239599332,6.793393709561845,6.789821242985047,6.779767517761186,6.765550477571253,6.750820199306789,6.73942663299866,6.733521072782168],"predValues":[6.181306805819156,6.247154240784466,6.311896791919724,6.378890706654325,6.4445191316903685,6.501998473678677,6.547374327609983,6.580848560039234,6.604827489406505,6.622062162159465,6.634814307658674,6.644699257026851,6.652789069183534,6.659764163326446]}