{"timestamp":"2024-05-12 04:38:54","trueValues":[6.593339169409317,6.595724091855088,6.603539344233939,6.628055033980039,6.677835671955982,6.759767180179353,6.87914991788492,7.037225915897275,7.227965490654093,7.437218049152721,7.6449271723852625,7.828546532342154,7.966236799086467,8.040177368567825],"predValues":[6.768260991234684,6.7333780784351465,6.702831907760474,6.686577729702982,6.685602816571244,6.694491058130256,6.7070588791319565,6.719523839887751,6.730468488998632,6.739767374175019,6.747764957635761,6.75486949089949,6.761407894127613,6.76760475881313]}