{"timestamp":"2024-05-12 04:38:59","trueValues":[6.771496969255107,6.855039954664337,6.966513616562615,7.101734971616439,7.250266761436977,7.3978728090443635,7.530001712002283,7.634791584226674,7.705862698372632,7.744705597745171,7.760332115671638,7.764569319909961,7.765858129554399,7.766786263866293],"predValues":[6.770436737934904,6.7268792777306405,6.694871136041484,6.683765418948642,6.692114242241333,6.711403993602418,6.733261131385538,6.753036611685623,6.7693023515537,6.782270184622812,6.792673953629253,6.801259196014279,6.808613570702171,6.815150910775299]}