{"timestamp":"2024-05-12 01:43:04","trueValues":[8.54440653344951,8.45000607763911,8.363498218733548,8.303962336298996,8.286566728458448,8.32009783968001,8.405677830062423,8.536945577473224,8.701454726369056,8.882465635542175,9.06070383648457,9.216382154191198,9.33163825577807,9.3929296729005],"predValues":[9.139977457216837,9.12957235926665,9.11902426696944,9.115218703659671,9.115968227932166,9.116321195390984,9.113935475578966,9.109058783610283,9.10284889527606,9.096379597122706,9.090351508292876,9.08511972255538,9.080796402762346,9.077353375306364]}