{"timestamp":"2024-05-12 01:43:14","trueValues":[9.044423212446542,9.22119612001509,9.365090427741146,9.461790222020106,9.502099743710236,9.483202163648464,9.409259733645865,9.290990119221572,9.144170540522806,8.987261089330296,8.838521452707955,8.713470504138852,8.623689722576744,8.576847910799717],"predValues":[8.877848087603873,8.94398855466508,8.993619287786524,9.028495024289835,9.046987010720464,9.048968200056336,9.03818621365991,9.020110452410387,8.999387966797222,8.978982832950495,8.960412704627627,8.944243180286728,8.930510407197676,8.918991920177465]}