{"timestamp":"2024-05-12 01:43:19","trueValues":[9.30203417332462,9.227432587224223,9.131710895541993,9.036718528187322,8.965563690585393,8.938573906268196,8.969491516719751,9.063019919644322,9.21375722450498,9.405814048302393,9.613740055154208,9.806471982374362,9.953998027568264,10.033669799846695],"predValues":[9.600590954158204,9.585273548546953,9.547912687239457,9.49752020356306,9.441475456348076,9.384424432928958,9.32978836608426,9.28010022259301,9.23670223563821,9.199866572898957,9.169171693419155,9.143856909798856,9.123063192800927,9.10596659730313]}