{"timestamp":"2024-05-12 01:43:24","trueValues":[8.836539200217086,8.822920450501403,8.87358457027939,8.989308725853446,9.161760439938952,9.373982656131394,9.6036097827706,9.828489390773196,10.031651931663449,10.203128201039718,10.338860136280584,10.438468191052312,10.503283966987947,10.535069111916602],"predValues":[8.872581483540245,8.759989382585708,8.673890306776281,8.634051231172077,8.636729052819366,8.663846947313633,8.698613178852312,8.731577894249519,8.759219658368284,8.781132080211218,8.798121031265627,8.811270132261633,8.821563067359694,8.82978311600344]}