{"timestamp":"2024-05-12 01:43:29","trueValues":[9.41547440617757,9.63134111769782,9.833554261176248,10.00462334218888,10.13506980236493,10.22267111618433,10.270510433136767,10.285189414172656,10.275571050919837,10.251530990140273,10.222321869768,10.195129022846482,10.174678704912406,10.1637707346489],"predValues":[9.10542491983244,9.18079995119275,9.237675554037455,9.27499548387759,9.290308105291356,9.28467816800769,9.263767503960157,9.23469393584993,9.203175111247887,9.172748146827187,9.14516140097949,9.12102140363026,9.100300512749588,9.082671276598573]}