{"timestamp":"2024-05-12 01:43:39","trueValues":[10.526866871119044,10.373164426973307,10.15426134478322,9.870714186189415,9.53016384615134,9.148796859489828,8.750342845725484,8.36231439564501,8.010542720408226,7.714367406766677,7.484277807704017,7.321909852971022,7.221771549644817,7.175023561296228],"predValues":[10.27435958580139,10.215114210469617,10.130691198512078,10.038305687208686,9.951618686686224,9.874535696824132,9.806899370682933,9.748099988872164,9.697544310903814,9.654518959775269,9.6181659694044,9.5875603949443,9.561787391520532,9.540008129840905]}