{"timestamp":"2024-05-12 01:43:44","trueValues":[8.967224870267335,8.579461677358474,8.22831168200586,7.944984596496322,7.75220775097757,7.660659208445125,7.667702078719062,7.757934701154658,7.906067276274033,8.082217972380914,8.257687451923823,8.408828755683132,8.51847006994504,8.575827016214383],"predValues":[9.964003910817286,9.907643406568358,9.846179226759007,9.793404212735584,9.753604473866249,9.722936173261356,9.697120643637732,9.674081543287317,9.653199584424684,9.634397156735094,9.617674260218545,9.602954879292794,9.590088045948344,9.57886910284838]}