{"timestamp":"2024-05-12 01:43:49","trueValues":[7.670083014333596,7.656021194773144,7.718486600800395,7.833193582831606,7.972382366543405,8.110754913006684,8.229398226412224,8.317113829393744,8.370039014060415,8.39043617424467,8.3852413331433,8.364763107390567,8.341161332258284,8.325829042477084],"predValues":[7.837341216261478,7.744082057339757,7.714842637050087,7.773337424954374,7.904025487103365,8.068360278579778,8.231511246967655,8.374315289244857,8.490946847608377,8.582805299822287,8.653998411004086,8.709013758393764,8.751792457563134,8.785488889386642]}