{"timestamp":"2024-05-12 01:43:54","trueValues":[8.278612202775063,8.417825439051779,8.509760438425431,8.54368039858694,8.515310373295613,8.426357789475732,8.284394437011967,8.102650748257549,7.898736025207312,7.692151454172258,7.501720460153157,7.3438746351975315,7.231544867738368,7.173327563288153],"predValues":[8.487972937294579,8.628427407029642,8.750682523746848,8.850646469653636,8.92246896859333,8.965492459200632,8.985493062571212,8.99045533851711,8.987125537068252,8.980035356396973,8.971829926134427,8.963877526761035,8.956784156624767,8.950736931005]}