{"timestamp":"2024-05-12 02:56:04","trueValues":[8.581208972595126,8.626214449904547,8.656487522639509,8.676841359257658,8.691748387040281,8.705520762652952,8.722701347395468,8.7480812492593,8.785753880769505,8.837162209045001,8.899017629893045,8.962600146032809,9.01554048065818,9.045739929909637],"predValues":[8.568031697991715,8.53238012412975,8.48793014530597,8.44137432222299,8.395997538031061,8.353140696969454,8.31402749043907,8.279800544272337,8.251025722716113,8.227620631258173,8.209062197640264,8.194626944887313,8.18356269083933,8.175174929494895]}