{"timestamp":"2024-05-12 02:56:09","trueValues":[8.53477700706923,8.526325722213755,8.541490565083016,8.591650749392691,8.685426335853933,8.825627774699843,9.007353655608073,9.218395769754462,9.441722639884748,9.65867589581136,9.851784179900251,10.006916567516209,10.114494563718772,10.169311898490362],"predValues":[8.886738987050377,8.864525692343449,8.829902455151792,8.78692095916685,8.738336636350656,8.686964721133787,8.636268440917156,8.589381179264034,8.54817887316564,8.513256092053735,8.484347312967959,8.460752714131903,8.44163080836588,8.42615499266016]}