{"timestamp":"2024-05-12 02:56:19","trueValues":[9.776674937289055,9.831194057084144,9.821884540357791,9.75232390367303,9.63348656448064,9.48177487806574,9.315867414560838,9.152561491332232,9.003377455921374,8.874001592826744,8.766542669983782,8.682434617693943,8.62392149036597,8.593721775325761],"predValues":[9.561622070918585,9.581925141885655,9.562721373184909,9.508126769385072,9.427253100383162,9.331973681179448,9.233606859866068,9.14054996618242,9.057565402935072,8.98639621274069,8.926857140841149,8.877762237837912,8.837553981661191,8.804654384507518]}