{"timestamp":"2024-05-12 02:56:24","trueValues":[9.577982431581349,9.438101002389368,9.295124197425242,9.155742982659088,9.02030447819724,8.885558885004325,8.748243911973757,8.607436740568623,8.465213712496977,8.326358759454061,8.197913156981318,8.088708799422946,8.008403652555383,7.965638508612218],"predValues":[9.733411971018809,9.646830222840991,9.53242677156127,9.415018312684095,9.311836993969322,9.226455547782496,9.156759890413184,9.099942229515786,9.053633324180726,9.015908332286948,8.985173584494781,8.96008897393121,8.939538719427468,8.922596547192903]}