{"timestamp":"2024-05-12 02:56:29","trueValues":[9.022993728760742,8.91351720352328,8.789998792881551,8.648200761019734,8.486323718106346,8.305303772115757,8.109316995873995,7.905976642310586,7.705766748634204,7.520688208444694,7.362317184920826,7.239617137837609,7.157394590933961,7.116608244227925],"predValues":[9.025431011590086,9.011931601022754,9.001210214461125,8.996205412315371,8.99292132653136,8.986274481493599,8.97468077625739,8.959482975583239,8.94277815270163,8.92623492937948,8.910852937102195,8.897086674630756,8.885041128521056,8.874623804288412]}