{"timestamp":"2024-05-12 02:56:34","trueValues":[8.14974505934623,7.953350563163331,7.769569869435729,7.614091424868434,7.502888867494247,7.449288047827337,7.460691979896682,7.5359593668136,7.664779199845091,7.829367287999408,8.007130524447144,8.172994132808443,8.30186340254727,8.37250633101841],"predValues":[8.676509123321269,8.664644845138465,8.662215004394096,8.67471584663102,8.696305069355034,8.717714353095904,8.733659817521303,8.743413733036167,8.748375211615818,8.750271082763224,8.750477600621284,8.749910141641932,8.749108522774614,8.748360061657118]}