{"timestamp":"2024-05-12 02:56:39","trueValues":[7.258914464178043,7.225573923489595,7.269114107425167,7.388357040248701,7.575328527909377,7.816918806146058,8.09586011150652,8.391531755468504,8.681975866312978,8.947033962152389,9.170971083250636,9.343519012863322,9.459506033510248,9.517445322928891],"predValues":[7.700472768329416,7.618200253140936,7.578949633827261,7.601460346144444,7.677459981065163,7.7810891538221885,7.887337940490449,7.981700122720978,8.059285984896391,8.120597601963752,8.168232261579375,8.205154571450839,8.233992650729352,8.256851014730373]}