{"timestamp":"2024-05-12 02:56:44","trueValues":[7.853547951027254,8.105657350587489,8.36284623893198,8.60361257204642,8.809873943962554,8.969952925988206,9.079860294787975,9.142980338504287,9.168428548076642,9.168336053591952,9.154839300912109,9.13782988412402,9.12389032738816,9.116363190013343],"predValues":[7.648075971695977,7.660877155219397,7.692626950244417,7.749800768065624,7.823414948963073,7.897819851389128,7.961983115945698,8.012366297015875,8.050084644190926,8.077856113219259,8.098398128271779,8.113889093936198,8.125916566410956,8.135582240061115]}