{"timestamp":"2024-05-12 02:56:49","trueValues":[8.970717866008147,9.090509918387344,9.16596628110488,9.205560831059906,9.220298817198094,9.220668795136856,9.21439990170033,9.205478968125178,9.1943844141598,9.179512470492057,9.159487946134057,9.135553137699135,9.112752184067926,9.09851015973558],"predValues":[9.024206257034184,9.051380498743264,9.04426905497206,9.008348237107242,8.952085543117988,8.885244722702875,8.816769833058231,8.75300684635782,8.697242506273149,8.65040787079235,8.612050567464436,8.581089101869278,8.556268153744824,8.536392205297576]}