{"timestamp":"2024-05-12 02:56:54","trueValues":[9.342071527335664,9.344675193921953,9.331251267359368,9.29768267992418,9.238307068105344,9.148966964289258,9.030241256371491,8.88954438729724,8.74057085657568,8.599551585748756,8.480026651062415,8.389421127011815,8.329573208585806,8.299915702593784],"predValues":[9.08209185712551,9.009713328122675,8.929518749374743,8.855708682169197,8.79436304414195,8.744600745589697,8.703938522229496,8.67055200008745,8.643236092975094,8.621053098185566,8.603174286399135,8.588842159680837,8.577383209340427,8.568216952749847]}