{"timestamp":"2024-05-12 02:56:59","trueValues":[9.230203700722454,9.1247743407677,8.990322975720053,8.837009114725515,8.677525233709119,8.522327196272135,8.376781277259106,8.242356756875118,8.120508031155302,8.01532957577971,7.932337038869889,7.87473370643012,7.841011493097948,7.8262663306635325],"predValues":[9.2895771862313,9.279169430393624,9.251971267697122,9.212000360873358,9.163021873342233,9.10892216819324,9.054020312599434,9.002130375110546,8.955647112356072,8.915520984902827,8.881696177113499,8.853578916922576,8.830358017067768,8.811195179834383]}