{"timestamp":"2024-05-12 01:26:04","trueValues":[8.431591169945722,8.47940656591074,8.50081531807411,8.493831984479975,8.458813253629641,8.399310328999977,8.321572169871326,8.23283965913571,8.139641100048786,8.047373067372499,7.961353993976553,7.887975567699565,7.834248232588077,7.805895749354189],"predValues":[8.28359547603214,8.26283205895161,8.237579735687351,8.213312425527295,8.190563832279658,8.168126743445978,8.145947735487685,8.125068168723795,8.106559437601971,8.090992987932804,8.078445898453534,8.068671251416239,8.061276742627228,8.055831528524198]}