{"timestamp":"2024-05-12 01:26:09","trueValues":[8.319863945580792,8.251705078758839,8.185275167749852,8.129150152332636,8.089660057356014,8.071392928207132,8.077794184440716,8.110236359157168,8.16579790242627,8.236090521326084,8.309028535645794,8.372697964706518,8.418582671197996,8.442289432886177],"predValues":[8.437576466786947,8.387907194296881,8.341532639140791,8.305291811622048,8.278611139620066,8.25744903941587,8.238932068842825,8.22222033545374,8.207426267889488,8.194777381319309,8.184324707183032,8.175932161641112,8.169349105903137,8.164284501288833]}