{"timestamp":"2024-05-12 01:26:14","trueValues":[8.017736292902908,8.007084808782295,8.024997109951116,8.0714024966021,8.141174966919904,8.225638644556053,8.316054927017285,8.406349478231427,8.493235022949472,8.574371557024254,8.646639783696207,8.705912003691642,8.748029154664476,8.769876989841377],"predValues":[8.316214400266752,8.29609153407158,8.284173300772707,8.28353806566233,8.288974242947894,8.29344640444043,8.293612522408624,8.28973120930536,8.283422713345217,8.276231798738028,8.26919238371783,8.262856245727779,8.257436813133411,8.252951893780917]}