{"timestamp":"2024-05-12 01:26:24","trueValues":[8.676515768039998,8.732048606124193,8.765606562009415,8.773313638367378,8.753237550992049,8.705635317603818,8.633397390849264,8.54264621456415,8.442396545752068,8.342730814821783,8.252667765608118,8.179194452747698,8.127382125573552,8.10061799590435],"predValues":[8.617776986064026,8.637094778138142,8.64636070550964,8.646209205922649,8.635361569705193,8.614492634491265,8.587217393057523,8.55795777282292,8.530026033178876,8.50519976927944,8.484092421557563,8.466625582332252,8.45239950532485,8.44090201561582]}