{"timestamp":"2024-05-12 01:26:29","trueValues":[8.704189958386154,8.645105651036339,8.571088800183986,8.490381249150271,8.411630966465005,8.341689188714017,8.284639494238647,8.242002194683803,8.213175544321503,8.19582033637082,8.186531816955647,8.18188024805746,8.179452002045586,8.178272165788282],"predValues":[8.754113324920368,8.721074454462162,8.687885147571958,8.659416780443458,8.634911323564198,8.611742252515468,8.588924554193062,8.567069276931186,8.547117844479189,8.529672799931308,8.514907969129458,8.50269205243158,8.492734542734897,8.484682472580587]}