{"timestamp":"2024-05-12 01:26:34","trueValues":[8.372791788134954,8.318482907240412,8.275281072382459,8.241377059545895,8.21334033334595,8.186974621011666,8.158578282634176,8.126220628739938,8.090393900092309,8.053594916200431,8.019186170529307,7.990389288506906,7.969781357844607,7.95907458966418],"predValues":[8.532677010162505,8.518455451563838,8.50896573006559,8.508987524743016,8.514583706855543,8.51935807015582,8.52013497066947,8.517098068422131,8.511728869901345,8.50545652121108,8.499244240778117,8.493614303494454,8.488778277204384,8.484765132881561]}