{"timestamp":"2024-05-12 01:26:39","trueValues":[8.128752798152716,8.099188584011634,8.072874168905926,8.052313814429718,8.04160412257305,8.044930468768172,8.065154334688005,8.102896071272978,8.15594963190547,8.219093065031704,8.284684412537246,8.344031053382434,8.38897141244832,8.413182641182313],"predValues":[8.238858179570572,8.235872574551813,8.242905079064533,8.264043258281308,8.293046126584269,8.320531075341059,8.34118312693571,8.354452098657566,8.36203611482469,8.365954372564081,8.367793896496677,8.368606678491457,8.369014930010092,8.369352215932713]}