{"timestamp":"2024-05-12 01:26:44","trueValues":[8.050602134885445,8.063729441204023,8.091811617280065,8.132896178962604,8.18241262292193,8.233834506423632,8.280088393487624,8.31511828746542,8.335112246117273,8.33937230818802,8.330789989479236,8.315343144747168,8.3001652782292,8.291066531980892],"predValues":[8.194868812649004,8.179442167861868,8.174467931422262,8.186268420305279,8.209829795547696,8.235554159630377,8.25700729851485,8.272443511696952,8.282709336342604,8.289341562999164,8.293702624794573,8.296764776973077,8.299145712587611,8.301203714871976]}