{"timestamp":"2024-05-12 01:26:49","trueValues":[8.370438494550328,8.440080462592318,8.486907390199393,8.50109918045816,8.475892572858747,8.408822110964403,8.302177830637467,8.162199122763312,7.997791770958389,7.820277312779821,7.64427917941493,7.48780668492596,7.369884987974256,7.306428189912821],"predValues":[8.198675173325018,8.195338461368681,8.19846812388946,8.212413527977802,8.23255287307542,8.251264932590312,8.264268912929303,8.271340488388143,8.274117183450102,8.274402374777898,8.27354068765328,8.272361648762226,8.271304872695762,8.270563056296993]}