{"timestamp":"2024-05-12 01:26:54","trueValues":[8.486221655226688,8.41135135670094,8.301359732867704,8.160590835042441,7.994859057900701,7.812678146653997,7.625900418991423,7.448123627317482,7.29154720942761,7.164294998438374,7.06941692024582,7.005379639556327,6.967538763767935,6.950436055128908],"predValues":[8.512838803717631,8.486269231412779,8.460943550453763,8.441764500106684,8.427279013280149,8.413920204961096,8.400006961311398,8.38589331294487,8.372572778205686,8.36081375236753,8.350966545001729,8.343050292898214,8.336887980750083,8.332220996104446]}