{"timestamp":"2024-05-12 01:26:59","trueValues":[7.706940737539026,7.509659570089094,7.332312293033717,7.191274948571854,7.098515472498461,7.059969459158679,7.075289522657421,7.138504452957164,7.239515872324198,7.365867325242698,7.503300840055369,7.634677029275807,7.739715148191868,7.798562371977476],"predValues":[8.20276327007509,8.14946677852591,8.113138240719959,8.10272809278354,8.113826102002658,8.13504614415416,8.15703777104433,8.175476599725137,8.189545064004315,8.199918267304609,8.207600891097654,8.213471367199263,8.218173170171031,8.222137675152766]}