{"timestamp":"2024-05-12 02:33:04","trueValues":[9.78049644792377,9.701787894072115,9.629282849624705,9.566387131612643,9.518893871611546,9.494128207546908,9.49825803313059,9.533404874157997,9.596173545147982,9.678044453536558,9.767020426766358,9.84970199083972,9.913373280421688,9.947998643923338],"predValues":[9.901090650747784,9.854738687635368,9.81197753052344,9.78234952708257,9.764824480121206,9.752840597001304,9.741667369566184,9.729830733413287,9.717557140556854,9.705487673459736,9.694149657000173,9.68384236930966,9.67466574695786,9.666592147914873]}