{"timestamp":"2024-05-12 02:33:09","trueValues":[9.471447390430296,9.462475425415311,9.484065977083077,9.53439626619218,9.606985831461806,9.692256177951506,9.779444987632289,9.858433682825506,9.92139478486985,9.964149563051798,9.9869239378081,9.994065681496703,9.992544838274291,9.989506872871956],"predValues":[9.74282248746982,9.689935310594272,9.648558381287712,9.629163776265102,9.627767322177275,9.634032494571311,9.640614487154291,9.644734744343005,9.646208277168077,9.645748462632111,9.64414735120747,9.6420167885946,9.63975386318467,9.63758449541443]}