{"timestamp":"2024-05-12 02:33:14","trueValues":[9.799532769712576,9.897456255392443,9.97610739887429,10.023416733061,10.031297369472137,9.997032947091776,9.92375233107446,9.819750256702434,9.69685804435361,9.568301342183736,9.44680877338773,9.343663601942836,9.26849748053933,9.228800867704647],"predValues":[9.71211006593258,9.73938530736632,9.760041877369709,9.776632942666698,9.786016348665305,9.785136056328248,9.774864384330115,9.75859226553206,9.739754753727585,9.720770526533602,9.703005206543043,9.687065855258872,9.673098124915606,9.661003142098574]}