{"timestamp":"2024-05-12 02:33:19","trueValues":[9.983593604781742,9.929520478507662,9.85141792300398,9.760362950178632,9.667774907848417,9.583338606453426,9.513976779752998,9.463695927351228,9.433331157497824,9.42013740399197,9.418551708314771,9.422441792446758,9.427166453250951,9.43008694002618],"predValues":[10.297146718417649,10.282612858038776,10.245513001282903,10.196049715073402,10.142312014200698,10.088221345869176,10.036273466432984,9.988481459877889,9.94606423340731,9.909405054397464,9.878273218214126,9.852100468511695,9.83018512299252,9.811816994118978]}