{"timestamp":"2024-05-12 02:33:29","trueValues":[9.49829683828796,9.56405722743794,9.636327846208632,9.70595280377068,9.763019774514744,9.79730227053004,9.799886800326394,9.765201900144945,9.692956265516663,9.589836078214187,9.470046152144985,9.353413264837716,9.2610336008868,9.21011432390967],"predValues":[9.84544883927645,9.929292963338424,9.98783878268254,10.020561098740556,10.027162759690968,10.01128826086158,9.980361613592557,9.942287375282447,9.90297775086647,9.865912446647982,9.832701079291605,9.803793363360825,9.779016004591224,9.757915035799323]}