{"timestamp":"2024-05-12 02:33:34","trueValues":[9.75835199250286,9.780501763698751,9.77545709324063,9.74300162908672,9.68861752997618,9.62368268068094,9.56331514525042,9.521896752899,9.508006101292976,9.52122696525124,9.552743663543293,9.589583047325032,9.619978648673335,9.636633503270112],"predValues":[9.826300886213016,9.844141690208325,9.850930466438111,9.850643946166567,9.842937667174851,9.827052005218004,9.804783692240008,9.77943222977233,9.75393777295763,9.73016190619468,9.708987048130528,9.690640713934412,9.674983630301798,9.661713329636198]}