{"timestamp":"2024-05-12 02:33:39","trueValues":[9.685683753763495,9.618037859227329,9.55946280312081,9.516927034868129,9.489263210283186,9.46819360456368,9.442999489035476,9.406263231288388,9.35737511193196,9.302172915051656,9.24949996390789,9.207028516532493,9.178708193737249,9.164971699605708],"predValues":[10.00642911095034,9.951027572508202,9.892845883750368,9.844518047077065,9.808709923641873,9.78119547233393,9.758038361778912,9.73751734403757,9.719212472886316,9.703096637872736,9.689141665389428,9.677216787371826,9.667117878060616,9.65859296972164]}