{"timestamp":"2024-05-12 02:33:44","trueValues":[9.374074619038588,9.349283439254034,9.325198725964617,9.304319956566976,9.294814287743778,9.306477098054756,9.345893037970376,9.413241249107545,9.501942928348262,9.600748301097676,9.696876649566049,9.77882304195937,9.837951470241537,9.868810075590789],"predValues":[9.620278458382332,9.660380133270658,9.69337355385277,9.721899597139824,9.741910300482871,9.749375243290396,9.744913181770324,9.732291937230055,9.715532893443626,9.697579395018696,9.680181395079408,9.664206959680357,9.649971314277984,9.637478711492282]}