{"timestamp":"2024-05-12 02:33:49","trueValues":[9.256947896235472,9.277004846820866,9.326388396405637,9.401378565657232,9.494140433829369,9.595641967649762,9.698103530431943,9.796104626426548,9.886282496379827,9.966385378009315,10.034557002691228,10.088993727974092,10.127581470147485,10.14782819389974],"predValues":[9.433904729618405,9.371382179010094,9.32778325576097,9.31626450295201,9.33089138939307,9.357234775472431,9.384321306894304,9.407262065407547,9.425060874780495,9.438368385870971,9.448253601027895,9.45570365966547,9.461483501803633,9.466136931223062]}