{"timestamp":"2024-05-12 02:33:54","trueValues":[9.584486282272085,9.68392476382188,9.779561934681896,9.868595318281509,9.949392971701172,10.020720571990022,10.081320938364764,10.12944837032124,10.162685784975032,10.178979166873017,10.17875058854878,10.166495600904785,10.150329266028873,10.13925384885343],"predValues":[9.782838046803436,9.823406446735202,9.847710701531383,9.857536911586006,9.852741019397053,9.83453130061798,9.806983891505148,9.775166320349104,9.743110602473855,9.713243389158787,9.686674082642684,9.663672192717144,9.644049540947798,9.627410633675968]}