{"timestamp":"2024-05-12 02:33:59","trueValues":[10.058473737491209,10.124100169111632,10.17367880763825,10.2032233534119,10.209162668799529,10.190677592876376,10.151560399514755,10.100060108332066,10.046460086031402,9.999425045833776,9.963192191977502,9.937637135328004,9.921026401663582,9.912588672034314],"predValues":[10.118756752099513,10.100086687206977,10.065799938571692,10.024405467207693,9.980843222805944,9.936734516736024,9.893531087145575,9.85300202394868,9.81648743401835,9.784592252547563,9.757309037451352,9.734260900283466,9.714905631995729,9.698657965762589]}