{"timestamp":"2024-05-12 00:44:04","trueValues":[9.044254170802107,9.139878583802163,9.251283406414425,9.362004088786474,9.462193157763757,9.548029634289064,9.619078687968845,9.675916548811175,9.719163567756478,9.749706416071788,9.76919564188908,9.780097764800104,9.785232271855424,9.78707471946426],"predValues":[9.03224796142728,9.102829758486124,9.16052983803057,9.21241286501198,9.255096411809166,9.283254603467457,9.296496198948152,9.298371604361876,9.293164802766796,9.284254500741609,9.273860565918884,9.2632757947743,9.253174759153096,9.243856205609276]}