{"timestamp":"2024-05-12 00:44:09","trueValues":[9.54445637034602,9.615373061228745,9.672506479160086,9.716602958947549,9.74865389262531,9.770372022892644,9.784213237791334,9.792893366759792,9.79866523523548,9.8026940610945,9.804998449549291,9.805270085650882,9.803994299655152,9.8026642927546],"predValues":[9.661795192570924,9.660023444769353,9.638482861386423,9.607034205014145,9.57150781765301,9.534279850720068,9.497315014648745,9.46258386722495,9.431444588956635,9.404473409851878,9.381646408923253,9.362596266119493,9.346808414422314,9.333742239516033]}