{"timestamp":"2024-05-12 00:44:14","trueValues":[9.802016831361769,9.818043361355643,9.825389762381064,9.825118126279474,9.817350184297965,9.801401264618828,9.776816336903584,9.744735103308422,9.708320981525258,9.671794696889968,9.639017628349634,9.612726868442598,9.59454851273592,9.585300658999362],"predValues":[9.831368414503562,9.792575483415856,9.742171836611998,9.692213651751649,9.64781151490271,9.608043670683267,9.57144828097321,9.53783344629568,9.507559044616972,9.480879701558734,9.457767243513564,9.437966513282316,9.42109318033377,9.406723577401849]}