{"timestamp":"2024-05-12 00:44:19","trueValues":[9.972896670785032,9.977397537462473,9.959778401283923,9.915677137298978,9.841733112563883,9.735125776873073,9.59402490890017,9.419006738653252,9.2148575899263,8.992250475728603,8.768634161650535,8.5673188525666,8.413944657526013,8.330772447421793],"predValues":[9.95622002151083,9.952386284593658,9.92976606731184,9.89562497091107,9.854653103658157,9.809448816364402,9.76278215937304,9.71759169309424,9.676043064255753,9.639220159376457,9.607353683090576,9.580159773014062,9.557099941141216,9.537562341771586]}