{"timestamp":"2024-05-12 00:44:24","trueValues":[9.93666434850626,9.853204023398003,9.72469569478047,9.545616804024636,9.315106195583386,9.038868227590129,8.729692388863327,8.40575384564467,8.087049214473499,7.791792998326375,7.534821525178657,7.32828559348469,7.182848116281298,7.107444113947337],"predValues":[9.70476685437215,9.679599849296352,9.65077931207528,9.626961450689972,9.608410990734535,9.591297384756796,9.573402359856672,9.554854026211231,9.536645370587152,9.51966731687146,9.50441848475748,9.491062068537168,9.479536936798228,9.469662884768766]}