{"timestamp":"2024-05-12 00:44:29","trueValues":[8.931162121210495,8.63306993911036,8.336972767361049,8.065761927768474,7.839130771909241,7.671240790124722,7.570667124827473,7.540934666408203,7.5798195604031005,7.677345160325547,7.814052806064398,7.961524098775984,8.086434976674305,8.15819395210296],"predValues":[9.504939962283236,9.47121828052856,9.443295577701983,9.43059512811448,9.430166145073414,9.433635219826808,9.435449493828235,9.434150850000083,9.430358044550273,9.425163469237653,9.419481437359163,9.413904657825324,9.408751545557564,9.404154994930444]}