{"timestamp":"2024-05-12 00:44:34","trueValues":[7.320667556357678,7.162882065448102,7.106408335192052,7.164268951140961,7.3417345041896915,7.632631784851401,8.017387843852823,8.464227370449027,8.933785456164218,9.385795902874367,9.785195593008048,10.105350899171864,10.328090376166616,10.442186575652372],"predValues":[8.252952425358416,8.19429603789467,8.176964485142658,8.220555168940562,8.31428105290572,8.429424194274223,8.54090131142624,8.636077870384046,8.712072189529781,8.770776153179618,8.815560228461027,8.849753419456624,8.87612471335464,8.896802014880457]}