{"timestamp":"2024-05-12 00:44:39","trueValues":[7.571953010795671,7.900746451305586,8.285010535332406,8.690895470944385,9.085925594042685,9.444981741526345,9.75307449110052,10.004536695056672,10.200223661589437,10.344775530680792,10.444986925913,10.508998425093829,10.545362047014663,10.561414092728455],"predValues":[7.526942749288768,7.561150292876816,7.630949607858279,7.745673866158182,7.888918054603911,8.033821296421591,8.161220754377833,8.264170039514633,8.343654164936193,8.403782490492514,8.449082727524697,8.483449478573462,8.509909545913683,8.53070007344662]}