{"timestamp":"2024-05-12 00:44:44","trueValues":[9.528557950529212,9.835518971609671,10.07477402989667,10.244464730456414,10.347249492357513,10.389206372714632,10.37961033571674,10.330569122040824,10.255871320413249,10.169413429792522,10.08393417334602,10.010228826907625,9.956591594182086,9.928464765596194],"predValues":[9.459563975457554,9.553813197469712,9.589167353721423,9.57421833131644,9.523294270141824,9.45203949597023,9.373911424746634,9.298236583677328,9.230123432520225,9.171517013341308,9.122450283945478,9.082003615260806,9.048900689714062,9.021833295082123]}