{"timestamp":"2024-05-12 00:44:49","trueValues":[10.429346321182832,10.438327854592782,10.407478817638497,10.348092042692194,10.27097290556022,10.185342149526727,10.098342581435311,10.014895014187012,9.93789548199214,9.868913201625444,9.80924256429509,9.760762164879797,9.726081517318333,9.707884556399218],"predValues":[10.365152490920114,10.27627539110498,10.144022630589976,9.999082178347422,9.863756368315196,9.745278375511605,9.644061235652758,9.558836073250408,9.487897587690256,9.42935123676864,9.38126792574452,9.341823812221492,9.309389079590012,9.282569931649746]}