{"timestamp":"2024-05-12 00:44:54","trueValues":[10.236059958632032,10.162899479129315,10.09031788752216,10.01865858287442,9.946663321247804,9.872780959502505,9.796389020388096,9.718394906694051,9.641109917382632,9.567743717388105,9.501989707168104,9.447785812829462,9.408974808106816,9.388687684464694],"predValues":[10.141858578594714,10.062126206481487,9.963744500998152,9.867114343371462,9.78442055301564,9.716097960324236,9.65899590546529,9.610668068791988,9.569619654379329,9.534815149260776,9.505384892649246,9.480528328832412,9.45950869139774,9.441663103204949]}