{"timestamp":"2024-05-12 00:44:59","trueValues":[9.941292793783273,9.88244078580018,9.817672851839385,9.745923710594443,9.666711752851974,9.580078973234333,9.486839216891296,9.38884131036168,9.28905464555055,9.191599479646616,9.101777766617143,9.025835542066233,8.97028675665709,8.94080546860573],"predValues":[9.978191182667318,9.977642594689154,9.962531972724712,9.938568990682388,9.908540177807858,9.87354377321245,9.835595518769418,9.797438885947084,9.761343179085356,9.728630431422305,9.699800857383764,9.67481246234737,9.653335668264228,9.634919165838348]}