{"timestamp":"2024-05-12 02:02:04","trueValues":[10.43846872262981,10.412223146810124,10.385500745974532,10.35408611056214,10.313652199737424,10.260214840151216,10.191099133832466,10.106237038861398,10.009105072076386,9.906712082791476,9.808494103177594,9.72445329544128,9.663280420100952,9.631132207741018],"predValues":[10.549818261182253,10.549874076819568,10.53981663055322,10.531406011376358,10.525964784104564,10.518924040140622,10.507706160195651,10.49278690613057,10.475797689287417,10.458266794973568,10.441244620325522,10.425315900591317,10.4107357929701,10.397547355239226]}