{"timestamp":"2024-05-12 02:02:09","trueValues":[10.226047164875537,10.16532240936621,10.095425284125074,10.020445214845942,9.947316629993118,9.884452275053452,9.839648797193355,9.818038045580662,9.820797995951429,9.844798188418627,9.883065389360592,9.925935519859657,9.962755766851462,9.984041724612744],"predValues":[10.505872749404288,10.52492873956053,10.531151917332208,10.533093238355711,10.531432590251269,10.523286696668524,10.508220195636431,10.48835780241539,10.466332420354082,10.44417148603073,10.4231093223962,10.403757775150948,10.386315122701806,10.370743623046408]}