{"timestamp":"2024-05-12 02:02:14","trueValues":[9.75692683323013,9.699016780573888,9.677372539578805,9.698235361651502,9.763162237284266,9.868730870543551,10.006804936241585,10.165246925361462,10.329106752343217,10.482602412842146,10.612016017939151,10.708649896608332,10.770218265607332,10.799346054622378],"predValues":[10.123778564725209,10.076921071411984,10.042014503413776,10.036988438168091,10.057354235279952,10.08744311641178,10.115600244915072,10.13728754368751,10.152196166202629,10.161593924793683,10.166996878485609,10.169696760599074,10.170650410630884,10.170523895186308]}