{"timestamp":"2024-05-12 02:02:19","trueValues":[9.98224339793626,10.105839950470228,10.231421413382554,10.341161866847882,10.418033288865685,10.449493108365424,10.431225979216542,10.369212679851527,10.278662705649491,10.179442702451466,10.08955613696721,10.020136368319475,9.974809286623634,9.952835467579654],"predValues":[9.916477161433804,9.931741409295231,9.949021399029917,9.9804376291748,10.020802434924748,10.058080370142523,10.085343916871304,10.10197803994565,10.110250980550468,10.112849331361776,10.111956281164764,10.109093736336842,10.105243520517224,10.100999405771423]}