{"timestamp":"2024-05-12 02:02:24","trueValues":[10.44834649570176,10.44288878952752,10.397138040565595,10.32554305679514,10.246566056306882,10.17609748525516,10.122445899937167,10.085789378814813,10.061522334443506,10.044318891868569,10.03060844503444,10.019259265447412,10.010899146132882,10.006495558137615],"predValues":[10.72488214709402,10.781058725528563,10.796131605490633,10.777479614233036,10.73499328268769,10.677903454111204,10.614418748231111,10.551062152528091,10.492028876618107,10.439370278066791,10.393641323782294,10.354531040928151,10.321311699909296,10.293121082023616]}