{"timestamp":"2024-05-12 02:02:29","trueValues":[10.228868246658596,10.192665161142228,10.171151156634208,10.15687298503198,10.141222811906845,10.117162019604846,10.08028808328572,10.028647987221,9.961920658601755,9.88149989362833,9.79243089433634,9.7052893950529,9.634859097581048,9.595373521013158],"predValues":[9.985613067697486,9.877176573835296,9.794353610147407,9.762654580773466,9.77553204566788,9.81070706030269,9.850334568062603,9.88565098231194,9.91400319975708,9.93560013035482,9.951636760321165,9.963431401851702,9.972121630792625,9.978591992100975]}