{"timestamp":"2024-05-12 02:02:34","trueValues":[10.184000979498714,10.16871493695986,10.135608821948123,10.080788297711546,10.001545508474178,9.898621473268545,9.778559379520251,9.653011405990313,9.534729033706064,9.43331148913039,9.353427617430167,9.295646738105994,9.258496381487792,9.240355236205987],"predValues":[10.518944240085553,10.572791445922888,10.598000977198542,10.59997791391443,10.58341661695734,10.552714295392564,10.513334502746822,10.470724845221888,10.42891361709928,10.390227001511215,10.355677653591815,10.325444183380467,10.299257081085589,10.276650153241228]}