{"timestamp":"2024-05-12 02:02:39","trueValues":[9.941819587084012,9.839240545674723,9.730113532642342,9.624660783277667,9.52943452182378,9.445735518418822,9.370751728097204,9.300048199791268,9.23000489073812,9.15933113077208,9.08970457847754,9.0260247836556,8.9760224778629,8.948183232703546],"predValues":[10.54023391888932,10.576943066184,10.590247919386982,10.585853899786684,10.567385302765976,10.5375499841008,10.500351253930262,10.460316026229211,10.421007464968232,10.384558259070186,10.35192790591936,10.32330724183762,10.298465562190737,10.276982389177617]}