{"timestamp":"2024-05-12 02:02:44","trueValues":[9.327056057743402,9.250052272928544,9.19212148874987,9.153720330278354,9.13678108172003,9.144599523563867,9.181259234151211,9.250407898274856,9.35243782012848,9.480599560217172,9.61911589839372,9.746322925295608,9.841795838708672,9.89226540112231],"predValues":[9.49345257254667,9.438615037830148,9.41166352709282,9.433310957552893,9.494738990092364,9.57145678621318,9.64399213057799,9.70386104631518,9.74992967862104,9.784155827421529,9.809215453842684,9.827533614431392,9.841030367111234,9.851127150112452]}