{"timestamp":"2024-05-12 02:02:49","trueValues":[9.386691079381375,9.430329870942868,9.47701991734415,9.518658382779837,9.541603393913064,9.52630246720426,9.45212561152494,9.306220877700614,9.090982490783263,8.82539946216436,8.54084150895769,8.275390577347093,8.06860188055272,7.954897187894407],"predValues":[9.713241262848792,9.743926573933628,9.775596366545166,9.815887814600355,9.858541593057645,9.893599129065349,9.916719029195496,9.928993685206924,9.933498272926853,9.933178263272923,9.9301961135079,9.925951998762102,9.921276243087746,9.916626003133304]}