{"timestamp":"2024-05-12 02:02:54","trueValues":[9.845777354170352,9.843752043902128,9.747396711842017,9.543962534850172,9.236303552514546,8.840362305584295,8.381764284727435,7.893336526769128,7.411585647977232,6.970902320387932,6.597934258198318,6.30947585509845,6.1142199979167415,6.015940355313068],"predValues":[9.426998474761511,9.495020726166423,9.559293229898875,9.62760731735031,9.69287706046943,9.744628256231278,9.77911540958339,9.79869553515288,9.807710557945216,9.81007341992481,9.80860626602972,9.805138254431323,9.800774003170924,9.79614236842892]}