{"timestamp":"2024-05-12 04:03:09","trueValues":[6.404856938498696,6.533450585304694,6.663904620460093,6.801719807916487,6.947941893507254,7.098505638314744,7.245635126694974,7.380480922246303,7.495396282656817,7.585123374891605,7.64760260193381,7.684859008262908,7.702872574945137,7.709228381302622],"predValues":[6.609425368977371,6.6251712260521884,6.600118377244135,6.538063481939885,6.449450974824492,6.349421246202299,6.252041564303115,6.166205353566557,6.095400958430332,6.039527644958524,5.996755856296631,5.964723926514429,5.9411470026301885,5.924057051851118]}