{"timestamp":"2024-05-12 04:03:14","trueValues":[7.228159516440944,7.37538309403836,7.493617358559018,7.570892779475468,7.598668235335037,7.573466677721857,7.498667610580871,7.385273890759016,7.250335334934247,7.113288011174035,6.991538158868888,6.896815301305814,6.834005433059716,6.803188822332822],"predValues":[6.876200991713536,6.908735660914681,6.903653514242935,6.862238045567754,6.790510433211492,6.7008189566690834,6.607215335528515,6.520215501648352,6.445160214153223,6.383384131246791,6.333992740893921,6.29517721776254,6.264953448840538,6.2415009140908815]}