{"timestamp":"2024-05-12 04:03:19","trueValues":[7.573673992946163,7.512803053624827,7.416905675579432,7.30215430682712,7.18642217759059,7.084801836199344,7.005967032691862,6.951111158551649,6.916216816835901,6.895845438160309,6.88550997686239,6.881744547653739,6.881457761593447,6.88205206523646],"predValues":[7.78863223852195,7.803315737966572,7.766875568885995,7.687074091697996,7.574737413731356,7.444942667568125,7.312929648504818,7.189998365209875,7.082217306402992,6.991408188170572,6.916792249477725,6.856361987902414,6.807745238858827,6.768658079625856]}