{"timestamp":"2024-05-12 04:03:29","trueValues":[6.924966848245374,6.86532066347994,6.789640506635653,6.697504836756423,6.592433892929846,6.481469482274864,6.372892386164394,6.273731653857419,6.188839524757703,6.121193497327159,6.071879717289029,6.039624126274451,6.02119273967862,6.013051098715859],"predValues":[6.937181170210756,6.936680158418684,6.92529084473054,6.9031123683497455,6.870567599176134,6.83102992801342,6.789664959200571,6.750891962269048,6.71721360408048,6.689446520566509,6.66737528994598,6.650296236505624,6.637358038882038,6.6277318348611205]}