{"timestamp":"2024-05-12 04:03:34","trueValues":[6.449191166322237,6.336707772966086,6.236797516386618,6.1556316126550605,6.097439026558512,6.064303010312505,6.055465268615825,6.067472674040025,6.095581163202229,6.135076706848208,6.181183479839568,6.227789404101758,6.266697953295327,6.289108463254095],"predValues":[6.465649071455921,6.356441258643812,6.270834689386486,6.221894209646482,6.207234099611783,6.215220519945062,6.233849919158981,6.255221859580599,6.275502471398369,6.29339443972788,6.308822147670012,6.322161287621631,6.333875660949937,6.344375512589181]}