{"timestamp":"2024-05-12 04:03:39","trueValues":[6.013280740195092,5.994667421200494,6.00095996983569,6.029723628264452,6.078625967318958,6.145064516462291,6.224533359030778,6.309445953864175,6.390152707531644,6.458058410570068,6.508661531830134,6.54222692980033,6.561853701295288,6.570776628286058],"predValues":[6.039813633652567,5.989543279906388,5.959526560419944,5.959139572001239,5.98441236099918,6.023428687530513,6.064937182267883,6.102527419265863,6.134041459670423,6.1596321320123,6.180315546679347,6.197237386074605,6.211390504070376,6.223544359095336]}