{"timestamp":"2024-05-12 04:03:44","trueValues":[6.149566313400354,6.226214472868902,6.306997773696116,6.382292536854193,6.44370555232934,6.487154703618343,6.513571978969955,6.526980888468216,6.531778774072787,6.53126394126576,6.52792536878818,6.524129240979007,6.5216504951048,6.520744687047831],"predValues":[6.012206554965561,5.974306142497369,5.948830025106357,5.944003700105631,5.9581289102827455,5.983170595963335,6.011016751630167,6.036844108853128,6.058916934206151,6.077224861928021,6.09241708103844,6.105252019732997,6.116384714383874,6.126314714945025]}