{"timestamp":"2024-05-12 04:03:49","trueValues":[6.420272951735867,6.446271742702004,6.467784152477528,6.491460747142685,6.522334635345011,6.563687643664151,6.617268662069254,6.682359396465847,6.754442368379669,6.825790965979699,6.888374382211556,6.936712584646075,6.968644444964236,6.984268570791961],"predValues":[6.582722902297963,6.59146721924933,6.583833234797373,6.562379564335403,6.5302239098904895,6.4921902043646185,6.453695089570292,6.41885231087187,6.389757479661716,6.366888749899481,6.349798001754164,6.337638166482348,6.329476857152154,6.324449064279602]}