{"timestamp":"2024-05-12 04:03:59","trueValues":[6.779498007969588,6.784254829212422,6.775406987543275,6.759399860128083,6.744307311798579,6.736847418977289,6.739150744277082,6.747032178054463,6.75139961877985,6.7427753054487045,6.716828741971767,6.677876736317719,6.638229294401622,6.61312275626625],"predValues":[6.737906587142495,6.74492261275277,6.733911250665862,6.707118415811757,6.667905804289205,6.621778964247287,6.574967585282035,6.532255200405569,6.496120023914596,6.467165529163973,6.44489960828472,6.428353062603208,6.416450510840531,6.408192454405661]}