{"timestamp":"2024-05-12 00:55:04","trueValues":[9.058225622187862,9.024843618454554,8.939646629659606,8.795771990300986,8.59263709144064,8.334864531003102,8.030325642793287,7.68902763900396,7.324069918135045,6.954053705793054,6.604376977476761,6.305080772343155,6.085687442805331,5.969556098867637],"predValues":[8.824850342608695,8.81646523915175,8.814184771684381,8.822590075086257,8.836811367896175,8.849218386704663,8.855935665760938,8.857126930934452,8.854596887831669,8.850157684144023,8.845093876895964,8.840158179824979,8.835719773503577,8.83191128651757]}