{"timestamp":"2024-05-12 00:55:09","trueValues":[8.513190973810204,8.273110375668471,7.989895187222309,7.6666822472887235,7.310362129188409,6.933707842837379,6.554496934508652,6.1920713830525145,5.863813639766432,5.583015268415934,5.357887081485737,5.19149960349994,5.082980382889589,5.029731467526501],"predValues":[8.525233064666162,8.445270253707454,8.395410942261774,8.389803862810535,8.421246406041583,8.47111262799474,8.523336927730007,8.569525430761718,8.60718636756696,8.63677556585046,8.659758850563563,8.67769879376229,8.691920883938455,8.703448141987387]}