{"timestamp":"2024-05-12 00:55:14","trueValues":[6.789959187345836,6.42325629755026,6.095114836841914,5.826923091650487,5.634202194663422,5.524641148603744,5.497039784374843,5.541605846434796,5.641523478652052,5.77518598269234,5.918844801586683,6.049590274105482,6.148153779093205,6.200914440524177],"predValues":[7.66814780645132,7.575693987439404,7.53285973842147,7.560394655463093,7.649627646413285,7.771943894542787,7.898598878212772,8.012127087141675,8.106122215109684,8.180713967026364,8.238743093042208,8.283645975894471,8.318553075470177,8.346013571662048]}