{"timestamp":"2024-05-12 00:55:19","trueValues":[5.603525123029812,5.56503990886639,5.585734818896835,5.6468466957192405,5.7259949970563,5.80038461662928,5.850332302834039,5.8625320064182205,5.832352092639822,5.76472068359048,5.67326649606397,5.577561881308869,5.498738573164784,5.454396371678771],"predValues":[6.287315585246969,6.270378595893012,6.329322168100172,6.46607672555324,6.657240100470515,6.8682291897614585,7.069732411491014,7.245143417509119,7.389234408909516,7.503620849709298,7.592828059150827,7.661967420668248,7.715673226891058,7.757759546368995]}