{"timestamp":"2024-05-12 00:55:24","trueValues":[5.599717832093176,5.643274494931193,5.67332629853252,5.692322752008961,5.710971952484689,5.746132747421422,5.816653147279223,5.937549551910974,6.113617189033758,6.334720736277735,6.575635911091674,6.801477940154797,6.976375708098368,7.071689679839465],"predValues":[6.156428181536145,6.295399284262422,6.479055854644189,6.687906008976663,6.892911130370127,7.071946963348604,7.216435043140172,7.327794415876333,7.41175655014291,7.474711273257276,7.522179814904703,7.558464497567051,7.586750533613661,7.609338324668086]}