{"timestamp":"2024-05-12 00:55:29","trueValues":[5.420638542654219,5.417353725951147,5.48739763302898,5.651012004100929,5.914532644921111,6.26850239311304,6.6907922090032566,7.152463678060459,7.622840127334162,8.072144844578366,8.47247293481269,8.798537256446735,9.029005870265626,9.1483269449814],"predValues":[6.387973372683311,6.353663234638106,6.362116380014824,6.4262097421303785,6.53624761320596,6.668775066393172,6.801027162436304,6.91900813027906,7.017466648710886,7.096588504067408,7.15899091816112,7.207929803168629,7.246455616563479,7.27712019612588]}