{"timestamp":"2024-05-12 00:55:34","trueValues":[6.253578620639222,6.621880495549448,7.017557548463081,7.413800199834823,7.787247479139083,8.119114766532464,8.395811751695433,8.609767707898325,8.760279623899738,8.853582637965062,8.901513652035943,8.918931851920165,8.920590373714615,8.91819800918387],"predValues":[6.399785024693791,6.575998579839836,6.764059136899993,6.947139743062437,7.103257143782596,7.22226963776065,7.306890130758775,7.365169629776282,7.4051320313600755,7.432955594983232,7.45291234321021,7.46780847365412,7.4794484261326755,7.488977484365792]}