{"timestamp":"2024-05-12 00:55:39","trueValues":[8.316305565807697,8.61440758209155,8.829848234246974,8.954022079944009,8.985792340702712,8.931312823431242,8.802832136843614,8.617095503711306,8.393928372619236,8.155298981047647,7.924608965200745,7.725416510855959,7.579029902029493,7.501545836944992],"predValues":[8.203531931137519,8.317060405855171,8.37219828185819,8.374504530834223,8.337093967030643,8.276771084109972,8.208830164062292,8.143694910050222,8.08666940235102,8.039414289069127,8.001573147491987,7.971910591513733,7.948958935661775,7.931327838989516]}