{"timestamp":"2024-05-12 00:55:44","trueValues":[8.91665882653777,8.815318892276835,8.665618163537708,8.486175142195593,8.296292736154657,8.115026669782392,7.959819595527938,7.844199894932281,7.775176948886969,7.751627534138262,7.764402670364268,7.798141894176382,7.834695023475332,7.857795786815541],"predValues":[9.265241568362722,9.18784494777668,9.070083521440688,8.939365425163047,8.81568860442685,8.70726061580463,8.615816528250587,8.540494920428849,8.479398858037015,8.430305549766274,8.391035262085165,8.359634447687727,8.334448040033246,8.314121048078757]}