{"timestamp":"2024-05-12 00:55:49","trueValues":[7.940599347924745,7.760741961922767,7.636617287144316,7.582581902872609,7.604672668966197,7.699716865126946,7.855917723514325,8.054882396901125,8.274852089341394,8.494190799291275,8.69389463118935,8.858520195557292,8.97594752543565,9.037191632160738],"predValues":[8.659812539890883,8.58050861924122,8.507212853265205,8.453000985264088,8.418472103078365,8.396618154760235,8.380936618562703,8.368017690623429,8.356615353286578,8.346429531054408,8.337437631883244,8.329630087378115,8.32294868980297,8.317284199981923]}