{"timestamp":"2024-05-12 00:55:54","trueValues":[7.700953048599059,7.830521874325544,7.99582174474998,8.17671597266224,8.354515887957351,8.51462384095666,8.647458413043468,8.7480217125795,8.815283808161954,8.852254225797006,8.86603191718466,8.866209729857815,8.861704876349137,8.858262912048152],"predValues":[7.608490192769674,7.587275200604406,7.598301978438762,7.649056200602697,7.726716483627859,7.810249103275874,7.884690418760556,7.9445019241279375,7.990063697289246,8.024004388973186,8.049228804418789,8.068189110625351,8.08274210779416,8.094222587023248]}