{"timestamp":"2024-05-12 03:50:04","trueValues":[5.754332596120237,5.6578841051035615,5.615753664693273,5.644331138103283,5.751093029951701,5.933185433544951,6.177528220067423,6.462415884217364,6.760919108617999,7.045558658970645,7.2928695084544355,7.486419533444351,7.617431857867257,7.683018952752814],"predValues":[6.413985453086903,6.398965332191533,6.39271517686182,6.400565380461179,6.419758118928839,6.44337238613233,6.46571791074194,6.484322325813444,6.499018450223648,6.5105831844862045,6.519940410293022,6.527850549255305,6.534853817005624,6.541301586270301]}