{"timestamp":"2024-05-12 03:50:09","trueValues":[6.033677900379346,6.2466432619143015,6.479089211132203,6.702699412069042,6.8909674172478805,7.02454885571969,7.094967192697832,7.105693895034443,7.070463862128566,7.009301352549455,6.942947191333965,6.887175940741816,6.849708232357177,6.83159791857027],"predValues":[5.563317066194654,5.543418193467795,5.55745356704771,5.612386519925163,5.699333727633004,5.799667119901056,5.896394157526799,5.980134225293494,6.048300534200422,6.102051657404955,6.143917638009878,6.176556762189423,6.202266242102154,6.222867528045725]}