{"timestamp":"2024-05-12 03:50:14","trueValues":[7.039137468580879,7.119966219284191,7.14190708052328,7.117559767949741,7.065415736416707,7.004330305574838,6.947947209282235,6.901789271956672,6.864904172510084,6.834467905483168,6.809337579254749,6.790232683968672,6.777904870207418,6.77207293347443],"predValues":[7.070022652805043,7.171354081826005,7.227197626957913,7.234143750127172,7.198678494178333,7.135544629447067,7.061286708199272,6.988452883069211,6.923926019503856,6.8701593476575,6.827032465226795,6.793256030989806,6.767190394153266,6.747246669574995]}