{"timestamp":"2024-05-12 03:50:24","trueValues":[6.800903304879219,6.743121893977545,6.683224405949828,6.623625930264858,6.568050698875178,6.521927978558871,6.490679594009048,6.476813262073568,6.47845025497934,6.490482511651583,6.507031050748714,6.523221040823295,6.535671117409139,6.542350787357416],"predValues":[6.857336635245403,6.844606948895494,6.832216408989451,6.8220247394048,6.81207786125808,6.800513126995524,6.787528549235219,6.774539718854927,6.762898171643878,6.75337788443948,6.746212219763455,6.74128848318618,6.738319357069864,6.736961176561908]}