{"timestamp":"2024-05-12 03:50:29","trueValues":[6.478001603570842,6.432952404012194,6.407391765798965,6.401765017980291,6.413616936986261,6.439833276043546,6.478104198027999,6.527004012089388,6.585361652999134,6.651330952105912,6.72098541221911,6.787080960981716,6.839647862414586,6.868919708931648],"predValues":[6.510145829099542,6.4402654485496,6.392601286382826,6.376464586952442,6.388096299979774,6.415992822614562,6.448969099822355,6.480250973754566,6.507152383312683,6.529335909679711,6.547440907691635,6.562345277586768,6.574859143472398,6.585628372008866]}