{"timestamp":"2024-05-12 03:50:34","trueValues":[6.311713131894089,6.324390989437921,6.357624815943601,6.416107377565429,6.504089300873557,6.623276285165403,6.77068604778157,6.938158741229986,7.11410531157755,7.285940927342618,7.4415578478482,7.569900590075038,7.66150069562481,7.709245125993815],"predValues":[6.50109505772045,6.517559740467237,6.535995512577429,6.556277453338945,6.574418997303871,6.586755449199471,6.592711376383917,6.594020385973288,6.592888657479575,6.591007803396493,6.58938423282255,6.588494637879276,6.58848188001932,6.589310343550297]}