{"timestamp":"2024-05-12 03:50:39","trueValues":[6.661191714697919,6.795773050443884,6.942214943330165,7.088465999894584,7.2224192768264,7.33368642086662,7.414430384958965,7.460067110547522,7.47004747807663,7.448570949782236,7.404906642500829,7.352535095798555,7.306531581736225,7.2798275203243215],"predValues":[6.375201957499791,6.321963540792293,6.286793443249341,6.277192622053963,6.2897787824793525,6.314838010217383,6.343157668540756,6.369375469436161,6.391552749767584,6.40963621889083,6.42429659471428,6.436336293471497,6.446456200093887,6.455197593369014]}