{"timestamp":"2024-05-12 03:50:44","trueValues":[7.346052242418995,7.434480956614379,7.488189420724679,7.505737591307216,7.490153333791858,7.449296553067308,7.395091595573668,7.3410538192032195,7.298751147683507,7.274704707973962,7.268994768276817,7.276076975285621,7.287522370399826,7.295506132845614],"predValues":[7.099809332129132,7.125859021640723,7.131379985537252,7.114793438648997,7.077918173386125,7.027613134208187,6.972924441191166,6.921162348090603,6.876342125539313,6.839729991138062,6.810976964259265,6.789015903075242,6.772590955746447,6.760518299184341]}