{"timestamp":"2024-05-12 03:50:49","trueValues":[7.43155754616291,7.371504173033838,7.312397539429098,7.26676134541804,7.242218943902653,7.240012631496286,7.255694167693818,7.281698141540563,7.310626854782523,7.3375897944360595,7.360496797778167,7.37873043754466,7.391719533713701,7.398567580834539],"predValues":[7.537674235822863,7.495364653795672,7.437721718832286,7.370008313953843,7.297792447665465,7.227121345586918,7.163098683278626,7.108635113332102,7.064435773298735,7.029773465160959,7.0032642269021546,6.983379773214935,6.968702386911542,6.958028310747256]}