{"timestamp":"2024-05-12 03:50:54","trueValues":[7.252273466492763,7.264625467030186,7.28485810397874,7.305374603311346,7.321345849245409,7.331102422647765,7.334888051801349,7.333493989812263,7.327903389263469,7.319695301113431,7.311121753433367,7.304346798218535,7.300390532688022,7.29883992112571],"predValues":[7.003756201876758,6.966193606908687,6.937548756050777,6.921900443446884,6.916032359444017,6.914353106127136,6.913239185479613,6.911600597841345,6.909631368999184,6.907813373955266,6.90651207223962,6.90590261863791,6.906011060447547,6.906774139946244]}