{"timestamp":"2024-05-12 03:50:59","trueValues":[7.281975624994635,7.290703861726682,7.301866191823084,7.317774445823608,7.340693675448175,7.372587527975213,7.414013628200358,7.46276646108349,7.513376359956658,7.558330008460001,7.590993319415716,7.608861765440931,7.614873109579568,7.615331595171784],"predValues":[7.249185267016846,7.235750443115546,7.217969175800039,7.196426466107118,7.1703387688044025,7.140697475926077,7.110385332244996,7.082332924508854,7.058327947844171,7.038969490091441,7.024076017535021,7.013084589604297,7.005310534481557,7.000088317139031]}