{"timestamp":"2024-05-12 00:05:04","trueValues":[8.837447666161548,8.832174948956688,8.859534977001395,8.907139602488371,8.964754098055602,9.026408582609315,9.09034672409539,9.156948068847557,9.225854865209504,9.2942396524682,9.35721989130248,9.40952445923998,9.446832162797651,9.466223578355272],"predValues":[8.662821002742067,8.576135065374604,8.52108569702504,8.517327444112613,8.55720798276168,8.6176799731706,8.679145481923698,8.731928735398345,8.773603082315159,8.805142106862135,8.828568195631256,8.845905861524496,8.85882851050626,8.868605815431046]}