{"timestamp":"2024-05-12 00:05:14","trueValues":[9.318651285919024,9.383448456642224,9.441449409050662,9.490239718147418,9.528045509820927,9.554040712638953,9.569028008623809,9.575535580357034,9.576704519275625,9.57485250327182,9.571111792416836,9.56624413726562,9.56148651865654,9.558495332074047],"predValues":[9.297403601737614,9.294895087523509,9.287345623893769,9.281110751417128,9.275116683547182,9.265771551128449,9.25195744668217,9.235057534858717,9.217076394403875,9.199567826344955,9.18343285454144,9.169058467412036,9.15649835428406,9.14563025233292]}