{"timestamp":"2024-05-12 00:05:24","trueValues":[9.5337020259795,9.548668590441926,9.573691538015703,9.610433111537771,9.658878426838182,9.716370659580823,9.777748192257963,9.836694289458242,9.887602403307913,9.927085853565806,9.954578510196322,9.971841489451062,9.98156829451352,9.98592244580145],"predValues":[9.674040080242454,9.658328775705025,9.63150537514477,9.600107218634822,9.566604546809415,9.53112281195813,9.494571543180424,9.458818703805049,9.425550457656357,9.395746502063576,9.36971568355317,9.347330423525568,9.328227654549485,9.311956598906423]}