{"timestamp":"2024-05-12 00:05:29","trueValues":[9.653519594078611,9.713088700106804,9.777868328772565,9.84445957355226,9.911263980908746,9.978694054980636,10.048242465382938,10.12063694171072,10.193972310210352,10.263111405939023,10.321244189567022,10.363143127976835,10.387896034181516,10.398572236655797],"predValues":[9.631682922029174,9.642262908976274,9.638646055678375,9.625393828647717,9.6039393608195,9.575127860415895,9.54148538370846,9.506427316123258,9.472731681665998,9.442024575903735,9.414956649694304,9.391560329265085,9.371541120682064,9.354464725129198]}