{"timestamp":"2024-05-12 00:05:34","trueValues":[10.205440031579483,10.28117706721608,10.332099002080705,10.34836527352628,10.318422044628964,10.231981164488182,10.084860181347922,9.883331709687202,9.64523867981132,9.396897367347226,9.166977873083995,8.979724383560514,8.850379617749528,8.785147882421533],"predValues":[10.18410091606838,10.17660779965345,10.138565987570733,10.079072365547288,10.008743599377596,9.93511905271893,9.863385858798935,9.797114623673169,9.73825889464759,9.687399685927756,9.644209014197264,9.607874097461334,9.57740992261576,9.55182988182385]}