{"timestamp":"2024-05-12 00:05:39","trueValues":[10.141314774814036,10.018338573220491,9.858884460543996,9.682306641917297,9.514509951983715,9.381138220834952,9.300172057348352,9.276910226026182,9.30378891064625,9.36475181287478,9.440929526257404,9.514723114560502,9.571960190103995,9.602975610815225],"predValues":[10.421019691250692,10.450702978751377,10.44166031392913,10.396954646328709,10.325030616086853,10.236977461393964,10.143418758551997,10.0526173481933,9.969682753230783,9.896905541104283,9.83463867927262,9.782142211858265,9.738181815910348,9.70139771618842]}