{"timestamp":"2024-05-12 00:05:44","trueValues":[9.407465659589366,9.31462990214498,9.273038215529136,9.2749912312576,9.305095528136878,9.346166800381962,9.383492045997077,9.407077076438169,9.412688940086891,9.401873464308077,9.38065767477656,9.357002476105707,9.337881633494682,9.327510556504382],"predValues":[9.388583495275045,9.240981966076392,9.126785298443473,9.071953611079431,9.07122162886438,9.101738429882277,9.14296173329185,9.183219160387155,9.21782166605638,9.245849089650108,9.267972813548583,9.28532775571052,9.299034481502158,9.310021656812896]}