{"timestamp":"2024-05-12 00:05:49","trueValues":[9.357901905232698,9.40394980601613,9.43699425803807,9.451867264860804,9.448842057318428,9.432371660113535,9.408626093267983,9.382719132314664,9.357149191495216,9.332345253850706,9.308510913562952,9.287021361619852,9.270399996405464,9.261275468648492],"predValues":[9.515226518451318,9.575434049054872,9.619476307937514,9.648241029521271,9.66014942863643,9.655658661931454,9.638898554990032,9.615334787648871,9.58945812661295,9.564118890427732,9.54079486453827,9.520062810530137,9.501978544040645,9.48634166035296]}