{"timestamp":"2024-05-12 00:05:54","trueValues":[9.5480184711616,9.538806233117423,9.516261499840354,9.478124003807956,9.4202777404515,9.339264266567556,9.234494594288098,9.109132141305038,8.96998216275061,8.82705187081758,8.692620174137364,8.579347122407606,8.497918486497552,8.455496475829488],"predValues":[9.658447317487123,9.621430918398476,9.580406424973235,9.54717326293943,9.523621190303231,9.505590613141056,9.489580030472126,9.474407213940392,9.460127447605668,9.447083067376813,9.435505309465553,9.425456368439171,9.416862886602924,9.409572832792316]}