{"timestamp":"2024-05-12 00:05:59","trueValues":[9.552759610868238,9.500733589539808,9.414179483391903,9.28949904433906,9.12541170218807,8.923134769409852,8.68601000794698,8.41902388052152,8.129396006925564,7.828560619145857,7.534462444578608,7.272422911562847,7.072748050638424,6.9640492232808615],"predValues":[9.559569650197954,9.547025484394922,9.530398803405554,9.5171747499823,9.50677975200458,9.495108436453627,9.480208319178482,9.46282892445163,9.444622926715043,9.42698146428157,9.41073698751342,9.396250969109389,9.38357178262181,9.37257929153609]}