{"timestamp":"2024-05-12 03:17:04","trueValues":[10.955341192517944,10.720042133972717,10.407437886171136,10.056344238033333,9.70937775759172,9.405494038648463,9.173369029345112,9.026779092125576,8.963164149758422,8.966058589236237,9.010639336124576,9.070430641547029,9.1229510299488,9.152913927213552],"predValues":[10.741393475766277,10.717303446701877,10.60866601654536,10.447244535547949,10.262783422622622,10.076399062308733,9.900765325318872,9.742994718579244,9.606238965076804,9.490730895755776,9.394841757161604,9.31601944572533,9.25145776383384,9.198488724023566]}