{"timestamp":"2024-05-12 03:17:09","trueValues":[9.37265371238584,9.129843463790742,8.974047135879509,8.90446736240481,8.906660651162472,8.95793395875342,9.033808672962056,9.11336402976838,9.182063510906024,9.231982359031502,9.260725285937834,9.270665785154574,9.2686261222939,9.264015219074327],"predValues":[9.396342400439082,9.243288480841176,9.094294218597184,8.993015415748545,8.945337166778067,8.93182127730829,8.933698543243258,8.940108038928063,8.946225432777595,8.950458384395933,8.952649546843602,8.953151356001921,8.952417779054377,8.950851751744617]}