{"timestamp":"2024-05-12 03:17:14","trueValues":[9.06480123584086,9.13437250407559,9.19220813588208,9.220607132147062,9.209651851486218,9.156838032305425,9.067056187588316,8.95296370914505,8.833656189655482,8.729570923404983,8.654823950858823,8.611929102006092,8.59316920051636,8.587469626580429],"predValues":[9.21609510234216,9.39898487218274,9.525536464029322,9.591800788647614,9.604294454588311,9.578019642006222,9.529591337185757,9.47213897275548,9.414014694367454,9.359676842499258,9.311024211974544,9.268474622706906,9.231692117717474,9.200012756710969]}