{"timestamp":"2024-05-12 03:17:19","trueValues":[9.270752432286784,9.205569336299876,9.107724524089749,8.990984789705339,8.870161211190844,8.75405591455056,8.640988849101364,8.521143638972344,8.384522640365706,8.228877280463967,8.063151616463456,7.906108739318894,7.78175787831495,7.712678850843577],"predValues":[9.536301439945804,9.595723830584486,9.62025506897241,9.615198172231828,9.5877400681387,9.545570556782293,9.496257707004784,9.445906686373249,9.398388442229738,9.355607085172876,9.318146287295711,9.285837006953814,9.258157766621425,9.234458978595717]}