{"timestamp":"2024-05-12 03:17:24","trueValues":[8.642092403987672,8.532645115512613,8.43180087726877,8.333064078016626,8.236607480443103,8.151985126923735,8.095977855922376,8.087273805966497,8.139186867076555,8.252107217136244,8.409197404678148,8.578516266777886,8.721265024995274,8.802815126363672],"predValues":[8.263802453674614,8.161707413577457,8.104711940006903,8.11523318764045,8.180044710956103,8.2694850171306,8.359607868812816,8.438445861785286,8.502665739345419,8.553171183240186,8.592335952787899,8.622690888457585,8.646425823753173,8.66527370131886]}