{"timestamp":"2024-05-12 03:17:29","trueValues":[7.960309178403799,7.867056664200806,7.836227827191454,7.889845125760809,8.037302065879945,8.270014999896327,8.562188863920014,8.877456049198937,9.17815216367411,9.433871771813516,9.627152287011832,9.755192295853432,9.827234867877392,9.857854794929942],"predValues":[8.976213314184761,9.008646452083743,9.029584758161189,9.045031868682006,9.054540726970192,9.05628323800936,9.050967994604644,9.04105301110782,9.029019159703084,9.016637125037011,9.00493019379368,8.994387948848953,8.985154979282344,8.97719354309148]}