{"timestamp":"2024-05-12 03:17:34","trueValues":[8.76787639792682,9.087872230841173,9.373900793196668,9.569983253388113,9.630033968629691,9.526591645363292,9.25602454612106,8.839568394590701,8.32003458195772,7.75481115177511,7.206955687403139,6.736509867265918,6.393450747224984,6.212944703780801],"predValues":[7.716538103480665,7.777385653392079,7.862276453548049,7.978691128292296,8.107632692570881,8.226642794450193,8.324401756894359,8.399600836102756,8.455558404608032,8.496654395206782,8.526829923470821,8.54918621252477,8.566014361385966,8.578953223481424]}