{"timestamp":"2024-05-12 03:17:39","trueValues":[9.77322180986061,9.601204926168649,9.276908631293686,8.828778168743053,8.296954018562445,7.72547285807077,7.155350143875802,6.619985554662663,6.143502874666891,5.741710820002467,5.423857775983448,5.193119718820145,5.046358015621497,4.976137757708629],"predValues":[10.088474376758333,10.170686557900762,10.169140198958436,10.102810490307863,9.994404296363072,9.865332495597425,9.732480115664425,9.60714317840128,9.495399740922654,9.399375581643934,9.31873899620623,9.251892062649889,9.196770133971818,9.151295273731469]}