{"timestamp":"2024-05-12 03:17:44","trueValues":[7.4429101810036755,6.883876439210355,6.398922008625428,6.0208874813002655,5.771473711233511,5.66114387121703,5.687643009503368,5.833884630567194,6.068472039736681,6.3506838756549495,6.637869549329702,6.89146949219495,7.079994515094178,7.180488709555442],"predValues":[7.998539434709637,7.762777372163456,7.605279730469165,7.558778925657249,7.605302854090338,7.703112050608086,7.815825617020966,7.922290224153504,8.013836906164705,8.088920898844737,8.149178663521875,8.19724868510854,8.235772637982146,8.267018497538853]}