{"timestamp":"2024-05-12 03:17:49","trueValues":[5.19269319432501,5.121361075627425,5.204969976646433,5.43382997050852,5.789986562080945,6.252089007594831,6.798093652012369,7.404260510051741,8.042223676147227,8.676874582851298,9.266475891313592,9.765267815754722,10.128668014553847,10.32054835462185],"predValues":[5.964352220948798,5.881414835204417,5.899151715798823,6.021334139293146,6.219367488903061,6.4508738748928565,6.679296446921095,6.882758797520345,7.0529712413945935,7.190226146167863,7.298811481729555,7.384142428054052,7.451359073760408,7.504804672797838]}