{"timestamp":"2024-05-12 03:17:54","trueValues":[6.075718504192436,6.515742941472691,7.0113375601563925,7.54662626668166,8.10280543730953,8.657632540570678,9.186749898130342,9.666861126128977,10.08021950978845,10.418324061757213,10.681964706197617,10.876716627911009,11.006902615112928,11.07280227756744],"predValues":[6.895327150099544,7.19131800634921,7.4639361973683265,7.682894032040732,7.836355937368525,7.932531862022987,7.988079584277134,8.018356909632082,8.034234332137709,8.042471657050148,8.046966676375108,8.049845434316726,8.052205106831332,8.054567703022176]}