{"timestamp":"2024-05-12 03:17:59","trueValues":[8.651988250694561,9.157900655724369,9.609547503425736,9.990817742982571,10.295949074314157,10.529643300392255,10.702510176503871,10.824818185182153,10.903284871272117,10.94284380553476,10.950664373688593,10.938149976225464,10.919174254271454,10.906097979392705],"predValues":[8.340505365625479,8.468683053039118,8.539405718134994,8.560035443474721,8.54208141347229,8.499828444448662,8.44692133341693,8.393292340142613,8.344487678453405,8.302727481770628,8.268270362547165,8.240432446331555,8.218190446439724,8.200494231523932]}