{"timestamp":"2024-05-12 00:42:04","trueValues":[5.304287989445696,5.372719023946737,5.496344547454357,5.658765726384362,5.841404990328908,6.026277544237857,6.197534537896111,6.342048000513219,6.450035577178161,6.516784168897332,6.545023027440974,6.545454269686407,6.533469854989004,6.523350612838486],"predValues":[5.667812909615342,5.672360688007,5.746848516522777,5.88879924402096,6.075568865126686,6.276587686860988,6.466587039951532,6.631416597184417,6.766790647874604,6.874383262458368,6.958425930715926,7.0236611212976605,7.074398067192903,7.114194350808502]}