{"timestamp":"2024-05-12 00:42:09","trueValues":[5.784029438847126,5.92583198911768,6.064547668856061,6.200299671147484,6.337784217399984,6.487237363919316,6.663260747215372,6.879638969183283,7.1416136497442615,7.439607224218477,7.747890810114514,8.0292600956981,8.244119999436718,8.360351279944078],"predValues":[5.9999257858129,6.111239442884214,6.247949746510555,6.4001850367612025,6.550307173562045,6.683008718379924,6.791445212242114,6.875995271221724,6.940480671742217,6.98943922511716,7.0268928466980976,7.056015319938158,7.079175354169419,7.098089944711134]}