{"timestamp":"2024-05-12 00:42:14","trueValues":[6.205813060064662,6.301920942799352,6.454073306960277,6.681872072794352,6.991781887151823,7.374378146777972,7.807021896284171,8.260389726136033,8.705355442051005,9.11684214133924,9.474098898991423,9.759616083793633,9.958890666861894,10.061322461304176],"predValues":[7.119503215283239,7.126243883749436,7.129603453538196,7.140393679385843,7.159971678645339,7.183264341462406,7.205175700150344,7.223406947818095,7.237846718979783,7.249292379882737,7.258666217486374,7.266715629753192,7.273962359997696,7.280737049423779]}