{"timestamp":"2024-05-12 00:42:19","trueValues":[7.432672795754178,7.833060156879553,8.238325538917355,8.619415307913545,8.953388971143628,9.22421866966998,9.422095735495416,9.5433554733472,9.591191069257151,9.57619101541234,9.516124884423313,9.434806816632888,9.359222875315778,9.313955330299734],"predValues":[6.930115707893147,6.997511495216402,7.053819639081755,7.106425345671996,7.1541652576322665,7.1926349896010535,7.220190638165107,7.238384675407983,7.249939841275571,7.25733142638834,7.262344999562815,7.266118136645192,7.269317435818237,7.272303572414495]}