{"timestamp":"2024-05-12 00:42:24","trueValues":[9.42478764394641,9.652045529676045,9.784388126788247,9.816495939258322,9.75060850308627,9.597450394298711,9.376511370290434,9.114781215378638,8.842852746163462,8.589105822119954,8.374686861916114,8.211588785489312,8.103901815899613,8.050930915568095],"predValues":[9.18067184101568,9.18457734089511,9.120726378118746,9.010050879834049,8.8745972254135,8.732791485677957,8.597634983078919,8.476703760121033,8.373087345223965,8.286828530376322,8.216295106869815,8.159175509953428,8.113070198800187,8.075788542539925]}