{"timestamp":"2024-05-12 00:42:29","trueValues":[9.416220209407577,9.207397962893758,8.984296481622717,8.782786083596935,8.634466127409437,8.560432000288394,8.568094158347757,8.651267165818226,8.792410028413485,8.966287699137972,9.144765907320814,9.30182579494532,9.417250406599129,9.478036293520749],"predValues":[9.942447911686909,9.843850917316797,9.683118892334578,9.497593561257814,9.31537942641747,9.14891859073692,9.002313237769936,8.876491767617162,8.770716616499818,8.683154639415285,8.611382640337922,8.55282672102134,8.505052256523683,8.465916723738374]}