{"timestamp":"2024-05-12 00:42:34","trueValues":[8.581823476183072,8.567151405654661,8.619466605142122,8.721909562711868,8.851203828660521,8.982689522845593,9.095480167995715,9.176123663940896,9.219778402827334,9.229295766355492,9.21334472036636,9.18420736295635,9.155164094763524,9.137439174662829],"predValues":[8.554863725994522,8.459842653454947,8.382202304585968,8.337639897121317,8.322878521573205,8.32464628254354,8.331794670950874,8.338646970691697,8.343327244774787,8.345745922391695,8.346412520574464,8.345912306148637,8.344721838341371,8.343176276765293]}