{"timestamp":"2024-05-12 00:42:39","trueValues":[9.05547949283205,9.180070095287691,9.266165981632131,9.305765847362135,9.298563503838734,9.250482319124604,9.17198586469474,9.076053668323212,8.975755094381295,8.882076786602227,8.802757450205114,8.742186586381525,8.701994809107248,8.68213055536496],"predValues":[9.069570017577403,9.18267641976147,9.244148573233296,9.253960430695468,9.220660289896884,9.158704400901678,9.083034875607355,9.005154519497928,8.932067929267465,8.867093743237357,8.811159829930752,8.76387468252021,8.724245580027802,8.691092686196225]}