{"timestamp":"2024-05-12 00:42:44","trueValues":[9.20679940663076,9.130916187182152,9.043907582273269,8.960134689596057,8.8913945427798,8.845464917989723,8.82569767714086,8.831329209157019,8.858337864475402,8.900567975666608,8.950529084203197,8.999734555326064,9.039284984348734,9.061380003062308],"predValues":[9.55057961154803,9.519837953248388,9.452300500521858,9.36512870132102,9.274297522622422,9.18799378947618,9.109726444948048,9.04095998504563,8.981933619643122,8.932077231873683,8.890376837659456,8.855646487601906,8.826717242782449,8.802521695584653]}