{"timestamp":"2024-05-12 00:42:49","trueValues":[8.772767176699206,8.740031571203733,8.738728408966844,8.768066436882435,8.825175668037607,8.905503672737593,9.002640157931342,9.108301285675315,9.213192157624372,9.308524734577905,9.38745495624632,9.446044896522784,9.483518452259908,9.501388493017616],"predValues":[8.90133530778529,8.84147622623182,8.789744167259904,8.756764301904,8.740609130155551,8.732895143290111,8.72715118263308,8.720726005412077,8.713244583702108,8.705146532094204,8.696976451735289,8.689139138890262,8.68186769029209,8.6752596504117]}