{"timestamp":"2024-05-12 00:42:54","trueValues":[8.910377175241287,8.995103452161558,9.084522229447378,9.169952580764043,9.24387002662423,9.301438274949115,9.341495828905089,9.36675373373308,9.382745711189576,9.395393534604755,9.40830767834655,9.421619973634508,9.432969684799032,9.439517124844627],"predValues":[8.802767550177581,8.79355664107715,8.78501711435697,8.78230925858103,8.782520029059075,8.780575518570581,8.774387424913787,8.764731053869845,8.753293100840613,8.741526632917482,8.730356329158607,8.720250509339918,8.711369709865881,8.70369187027032]}