{"timestamp":"2024-05-12 00:42:59","trueValues":[9.230707636190768,9.257022848662722,9.27411891258302,9.290742404107402,9.316137987507432,9.356960481483348,9.415609958439616,9.490622453946138,9.578037184063664,9.672273648215864,9.766064118847058,9.85019529475807,9.91429875684609,9.94909475672467],"predValues":[9.460932255937976,9.492599390662024,9.493841687275369,9.467450459221167,9.419176843452682,9.35708221273044,9.289630875558622,9.223642971239403,9.163290851556331,9.110390385243328,9.065201513697025,9.027152259529329,8.995310767385863,8.968673418949988]}