{"timestamp":"2024-05-12 01:20:04","trueValues":[8.446937812319375,8.425703683364171,8.418131096113257,8.434124668302246,8.481621915134578,8.565495275958952,8.685927879223506,8.836903065014619,9.006468047496035,9.179130797848334,9.338912893841233,9.471617495229726,9.566144732273454,9.615163619694446],"predValues":[8.558745039097786,8.519733363869562,8.47052364012671,8.41652520049113,8.361294032637174,8.307502110859652,8.257653696752687,8.213646521984927,8.176316757961075,8.14556659442146,8.120739798944527,8.100948105530746,8.085280921925666,8.072908189865812]}