{"timestamp":"2024-05-12 01:20:09","trueValues":[8.659928955362993,8.76982250314781,8.895353466197804,9.022083668083788,9.133314664854128,9.213797092817348,9.252649560584851,9.245248407077115,9.194289261787617,9.109732823878028,9.007260629545884,8.905623277674692,8.823796224429723,8.77800853083167],"predValues":[8.296872155627717,8.219603379429996,8.152661027712723,8.105031949660832,8.075646877136649,8.058037309353068,8.04643430151064,8.03772785945602,8.03067754709711,8.02489983126894,8.020277764921904,8.016730282487524,8.014150271099906,8.012402178497005]}