{"timestamp":"2024-05-12 01:20:14","trueValues":[9.381581024890972,9.44621446974472,9.4495979605209,9.387230630542067,9.26195429311372,9.083358074726274,8.866310463793727,8.629470627869901,8.393739662607366,8.179458115186815,8.002233632533528,7.869930106367441,7.78354530765272,7.741128081182141],"predValues":[8.946204701255166,8.947056819984814,8.920765794289029,8.870872196094714,8.804234704072671,8.729288921542178,8.653951897972991,8.583965201923405,8.522371848781987,8.470057180872022,8.426596201983685,8.390936122881747,8.361833583797868,8.338078980134847]}