{"timestamp":"2024-05-12 01:20:19","trueValues":[8.96988647880093,8.75494657264883,8.535399218530898,8.335792931103747,8.179097174065523,8.081796165636074,8.050087567867166,8.07999225739586,8.160628311256065,8.277021191322886,8.410629208669608,8.539622335965518,8.641485342484703,8.69762789995936],"predValues":[9.243572874802725,9.167195819858268,9.067582980889052,8.962861682161932,8.866936396297882,8.78457776555469,8.715762666311184,8.65909916288827,8.612905078292826,8.575501159207974,8.545328554620177,8.52100463145656,8.501351413981066,8.485386812765732]}