{"timestamp":"2024-05-12 01:20:24","trueValues":[8.06522184503028,8.011056755849006,8.014847966566322,8.067667898888345,8.157471804071628,8.269624556223883,8.387050822947247,8.492556198484245,8.5729679266402,8.622616733396583,8.644144824708304,8.646333063479734,8.640093938383108,8.634518222004264],"predValues":[8.067743117104344,7.979662851959045,7.920884201670708,7.905884147825896,7.928113921435269,7.969581750494025,8.014614338255853,8.05490711525479,8.087837543903362,8.113645099864513,8.133583242879055,8.149032479709863,8.161179025544223,8.170941180510312]}