{"timestamp":"2024-05-12 01:20:29","trueValues":[8.379817913717696,8.514309944443958,8.627066568634195,8.700180535105819,8.723291664207242,8.695019449175586,8.621565273105102,8.51359842796259,8.38323914649625,8.242661350781598,8.1044288749891,7.982178542469378,7.890045796266389,7.840331339688975],"predValues":[8.106659108382889,8.148310863256029,8.184929908164758,8.217768108117387,8.242767134703744,8.256439839535497,8.259486841755303,8.25533575307169,8.247575784752655,8.238768874550871,8.230384834248923,8.223105943565777,8.217137657204496,8.212436120021476]}