{"timestamp":"2024-05-12 01:20:34","trueValues":[8.79331105227297,8.748820939348075,8.664609495234833,8.547715869164689,8.40459394354355,8.241937873806519,8.068066316223263,7.893247753326925,7.728426834228387,7.583103911975862,7.463658182336757,7.373106613402227,7.312357936905481,7.281794091278993],"predValues":[8.925103998252014,8.907511440948376,8.867676883752905,8.812953106621002,8.750685713211837,8.68702080255985,8.626799450941338,8.573191454978202,8.52755924779838,8.489895653105645,8.459422973020102,8.435057852600373,8.415684510677693,8.400289760540451]}