{"timestamp":"2024-05-12 01:20:39","trueValues":[8.197076985576615,8.031085267038245,7.87196897186187,7.731673975376273,7.619952066786324,7.542359028314687,7.499706844589895,7.489063599920504,7.505200166456515,7.541122579053825,7.587838406963771,7.634888597120099,7.672313513516132,7.692834797046222],"predValues":[8.498800639355851,8.446635078934138,8.398349236883194,8.363457021477437,8.341840688301012,8.327869236915257,8.316757938258684,8.30651071882547,8.296844513597811,8.288017403451095,8.280281621908227,8.273736308172627,8.268350364960646,8.264007111011429]}