{"timestamp":"2024-05-12 01:20:44","trueValues":[7.561066303632096,7.514679256404799,7.496923504809207,7.502180008900369,7.523400582629369,7.552010083583647,7.578568226972288,7.59483556157286,7.596006892590191,7.581610710783359,7.555078880480879,7.5229383759946655,7.493817497487099,7.47643119225277],"predValues":[7.649062845321425,7.602502769618457,7.579574503176421,7.594193681743757,7.641130911681714,7.703247602870132,7.764909795297571,7.817986213762487,7.860452611151652,7.893303834752988,7.918472434561277,7.937872886936367,7.953076534962998,7.965266404363463]}