{"timestamp":"2024-05-12 01:20:49","trueValues":[7.69863669965056,7.74849282163125,7.775151433167055,7.767469606740256,7.718669463459784,7.626730743043645,7.494618850565668,7.330482603284839,7.1468922143016,6.958820627008356,6.781606775905032,6.630132970420586,6.518595253433773,6.459164490449492],"predValues":[7.652649132913176,7.725614257685297,7.788274752654397,7.844168000282387,7.890702294476691,7.924016256290229,7.943898317878707,7.953448905000503,7.956534446588929,7.956248192106136,7.954592859776675,7.952691938643035,7.951090029852144,7.949995245994557]}