{"timestamp":"2024-05-12 01:20:54","trueValues":[7.708264099720848,7.607318861752343,7.471871054684278,7.309831349056434,7.1306280691660175,6.943546279174461,6.757489636388224,6.58154917918189,6.424662187138681,6.293850931904478,6.192448138604378,6.119972596708119,6.073820373840661,6.051420761220607],"predValues":[7.802780705214612,7.792425309760509,7.781592823501753,7.779258400918314,7.785465631365045,7.7948150164037635,7.802727813253539,7.807689823410687,7.810149964072456,7.811112650921735,7.811444886858123,7.811706688775997,7.812189626933131,7.813004535237905]}