{"timestamp":"2024-05-12 01:20:59","trueValues":[6.971414761096217,6.796216917654899,6.6303414816942645,6.481120102964158,6.353656722813753,6.249180747102061,6.165122397308306,6.097077686754097,6.04131029009881,5.9961301895812245,5.961442631512282,5.937240838278883,5.9225827216598015,5.915861322877915],"predValues":[7.303194869779888,7.263140771077653,7.241821058145235,7.253759225600292,7.295882755503104,7.353069862761766,7.4106237584942,7.460552706592147,7.50067351827041,7.531786483452562,7.555659628897686,7.574081181309801,7.588529989288958,7.600126618201408]}