{"timestamp":"2024-05-12 03:01:04","trueValues":[5.962015140477868,5.805368022780732,5.730115387139389,5.756833934038118,5.90081276258639,6.167082323544248,6.544582615483698,7.0039079672525,7.5021231301080595,7.992594803547027,8.433740071982282,8.79278798001472,9.045695808977284,9.1763012108253],"predValues":[6.894350110657812,6.8332612245622055,6.8265428823509335,6.892899701453915,7.020978781241634,7.180337475757199,7.340964248394769,7.484375086386191,7.603651774380863,7.699003488124332,7.773761889586703,7.8320307570542465,7.877616716991724,7.913673087118585]}