{"timestamp":"2024-05-12 03:01:09","trueValues":[6.134908063886898,6.455059383219478,6.846387467725787,7.270609169138915,7.688317451466336,8.067794148544174,8.388521166307326,8.640437337446958,8.82195882680712,8.938448985556114,9.001195861868673,9.025950362805853,9.029967493959909,9.02784543658701],"predValues":[5.901315103322209,5.831689481288289,5.842087934519748,5.93776324606526,6.099640554767396,6.295631052051647,6.494898325929308,6.676674308016743,6.831411866445892,6.9576083645236615,7.058031327600164,7.137024275413367,7.199034385313392,7.247973004532151]}