{"timestamp":"2024-05-12 03:01:14","trueValues":[8.178923614012353,8.505487352705977,8.75040716660277,8.908034247417877,8.980274566271174,8.976245208834655,8.911594221923465,8.806352774614336,8.681532264890713,8.556002630784462,8.44463209492084,8.357332982909178,8.29885334496359,8.269962373724004],"predValues":[8.348570193639745,8.526168375274283,8.626406615170154,8.657664435220571,8.638487511183483,8.590066382659241,8.530089025112416,8.47009651760689,8.416047312320229,8.370129648023863,8.332442398132457,8.302122546577651,8.277983346594667,8.25883619089748]}