{"timestamp":"2024-05-12 03:01:19","trueValues":[8.844962577253902,8.782534115862777,8.697028546330115,8.6136902182577,8.554454145532144,8.535238947915184,8.564077027193697,8.640014201758376,8.753551713293497,8.888862107578273,9.026918897007608,9.148786227939862,9.238700435454025,9.286133095620324],"predValues":[9.508349500356823,9.44276453178126,9.333346214279857,9.207424541768669,9.085453553224262,8.9766205025484,8.883600287712127,8.806193035576118,8.742891192355415,8.691663866218065,8.650412123412334,8.617207400774682,8.590391973876901,8.568591449097344]}