{"timestamp":"2024-05-12 03:01:24","trueValues":[8.51062159397255,8.512427894311507,8.557533308190592,8.638947059930695,8.744486456427579,8.859877047121502,8.971858099741834,9.070888329772997,9.152618901702038,9.217294341178146,9.267440172895366,9.305335269588577,9.331589350648237,9.345278534382434],"predValues":[8.567780261835058,8.452957395909234,8.352422801558106,8.289279368431872,8.265134321096408,8.266473364814427,8.278930086118999,8.293707940569554,8.306986480686378,8.317720093530465,8.326042736631369,8.332449574428683,8.337454110785687,8.341473899827239]}