{"timestamp":"2024-05-12 03:01:29","trueValues":[8.77671121594726,8.877663630211991,8.973550110918673,9.063479734180284,9.151029484982356,9.24145507004981,9.338574810552362,9.442690110931512,9.55004537616232,9.653757740797817,9.745807295122331,9.819289379011476,9.869795088694993,9.895335792752038],"predValues":[8.892449192536272,8.962337015171189,9.00556383417156,9.021920473791834,9.012907045731987,8.98390098796404,8.94299928894089,8.89788935665307,8.853900521308997,8.813891606694112,8.778956865088496,8.7491571621157,8.724038264803495,8.702951914392795]}