{"timestamp":"2024-05-12 03:01:34","trueValues":[9.242214694294766,9.32865876390054,9.419244885372455,9.510859077725929,9.597793261785064,9.673791301973289,9.734300237018337,9.777777960597868,9.805443379915303,9.820046345368944,9.824855526995352,9.823392094142749,9.819397289243614,9.816325302881392],"predValues":[9.373852951221828,9.353091128873793,9.314978616983812,9.268044576510846,9.218107123172928,9.167989465063112,9.119832796344236,9.075520496092498,9.036211934831517,9.002264864217597,8.97345814801148,8.949254361362462,8.928995677116493,8.91202320496453]}