{"timestamp":"2024-05-12 03:01:39","trueValues":[9.653261778991975,9.709367126041755,9.74995413118596,9.7772001358573,9.794864987700697,9.807171006784522,9.81838835515199,9.832627721596849,9.85314236040821,9.881119284139604,9.914702755744738,9.949003325394976,9.977342253402655,9.99340333593392],"predValues":[9.881867213679602,9.901577575736152,9.881627472227905,9.82863079038772,9.75374427874828,9.667849860275666,9.57992056313986,9.496433127579197,9.421140490731112,9.355535853788115,9.299602737847756,9.252499124152855,9.213035342262396,9.179964842943043]}