{"timestamp":"2024-05-12 03:01:44","trueValues":[9.8744554286219,9.88512844163119,9.890002475712382,9.89012261222698,9.88503860503399,9.872257887244253,9.847723990968838,9.807521847933348,9.750421919384394,9.680103784764666,9.60538312530467,9.537703209808614,9.4873160419072,9.460746735391098],"predValues":[10.055380488029057,10.037927204029952,9.985113384849155,9.910497977733808,9.828261344026458,9.74643349341524,9.669239935433517,9.599181742210416,9.537451242074455,9.484190897795155,9.438846274041872,9.400505715405153,9.368139556270943,9.340746836210096]}