{"timestamp":"2024-05-12 03:01:49","trueValues":[9.870356966110611,9.858804723919263,9.83517982516581,9.79750533313436,9.748057462672303,9.693516548199788,9.642456934763128,9.601606267179806,9.573518775328782,9.556958009949192,9.548928531838556,9.546358886212154,9.54659915924135,9.547423104363592],"predValues":[9.79526101293687,9.786967872387118,9.762307992244626,9.728418332000516,9.689831652982118,9.648417513250685,9.606015702527554,9.564828546387858,9.526603340068252,9.492290012558058,9.462154884183883,9.436032102766289,9.413520858871609,9.394137948553958]}