{"timestamp":"2024-05-12 03:01:54","trueValues":[9.737631633199689,9.694349530139505,9.657591477714988,9.627956032189145,9.602225023387737,9.575634453771702,9.543872698252972,9.503941659741574,9.454548010184336,9.396850588527382,9.33524022490602,9.277116478095492,9.231357223893594,9.206036061343315],"predValues":[9.929456689207877,9.898566720786228,9.847822864383508,9.791383155087344,9.738515115001732,9.690804439803864,9.647652041653243,9.60882881064814,9.574369299325936,9.544218755204314,9.518132652634094,9.495714434801602,9.4764968450859,9.459997742696103]}