{"timestamp":"2024-05-12 03:01:59","trueValues":[9.679002356188352,9.664628500636445,9.633235128323982,9.579001465645437,9.498531795542174,9.392213638010396,9.264724343456956,9.124346952459131,8.981590220579271,8.847463383594286,8.73153563383841,8.640486508365544,8.578107217893006,8.546410314829057],"predValues":[9.66647998506275,9.67190739131959,9.667483071801891,9.658440406979649,9.644998406782122,9.625700548864192,9.601179942026231,9.57385420073016,9.54619834980769,9.519928321423086,9.4959536446758,9.474598050262252,9.455826985645055,9.439421440894948]}